id,soil_moisture,soil_temperature,soil_electrocoductivity,battery_level,createdAt,sensor_id,owner
154844,16,22.7,32,86,"2021-08-01 00:17:04",A301,6f6db310-75e6-4dc3-b490-31f70dfa2fc7
154846,29,21.1,160,8,"2021-08-01 00:18:23",A303,6f6db310-75e6-4dc3-b490-31f70dfa2fc7
154870,16,22.6,32,86,"2021-08-01 00:47:15",A301,6f6db310-75e6-4dc3-b490-31f70dfa2fc7
154872,29,21,160,8,"2021-08-01 00:48:46",A303,6f6db310-75e6-4dc3-b490-31f70dfa2fc7
154896,16,22.4,32,86,"2021-08-01 01:17:27",A301,6f6db310-75e6-4dc3-b490-31f70dfa2fc7
154899,29,20.9,159,0,"2021-08-01 01:19:11",A303,6f6db310-75e6-4dc3-b490-31f70dfa2fc7
154922,16,22.3,32,86,"2021-08-01 01:47:37",A301,6f6db310-75e6-4dc3-b490-31f70dfa2fc7
154925,29,20.8,159,0,"2021-08-01 01:49:34",A303,6f6db310-75e6-4dc3-b490-31f70dfa2fc7
154948,16,22.2,32,86,"2021-08-01 02:17:49",A301,6f6db310-75e6-4dc3-b490-31f70dfa2fc7
154973,16,22.1,32,86,"2021-08-01 02:47:59",A301,6f6db310-75e6-4dc3-b490-31f70dfa2fc7
154977,29,20.6,158,0,"2021-08-01 02:50:21",A303,6f6db310-75e6-4dc3-b490-31f70dfa2fc7
154999,16,21.9,32,86,"2021-08-01 03:18:09",A301,6f6db310-75e6-4dc3-b490-31f70dfa2fc7
155003,29,20.5,159,0,"2021-08-01 03:20:43",A303,6f6db310-75e6-4dc3-b490-31f70dfa2fc7
155024,16,21.8,32,86,"2021-08-01 03:48:19",A301,6f6db310-75e6-4dc3-b490-31f70dfa2fc7
155047,16,21.7,32,86,"2021-08-01 04:18:31",A301,6f6db310-75e6-4dc3-b490-31f70dfa2fc7
155050,29,20.3,155,0,"2021-08-01 04:21:30",A303,6f6db310-75e6-4dc3-b490-31f70dfa2fc7
155070,16,21.6,32,86,"2021-08-01 04:48:41",A301,6f6db310-75e6-4dc3-b490-31f70dfa2fc7
155074,29,20.2,157,0,"2021-08-01 04:51:53",A303,6f6db310-75e6-4dc3-b490-31f70dfa2fc7
155094,16,21.5,32,86,"2021-08-01 05:18:53",A301,6f6db310-75e6-4dc3-b490-31f70dfa2fc7
155098,29,20.2,159,8,"2021-08-01 05:22:18",A303,6f6db310-75e6-4dc3-b490-31f70dfa2fc7
155118,16,21.4,32,86,"2021-08-01 05:49:07",A301,6f6db310-75e6-4dc3-b490-31f70dfa2fc7
155141,16,21.4,32,86,"2021-08-01 06:19:23",A301,6f6db310-75e6-4dc3-b490-31f70dfa2fc7
155146,29,20,159,29,"2021-08-01 06:23:12",A303,6f6db310-75e6-4dc3-b490-31f70dfa2fc7
155167,16,21.4,32,86,"2021-08-01 06:49:42",A301,6f6db310-75e6-4dc3-b490-31f70dfa2fc7
155171,29,20,159,8,"2021-08-01 06:53:39",A303,6f6db310-75e6-4dc3-b490-31f70dfa2fc7
155191,16,21.5,32,86,"2021-08-01 07:19:59",A301,6f6db310-75e6-4dc3-b490-31f70dfa2fc7
155194,33,19.9,196,142,"2021-08-01 07:24:05",A303,6f6db310-75e6-4dc3-b490-31f70dfa2fc7
155215,16,21.6,32,86,"2021-08-01 07:50:18",A301,6f6db310-75e6-4dc3-b490-31f70dfa2fc7
155223,32,19.9,190,72,"2021-08-01 07:55:47",A303,6f6db310-75e6-4dc3-b490-31f70dfa2fc7
155241,16,21.7,32,86,"2021-08-01 08:20:36",A301,6f6db310-75e6-4dc3-b490-31f70dfa2fc7
155249,32,19.9,187,79,"2021-08-01 08:26:11",A303,6f6db310-75e6-4dc3-b490-31f70dfa2fc7
155265,16,21.9,32,86,"2021-08-01 08:50:56",A301,6f6db310-75e6-4dc3-b490-31f70dfa2fc7
155273,31,20,180,86,"2021-08-01 08:56:37",A303,6f6db310-75e6-4dc3-b490-31f70dfa2fc7
155290,16,22.1,32,86,"2021-08-01 09:21:19",A301,6f6db310-75e6-4dc3-b490-31f70dfa2fc7
155298,31,20,180,93,"2021-08-01 09:27:03",A303,6f6db310-75e6-4dc3-b490-31f70dfa2fc7
155315,16,22.3,32,86,"2021-08-01 09:51:38",A301,6f6db310-75e6-4dc3-b490-31f70dfa2fc7
155323,31,20.1,178,93,"2021-08-01 09:57:29",A303,6f6db310-75e6-4dc3-b490-31f70dfa2fc7
155339,16,22.5,32,86,"2021-08-01 10:21:58",A301,6f6db310-75e6-4dc3-b490-31f70dfa2fc7
155346,31,20.2,177,93,"2021-08-01 10:27:55",A303,6f6db310-75e6-4dc3-b490-31f70dfa2fc7
155362,16,22.8,32,86,"2021-08-01 10:52:19",A301,6f6db310-75e6-4dc3-b490-31f70dfa2fc7
155369,31,20.3,174,93,"2021-08-01 10:58:22",A303,6f6db310-75e6-4dc3-b490-31f70dfa2fc7
155386,16,23.1,32,86,"2021-08-01 11:22:42",A301,6f6db310-75e6-4dc3-b490-31f70dfa2fc7
155408,16,23.4,32,86,"2021-08-01 11:53:04",A301,6f6db310-75e6-4dc3-b490-31f70dfa2fc7
155415,30,20.6,173,93,"2021-08-01 11:59:21",A303,6f6db310-75e6-4dc3-b490-31f70dfa2fc7
155433,16,23.6,32,86,"2021-08-01 12:23:27",A301,6f6db310-75e6-4dc3-b490-31f70dfa2fc7
155440,30,20.8,171,93,"2021-08-01 12:29:51",A303,6f6db310-75e6-4dc3-b490-31f70dfa2fc7
155458,16,23.9,32,86,"2021-08-01 12:53:50",A301,6f6db310-75e6-4dc3-b490-31f70dfa2fc7
155464,30,20.9,171,93,"2021-08-01 13:00:20",A303,6f6db310-75e6-4dc3-b490-31f70dfa2fc7
155481,16,24.1,32,86,"2021-08-01 13:24:13",A301,6f6db310-75e6-4dc3-b490-31f70dfa2fc7
155487,30,21.1,171,93,"2021-08-01 13:30:51",A303,6f6db310-75e6-4dc3-b490-31f70dfa2fc7
155504,16,24.3,32,86,"2021-08-01 13:54:37",A301,6f6db310-75e6-4dc3-b490-31f70dfa2fc7
155534,30,21.4,169,100,"2021-08-01 14:31:48",A303,6f6db310-75e6-4dc3-b490-31f70dfa2fc7
155550,16,24.6,32,86,"2021-08-01 14:55:20",A301,6f6db310-75e6-4dc3-b490-31f70dfa2fc7
155574,16,24.6,32,86,"2021-08-01 15:29:37",A301,6f6db310-75e6-4dc3-b490-31f70dfa2fc7
155580,30,21.6,167,100,"2021-08-01 15:32:41",A303,6f6db310-75e6-4dc3-b490-31f70dfa2fc7
155598,16,24.6,32,86,"2021-08-01 16:00:00",A301,6f6db310-75e6-4dc3-b490-31f70dfa2fc7
155604,30,21.6,169,100,"2021-08-01 16:03:06",A303,6f6db310-75e6-4dc3-b490-31f70dfa2fc7
155623,16,24.6,32,86,"2021-08-01 16:30:19",A301,6f6db310-75e6-4dc3-b490-31f70dfa2fc7
155629,30,21.6,169,100,"2021-08-01 16:33:32",A303,6f6db310-75e6-4dc3-b490-31f70dfa2fc7
155647,16,24.5,32,86,"2021-08-01 17:00:40",A301,6f6db310-75e6-4dc3-b490-31f70dfa2fc7
155653,30,21.5,170,93,"2021-08-01 17:03:54",A303,6f6db310-75e6-4dc3-b490-31f70dfa2fc7
155670,16,24.4,32,86,"2021-08-01 17:31:00",A301,6f6db310-75e6-4dc3-b490-31f70dfa2fc7
155676,30,21.5,169,93,"2021-08-01 17:34:16",A303,6f6db310-75e6-4dc3-b490-31f70dfa2fc7
155696,16,24.3,32,86,"2021-08-01 18:01:18",A301,6f6db310-75e6-4dc3-b490-31f70dfa2fc7
155715,16,24.1,32,86,"2021-08-01 18:31:36",A301,6f6db310-75e6-4dc3-b490-31f70dfa2fc7
155721,30,21.3,169,86,"2021-08-01 18:35:03",A303,6f6db310-75e6-4dc3-b490-31f70dfa2fc7
155733,18,24,32,86,"2021-08-01 19:01:53",A301,6f6db310-75e6-4dc3-b490-31f70dfa2fc7
155739,30,21.2,169,72,"2021-08-01 19:05:24",A303,6f6db310-75e6-4dc3-b490-31f70dfa2fc7
155758,18,23.8,32,86,"2021-08-01 19:32:10",A301,6f6db310-75e6-4dc3-b490-31f70dfa2fc7
155764,30,21.1,168,58,"2021-08-01 19:35:46",A303,6f6db310-75e6-4dc3-b490-31f70dfa2fc7
155782,18,23.7,32,86,"2021-08-01 20:02:28",A301,6f6db310-75e6-4dc3-b490-31f70dfa2fc7
155787,30,21,168,65,"2021-08-01 20:06:14",A303,6f6db310-75e6-4dc3-b490-31f70dfa2fc7
155805,18,23.6,32,86,"2021-08-01 20:32:48",A301,6f6db310-75e6-4dc3-b490-31f70dfa2fc7
155829,18,23.4,32,86,"2021-08-01 21:03:06",A301,6f6db310-75e6-4dc3-b490-31f70dfa2fc7
155835,30,20.8,168,50,"2021-08-01 21:06:53",A303,6f6db310-75e6-4dc3-b490-31f70dfa2fc7
155852,18,23.3,32,86,"2021-08-01 21:33:24",A301,6f6db310-75e6-4dc3-b490-31f70dfa2fc7
155858,30,20.8,168,36,"2021-08-01 21:37:16",A303,6f6db310-75e6-4dc3-b490-31f70dfa2fc7
155875,18,23.2,32,86,"2021-08-01 22:03:42",A301,6f6db310-75e6-4dc3-b490-31f70dfa2fc7
155882,30,20.7,167,8,"2021-08-01 22:07:39",A303,6f6db310-75e6-4dc3-b490-31f70dfa2fc7
155905,30,20.6,167,8,"2021-08-01 22:37:59",A303,6f6db310-75e6-4dc3-b490-31f70dfa2fc7
155921,18,22.9,33,86,"2021-08-01 23:04:15",A301,6f6db310-75e6-4dc3-b490-31f70dfa2fc7
155927,30,20.5,167,8,"2021-08-01 23:08:19",A303,6f6db310-75e6-4dc3-b490-31f70dfa2fc7
155945,18,22.8,32,86,"2021-08-01 23:34:31",A301,6f6db310-75e6-4dc3-b490-31f70dfa2fc7
155952,30,20.4,166,8,"2021-08-01 23:38:38",A303,6f6db310-75e6-4dc3-b490-31f70dfa2fc7
155970,18,22.6,33,86,"2021-08-02 00:04:46",A301,6f6db310-75e6-4dc3-b490-31f70dfa2fc7
155976,30,20.4,166,8,"2021-08-02 00:08:58",A303,6f6db310-75e6-4dc3-b490-31f70dfa2fc7
155994,18,22.5,33,86,"2021-08-02 00:35:03",A301,6f6db310-75e6-4dc3-b490-31f70dfa2fc7
156000,30,20.3,167,8,"2021-08-02 00:39:18",A303,6f6db310-75e6-4dc3-b490-31f70dfa2fc7
156017,18,22.4,32,86,"2021-08-02 01:05:18",A301,6f6db310-75e6-4dc3-b490-31f70dfa2fc7
156023,30,20.2,165,8,"2021-08-02 01:09:38",A303,6f6db310-75e6-4dc3-b490-31f70dfa2fc7
156041,18,22.2,33,86,"2021-08-02 01:35:34",A301,6f6db310-75e6-4dc3-b490-31f70dfa2fc7
156063,18,22.1,33,86,"2021-08-02 02:05:50",A301,6f6db310-75e6-4dc3-b490-31f70dfa2fc7
156070,29,20,165,8,"2021-08-02 02:10:17",A303,6f6db310-75e6-4dc3-b490-31f70dfa2fc7
156087,18,22,33,86,"2021-08-02 02:36:05",A301,6f6db310-75e6-4dc3-b490-31f70dfa2fc7
156094,29,19.9,165,8,"2021-08-02 02:40:38",A303,6f6db310-75e6-4dc3-b490-31f70dfa2fc7
156110,18,21.9,33,86,"2021-08-02 03:06:20",A301,6f6db310-75e6-4dc3-b490-31f70dfa2fc7
156132,18,21.8,32,86,"2021-08-02 03:36:37",A301,6f6db310-75e6-4dc3-b490-31f70dfa2fc7
156139,30,19.7,165,0,"2021-08-02 03:41:17",A303,6f6db310-75e6-4dc3-b490-31f70dfa2fc7
156158,18,21.7,32,86,"2021-08-02 04:06:51",A301,6f6db310-75e6-4dc3-b490-31f70dfa2fc7
156165,29,19.6,165,0,"2021-08-02 04:11:35",A303,6f6db310-75e6-4dc3-b490-31f70dfa2fc7
156182,18,21.6,33,86,"2021-08-02 04:37:07",A301,6f6db310-75e6-4dc3-b490-31f70dfa2fc7
156206,18,21.4,32,86,"2021-08-02 05:07:22",A301,6f6db310-75e6-4dc3-b490-31f70dfa2fc7
156213,30,19.5,165,8,"2021-08-02 05:12:14",A303,6f6db310-75e6-4dc3-b490-31f70dfa2fc7
156231,18,21.4,32,86,"2021-08-02 05:37:40",A301,6f6db310-75e6-4dc3-b490-31f70dfa2fc7
156238,29,19.4,164,15,"2021-08-02 05:42:35",A303,6f6db310-75e6-4dc3-b490-31f70dfa2fc7
156255,18,21.3,33,86,"2021-08-02 06:08:00",A301,6f6db310-75e6-4dc3-b490-31f70dfa2fc7
156279,18,21.4,33,86,"2021-08-02 06:38:21",A301,6f6db310-75e6-4dc3-b490-31f70dfa2fc7
156303,18,21.4,32,86,"2021-08-02 07:08:41",A301,6f6db310-75e6-4dc3-b490-31f70dfa2fc7
156325,18,21.5,33,86,"2021-08-02 07:39:06",A301,6f6db310-75e6-4dc3-b490-31f70dfa2fc7
156349,17,21.7,32,86,"2021-08-02 08:09:28",A301,6f6db310-75e6-4dc3-b490-31f70dfa2fc7
156373,17,21.8,32,86,"2021-08-02 08:39:51",A301,6f6db310-75e6-4dc3-b490-31f70dfa2fc7
156397,17,22,33,86,"2021-08-02 09:10:16",A301,6f6db310-75e6-4dc3-b490-31f70dfa2fc7
156421,17,22.2,32,86,"2021-08-02 09:40:40",A301,6f6db310-75e6-4dc3-b490-31f70dfa2fc7
156446,17,22.4,33,86,"2021-08-02 10:11:05",A301,6f6db310-75e6-4dc3-b490-31f70dfa2fc7
156467,17,22.6,32,86,"2021-08-02 10:41:30",A301,6f6db310-75e6-4dc3-b490-31f70dfa2fc7
156492,17,22.88,33,86,"2021-08-02 11:11:55",A301,6f6db310-75e6-4dc3-b490-31f70dfa2fc7
156515,17,23.1,33,86,"2021-08-02 11:42:22",A301,6f6db310-75e6-4dc3-b490-31f70dfa2fc7
156540,17,23.3,33,86,"2021-08-02 12:12:50",A301,6f6db310-75e6-4dc3-b490-31f70dfa2fc7
156562,17,23.5,33,86,"2021-08-02 12:43:15",A301,6f6db310-75e6-4dc3-b490-31f70dfa2fc7
156583,17,23.6,33,86,"2021-08-02 13:13:41",A301,6f6db310-75e6-4dc3-b490-31f70dfa2fc7
156608,17,23.7,33,86,"2021-08-02 13:44:08",A301,6f6db310-75e6-4dc3-b490-31f70dfa2fc7
156631,17,23.8,33,86,"2021-08-02 14:14:33",A301,6f6db310-75e6-4dc3-b490-31f70dfa2fc7
156655,17,23.8,33,86,"2021-08-02 14:45:00",A301,6f6db310-75e6-4dc3-b490-31f70dfa2fc7
156679,17,23.9,33,86,"2021-08-02 15:15:23",A301,6f6db310-75e6-4dc3-b490-31f70dfa2fc7
156724,17,23.9,32,86,"2021-08-02 16:16:07",A301,6f6db310-75e6-4dc3-b490-31f70dfa2fc7
156748,17,23.9,33,86,"2021-08-02 16:46:28",A301,6f6db310-75e6-4dc3-b490-31f70dfa2fc7
156772,17,23.8,33,86,"2021-08-02 17:16:47",A301,6f6db310-75e6-4dc3-b490-31f70dfa2fc7
156796,17,23.8,33,86,"2021-08-02 17:47:08",A301,6f6db310-75e6-4dc3-b490-31f70dfa2fc7
156812,17,23.8,33,86,"2021-08-02 18:17:27",A301,6f6db310-75e6-4dc3-b490-31f70dfa2fc7
156826,17,23.7,33,86,"2021-08-02 18:47:45",A301,6f6db310-75e6-4dc3-b490-31f70dfa2fc7
156846,17,23.6,33,86,"2021-08-02 19:18:03",A301,6f6db310-75e6-4dc3-b490-31f70dfa2fc7
156868,17,23.6,33,86,"2021-08-02 19:48:21",A301,6f6db310-75e6-4dc3-b490-31f70dfa2fc7
156891,17,23.5,33,86,"2021-08-02 20:18:40",A301,6f6db310-75e6-4dc3-b490-31f70dfa2fc7
156915,17,23.4,33,86,"2021-08-02 20:48:58",A301,6f6db310-75e6-4dc3-b490-31f70dfa2fc7
156939,17,23.3,33,86,"2021-08-02 21:19:15",A301,6f6db310-75e6-4dc3-b490-31f70dfa2fc7
156964,17,23.3,33,86,"2021-08-02 21:49:36",A301,6f6db310-75e6-4dc3-b490-31f70dfa2fc7
156989,17,23.2,33,86,"2021-08-02 22:19:48",A301,6f6db310-75e6-4dc3-b490-31f70dfa2fc7
157013,17,23.1,32,86,"2021-08-02 22:50:06",A301,6f6db310-75e6-4dc3-b490-31f70dfa2fc7
157038,17,23,33,86,"2021-08-02 23:20:20",A301,6f6db310-75e6-4dc3-b490-31f70dfa2fc7
157062,17,22.9,33,86,"2021-08-02 23:50:35",A301,6f6db310-75e6-4dc3-b490-31f70dfa2fc7
157084,17,22.8,33,86,"2021-08-03 00:20:51",A301,6f6db310-75e6-4dc3-b490-31f70dfa2fc7
157108,17,22.8,33,86,"2021-08-03 00:51:06",A301,6f6db310-75e6-4dc3-b490-31f70dfa2fc7
157132,17,22.7,33,86,"2021-08-03 01:21:22",A301,6f6db310-75e6-4dc3-b490-31f70dfa2fc7
157155,17,22.6,33,86,"2021-08-03 01:51:36",A301,6f6db310-75e6-4dc3-b490-31f70dfa2fc7
157180,17,22.5,33,86,"2021-08-03 02:21:50",A301,6f6db310-75e6-4dc3-b490-31f70dfa2fc7
157205,17,22.4,33,86,"2021-08-03 02:52:05",A301,6f6db310-75e6-4dc3-b490-31f70dfa2fc7
157227,17,22.3,33,86,"2021-08-03 03:22:19",A301,6f6db310-75e6-4dc3-b490-31f70dfa2fc7
157252,17,22.3,33,86,"2021-08-03 03:52:34",A301,6f6db310-75e6-4dc3-b490-31f70dfa2fc7
157276,17,22.2,33,86,"2021-08-03 04:22:47",A301,6f6db310-75e6-4dc3-b490-31f70dfa2fc7
157298,17,22.1,33,86,"2021-08-03 04:53:02",A301,6f6db310-75e6-4dc3-b490-31f70dfa2fc7
157323,17,22,33,86,"2021-08-03 05:23:22",A301,6f6db310-75e6-4dc3-b490-31f70dfa2fc7
157346,17,22,33,86,"2021-08-03 05:53:35",A301,6f6db310-75e6-4dc3-b490-31f70dfa2fc7
157371,17,21.9,33,86,"2021-08-03 06:23:51",A301,6f6db310-75e6-4dc3-b490-31f70dfa2fc7
157394,17,21.8,33,86,"2021-08-03 06:54:14",A301,6f6db310-75e6-4dc3-b490-31f70dfa2fc7
157419,17,21.7,33,86,"2021-08-03 07:24:28",A301,6f6db310-75e6-4dc3-b490-31f70dfa2fc7
157444,17,21.7,33,86,"2021-08-03 07:54:49",A301,6f6db310-75e6-4dc3-b490-31f70dfa2fc7
157469,17,21.7,33,86,"2021-08-03 08:25:12",A301,6f6db310-75e6-4dc3-b490-31f70dfa2fc7
157496,17,21.7,33,86,"2021-08-03 08:55:36",A301,6f6db310-75e6-4dc3-b490-31f70dfa2fc7
157523,17,21.7,33,86,"2021-08-03 09:26:03",A301,6f6db310-75e6-4dc3-b490-31f70dfa2fc7
157551,17,21.7,33,86,"2021-08-03 09:56:29",A301,6f6db310-75e6-4dc3-b490-31f70dfa2fc7
157581,17,21.8,33,86,"2021-08-03 10:26:52",A301,6f6db310-75e6-4dc3-b490-31f70dfa2fc7
157608,17,22,33,86,"2021-08-03 10:57:21",A301,6f6db310-75e6-4dc3-b490-31f70dfa2fc7
157635,17,22.1,33,86,"2021-08-03 11:27:47",A301,6f6db310-75e6-4dc3-b490-31f70dfa2fc7
157664,17,22.3,33,86,"2021-08-03 11:58:13",A301,6f6db310-75e6-4dc3-b490-31f70dfa2fc7
157691,17,22.42,33,86,"2021-08-03 12:28:43",A301,6f6db310-75e6-4dc3-b490-31f70dfa2fc7
157719,17,22.6,33,86,"2021-08-03 12:59:11",A301,6f6db310-75e6-4dc3-b490-31f70dfa2fc7
157745,17,22.8,33,86,"2021-08-03 13:29:37",A301,6f6db310-75e6-4dc3-b490-31f70dfa2fc7
157772,17,22.9,33,86,"2021-08-03 14:00:03",A301,6f6db310-75e6-4dc3-b490-31f70dfa2fc7
157798,17,23.1,33,86,"2021-08-03 14:30:27",A301,6f6db310-75e6-4dc3-b490-31f70dfa2fc7
157824,17,23.2,33,86,"2021-08-03 15:00:51",A301,6f6db310-75e6-4dc3-b490-31f70dfa2fc7
157851,17,23.3,33,86,"2021-08-03 15:31:16",A301,6f6db310-75e6-4dc3-b490-31f70dfa2fc7
157878,17,23.4,33,86,"2021-08-03 16:01:42",A301,6f6db310-75e6-4dc3-b490-31f70dfa2fc7
157905,17,23.5,33,86,"2021-08-03 16:32:02",A301,6f6db310-75e6-4dc3-b490-31f70dfa2fc7
157930,17,23.5,33,86,"2021-08-03 17:02:23",A301,6f6db310-75e6-4dc3-b490-31f70dfa2fc7
157981,17,23.6,33,86,"2021-08-03 18:06:57",A301,6f6db310-75e6-4dc3-b490-31f70dfa2fc7
157997,17,23.6,33,86,"2021-08-03 18:37:20",A301,6f6db310-75e6-4dc3-b490-31f70dfa2fc7
158014,17,23.54,33,86,"2021-08-03 19:07:42",A301,6f6db310-75e6-4dc3-b490-31f70dfa2fc7
158020,30,21.8,191,8,"2021-08-03 19:11:56",A303,6f6db310-75e6-4dc3-b490-31f70dfa2fc7
158040,17,23.5,33,86,"2021-08-03 19:38:05",A301,6f6db310-75e6-4dc3-b490-31f70dfa2fc7
158046,30,21.7,189,8,"2021-08-03 19:42:11",A303,6f6db310-75e6-4dc3-b490-31f70dfa2fc7
158069,17,23.5,33,86,"2021-08-03 20:08:28",A301,6f6db310-75e6-4dc3-b490-31f70dfa2fc7
158075,30,21.6,184,8,"2021-08-03 20:12:27",A303,6f6db310-75e6-4dc3-b490-31f70dfa2fc7
158103,30,21.5,182,8,"2021-08-03 20:42:41",A303,6f6db310-75e6-4dc3-b490-31f70dfa2fc7
158127,17,23.4,33,86,"2021-08-03 21:09:12",A301,6f6db310-75e6-4dc3-b490-31f70dfa2fc7
158132,30,21.4,178,8,"2021-08-03 21:12:56",A303,6f6db310-75e6-4dc3-b490-31f70dfa2fc7
158154,17,23.4,33,86,"2021-08-03 21:39:35",A301,6f6db310-75e6-4dc3-b490-31f70dfa2fc7
158182,17,23.3,33,86,"2021-08-03 22:09:56",A301,6f6db310-75e6-4dc3-b490-31f70dfa2fc7
158209,17,23.3,33,86,"2021-08-03 22:40:16",A301,6f6db310-75e6-4dc3-b490-31f70dfa2fc7
158213,30,21.1,179,8,"2021-08-03 22:43:38",A303,6f6db310-75e6-4dc3-b490-31f70dfa2fc7
158238,17,23.2,33,86,"2021-08-03 23:10:36",A301,6f6db310-75e6-4dc3-b490-31f70dfa2fc7
158242,30,21,178,8,"2021-08-03 23:13:51",A303,6f6db310-75e6-4dc3-b490-31f70dfa2fc7
158267,17,23.2,33,86,"2021-08-03 23:40:54",A301,6f6db310-75e6-4dc3-b490-31f70dfa2fc7
158272,30,20.9,176,8,"2021-08-03 23:44:03",A303,6f6db310-75e6-4dc3-b490-31f70dfa2fc7
158305,17,23.1,33,86,"2021-08-04 00:11:14",A301,6f6db310-75e6-4dc3-b490-31f70dfa2fc7
158309,30,20.8,177,8,"2021-08-04 00:14:17",A303,6f6db310-75e6-4dc3-b490-31f70dfa2fc7
158332,17,23.1,33,86,"2021-08-04 00:41:34",A301,6f6db310-75e6-4dc3-b490-31f70dfa2fc7
158337,30,20.7,178,8,"2021-08-04 00:44:29",A303,6f6db310-75e6-4dc3-b490-31f70dfa2fc7
158360,17,23,33,86,"2021-08-04 01:11:52",A301,6f6db310-75e6-4dc3-b490-31f70dfa2fc7
158365,30,20.6,177,0,"2021-08-04 01:14:42",A303,6f6db310-75e6-4dc3-b490-31f70dfa2fc7
158388,17,23,33,86,"2021-08-04 01:42:10",A301,6f6db310-75e6-4dc3-b490-31f70dfa2fc7
158393,30,20.5,176,8,"2021-08-04 01:44:54",A303,6f6db310-75e6-4dc3-b490-31f70dfa2fc7
158414,17,22.9,33,86,"2021-08-04 02:12:31",A301,6f6db310-75e6-4dc3-b490-31f70dfa2fc7
158419,30,20.3,177,8,"2021-08-04 02:15:07",A303,6f6db310-75e6-4dc3-b490-31f70dfa2fc7
158441,17,22.8,33,86,"2021-08-04 02:42:52",A301,6f6db310-75e6-4dc3-b490-31f70dfa2fc7
158465,17,22.8,33,86,"2021-08-04 03:13:10",A301,6f6db310-75e6-4dc3-b490-31f70dfa2fc7
158469,30,20.2,177,0,"2021-08-04 03:15:33",A303,6f6db310-75e6-4dc3-b490-31f70dfa2fc7
158494,17,22.7,33,86,"2021-08-04 03:43:29",A301,6f6db310-75e6-4dc3-b490-31f70dfa2fc7
158498,30,20.1,173,0,"2021-08-04 03:45:46",A303,6f6db310-75e6-4dc3-b490-31f70dfa2fc7
158521,17,22.6,33,86,"2021-08-04 04:13:49",A301,6f6db310-75e6-4dc3-b490-31f70dfa2fc7
158525,30,20.1,173,8,"2021-08-04 04:16:01",A303,6f6db310-75e6-4dc3-b490-31f70dfa2fc7
158551,17,22.6,33,86,"2021-08-04 04:44:10",A301,6f6db310-75e6-4dc3-b490-31f70dfa2fc7
158554,30,20,177,8,"2021-08-04 04:46:11",A303,6f6db310-75e6-4dc3-b490-31f70dfa2fc7
158580,17,22.5,33,86,"2021-08-04 05:14:29",A301,6f6db310-75e6-4dc3-b490-31f70dfa2fc7
158583,30,20,177,8,"2021-08-04 05:16:26",A303,6f6db310-75e6-4dc3-b490-31f70dfa2fc7
158605,17,22.48,33,86,"2021-08-04 05:44:51",A301,6f6db310-75e6-4dc3-b490-31f70dfa2fc7
158607,30,19.9,176,15,"2021-08-04 05:46:41",A303,6f6db310-75e6-4dc3-b490-31f70dfa2fc7
158633,17,22.4,33,86,"2021-08-04 06:15:14",A301,6f6db310-75e6-4dc3-b490-31f70dfa2fc7
158660,17,22.4,33,86,"2021-08-04 06:45:40",A301,6f6db310-75e6-4dc3-b490-31f70dfa2fc7
158661,30,19.9,176,43,"2021-08-04 06:47:16",A303,6f6db310-75e6-4dc3-b490-31f70dfa2fc7
158688,17,22.3,33,86,"2021-08-04 07:16:07",A301,6f6db310-75e6-4dc3-b490-31f70dfa2fc7
158715,17,22.3,33,86,"2021-08-04 07:46:34",A301,6f6db310-75e6-4dc3-b490-31f70dfa2fc7
158716,29,20.12,176,72,"2021-08-04 07:47:55",A303,6f6db310-75e6-4dc3-b490-31f70dfa2fc7
158744,17,22.3,33,86,"2021-08-04 08:17:03",A301,6f6db310-75e6-4dc3-b490-31f70dfa2fc7
158745,29,20.3,173,86,"2021-08-04 08:18:16",A303,6f6db310-75e6-4dc3-b490-31f70dfa2fc7
158773,17,22.4,33,86,"2021-08-04 08:47:31",A301,6f6db310-75e6-4dc3-b490-31f70dfa2fc7
158774,29,20.6,172,93,"2021-08-04 08:48:36",A303,6f6db310-75e6-4dc3-b490-31f70dfa2fc7
158802,17,22.5,33,86,"2021-08-04 09:18:00",A301,6f6db310-75e6-4dc3-b490-31f70dfa2fc7
158803,29,20.9,174,93,"2021-08-04 09:18:58",A303,6f6db310-75e6-4dc3-b490-31f70dfa2fc7
158804,18,23.2,35,86,"2021-08-04 09:20:11",A302,6f6db310-75e6-4dc3-b490-31f70dfa2fc7
158830,17,22.6,33,86,"2021-08-04 09:48:30",A301,6f6db310-75e6-4dc3-b490-31f70dfa2fc7
158831,29,21.3,174,93,"2021-08-04 09:49:19",A303,6f6db310-75e6-4dc3-b490-31f70dfa2fc7
158832,18,23.4,35,93,"2021-08-04 09:50:45",A302,6f6db310-75e6-4dc3-b490-31f70dfa2fc7
158860,17,22.7,33,86,"2021-08-04 10:19:01",A301,6f6db310-75e6-4dc3-b490-31f70dfa2fc7
158861,29,21.6,174,93,"2021-08-04 10:19:41",A303,6f6db310-75e6-4dc3-b490-31f70dfa2fc7
158862,18,23.6,35,93,"2021-08-04 10:21:09",A302,6f6db310-75e6-4dc3-b490-31f70dfa2fc7
158888,17,22.9,33,86,"2021-08-04 10:49:32",A301,6f6db310-75e6-4dc3-b490-31f70dfa2fc7
158889,18,23.8,35,86,"2021-08-04 10:51:37",A302,6f6db310-75e6-4dc3-b490-31f70dfa2fc7
158918,17,23,33,86,"2021-08-04 11:20:03",A301,6f6db310-75e6-4dc3-b490-31f70dfa2fc7
158919,29,22.2,174,86,"2021-08-04 11:20:26",A303,6f6db310-75e6-4dc3-b490-31f70dfa2fc7
158920,18,24,35,93,"2021-08-04 11:21:59",A302,6f6db310-75e6-4dc3-b490-31f70dfa2fc7
158947,17,23.2,33,86,"2021-08-04 11:50:33",A301,6f6db310-75e6-4dc3-b490-31f70dfa2fc7
158948,29,22.42,173,86,"2021-08-04 11:50:50",A303,6f6db310-75e6-4dc3-b490-31f70dfa2fc7
158949,18,24.1,35,93,"2021-08-04 11:52:24",A302,6f6db310-75e6-4dc3-b490-31f70dfa2fc7
158976,17,23.4,33,86,"2021-08-04 12:21:05",A301,6f6db310-75e6-4dc3-b490-31f70dfa2fc7
158977,29,22.7,174,86,"2021-08-04 12:21:15",A303,6f6db310-75e6-4dc3-b490-31f70dfa2fc7
158979,18,24.3,35,93,"2021-08-04 12:22:50",A302,6f6db310-75e6-4dc3-b490-31f70dfa2fc7
159006,17,23.56,33,86,"2021-08-04 12:51:37",A301,6f6db310-75e6-4dc3-b490-31f70dfa2fc7
159007,29,23,174,86,"2021-08-04 12:51:40",A303,6f6db310-75e6-4dc3-b490-31f70dfa2fc7
159008,18,24.5,36,93,"2021-08-04 12:53:17",A302,6f6db310-75e6-4dc3-b490-31f70dfa2fc7
159035,17,23.7,33,86,"2021-08-04 13:22:11",A301,6f6db310-75e6-4dc3-b490-31f70dfa2fc7
159037,18,24.7,36,86,"2021-08-04 13:23:44",A302,6f6db310-75e6-4dc3-b490-31f70dfa2fc7
159063,29,23.4,172,86,"2021-08-04 13:52:30",A303,6f6db310-75e6-4dc3-b490-31f70dfa2fc7
159064,17,23.9,33,86,"2021-08-04 13:52:43",A301,6f6db310-75e6-4dc3-b490-31f70dfa2fc7
159065,18,24.8,36,93,"2021-08-04 13:54:09",A302,6f6db310-75e6-4dc3-b490-31f70dfa2fc7
159093,17,24,33,86,"2021-08-04 14:23:16",A301,6f6db310-75e6-4dc3-b490-31f70dfa2fc7
159094,18,25,36,93,"2021-08-04 14:24:24",A302,6f6db310-75e6-4dc3-b490-31f70dfa2fc7
159122,17,24.2,33,86,"2021-08-04 14:53:47",A301,6f6db310-75e6-4dc3-b490-31f70dfa2fc7
159124,18,25,36,86,"2021-08-04 14:54:38",A302,6f6db310-75e6-4dc3-b490-31f70dfa2fc7
159149,17,24.3,33,86,"2021-08-04 15:24:14",A301,6f6db310-75e6-4dc3-b490-31f70dfa2fc7
159151,18,25.1,36,86,"2021-08-04 15:24:56",A302,6f6db310-75e6-4dc3-b490-31f70dfa2fc7
159177,17,24.4,33,86,"2021-08-04 15:54:40",A301,6f6db310-75e6-4dc3-b490-31f70dfa2fc7
159179,18,25,36,86,"2021-08-04 15:55:12",A302,6f6db310-75e6-4dc3-b490-31f70dfa2fc7
159206,17,24.5,33,86,"2021-08-04 16:25:06",A301,6f6db310-75e6-4dc3-b490-31f70dfa2fc7
159207,18,25,36,86,"2021-08-04 16:25:30",A302,6f6db310-75e6-4dc3-b490-31f70dfa2fc7
159235,17,24.5,33,86,"2021-08-04 16:55:31",A301,6f6db310-75e6-4dc3-b490-31f70dfa2fc7
159264,17,24.6,33,86,"2021-08-04 17:25:56",A301,6f6db310-75e6-4dc3-b490-31f70dfa2fc7
159265,18,24.8,36,86,"2021-08-04 17:25:57",A302,6f6db310-75e6-4dc3-b490-31f70dfa2fc7
159289,29,23.3,174,15,"2021-08-04 17:55:07",A303,6f6db310-75e6-4dc3-b490-31f70dfa2fc7
159291,18,24.7,36,86,"2021-08-04 17:56:13",A302,6f6db310-75e6-4dc3-b490-31f70dfa2fc7
159292,17,24.6,34,86,"2021-08-04 17:56:20",A301,6f6db310-75e6-4dc3-b490-31f70dfa2fc7
159307,17,24.6,33,86,"2021-08-04 18:26:42",A301,6f6db310-75e6-4dc3-b490-31f70dfa2fc7
159322,18,24.4,36,86,"2021-08-04 18:56:38",A302,6f6db310-75e6-4dc3-b490-31f70dfa2fc7
159324,17,24.6,34,86,"2021-08-04 18:57:06",A301,6f6db310-75e6-4dc3-b490-31f70dfa2fc7
159342,18,24.3,37,86,"2021-08-04 19:26:50",A302,6f6db310-75e6-4dc3-b490-31f70dfa2fc7
159345,17,24.5,34,86,"2021-08-04 19:27:28",A301,6f6db310-75e6-4dc3-b490-31f70dfa2fc7
159370,18,24.2,37,86,"2021-08-04 19:57:04",A302,6f6db310-75e6-4dc3-b490-31f70dfa2fc7
159398,18,24,37,86,"2021-08-04 20:27:17",A302,6f6db310-75e6-4dc3-b490-31f70dfa2fc7
159401,17,24.5,34,86,"2021-08-04 20:28:22",A301,6f6db310-75e6-4dc3-b490-31f70dfa2fc7
159425,18,23.9,37,86,"2021-08-04 20:57:28",A302,6f6db310-75e6-4dc3-b490-31f70dfa2fc7
159427,17,24.4,34,86,"2021-08-04 20:58:33",A301,6f6db310-75e6-4dc3-b490-31f70dfa2fc7
159455,18,23.8,37,86,"2021-08-04 21:27:45",A302,6f6db310-75e6-4dc3-b490-31f70dfa2fc7
159457,17,24.4,34,86,"2021-08-04 21:28:55",A301,6f6db310-75e6-4dc3-b490-31f70dfa2fc7
159483,18,23.7,37,86,"2021-08-04 21:57:54",A302,6f6db310-75e6-4dc3-b490-31f70dfa2fc7
159486,17,24.3,34,86,"2021-08-04 21:59:17",A301,6f6db310-75e6-4dc3-b490-31f70dfa2fc7
159512,30,22.1,195,0,"2021-08-04 22:27:24",A303,6f6db310-75e6-4dc3-b490-31f70dfa2fc7
159513,18,23.6,38,86,"2021-08-04 22:28:08",A302,6f6db310-75e6-4dc3-b490-31f70dfa2fc7
159517,17,24.3,34,86,"2021-08-04 22:29:39",A301,6f6db310-75e6-4dc3-b490-31f70dfa2fc7
159539,30,22.1,191,0,"2021-08-04 22:57:38",A303,6f6db310-75e6-4dc3-b490-31f70dfa2fc7
159540,18,23.5,38,86,"2021-08-04 22:58:19",A302,6f6db310-75e6-4dc3-b490-31f70dfa2fc7
159544,17,24.2,34,86,"2021-08-04 23:00:02",A301,6f6db310-75e6-4dc3-b490-31f70dfa2fc7
159568,30,22,187,0,"2021-08-04 23:27:53",A303,6f6db310-75e6-4dc3-b490-31f70dfa2fc7
159569,18,23.4,38,86,"2021-08-04 23:28:32",A302,6f6db310-75e6-4dc3-b490-31f70dfa2fc7
159573,17,24.2,34,86,"2021-08-04 23:30:22",A301,6f6db310-75e6-4dc3-b490-31f70dfa2fc7
159598,30,21.9,184,0,"2021-08-04 23:58:07",A303,6f6db310-75e6-4dc3-b490-31f70dfa2fc7
159599,18,23.3,38,86,"2021-08-04 23:58:44",A302,6f6db310-75e6-4dc3-b490-31f70dfa2fc7
159603,17,24.1,34,86,"2021-08-05 00:00:44",A301,6f6db310-75e6-4dc3-b490-31f70dfa2fc7
159628,30,21.8,184,8,"2021-08-05 00:28:21",A303,6f6db310-75e6-4dc3-b490-31f70dfa2fc7
159629,18,23.2,38,86,"2021-08-05 00:28:56",A302,6f6db310-75e6-4dc3-b490-31f70dfa2fc7
159633,17,24.1,34,86,"2021-08-05 00:31:06",A301,6f6db310-75e6-4dc3-b490-31f70dfa2fc7
159658,30,21.7,183,8,"2021-08-05 00:58:36",A303,6f6db310-75e6-4dc3-b490-31f70dfa2fc7
159659,18,23.1,38,86,"2021-08-05 00:59:07",A302,6f6db310-75e6-4dc3-b490-31f70dfa2fc7
159664,17,24,34,86,"2021-08-05 01:01:27",A301,6f6db310-75e6-4dc3-b490-31f70dfa2fc7
159688,30,21.6,183,8,"2021-08-05 01:28:50",A303,6f6db310-75e6-4dc3-b490-31f70dfa2fc7
159689,18,23,38,86,"2021-08-05 01:29:20",A302,6f6db310-75e6-4dc3-b490-31f70dfa2fc7
159694,17,23.9,34,86,"2021-08-05 01:31:49",A301,6f6db310-75e6-4dc3-b490-31f70dfa2fc7
159718,30,21.5,182,8,"2021-08-05 01:59:04",A303,6f6db310-75e6-4dc3-b490-31f70dfa2fc7
159719,19,22.9,38,72,"2021-08-05 01:59:31",A302,6f6db310-75e6-4dc3-b490-31f70dfa2fc7
159724,17,23.9,34,86,"2021-08-05 02:02:09",A301,6f6db310-75e6-4dc3-b490-31f70dfa2fc7
159748,19,22.8,38,58,"2021-08-05 02:29:42",A302,6f6db310-75e6-4dc3-b490-31f70dfa2fc7
159753,17,23.8,34,86,"2021-08-05 02:32:29",A301,6f6db310-75e6-4dc3-b490-31f70dfa2fc7
159777,30,21.3,180,8,"2021-08-05 02:59:32",A303,6f6db310-75e6-4dc3-b490-31f70dfa2fc7
159778,19,22.7,39,58,"2021-08-05 02:59:53",A302,6f6db310-75e6-4dc3-b490-31f70dfa2fc7
159783,17,23.8,33,86,"2021-08-05 03:02:51",A301,6f6db310-75e6-4dc3-b490-31f70dfa2fc7
159806,30,21.2,182,8,"2021-08-05 03:29:46",A303,6f6db310-75e6-4dc3-b490-31f70dfa2fc7
159807,19,22.7,39,58,"2021-08-05 03:30:05",A302,6f6db310-75e6-4dc3-b490-31f70dfa2fc7
159812,17,23.7,34,86,"2021-08-05 03:33:11",A301,6f6db310-75e6-4dc3-b490-31f70dfa2fc7
159837,30,21.1,182,8,"2021-08-05 03:59:59",A303,6f6db310-75e6-4dc3-b490-31f70dfa2fc7
159838,19,22.6,39,58,"2021-08-05 04:00:15",A302,6f6db310-75e6-4dc3-b490-31f70dfa2fc7
159843,17,23.7,34,86,"2021-08-05 04:03:32",A301,6f6db310-75e6-4dc3-b490-31f70dfa2fc7
159866,19,22.5,39,58,"2021-08-05 04:30:26",A302,6f6db310-75e6-4dc3-b490-31f70dfa2fc7
159871,17,23.6,34,86,"2021-08-05 04:33:52",A301,6f6db310-75e6-4dc3-b490-31f70dfa2fc7
159894,30,21,181,0,"2021-08-05 05:00:29",A303,6f6db310-75e6-4dc3-b490-31f70dfa2fc7
159896,19,22.4,39,58,"2021-08-05 05:00:38",A302,6f6db310-75e6-4dc3-b490-31f70dfa2fc7
159901,17,23.6,34,86,"2021-08-05 05:04:12",A301,6f6db310-75e6-4dc3-b490-31f70dfa2fc7
159925,30,20.9,179,8,"2021-08-05 05:30:41",A303,6f6db310-75e6-4dc3-b490-31f70dfa2fc7
159926,19,22.3,39,72,"2021-08-05 05:30:48",A302,6f6db310-75e6-4dc3-b490-31f70dfa2fc7
159932,17,23.5,34,86,"2021-08-05 05:34:33",A301,6f6db310-75e6-4dc3-b490-31f70dfa2fc7
159954,30,20.8,180,8,"2021-08-05 06:00:59",A303,6f6db310-75e6-4dc3-b490-31f70dfa2fc7
159955,19,22.3,39,93,"2021-08-05 06:01:03",A302,6f6db310-75e6-4dc3-b490-31f70dfa2fc7
159962,17,23.5,34,86,"2021-08-05 06:04:56",A301,6f6db310-75e6-4dc3-b490-31f70dfa2fc7
159984,30,20.8,180,22,"2021-08-05 06:31:15",A303,6f6db310-75e6-4dc3-b490-31f70dfa2fc7
159985,19,22.3,39,93,"2021-08-05 06:31:18",A302,6f6db310-75e6-4dc3-b490-31f70dfa2fc7
159992,17,23.4,34,86,"2021-08-05 06:35:23",A301,6f6db310-75e6-4dc3-b490-31f70dfa2fc7
160014,30,20.8,180,36,"2021-08-05 07:01:34",A303,6f6db310-75e6-4dc3-b490-31f70dfa2fc7
160015,19,22.3,39,93,"2021-08-05 07:01:35",A302,6f6db310-75e6-4dc3-b490-31f70dfa2fc7
160023,17,23.4,34,86,"2021-08-05 07:05:50",A301,6f6db310-75e6-4dc3-b490-31f70dfa2fc7
160043,19,22.4,39,93,"2021-08-05 07:31:57",A302,6f6db310-75e6-4dc3-b490-31f70dfa2fc7
160050,17,23.3,34,86,"2021-08-05 07:36:16",A301,6f6db310-75e6-4dc3-b490-31f70dfa2fc7
160072,19,22.5,39,100,"2021-08-05 08:02:14",A302,6f6db310-75e6-4dc3-b490-31f70dfa2fc7
160080,17,23.3,34,86,"2021-08-05 08:06:45",A301,6f6db310-75e6-4dc3-b490-31f70dfa2fc7
160101,19,22.7,39,93,"2021-08-05 08:32:35",A302,6f6db310-75e6-4dc3-b490-31f70dfa2fc7
160108,17,23.4,34,86,"2021-08-05 08:37:12",A301,6f6db310-75e6-4dc3-b490-31f70dfa2fc7
160129,19,22.9,39,100,"2021-08-05 09:02:56",A302,6f6db310-75e6-4dc3-b490-31f70dfa2fc7
160137,17,23.4,34,86,"2021-08-05 09:07:40",A301,6f6db310-75e6-4dc3-b490-31f70dfa2fc7
160157,19,23.2,39,100,"2021-08-05 09:33:16",A302,6f6db310-75e6-4dc3-b490-31f70dfa2fc7
160165,17,23.5,34,93,"2021-08-05 09:38:08",A301,6f6db310-75e6-4dc3-b490-31f70dfa2fc7
160193,17,23.6,34,93,"2021-08-05 10:08:40",A301,6f6db310-75e6-4dc3-b490-31f70dfa2fc7
160214,19,23.7,39,93,"2021-08-05 10:34:03",A302,6f6db310-75e6-4dc3-b490-31f70dfa2fc7
160222,17,23.7,34,86,"2021-08-05 10:39:10",A301,6f6db310-75e6-4dc3-b490-31f70dfa2fc7
160242,19,24.1,39,93,"2021-08-05 11:04:25",A302,6f6db310-75e6-4dc3-b490-31f70dfa2fc7
160249,17,23.9,33,93,"2021-08-05 11:09:46",A301,6f6db310-75e6-4dc3-b490-31f70dfa2fc7
160270,19,24.34,39,100,"2021-08-05 11:34:52",A302,6f6db310-75e6-4dc3-b490-31f70dfa2fc7
160277,17,24,34,93,"2021-08-05 11:40:12",A301,6f6db310-75e6-4dc3-b490-31f70dfa2fc7
160300,19,24.6,39,100,"2021-08-05 12:05:16",A302,6f6db310-75e6-4dc3-b490-31f70dfa2fc7
160306,17,24.2,34,93,"2021-08-05 12:10:35",A301,6f6db310-75e6-4dc3-b490-31f70dfa2fc7
160331,19,24.9,39,93,"2021-08-05 12:35:41",A302,6f6db310-75e6-4dc3-b490-31f70dfa2fc7
160338,17,24.3,35,93,"2021-08-05 12:41:05",A301,6f6db310-75e6-4dc3-b490-31f70dfa2fc7
160362,19,25.1,39,93,"2021-08-05 13:06:07",A302,6f6db310-75e6-4dc3-b490-31f70dfa2fc7
160369,17,24.5,34,93,"2021-08-05 13:11:37",A301,6f6db310-75e6-4dc3-b490-31f70dfa2fc7
160393,19,25.4,34,93,"2021-08-05 13:36:33",A302,6f6db310-75e6-4dc3-b490-31f70dfa2fc7
160400,17,24.6,34,93,"2021-08-05 13:42:05",A301,6f6db310-75e6-4dc3-b490-31f70dfa2fc7
160432,17,24.7,34,86,"2021-08-05 14:12:35",A301,6f6db310-75e6-4dc3-b490-31f70dfa2fc7
160457,19,25.7,34,86,"2021-08-05 14:37:31",A302,6f6db310-75e6-4dc3-b490-31f70dfa2fc7
160465,17,24.8,34,86,"2021-08-05 14:43:02",A301,6f6db310-75e6-4dc3-b490-31f70dfa2fc7
160496,17,24.8,34,86,"2021-08-05 15:13:33",A301,6f6db310-75e6-4dc3-b490-31f70dfa2fc7
160518,19,25.7,35,86,"2021-08-05 15:37:59",A302,6f6db310-75e6-4dc3-b490-31f70dfa2fc7
160525,17,24.8,34,86,"2021-08-05 15:43:58",A301,6f6db310-75e6-4dc3-b490-31f70dfa2fc7
160548,19,25.6,35,86,"2021-08-05 16:08:18",A302,6f6db310-75e6-4dc3-b490-31f70dfa2fc7
160553,17,24.8,34,86,"2021-08-05 16:14:24",A301,6f6db310-75e6-4dc3-b490-31f70dfa2fc7
160578,19,25.4,35,86,"2021-08-05 16:38:36",A302,6f6db310-75e6-4dc3-b490-31f70dfa2fc7
160584,17,24.8,34,86,"2021-08-05 16:44:48",A301,6f6db310-75e6-4dc3-b490-31f70dfa2fc7
160610,19,25.3,36,86,"2021-08-05 17:08:53",A302,6f6db310-75e6-4dc3-b490-31f70dfa2fc7
160616,17,24.8,34,86,"2021-08-05 17:15:12",A301,6f6db310-75e6-4dc3-b490-31f70dfa2fc7
160635,19,25.1,36,86,"2021-08-05 17:39:08",A302,6f6db310-75e6-4dc3-b490-31f70dfa2fc7
160639,17,24.7,34,86,"2021-08-05 17:45:37",A301,6f6db310-75e6-4dc3-b490-31f70dfa2fc7
160658,17,24.6,34,86,"2021-08-05 18:15:59",A301,6f6db310-75e6-4dc3-b490-31f70dfa2fc7
160677,17,24.6,34,86,"2021-08-05 18:46:23",A301,6f6db310-75e6-4dc3-b490-31f70dfa2fc7
160690,19,24.5,36,86,"2021-08-05 19:09:48",A302,6f6db310-75e6-4dc3-b490-31f70dfa2fc7
160698,17,24.5,35,86,"2021-08-05 19:16:47",A301,6f6db310-75e6-4dc3-b490-31f70dfa2fc7
160725,17,24.4,34,86,"2021-08-05 19:47:06",A301,6f6db310-75e6-4dc3-b490-31f70dfa2fc7
160748,19,24.1,37,86,"2021-08-05 20:10:14",A302,6f6db310-75e6-4dc3-b490-31f70dfa2fc7
160755,17,24.3,35,86,"2021-08-05 20:17:30",A301,6f6db310-75e6-4dc3-b490-31f70dfa2fc7
160775,19,23.9,37,86,"2021-08-05 20:40:26",A302,6f6db310-75e6-4dc3-b490-31f70dfa2fc7
160787,17,24.2,35,86,"2021-08-05 20:51:39",A301,6f6db310-75e6-4dc3-b490-31f70dfa2fc7
160806,19,23.7,37,86,"2021-08-05 21:10:38",A302,6f6db310-75e6-4dc3-b490-31f70dfa2fc7
160817,17,24.2,34,86,"2021-08-05 21:22:05",A301,6f6db310-75e6-4dc3-b490-31f70dfa2fc7
160836,19,23.5,37,86,"2021-08-05 21:40:50",A302,6f6db310-75e6-4dc3-b490-31f70dfa2fc7
160848,17,24.1,34,86,"2021-08-05 21:52:26",A301,6f6db310-75e6-4dc3-b490-31f70dfa2fc7
160863,19,23.4,37,86,"2021-08-05 22:11:02",A302,6f6db310-75e6-4dc3-b490-31f70dfa2fc7
160875,17,24,35,86,"2021-08-05 22:22:48",A301,6f6db310-75e6-4dc3-b490-31f70dfa2fc7
160893,19,23.2,37,86,"2021-08-05 22:41:14",A302,6f6db310-75e6-4dc3-b490-31f70dfa2fc7
160895,30,22.1,190,0,"2021-08-05 22:42:10",A303,6f6db310-75e6-4dc3-b490-31f70dfa2fc7
160906,17,23.9,35,86,"2021-08-05 22:53:10",A301,6f6db310-75e6-4dc3-b490-31f70dfa2fc7
160924,19,23.1,38,86,"2021-08-05 23:11:25",A302,6f6db310-75e6-4dc3-b490-31f70dfa2fc7
160926,30,21.9,191,0,"2021-08-05 23:12:22",A303,6f6db310-75e6-4dc3-b490-31f70dfa2fc7
160938,17,23.8,34,86,"2021-08-05 23:23:33",A301,6f6db310-75e6-4dc3-b490-31f70dfa2fc7
160954,19,23,38,86,"2021-08-05 23:41:35",A302,6f6db310-75e6-4dc3-b490-31f70dfa2fc7
160968,17,23.7,34,86,"2021-08-05 23:53:54",A301,6f6db310-75e6-4dc3-b490-31f70dfa2fc7
160984,19,22.8,38,86,"2021-08-06 00:11:45",A302,6f6db310-75e6-4dc3-b490-31f70dfa2fc7
160987,30,21.7,183,0,"2021-08-06 00:12:42",A303,6f6db310-75e6-4dc3-b490-31f70dfa2fc7
160999,17,23.62,34,86,"2021-08-06 00:24:16",A301,6f6db310-75e6-4dc3-b490-31f70dfa2fc7
161016,30,21.6,184,0,"2021-08-06 00:42:53",A303,6f6db310-75e6-4dc3-b490-31f70dfa2fc7
161028,17,23.6,35,86,"2021-08-06 00:54:37",A301,6f6db310-75e6-4dc3-b490-31f70dfa2fc7
161044,19,22.6,38,86,"2021-08-06 01:12:04",A302,6f6db310-75e6-4dc3-b490-31f70dfa2fc7
161046,30,21.5,183,0,"2021-08-06 01:13:05",A303,6f6db310-75e6-4dc3-b490-31f70dfa2fc7
161060,17,23.5,35,86,"2021-08-06 01:24:57",A301,6f6db310-75e6-4dc3-b490-31f70dfa2fc7
161074,19,22.4,38,86,"2021-08-06 01:42:13",A302,6f6db310-75e6-4dc3-b490-31f70dfa2fc7
161088,17,23.4,34,86,"2021-08-06 01:55:18",A301,6f6db310-75e6-4dc3-b490-31f70dfa2fc7
161102,19,22.3,38,86,"2021-08-06 02:12:21",A302,6f6db310-75e6-4dc3-b490-31f70dfa2fc7
161104,30,21.3,182,0,"2021-08-06 02:13:20",A303,6f6db310-75e6-4dc3-b490-31f70dfa2fc7
161133,19,22.2,38,86,"2021-08-06 02:42:30",A302,6f6db310-75e6-4dc3-b490-31f70dfa2fc7
161135,30,21.1,181,0,"2021-08-06 02:43:32",A303,6f6db310-75e6-4dc3-b490-31f70dfa2fc7
161149,17,23.2,34,86,"2021-08-06 02:56:04",A301,6f6db310-75e6-4dc3-b490-31f70dfa2fc7
161165,19,22.1,38,86,"2021-08-06 03:12:42",A302,6f6db310-75e6-4dc3-b490-31f70dfa2fc7
161166,30,21,181,0,"2021-08-06 03:13:38",A303,6f6db310-75e6-4dc3-b490-31f70dfa2fc7
161181,17,23.1,34,86,"2021-08-06 03:26:19",A301,6f6db310-75e6-4dc3-b490-31f70dfa2fc7
161197,19,21.9,39,86,"2021-08-06 03:42:47",A302,6f6db310-75e6-4dc3-b490-31f70dfa2fc7
161213,17,23.1,34,86,"2021-08-06 03:56:42",A301,6f6db310-75e6-4dc3-b490-31f70dfa2fc7
161228,19,21.8,39,86,"2021-08-06 04:12:55",A302,6f6db310-75e6-4dc3-b490-31f70dfa2fc7
161242,17,23,34,86,"2021-08-06 04:27:00",A301,6f6db310-75e6-4dc3-b490-31f70dfa2fc7
161257,19,21.7,39,86,"2021-08-06 04:43:03",A302,6f6db310-75e6-4dc3-b490-31f70dfa2fc7
161258,30,20.7,180,0,"2021-08-06 04:44:05",A303,6f6db310-75e6-4dc3-b490-31f70dfa2fc7
161274,17,22.9,34,86,"2021-08-06 04:57:18",A301,6f6db310-75e6-4dc3-b490-31f70dfa2fc7
161289,19,21.6,39,86,"2021-08-06 05:13:12",A302,6f6db310-75e6-4dc3-b490-31f70dfa2fc7
161290,30,20.6,176,0,"2021-08-06 05:14:15",A303,6f6db310-75e6-4dc3-b490-31f70dfa2fc7
161305,17,22.8,34,86,"2021-08-06 05:27:39",A301,6f6db310-75e6-4dc3-b490-31f70dfa2fc7
161319,19,21.5,39,86,"2021-08-06 05:43:25",A302,6f6db310-75e6-4dc3-b490-31f70dfa2fc7
161320,30,20.5,178,0,"2021-08-06 05:44:26",A303,6f6db310-75e6-4dc3-b490-31f70dfa2fc7
161336,17,22.7,34,86,"2021-08-06 05:58:04",A301,6f6db310-75e6-4dc3-b490-31f70dfa2fc7
161349,19,21.5,39,93,"2021-08-06 06:13:37",A302,6f6db310-75e6-4dc3-b490-31f70dfa2fc7
161350,30,20.5,178,8,"2021-08-06 06:14:37",A303,6f6db310-75e6-4dc3-b490-31f70dfa2fc7
161366,17,22.6,34,93,"2021-08-06 06:28:27",A301,6f6db310-75e6-4dc3-b490-31f70dfa2fc7
161380,19,21.5,39,93,"2021-08-06 06:43:48",A302,6f6db310-75e6-4dc3-b490-31f70dfa2fc7
161395,17,22.6,34,93,"2021-08-06 06:58:53",A301,6f6db310-75e6-4dc3-b490-31f70dfa2fc7
161410,19,21.6,39,93,"2021-08-06 07:14:06",A302,6f6db310-75e6-4dc3-b490-31f70dfa2fc7
161411,30,20.5,187,15,"2021-08-06 07:15:09",A303,6f6db310-75e6-4dc3-b490-31f70dfa2fc7
161425,17,22.5,34,93,"2021-08-06 07:29:19",A301,6f6db310-75e6-4dc3-b490-31f70dfa2fc7
161440,19,21.8,39,93,"2021-08-06 07:44:24",A302,6f6db310-75e6-4dc3-b490-31f70dfa2fc7
161455,17,22.5,34,93,"2021-08-06 07:59:47",A301,6f6db310-75e6-4dc3-b490-31f70dfa2fc7
161468,19,22.1,39,93,"2021-08-06 08:14:44",A302,6f6db310-75e6-4dc3-b490-31f70dfa2fc7
161484,17,22.5,34,93,"2021-08-06 08:30:16",A301,6f6db310-75e6-4dc3-b490-31f70dfa2fc7
161499,19,22.4,39,93,"2021-08-06 08:45:04",A302,6f6db310-75e6-4dc3-b490-31f70dfa2fc7
161514,17,22.6,34,86,"2021-08-06 09:00:46",A301,6f6db310-75e6-4dc3-b490-31f70dfa2fc7
161529,19,22.8,38,93,"2021-08-06 09:15:24",A302,6f6db310-75e6-4dc3-b490-31f70dfa2fc7
161544,17,22.6,34,86,"2021-08-06 09:31:14",A301,6f6db310-75e6-4dc3-b490-31f70dfa2fc7
161559,19,23.1,38,93,"2021-08-06 09:45:44",A302,6f6db310-75e6-4dc3-b490-31f70dfa2fc7
161574,17,22.7,34,93,"2021-08-06 10:01:44",A301,6f6db310-75e6-4dc3-b490-31f70dfa2fc7
161590,19,23.3,38,100,"2021-08-06 10:16:05",A302,6f6db310-75e6-4dc3-b490-31f70dfa2fc7
161604,17,22.8,34,86,"2021-08-06 10:32:13",A301,6f6db310-75e6-4dc3-b490-31f70dfa2fc7
161619,19,23.5,38,100,"2021-08-06 10:46:27",A302,6f6db310-75e6-4dc3-b490-31f70dfa2fc7
161633,17,23,34,93,"2021-08-06 11:02:45",A301,6f6db310-75e6-4dc3-b490-31f70dfa2fc7
161648,19,23.8,38,100,"2021-08-06 11:16:51",A302,6f6db310-75e6-4dc3-b490-31f70dfa2fc7
161663,17,23.1,35,93,"2021-08-06 11:33:16",A301,6f6db310-75e6-4dc3-b490-31f70dfa2fc7
161678,19,24,38,93,"2021-08-06 11:47:15",A302,6f6db310-75e6-4dc3-b490-31f70dfa2fc7
161693,17,23.2,34,93,"2021-08-06 12:03:48",A301,6f6db310-75e6-4dc3-b490-31f70dfa2fc7
161707,19,24.3,38,93,"2021-08-06 12:18:02",A302,6f6db310-75e6-4dc3-b490-31f70dfa2fc7
161722,17,23.3,34,93,"2021-08-06 12:34:21",A301,6f6db310-75e6-4dc3-b490-31f70dfa2fc7
161735,19,24.6,38,100,"2021-08-06 12:48:13",A302,6f6db310-75e6-4dc3-b490-31f70dfa2fc7
161751,17,23.4,34,93,"2021-08-06 13:04:52",A301,6f6db310-75e6-4dc3-b490-31f70dfa2fc7
161766,19,24.8,38,100,"2021-08-06 13:18:35",A302,6f6db310-75e6-4dc3-b490-31f70dfa2fc7
161783,17,23.6,34,93,"2021-08-06 13:35:28",A301,6f6db310-75e6-4dc3-b490-31f70dfa2fc7
161796,19,25,39,93,"2021-08-06 13:48:58",A302,6f6db310-75e6-4dc3-b490-31f70dfa2fc7
161811,17,23.7,34,93,"2021-08-06 14:05:57",A301,6f6db310-75e6-4dc3-b490-31f70dfa2fc7
161823,19,25.1,38,93,"2021-08-06 14:19:22",A302,6f6db310-75e6-4dc3-b490-31f70dfa2fc7
161840,17,23.8,34,86,"2021-08-06 14:36:26",A301,6f6db310-75e6-4dc3-b490-31f70dfa2fc7
161852,19,25.2,38,86,"2021-08-06 14:49:40",A302,6f6db310-75e6-4dc3-b490-31f70dfa2fc7
161868,17,23.9,35,86,"2021-08-06 15:06:56",A301,6f6db310-75e6-4dc3-b490-31f70dfa2fc7
161880,19,25.3,39,86,"2021-08-06 15:19:59",A302,6f6db310-75e6-4dc3-b490-31f70dfa2fc7
161898,17,24,35,86,"2021-08-06 15:37:25",A301,6f6db310-75e6-4dc3-b490-31f70dfa2fc7
161911,19,25.2,39,86,"2021-08-06 15:50:16",A302,6f6db310-75e6-4dc3-b490-31f70dfa2fc7
161927,17,24,35,86,"2021-08-06 16:07:52",A301,6f6db310-75e6-4dc3-b490-31f70dfa2fc7
161940,19,25.1,39,86,"2021-08-06 16:20:32",A302,6f6db310-75e6-4dc3-b490-31f70dfa2fc7
161957,17,24.1,34,86,"2021-08-06 16:38:19",A301,6f6db310-75e6-4dc3-b490-31f70dfa2fc7
161969,19,25,39,86,"2021-08-06 16:50:48",A302,6f6db310-75e6-4dc3-b490-31f70dfa2fc7
161987,17,24.1,34,86,"2021-08-06 17:08:45",A301,6f6db310-75e6-4dc3-b490-31f70dfa2fc7
162000,19,24.8,39,86,"2021-08-06 17:21:03",A302,6f6db310-75e6-4dc3-b490-31f70dfa2fc7
162016,17,24,34,86,"2021-08-06 17:39:11",A301,6f6db310-75e6-4dc3-b490-31f70dfa2fc7
162022,19,24.7,39,86,"2021-08-06 17:51:15",A302,6f6db310-75e6-4dc3-b490-31f70dfa2fc7
162034,17,24,35,86,"2021-08-06 18:09:37",A301,6f6db310-75e6-4dc3-b490-31f70dfa2fc7
162043,19,24.5,39,86,"2021-08-06 18:21:28",A302,6f6db310-75e6-4dc3-b490-31f70dfa2fc7
162053,17,24,35,86,"2021-08-06 18:40:02",A301,6f6db310-75e6-4dc3-b490-31f70dfa2fc7
162075,17,23.9,35,86,"2021-08-06 19:10:26",A301,6f6db310-75e6-4dc3-b490-31f70dfa2fc7
162085,19,24.2,40,86,"2021-08-06 19:21:53",A302,6f6db310-75e6-4dc3-b490-31f70dfa2fc7
162104,17,23.9,35,86,"2021-08-06 19:40:49",A301,6f6db310-75e6-4dc3-b490-31f70dfa2fc7
162116,19,24,40,86,"2021-08-06 19:52:14",A302,6f6db310-75e6-4dc3-b490-31f70dfa2fc7
162135,17,23.9,35,86,"2021-08-06 20:11:14",A301,6f6db310-75e6-4dc3-b490-31f70dfa2fc7
162147,19,23.8,40,86,"2021-08-06 20:22:16",A302,6f6db310-75e6-4dc3-b490-31f70dfa2fc7
162164,17,23.8,35,86,"2021-08-06 20:41:38",A301,6f6db310-75e6-4dc3-b490-31f70dfa2fc7
162175,19,23.7,40,86,"2021-08-06 20:52:28",A302,6f6db310-75e6-4dc3-b490-31f70dfa2fc7
162193,17,23.7,35,86,"2021-08-06 21:12:02",A301,6f6db310-75e6-4dc3-b490-31f70dfa2fc7
162202,19,23.6,40,86,"2021-08-06 21:22:38",A302,6f6db310-75e6-4dc3-b490-31f70dfa2fc7
162220,17,23.7,35,86,"2021-08-06 21:42:24",A301,6f6db310-75e6-4dc3-b490-31f70dfa2fc7
162231,19,23.4,40,86,"2021-08-06 21:52:49",A302,6f6db310-75e6-4dc3-b490-31f70dfa2fc7
162250,17,23.6,34,86,"2021-08-06 22:12:47",A301,6f6db310-75e6-4dc3-b490-31f70dfa2fc7
162261,19,23.3,40,86,"2021-08-06 22:22:58",A302,6f6db310-75e6-4dc3-b490-31f70dfa2fc7
162280,17,23.6,34,86,"2021-08-06 22:43:10",A301,6f6db310-75e6-4dc3-b490-31f70dfa2fc7
162291,19,23.2,41,86,"2021-08-06 22:53:07",A302,6f6db310-75e6-4dc3-b490-31f70dfa2fc7
162308,17,23.5,35,86,"2021-08-06 23:13:32",A301,6f6db310-75e6-4dc3-b490-31f70dfa2fc7
162319,19,23.1,41,86,"2021-08-06 23:23:16",A302,6f6db310-75e6-4dc3-b490-31f70dfa2fc7
162336,17,23.5,35,86,"2021-08-06 23:43:53",A301,6f6db310-75e6-4dc3-b490-31f70dfa2fc7
162347,19,22.9,41,86,"2021-08-06 23:53:24",A302,6f6db310-75e6-4dc3-b490-31f70dfa2fc7
162366,17,23.4,35,86,"2021-08-07 00:14:15",A301,6f6db310-75e6-4dc3-b490-31f70dfa2fc7
162376,19,22.8,40,86,"2021-08-07 00:23:32",A302,6f6db310-75e6-4dc3-b490-31f70dfa2fc7
162394,17,23.4,35,86,"2021-08-07 00:44:36",A301,6f6db310-75e6-4dc3-b490-31f70dfa2fc7
162403,19,22.7,41,86,"2021-08-07 00:53:39",A302,6f6db310-75e6-4dc3-b490-31f70dfa2fc7
162424,17,23.3,35,86,"2021-08-07 01:14:58",A301,6f6db310-75e6-4dc3-b490-31f70dfa2fc7
162432,19,22.6,41,86,"2021-08-07 01:23:46",A302,6f6db310-75e6-4dc3-b490-31f70dfa2fc7
162453,17,23.2,35,86,"2021-08-07 01:45:18",A301,6f6db310-75e6-4dc3-b490-31f70dfa2fc7
162462,19,22.4,41,86,"2021-08-07 01:53:53",A302,6f6db310-75e6-4dc3-b490-31f70dfa2fc7
162482,17,23.2,35,86,"2021-08-07 02:15:38",A301,6f6db310-75e6-4dc3-b490-31f70dfa2fc7
162491,19,22.3,41,86,"2021-08-07 02:24:00",A302,6f6db310-75e6-4dc3-b490-31f70dfa2fc7
162512,17,23.1,35,86,"2021-08-07 02:45:59",A301,6f6db310-75e6-4dc3-b490-31f70dfa2fc7
162520,19,22.2,41,86,"2021-08-07 02:54:06",A302,6f6db310-75e6-4dc3-b490-31f70dfa2fc7
162542,17,23,34,86,"2021-08-07 03:16:20",A301,6f6db310-75e6-4dc3-b490-31f70dfa2fc7
162550,19,22.1,41,86,"2021-08-07 03:24:12",A302,6f6db310-75e6-4dc3-b490-31f70dfa2fc7
162572,17,23,34,86,"2021-08-07 03:46:40",A301,6f6db310-75e6-4dc3-b490-31f70dfa2fc7
162580,19,22,41,86,"2021-08-07 03:54:18",A302,6f6db310-75e6-4dc3-b490-31f70dfa2fc7
162600,17,22.9,34,86,"2021-08-07 04:16:59",A301,6f6db310-75e6-4dc3-b490-31f70dfa2fc7
162608,19,21.9,41,86,"2021-08-07 04:24:24",A302,6f6db310-75e6-4dc3-b490-31f70dfa2fc7
162628,17,22.8,34,86,"2021-08-07 04:47:19",A301,6f6db310-75e6-4dc3-b490-31f70dfa2fc7
162636,19,21.7,41,86,"2021-08-07 04:54:30",A302,6f6db310-75e6-4dc3-b490-31f70dfa2fc7
162658,17,22.7,34,86,"2021-08-07 05:17:40",A301,6f6db310-75e6-4dc3-b490-31f70dfa2fc7
162665,19,21.6,41,86,"2021-08-07 05:24:37",A302,6f6db310-75e6-4dc3-b490-31f70dfa2fc7
162686,17,22.7,35,93,"2021-08-07 05:48:01",A301,6f6db310-75e6-4dc3-b490-31f70dfa2fc7
162694,19,21.6,41,93,"2021-08-07 05:54:46",A302,6f6db310-75e6-4dc3-b490-31f70dfa2fc7
162715,17,22.6,35,93,"2021-08-07 06:18:24",A301,6f6db310-75e6-4dc3-b490-31f70dfa2fc7
162723,19,21.5,41,93,"2021-08-07 06:24:57",A302,6f6db310-75e6-4dc3-b490-31f70dfa2fc7
162742,17,22.5,34,93,"2021-08-07 06:49:04",A301,6f6db310-75e6-4dc3-b490-31f70dfa2fc7
162750,19,21.6,41,93,"2021-08-07 06:55:12",A302,6f6db310-75e6-4dc3-b490-31f70dfa2fc7
162777,19,21.7,41,93,"2021-08-07 07:25:29",A302,6f6db310-75e6-4dc3-b490-31f70dfa2fc7
162799,17,22.42,35,100,"2021-08-07 07:50:29",A301,6f6db310-75e6-4dc3-b490-31f70dfa2fc7
162805,19,21.9,41,100,"2021-08-07 07:55:47",A302,6f6db310-75e6-4dc3-b490-31f70dfa2fc7
162824,17,22.42,34,100,"2021-08-07 08:20:16",A301,6f6db310-75e6-4dc3-b490-31f70dfa2fc7
162831,19,22.2,41,100,"2021-08-07 08:26:06",A302,6f6db310-75e6-4dc3-b490-31f70dfa2fc7
162853,17,22.5,34,93,"2021-08-07 08:50:47",A301,6f6db310-75e6-4dc3-b490-31f70dfa2fc7
162859,19,22.6,41,93,"2021-08-07 08:56:25",A302,6f6db310-75e6-4dc3-b490-31f70dfa2fc7
162882,17,22.6,35,93,"2021-08-07 09:21:15",A301,6f6db310-75e6-4dc3-b490-31f70dfa2fc7
162889,19,23.1,41,93,"2021-08-07 09:26:45",A302,6f6db310-75e6-4dc3-b490-31f70dfa2fc7
162912,17,22.7,35,100,"2021-08-07 09:51:45",A301,6f6db310-75e6-4dc3-b490-31f70dfa2fc7
162939,17,22.8,35,93,"2021-08-07 10:22:20",A301,6f6db310-75e6-4dc3-b490-31f70dfa2fc7
162946,19,24.1,40,93,"2021-08-07 10:27:27",A302,6f6db310-75e6-4dc3-b490-31f70dfa2fc7
162972,19,24.6,40,93,"2021-08-07 10:57:47",A302,6f6db310-75e6-4dc3-b490-31f70dfa2fc7
162993,17,23.1,34,93,"2021-08-07 11:23:20",A301,6f6db310-75e6-4dc3-b490-31f70dfa2fc7
163001,19,25,40,100,"2021-08-07 11:28:09",A302,6f6db310-75e6-4dc3-b490-31f70dfa2fc7
163023,17,23.3,35,93,"2021-08-07 11:53:53",A301,6f6db310-75e6-4dc3-b490-31f70dfa2fc7
163030,19,25.2,40,93,"2021-08-07 11:58:33",A302,6f6db310-75e6-4dc3-b490-31f70dfa2fc7
163051,17,23.5,35,93,"2021-08-07 12:24:20",A301,6f6db310-75e6-4dc3-b490-31f70dfa2fc7
163057,19,25.5,40,93,"2021-08-07 12:28:54",A302,6f6db310-75e6-4dc3-b490-31f70dfa2fc7
163082,17,23.6,34,93,"2021-08-07 12:54:54",A301,6f6db310-75e6-4dc3-b490-31f70dfa2fc7
163087,19,25.8,40,93,"2021-08-07 12:59:14",A302,6f6db310-75e6-4dc3-b490-31f70dfa2fc7
163111,17,23.8,34,86,"2021-08-07 13:25:24",A301,6f6db310-75e6-4dc3-b490-31f70dfa2fc7
163116,19,25.9,40,93,"2021-08-07 13:29:35",A302,6f6db310-75e6-4dc3-b490-31f70dfa2fc7
163140,17,23.9,34,93,"2021-08-07 13:55:53",A301,6f6db310-75e6-4dc3-b490-31f70dfa2fc7
163144,19,25.9,40,93,"2021-08-07 13:59:54",A302,6f6db310-75e6-4dc3-b490-31f70dfa2fc7
163167,17,24.1,34,93,"2021-08-07 14:26:26",A301,6f6db310-75e6-4dc3-b490-31f70dfa2fc7
163171,19,25.9,40,93,"2021-08-07 14:30:16",A302,6f6db310-75e6-4dc3-b490-31f70dfa2fc7
163196,17,24.18,34,86,"2021-08-07 14:56:57",A301,6f6db310-75e6-4dc3-b490-31f70dfa2fc7
163200,19,25.9,40,93,"2021-08-07 15:00:38",A302,6f6db310-75e6-4dc3-b490-31f70dfa2fc7
163226,17,24.2,34,86,"2021-08-07 15:27:27",A301,6f6db310-75e6-4dc3-b490-31f70dfa2fc7
163230,19,25.9,40,86,"2021-08-07 15:30:58",A302,6f6db310-75e6-4dc3-b490-31f70dfa2fc7
163254,17,24.3,35,86,"2021-08-07 15:57:55",A301,6f6db310-75e6-4dc3-b490-31f70dfa2fc7
163258,19,25.8,40,86,"2021-08-07 16:01:16",A302,6f6db310-75e6-4dc3-b490-31f70dfa2fc7
163282,17,24.4,35,86,"2021-08-07 16:28:24",A301,6f6db310-75e6-4dc3-b490-31f70dfa2fc7
163287,19,25.7,40,86,"2021-08-07 16:31:31",A302,6f6db310-75e6-4dc3-b490-31f70dfa2fc7
163311,17,24.4,35,86,"2021-08-07 16:58:52",A301,6f6db310-75e6-4dc3-b490-31f70dfa2fc7
163316,19,25.5,40,86,"2021-08-07 17:01:47",A302,6f6db310-75e6-4dc3-b490-31f70dfa2fc7
163341,17,24.4,35,86,"2021-08-07 17:29:17",A301,6f6db310-75e6-4dc3-b490-31f70dfa2fc7
163364,17,24.4,35,86,"2021-08-07 17:59:44",A301,6f6db310-75e6-4dc3-b490-31f70dfa2fc7
163387,17,24.4,35,86,"2021-08-07 18:30:09",A301,6f6db310-75e6-4dc3-b490-31f70dfa2fc7
163408,17,24.4,35,86,"2021-08-07 19:00:34",A301,6f6db310-75e6-4dc3-b490-31f70dfa2fc7
163411,19,24.9,41,86,"2021-08-07 19:02:43",A302,6f6db310-75e6-4dc3-b490-31f70dfa2fc7
163434,17,24.4,35,86,"2021-08-07 19:30:58",A301,6f6db310-75e6-4dc3-b490-31f70dfa2fc7
163438,19,24.7,41,86,"2021-08-07 19:32:55",A302,6f6db310-75e6-4dc3-b490-31f70dfa2fc7
163440,25,22.1,131,36,"2021-08-07 19:35:37",A303,6f6db310-75e6-4dc3-b490-31f70dfa2fc7
163466,19,24.5,41,86,"2021-08-07 20:03:07",A302,6f6db310-75e6-4dc3-b490-31f70dfa2fc7
163491,17,24.3,35,86,"2021-08-07 20:31:50",A301,6f6db310-75e6-4dc3-b490-31f70dfa2fc7
163494,19,24.4,41,86,"2021-08-07 20:33:19",A302,6f6db310-75e6-4dc3-b490-31f70dfa2fc7
163519,17,24.3,35,86,"2021-08-07 21:02:11",A301,6f6db310-75e6-4dc3-b490-31f70dfa2fc7
163521,19,24.2,41,86,"2021-08-07 21:03:30",A302,6f6db310-75e6-4dc3-b490-31f70dfa2fc7
163546,17,24.3,35,86,"2021-08-07 21:32:33",A301,6f6db310-75e6-4dc3-b490-31f70dfa2fc7
163548,19,24.1,42,86,"2021-08-07 21:33:41",A302,6f6db310-75e6-4dc3-b490-31f70dfa2fc7
163574,17,24.2,35,86,"2021-08-07 22:02:56",A301,6f6db310-75e6-4dc3-b490-31f70dfa2fc7
163576,19,23.9,42,86,"2021-08-07 22:03:52",A302,6f6db310-75e6-4dc3-b490-31f70dfa2fc7
163602,17,24.2,35,86,"2021-08-07 22:33:19",A301,6f6db310-75e6-4dc3-b490-31f70dfa2fc7
163604,19,23.8,42,86,"2021-08-07 22:34:02",A302,6f6db310-75e6-4dc3-b490-31f70dfa2fc7
163630,17,24.1,35,86,"2021-08-07 23:03:46",A301,6f6db310-75e6-4dc3-b490-31f70dfa2fc7
163632,19,23.7,42,86,"2021-08-07 23:04:12",A302,6f6db310-75e6-4dc3-b490-31f70dfa2fc7
163658,19,23.6,42,86,"2021-08-07 23:34:21",A302,6f6db310-75e6-4dc3-b490-31f70dfa2fc7
163684,19,23.4,42,86,"2021-08-08 00:04:30",A302,6f6db310-75e6-4dc3-b490-31f70dfa2fc7
163688,17,24,35,86,"2021-08-08 00:08:16",A301,6f6db310-75e6-4dc3-b490-31f70dfa2fc7
163711,19,23.3,42,86,"2021-08-08 00:34:40",A302,6f6db310-75e6-4dc3-b490-31f70dfa2fc7
163736,19,23.2,42,86,"2021-08-08 01:04:49",A302,6f6db310-75e6-4dc3-b490-31f70dfa2fc7
163741,17,23.9,35,86,"2021-08-08 01:09:07",A301,6f6db310-75e6-4dc3-b490-31f70dfa2fc7
163763,19,23.1,42,86,"2021-08-08 01:34:58",A302,6f6db310-75e6-4dc3-b490-31f70dfa2fc7
163790,19,23,42,86,"2021-08-08 02:05:06",A302,6f6db310-75e6-4dc3-b490-31f70dfa2fc7
163816,19,22.9,42,86,"2021-08-08 02:35:14",A302,6f6db310-75e6-4dc3-b490-31f70dfa2fc7
163821,17,23.7,35,86,"2021-08-08 02:40:09",A301,6f6db310-75e6-4dc3-b490-31f70dfa2fc7
163843,19,22.8,42,86,"2021-08-08 03:05:21",A302,6f6db310-75e6-4dc3-b490-31f70dfa2fc7
163848,17,23.7,35,86,"2021-08-08 03:10:37",A301,6f6db310-75e6-4dc3-b490-31f70dfa2fc7
163870,19,22.7,42,86,"2021-08-08 03:35:29",A302,6f6db310-75e6-4dc3-b490-31f70dfa2fc7
163876,17,23.6,35,86,"2021-08-08 03:40:56",A301,6f6db310-75e6-4dc3-b490-31f70dfa2fc7
163898,19,22.5,43,86,"2021-08-08 04:05:36",A302,6f6db310-75e6-4dc3-b490-31f70dfa2fc7
163904,17,23.5,35,86,"2021-08-08 04:11:23",A301,6f6db310-75e6-4dc3-b490-31f70dfa2fc7
163925,19,22.4,42,86,"2021-08-08 04:35:44",A302,6f6db310-75e6-4dc3-b490-31f70dfa2fc7
163951,19,22.3,43,86,"2021-08-08 05:05:52",A302,6f6db310-75e6-4dc3-b490-31f70dfa2fc7
163958,17,23.4,35,86,"2021-08-08 05:12:02",A301,6f6db310-75e6-4dc3-b490-31f70dfa2fc7
163977,19,22.3,42,86,"2021-08-08 05:36:02",A302,6f6db310-75e6-4dc3-b490-31f70dfa2fc7
163984,17,23.4,35,86,"2021-08-08 05:42:24",A301,6f6db310-75e6-4dc3-b490-31f70dfa2fc7
164003,19,22.2,43,86,"2021-08-08 06:06:12",A302,6f6db310-75e6-4dc3-b490-31f70dfa2fc7
164008,17,23.3,35,86,"2021-08-08 06:12:52",A301,6f6db310-75e6-4dc3-b490-31f70dfa2fc7
164024,19,22.2,42,93,"2021-08-08 06:36:24",A302,6f6db310-75e6-4dc3-b490-31f70dfa2fc7
164033,17,23.2,35,93,"2021-08-08 06:43:13",A301,6f6db310-75e6-4dc3-b490-31f70dfa2fc7
164050,19,22.3,43,93,"2021-08-08 07:06:38",A302,6f6db310-75e6-4dc3-b490-31f70dfa2fc7
164059,17,23.2,35,93,"2021-08-08 07:13:40",A301,6f6db310-75e6-4dc3-b490-31f70dfa2fc7
164076,19,22.3,42,93,"2021-08-08 07:36:54",A302,6f6db310-75e6-4dc3-b490-31f70dfa2fc7
164085,17,23.1,35,93,"2021-08-08 07:44:08",A301,6f6db310-75e6-4dc3-b490-31f70dfa2fc7
164103,19,22.5,42,93,"2021-08-08 08:07:11",A302,6f6db310-75e6-4dc3-b490-31f70dfa2fc7
164113,17,23.1,35,93,"2021-08-08 08:14:37",A301,6f6db310-75e6-4dc3-b490-31f70dfa2fc7
164139,17,23.1,35,93,"2021-08-08 08:45:06",A301,6f6db310-75e6-4dc3-b490-31f70dfa2fc7
164154,19,23,42,93,"2021-08-08 09:07:47",A302,6f6db310-75e6-4dc3-b490-31f70dfa2fc7
164165,17,23.1,35,93,"2021-08-08 09:15:39",A301,6f6db310-75e6-4dc3-b490-31f70dfa2fc7
164181,19,23.2,42,93,"2021-08-08 09:38:08",A302,6f6db310-75e6-4dc3-b490-31f70dfa2fc7
164191,17,23.1,35,93,"2021-08-08 09:46:09",A301,6f6db310-75e6-4dc3-b490-31f70dfa2fc7
164207,19,23.6,42,100,"2021-08-08 10:08:29",A302,6f6db310-75e6-4dc3-b490-31f70dfa2fc7
164218,17,23.2,35,100,"2021-08-08 10:16:41",A301,6f6db310-75e6-4dc3-b490-31f70dfa2fc7
164233,19,24.1,41,93,"2021-08-08 10:38:52",A302,6f6db310-75e6-4dc3-b490-31f70dfa2fc7
164244,17,23.3,35,100,"2021-08-08 10:47:16",A301,6f6db310-75e6-4dc3-b490-31f70dfa2fc7
164260,19,24.7,41,100,"2021-08-08 11:09:15",A302,6f6db310-75e6-4dc3-b490-31f70dfa2fc7
164270,17,23.4,35,100,"2021-08-08 11:17:48",A301,6f6db310-75e6-4dc3-b490-31f70dfa2fc7
164296,17,23.5,35,93,"2021-08-08 11:48:22",A301,6f6db310-75e6-4dc3-b490-31f70dfa2fc7
164312,19,25.6,41,100,"2021-08-08 12:10:04",A302,6f6db310-75e6-4dc3-b490-31f70dfa2fc7
164321,17,23.7,35,93,"2021-08-08 12:18:55",A301,6f6db310-75e6-4dc3-b490-31f70dfa2fc7
164338,19,26,40,100,"2021-08-08 12:40:27",A302,6f6db310-75e6-4dc3-b490-31f70dfa2fc7
164348,17,23.9,35,93,"2021-08-08 12:49:30",A301,6f6db310-75e6-4dc3-b490-31f70dfa2fc7
164364,19,26.4,40,100,"2021-08-08 13:10:52",A302,6f6db310-75e6-4dc3-b490-31f70dfa2fc7
164374,17,24.1,35,93,"2021-08-08 13:20:04",A301,6f6db310-75e6-4dc3-b490-31f70dfa2fc7
164391,19,26.6,40,100,"2021-08-08 13:41:15",A302,6f6db310-75e6-4dc3-b490-31f70dfa2fc7
164401,17,24.3,35,93,"2021-08-08 13:50:40",A301,6f6db310-75e6-4dc3-b490-31f70dfa2fc7
164414,19,26.8,41,93,"2021-08-08 14:11:29",A302,6f6db310-75e6-4dc3-b490-31f70dfa2fc7
164424,17,24.5,35,86,"2021-08-08 14:21:13",A301,6f6db310-75e6-4dc3-b490-31f70dfa2fc7
164438,19,26.8,41,93,"2021-08-08 14:42:01",A302,6f6db310-75e6-4dc3-b490-31f70dfa2fc7
164449,17,24.6,35,86,"2021-08-08 14:51:45",A301,6f6db310-75e6-4dc3-b490-31f70dfa2fc7
164465,19,26.8,41,86,"2021-08-08 15:12:23",A302,6f6db310-75e6-4dc3-b490-31f70dfa2fc7
164477,17,24.8,35,86,"2021-08-08 15:22:17",A301,6f6db310-75e6-4dc3-b490-31f70dfa2fc7
164493,19,26.6,41,86,"2021-08-08 15:42:44",A302,6f6db310-75e6-4dc3-b490-31f70dfa2fc7
164502,17,24.9,35,86,"2021-08-08 15:52:44",A301,6f6db310-75e6-4dc3-b490-31f70dfa2fc7
164517,19,26.4,41,86,"2021-08-08 16:13:04",A302,6f6db310-75e6-4dc3-b490-31f70dfa2fc7
164529,17,25,35,86,"2021-08-08 16:23:13",A301,6f6db310-75e6-4dc3-b490-31f70dfa2fc7
164543,19,26.1,42,86,"2021-08-08 16:43:22",A302,6f6db310-75e6-4dc3-b490-31f70dfa2fc7
164555,17,25.1,35,86,"2021-08-08 16:53:40",A301,6f6db310-75e6-4dc3-b490-31f70dfa2fc7
164569,19,25.8,42,86,"2021-08-08 17:13:40",A302,6f6db310-75e6-4dc3-b490-31f70dfa2fc7
164582,17,25.1,35,86,"2021-08-08 17:24:07",A301,6f6db310-75e6-4dc3-b490-31f70dfa2fc7
164596,19,25.5,42,86,"2021-08-08 17:43:58",A302,6f6db310-75e6-4dc3-b490-31f70dfa2fc7
164610,17,25.2,35,86,"2021-08-08 17:54:33",A301,6f6db310-75e6-4dc3-b490-31f70dfa2fc7
164632,17,25.2,35,86,"2021-08-08 18:24:59",A301,6f6db310-75e6-4dc3-b490-31f70dfa2fc7
164650,17,25.2,35,86,"2021-08-08 18:55:26",A301,6f6db310-75e6-4dc3-b490-31f70dfa2fc7
164675,17,25.2,35,86,"2021-08-08 19:25:51",A301,6f6db310-75e6-4dc3-b490-31f70dfa2fc7
164688,19,24.6,43,86,"2021-08-08 19:45:03",A302,6f6db310-75e6-4dc3-b490-31f70dfa2fc7
164701,17,25.1,35,86,"2021-08-08 19:56:15",A301,6f6db310-75e6-4dc3-b490-31f70dfa2fc7
164726,17,25.1,35,86,"2021-08-08 20:26:40",A301,6f6db310-75e6-4dc3-b490-31f70dfa2fc7
164739,19,24.2,43,86,"2021-08-08 20:45:33",A302,6f6db310-75e6-4dc3-b490-31f70dfa2fc7
164752,17,25.1,36,86,"2021-08-08 20:57:04",A301,6f6db310-75e6-4dc3-b490-31f70dfa2fc7
164765,19,24,43,86,"2021-08-08 21:15:47",A302,6f6db310-75e6-4dc3-b490-31f70dfa2fc7
164779,17,25,36,86,"2021-08-08 21:27:28",A301,6f6db310-75e6-4dc3-b490-31f70dfa2fc7
164792,19,23.9,43,86,"2021-08-08 21:46:02",A302,6f6db310-75e6-4dc3-b490-31f70dfa2fc7
164799,25,21.9,132,8,"2021-08-08 21:50:45",A303,6f6db310-75e6-4dc3-b490-31f70dfa2fc7
164806,17,25,36,86,"2021-08-08 21:57:50",A301,6f6db310-75e6-4dc3-b490-31f70dfa2fc7
164818,19,23.7,43,86,"2021-08-08 22:16:17",A302,6f6db310-75e6-4dc3-b490-31f70dfa2fc7
164831,17,24.9,36,86,"2021-08-08 22:28:14",A301,6f6db310-75e6-4dc3-b490-31f70dfa2fc7
164844,19,23.6,43,86,"2021-08-08 22:46:31",A302,6f6db310-75e6-4dc3-b490-31f70dfa2fc7
164851,25,21.7,132,8,"2021-08-08 22:51:16",A303,6f6db310-75e6-4dc3-b490-31f70dfa2fc7
164859,17,24.8,36,86,"2021-08-08 22:58:37",A301,6f6db310-75e6-4dc3-b490-31f70dfa2fc7
164872,19,23.48,43,86,"2021-08-08 23:16:46",A302,6f6db310-75e6-4dc3-b490-31f70dfa2fc7
164886,17,24.8,36,86,"2021-08-08 23:29:04",A301,6f6db310-75e6-4dc3-b490-31f70dfa2fc7
164899,19,23.3,44,86,"2021-08-08 23:47:00",A302,6f6db310-75e6-4dc3-b490-31f70dfa2fc7
164914,17,24.7,36,86,"2021-08-08 23:59:24",A301,6f6db310-75e6-4dc3-b490-31f70dfa2fc7
164926,19,23.2,43,86,"2021-08-09 00:17:14",A302,6f6db310-75e6-4dc3-b490-31f70dfa2fc7
164934,25,21.4,132,8,"2021-08-09 00:22:00",A303,6f6db310-75e6-4dc3-b490-31f70dfa2fc7
164942,17,24.6,36,86,"2021-08-09 00:29:47",A301,6f6db310-75e6-4dc3-b490-31f70dfa2fc7
164954,19,23.1,43,86,"2021-08-09 00:47:28",A302,6f6db310-75e6-4dc3-b490-31f70dfa2fc7
164962,25,21.3,132,0,"2021-08-09 00:52:14",A303,6f6db310-75e6-4dc3-b490-31f70dfa2fc7
164970,17,24.5,36,86,"2021-08-09 01:00:10",A301,6f6db310-75e6-4dc3-b490-31f70dfa2fc7
164981,19,23,44,86,"2021-08-09 01:17:42",A302,6f6db310-75e6-4dc3-b490-31f70dfa2fc7
164988,25,21.2,132,0,"2021-08-09 01:22:29",A303,6f6db310-75e6-4dc3-b490-31f70dfa2fc7
164996,17,24.4,36,86,"2021-08-09 01:30:34",A301,6f6db310-75e6-4dc3-b490-31f70dfa2fc7
165008,19,22.9,44,86,"2021-08-09 01:47:56",A302,6f6db310-75e6-4dc3-b490-31f70dfa2fc7
165015,25,21.1,131,0,"2021-08-09 01:52:44",A303,6f6db310-75e6-4dc3-b490-31f70dfa2fc7
165023,17,24.3,36,86,"2021-08-09 02:00:57",A301,6f6db310-75e6-4dc3-b490-31f70dfa2fc7
165034,19,22.8,44,86,"2021-08-09 02:18:09",A302,6f6db310-75e6-4dc3-b490-31f70dfa2fc7
165042,25,21.1,131,0,"2021-08-09 02:22:58",A303,6f6db310-75e6-4dc3-b490-31f70dfa2fc7
165050,17,24.2,36,86,"2021-08-09 02:31:20",A301,6f6db310-75e6-4dc3-b490-31f70dfa2fc7
165061,19,22.7,43,86,"2021-08-09 02:48:23",A302,6f6db310-75e6-4dc3-b490-31f70dfa2fc7
165069,25,21,131,0,"2021-08-09 02:53:12",A303,6f6db310-75e6-4dc3-b490-31f70dfa2fc7
165077,17,24.1,36,86,"2021-08-09 03:01:43",A301,6f6db310-75e6-4dc3-b490-31f70dfa2fc7
165088,19,22.6,44,86,"2021-08-09 03:18:35",A302,6f6db310-75e6-4dc3-b490-31f70dfa2fc7
165103,17,24,36,86,"2021-08-09 03:32:05",A301,6f6db310-75e6-4dc3-b490-31f70dfa2fc7
165114,19,22.5,44,86,"2021-08-09 03:48:48",A302,6f6db310-75e6-4dc3-b490-31f70dfa2fc7
165121,25,20.8,131,0,"2021-08-09 03:53:39",A303,6f6db310-75e6-4dc3-b490-31f70dfa2fc7
165129,17,23.9,36,86,"2021-08-09 04:02:27",A301,6f6db310-75e6-4dc3-b490-31f70dfa2fc7
165140,19,22.4,43,86,"2021-08-09 04:19:01",A302,6f6db310-75e6-4dc3-b490-31f70dfa2fc7
165148,25,20.7,131,0,"2021-08-09 04:23:53",A303,6f6db310-75e6-4dc3-b490-31f70dfa2fc7
165155,17,23.8,36,86,"2021-08-09 04:32:50",A301,6f6db310-75e6-4dc3-b490-31f70dfa2fc7
165166,19,22.3,44,86,"2021-08-09 04:49:13",A302,6f6db310-75e6-4dc3-b490-31f70dfa2fc7
165172,25,20.7,131,0,"2021-08-09 04:54:07",A303,6f6db310-75e6-4dc3-b490-31f70dfa2fc7
165180,17,23.7,36,86,"2021-08-09 05:03:14",A301,6f6db310-75e6-4dc3-b490-31f70dfa2fc7
165190,19,22.2,44,86,"2021-08-09 05:19:27",A302,6f6db310-75e6-4dc3-b490-31f70dfa2fc7
165197,25,20.6,132,0,"2021-08-09 05:24:21",A303,6f6db310-75e6-4dc3-b490-31f70dfa2fc7
165205,17,23.7,36,86,"2021-08-09 05:33:37",A301,6f6db310-75e6-4dc3-b490-31f70dfa2fc7
165215,19,22.2,44,86,"2021-08-09 05:49:41",A302,6f6db310-75e6-4dc3-b490-31f70dfa2fc7
165223,25,20.6,131,0,"2021-08-09 05:54:37",A303,6f6db310-75e6-4dc3-b490-31f70dfa2fc7
165231,17,23.6,36,86,"2021-08-09 06:04:02",A301,6f6db310-75e6-4dc3-b490-31f70dfa2fc7
165241,19,22.2,44,86,"2021-08-09 06:19:56",A302,6f6db310-75e6-4dc3-b490-31f70dfa2fc7
165248,25,20.6,131,0,"2021-08-09 06:24:52",A303,6f6db310-75e6-4dc3-b490-31f70dfa2fc7
165257,17,23.5,36,86,"2021-08-09 06:34:25",A301,6f6db310-75e6-4dc3-b490-31f70dfa2fc7
165266,19,22.1,44,86,"2021-08-09 06:50:11",A302,6f6db310-75e6-4dc3-b490-31f70dfa2fc7
165281,17,23.4,35,86,"2021-08-09 07:04:50",A301,6f6db310-75e6-4dc3-b490-31f70dfa2fc7
165291,19,22.2,44,93,"2021-08-09 07:20:28",A302,6f6db310-75e6-4dc3-b490-31f70dfa2fc7
165307,17,23.4,36,93,"2021-08-09 07:35:15",A301,6f6db310-75e6-4dc3-b490-31f70dfa2fc7
165317,19,22.2,44,93,"2021-08-09 07:50:46",A302,6f6db310-75e6-4dc3-b490-31f70dfa2fc7
165332,17,23.3,36,93,"2021-08-09 08:05:43",A301,6f6db310-75e6-4dc3-b490-31f70dfa2fc7
165342,19,22.3,44,93,"2021-08-09 08:21:05",A302,6f6db310-75e6-4dc3-b490-31f70dfa2fc7
165358,17,23.3,36,93,"2021-08-09 08:36:10",A301,6f6db310-75e6-4dc3-b490-31f70dfa2fc7
165369,19,22.5,43,93,"2021-08-09 08:51:25",A302,6f6db310-75e6-4dc3-b490-31f70dfa2fc7
165375,25,21.5,130,22,"2021-08-09 08:56:23",A303,6f6db310-75e6-4dc3-b490-31f70dfa2fc7
165383,17,23.2,36,93,"2021-08-09 09:06:38",A301,6f6db310-75e6-4dc3-b490-31f70dfa2fc7
165392,19,22.7,43,93,"2021-08-09 09:21:45",A302,6f6db310-75e6-4dc3-b490-31f70dfa2fc7
165407,17,23.2,36,100,"2021-08-09 09:37:06",A301,6f6db310-75e6-4dc3-b490-31f70dfa2fc7
165417,19,22.9,43,100,"2021-08-09 09:52:07",A302,6f6db310-75e6-4dc3-b490-31f70dfa2fc7
165431,17,23.3,36,93,"2021-08-09 10:07:36",A301,6f6db310-75e6-4dc3-b490-31f70dfa2fc7
165441,19,23.2,43,93,"2021-08-09 10:22:29",A302,6f6db310-75e6-4dc3-b490-31f70dfa2fc7
165454,17,23.3,35,100,"2021-08-09 10:38:06",A301,6f6db310-75e6-4dc3-b490-31f70dfa2fc7
165464,19,23.5,43,100,"2021-08-09 10:52:52",A302,6f6db310-75e6-4dc3-b490-31f70dfa2fc7
165478,17,23.4,35,100,"2021-08-09 11:08:36",A301,6f6db310-75e6-4dc3-b490-31f70dfa2fc7
165487,19,23.8,42,100,"2021-08-09 11:23:16",A302,6f6db310-75e6-4dc3-b490-31f70dfa2fc7
165503,17,23.5,36,93,"2021-08-09 11:39:07",A301,6f6db310-75e6-4dc3-b490-31f70dfa2fc7
165513,19,24.2,42,100,"2021-08-09 11:53:41",A302,6f6db310-75e6-4dc3-b490-31f70dfa2fc7
165521,30,23.6,178,72,"2021-08-09 11:58:20",A303,6f6db310-75e6-4dc3-b490-31f70dfa2fc7
165530,17,23.6,36,100,"2021-08-09 12:09:38",A301,6f6db310-75e6-4dc3-b490-31f70dfa2fc7
165539,19,24.5,42,100,"2021-08-09 12:24:06",A302,6f6db310-75e6-4dc3-b490-31f70dfa2fc7
165555,17,23.7,36,100,"2021-08-09 12:40:11",A301,6f6db310-75e6-4dc3-b490-31f70dfa2fc7
165564,19,24.8,42,100,"2021-08-09 12:54:34",A302,6f6db310-75e6-4dc3-b490-31f70dfa2fc7
165580,17,23.9,36,100,"2021-08-09 13:10:45",A301,6f6db310-75e6-4dc3-b490-31f70dfa2fc7
165588,19,25.1,42,100,"2021-08-09 13:25:01",A302,6f6db310-75e6-4dc3-b490-31f70dfa2fc7
165604,17,24,36,100,"2021-08-09 13:41:20",A301,6f6db310-75e6-4dc3-b490-31f70dfa2fc7
165611,19,25.3,42,93,"2021-08-09 13:55:30",A302,6f6db310-75e6-4dc3-b490-31f70dfa2fc7
165627,17,24.1,36,93,"2021-08-09 14:11:48",A301,6f6db310-75e6-4dc3-b490-31f70dfa2fc7
165636,19,25.5,43,93,"2021-08-09 14:25:50",A302,6f6db310-75e6-4dc3-b490-31f70dfa2fc7
165645,28,24,160,15,"2021-08-09 14:30:13",A303,6f6db310-75e6-4dc3-b490-31f70dfa2fc7
165655,17,24.3,36,93,"2021-08-09 14:42:19",A301,6f6db310-75e6-4dc3-b490-31f70dfa2fc7
165664,19,25.6,43,86,"2021-08-09 14:56:08",A302,6f6db310-75e6-4dc3-b490-31f70dfa2fc7
165672,28,23.8,160,8,"2021-08-09 15:00:30",A303,6f6db310-75e6-4dc3-b490-31f70dfa2fc7
165682,17,24.4,36,86,"2021-08-09 15:12:41",A301,6f6db310-75e6-4dc3-b490-31f70dfa2fc7
165690,19,25.5,43,86,"2021-08-09 15:26:23",A302,6f6db310-75e6-4dc3-b490-31f70dfa2fc7
165706,17,24.5,36,86,"2021-08-09 15:43:06",A301,6f6db310-75e6-4dc3-b490-31f70dfa2fc7
165714,19,25.4,43,86,"2021-08-09 15:56:37",A302,6f6db310-75e6-4dc3-b490-31f70dfa2fc7
165731,17,24.5,36,86,"2021-08-09 16:13:31",A301,6f6db310-75e6-4dc3-b490-31f70dfa2fc7
165740,19,25.3,43,86,"2021-08-09 16:26:52",A302,6f6db310-75e6-4dc3-b490-31f70dfa2fc7
165747,27,23.2,157,8,"2021-08-09 16:31:17",A303,6f6db310-75e6-4dc3-b490-31f70dfa2fc7
165755,17,24.6,36,86,"2021-08-09 16:43:53",A301,6f6db310-75e6-4dc3-b490-31f70dfa2fc7
165764,19,25,43,86,"2021-08-09 16:57:06",A302,6f6db310-75e6-4dc3-b490-31f70dfa2fc7
165779,17,24.6,36,86,"2021-08-09 17:14:17",A301,6f6db310-75e6-4dc3-b490-31f70dfa2fc7
165788,19,24.8,43,86,"2021-08-09 17:27:19",A302,6f6db310-75e6-4dc3-b490-31f70dfa2fc7
165800,17,24.6,36,86,"2021-08-09 17:44:41",A301,6f6db310-75e6-4dc3-b490-31f70dfa2fc7
165814,17,24.5,36,86,"2021-08-09 18:15:04",A301,6f6db310-75e6-4dc3-b490-31f70dfa2fc7
165828,17,24.5,36,86,"2021-08-09 18:45:26",A301,6f6db310-75e6-4dc3-b490-31f70dfa2fc7
165835,19,24.2,44,86,"2021-08-09 18:58:00",A302,6f6db310-75e6-4dc3-b490-31f70dfa2fc7
165852,17,24.4,36,86,"2021-08-09 19:15:50",A301,6f6db310-75e6-4dc3-b490-31f70dfa2fc7
165860,20,24,44,86,"2021-08-09 19:28:14",A302,6f6db310-75e6-4dc3-b490-31f70dfa2fc7
165876,17,24.3,36,86,"2021-08-09 19:46:14",A301,6f6db310-75e6-4dc3-b490-31f70dfa2fc7
165885,20,23.8,44,86,"2021-08-09 19:58:29",A302,6f6db310-75e6-4dc3-b490-31f70dfa2fc7
165899,17,24.2,36,86,"2021-08-09 20:16:37",A301,6f6db310-75e6-4dc3-b490-31f70dfa2fc7
165907,20,23.7,44,86,"2021-08-09 20:28:41",A302,6f6db310-75e6-4dc3-b490-31f70dfa2fc7
165925,17,24.1,36,86,"2021-08-09 20:47:00",A301,6f6db310-75e6-4dc3-b490-31f70dfa2fc7
165933,19,23.5,44,86,"2021-08-09 20:58:53",A302,6f6db310-75e6-4dc3-b490-31f70dfa2fc7
165950,17,24.1,36,86,"2021-08-09 21:17:22",A301,6f6db310-75e6-4dc3-b490-31f70dfa2fc7
165958,20,23.4,44,86,"2021-08-09 21:29:06",A302,6f6db310-75e6-4dc3-b490-31f70dfa2fc7
165974,17,24,36,86,"2021-08-09 21:47:46",A301,6f6db310-75e6-4dc3-b490-31f70dfa2fc7
165982,20,23.2,44,86,"2021-08-09 21:59:21",A302,6f6db310-75e6-4dc3-b490-31f70dfa2fc7
165999,17,23.9,36,86,"2021-08-09 22:18:10",A301,6f6db310-75e6-4dc3-b490-31f70dfa2fc7
166007,19,23.1,44,86,"2021-08-09 22:29:33",A302,6f6db310-75e6-4dc3-b490-31f70dfa2fc7
166024,17,23.8,36,86,"2021-08-09 22:48:31",A301,6f6db310-75e6-4dc3-b490-31f70dfa2fc7
166032,19,22.9,44,86,"2021-08-09 22:59:46",A302,6f6db310-75e6-4dc3-b490-31f70dfa2fc7
166050,17,23.7,36,86,"2021-08-09 23:18:55",A301,6f6db310-75e6-4dc3-b490-31f70dfa2fc7
166058,19,22.8,45,86,"2021-08-09 23:29:59",A302,6f6db310-75e6-4dc3-b490-31f70dfa2fc7
166076,17,23.7,36,86,"2021-08-09 23:49:17",A301,6f6db310-75e6-4dc3-b490-31f70dfa2fc7
166084,20,22.7,44,86,"2021-08-10 00:00:12",A302,6f6db310-75e6-4dc3-b490-31f70dfa2fc7
166100,17,23.6,36,86,"2021-08-10 00:19:40",A301,6f6db310-75e6-4dc3-b490-31f70dfa2fc7
166108,20,22.5,45,86,"2021-08-10 00:30:25",A302,6f6db310-75e6-4dc3-b490-31f70dfa2fc7
166124,17,23.5,36,86,"2021-08-10 00:50:03",A301,6f6db310-75e6-4dc3-b490-31f70dfa2fc7
166132,20,22.4,45,86,"2021-08-10 01:00:38",A302,6f6db310-75e6-4dc3-b490-31f70dfa2fc7
166150,17,23.4,36,86,"2021-08-10 01:20:24",A301,6f6db310-75e6-4dc3-b490-31f70dfa2fc7
166157,20,22.3,45,86,"2021-08-10 01:30:50",A302,6f6db310-75e6-4dc3-b490-31f70dfa2fc7
166175,17,23.3,36,86,"2021-08-10 01:50:48",A301,6f6db310-75e6-4dc3-b490-31f70dfa2fc7
166183,20,22.26,45,86,"2021-08-10 02:01:03",A302,6f6db310-75e6-4dc3-b490-31f70dfa2fc7
166202,17,23.3,36,86,"2021-08-10 02:24:56",A301,6f6db310-75e6-4dc3-b490-31f70dfa2fc7
166207,20,22.2,45,86,"2021-08-10 02:31:16",A302,6f6db310-75e6-4dc3-b490-31f70dfa2fc7
166227,17,23.2,36,86,"2021-08-10 02:55:20",A301,6f6db310-75e6-4dc3-b490-31f70dfa2fc7
166232,20,22.1,45,86,"2021-08-10 03:01:29",A302,6f6db310-75e6-4dc3-b490-31f70dfa2fc7
166251,17,23.1,36,86,"2021-08-10 03:25:44",A301,6f6db310-75e6-4dc3-b490-31f70dfa2fc7
166256,20,22.1,44,86,"2021-08-10 03:31:42",A302,6f6db310-75e6-4dc3-b490-31f70dfa2fc7
166275,17,23.02,36,86,"2021-08-10 03:56:08",A301,6f6db310-75e6-4dc3-b490-31f70dfa2fc7
166280,20,22,44,86,"2021-08-10 04:01:55",A302,6f6db310-75e6-4dc3-b490-31f70dfa2fc7
166301,17,23,36,86,"2021-08-10 04:26:32",A301,6f6db310-75e6-4dc3-b490-31f70dfa2fc7
166305,20,21.9,45,86,"2021-08-10 04:32:08",A302,6f6db310-75e6-4dc3-b490-31f70dfa2fc7
166326,17,22.9,36,86,"2021-08-10 04:56:55",A301,6f6db310-75e6-4dc3-b490-31f70dfa2fc7
166348,17,22.9,36,93,"2021-08-10 05:27:19",A301,6f6db310-75e6-4dc3-b490-31f70dfa2fc7
166352,20,21.9,44,93,"2021-08-10 05:32:35",A302,6f6db310-75e6-4dc3-b490-31f70dfa2fc7
166372,17,22.8,35,93,"2021-08-10 05:57:47",A301,6f6db310-75e6-4dc3-b490-31f70dfa2fc7
166376,20,21.8,45,93,"2021-08-10 06:02:52",A302,6f6db310-75e6-4dc3-b490-31f70dfa2fc7
166394,17,22.8,35,93,"2021-08-10 06:28:15",A301,6f6db310-75e6-4dc3-b490-31f70dfa2fc7
166398,20,21.9,45,93,"2021-08-10 06:33:11",A302,6f6db310-75e6-4dc3-b490-31f70dfa2fc7
166418,17,22.7,35,93,"2021-08-10 06:58:44",A301,6f6db310-75e6-4dc3-b490-31f70dfa2fc7
166422,20,22,44,93,"2021-08-10 07:03:31",A302,6f6db310-75e6-4dc3-b490-31f70dfa2fc7
166443,17,22.7,36,93,"2021-08-10 07:29:12",A301,6f6db310-75e6-4dc3-b490-31f70dfa2fc7
166447,20,22.2,44,93,"2021-08-10 07:33:50",A302,6f6db310-75e6-4dc3-b490-31f70dfa2fc7
166468,17,22.7,35,93,"2021-08-10 07:59:42",A301,6f6db310-75e6-4dc3-b490-31f70dfa2fc7
166491,22,22.8,53,93,"2021-08-10 08:32:03",A301,6f6db310-75e6-4dc3-b490-31f70dfa2fc7
166495,20,22.6,44,93,"2021-08-10 08:34:32",A302,6f6db310-75e6-4dc3-b490-31f70dfa2fc7
166516,22,22.8,55,93,"2021-08-10 09:02:33",A301,6f6db310-75e6-4dc3-b490-31f70dfa2fc7
166518,20,22.9,44,93,"2021-08-10 09:04:53",A302,6f6db310-75e6-4dc3-b490-31f70dfa2fc7
166540,22,22.9,55,100,"2021-08-10 09:33:01",A301,6f6db310-75e6-4dc3-b490-31f70dfa2fc7
166542,20,23.2,44,100,"2021-08-10 09:35:14",A302,6f6db310-75e6-4dc3-b490-31f70dfa2fc7
166563,22,23,55,93,"2021-08-10 10:03:30",A301,6f6db310-75e6-4dc3-b490-31f70dfa2fc7
166565,20,23.5,44,93,"2021-08-10 10:05:35",A302,6f6db310-75e6-4dc3-b490-31f70dfa2fc7
166586,22,23.2,55,86,"2021-08-10 10:33:57",A301,6f6db310-75e6-4dc3-b490-31f70dfa2fc7
166588,20,23.7,44,93,"2021-08-10 10:35:54",A302,6f6db310-75e6-4dc3-b490-31f70dfa2fc7
166612,22,23.3,55,86,"2021-08-10 11:04:24",A301,6f6db310-75e6-4dc3-b490-31f70dfa2fc7
166613,20,23.9,44,86,"2021-08-10 11:06:10",A302,6f6db310-75e6-4dc3-b490-31f70dfa2fc7
166635,22,23.4,54,86,"2021-08-10 11:34:52",A301,6f6db310-75e6-4dc3-b490-31f70dfa2fc7
166636,20,23.9,44,93,"2021-08-10 11:36:26",A302,6f6db310-75e6-4dc3-b490-31f70dfa2fc7
166659,22,23.4,55,93,"2021-08-10 12:05:16",A301,6f6db310-75e6-4dc3-b490-31f70dfa2fc7
166660,20,23.8,44,93,"2021-08-10 12:06:41",A302,6f6db310-75e6-4dc3-b490-31f70dfa2fc7
166681,22,23.5,54,93,"2021-08-10 12:35:46",A301,6f6db310-75e6-4dc3-b490-31f70dfa2fc7
166682,20,23.7,44,93,"2021-08-10 12:36:58",A302,6f6db310-75e6-4dc3-b490-31f70dfa2fc7
166703,22,23.5,54,100,"2021-08-10 13:06:10",A301,6f6db310-75e6-4dc3-b490-31f70dfa2fc7
166704,20,23.7,44,100,"2021-08-10 13:07:15",A302,6f6db310-75e6-4dc3-b490-31f70dfa2fc7
166727,22,23.5,54,93,"2021-08-10 13:36:37",A301,6f6db310-75e6-4dc3-b490-31f70dfa2fc7
166728,20,23.7,44,93,"2021-08-10 13:37:34",A302,6f6db310-75e6-4dc3-b490-31f70dfa2fc7
166743,26,22.5,148,0,"2021-08-10 13:49:34",A303,6f6db310-75e6-4dc3-b490-31f70dfa2fc7
166750,22,23.58,54,93,"2021-08-10 14:07:06",A301,6f6db310-75e6-4dc3-b490-31f70dfa2fc7
166751,20,23.8,45,93,"2021-08-10 14:07:52",A302,6f6db310-75e6-4dc3-b490-31f70dfa2fc7
166763,31,22.5,174,0,"2021-08-10 14:19:56",A303,6f6db310-75e6-4dc3-b490-31f70dfa2fc7
166771,22,23.6,54,93,"2021-08-10 14:37:33",A301,6f6db310-75e6-4dc3-b490-31f70dfa2fc7
166773,20,23.8,45,93,"2021-08-10 14:38:11",A302,6f6db310-75e6-4dc3-b490-31f70dfa2fc7
166788,30,22.5,186,8,"2021-08-10 14:50:21",A303,6f6db310-75e6-4dc3-b490-31f70dfa2fc7
166796,22,23.6,54,86,"2021-08-10 15:08:03",A301,6f6db310-75e6-4dc3-b490-31f70dfa2fc7
166798,20,23.8,45,86,"2021-08-10 15:08:29",A302,6f6db310-75e6-4dc3-b490-31f70dfa2fc7
166810,30,22.42,179,8,"2021-08-10 15:20:47",A303,6f6db310-75e6-4dc3-b490-31f70dfa2fc7
166816,22,23.6,54,86,"2021-08-10 15:38:28",A301,6f6db310-75e6-4dc3-b490-31f70dfa2fc7
166818,20,23.8,45,86,"2021-08-10 15:38:46",A302,6f6db310-75e6-4dc3-b490-31f70dfa2fc7
166840,22,23.6,54,86,"2021-08-10 16:08:54",A301,6f6db310-75e6-4dc3-b490-31f70dfa2fc7
166841,20,23.7,45,86,"2021-08-10 16:09:03",A302,6f6db310-75e6-4dc3-b490-31f70dfa2fc7
166861,20,23.7,45,86,"2021-08-10 16:39:18",A302,6f6db310-75e6-4dc3-b490-31f70dfa2fc7
166862,22,23.6,53,86,"2021-08-10 16:39:19",A301,6f6db310-75e6-4dc3-b490-31f70dfa2fc7
166882,20,23.54,45,86,"2021-08-10 17:09:43",A302,6f6db310-75e6-4dc3-b490-31f70dfa2fc7
166883,22,23.6,53,86,"2021-08-10 17:09:45",A301,6f6db310-75e6-4dc3-b490-31f70dfa2fc7
166898,21,23.5,53,86,"2021-08-10 17:40:09",A301,6f6db310-75e6-4dc3-b490-31f70dfa2fc7
166910,21,23.5,53,86,"2021-08-10 18:10:33",A301,6f6db310-75e6-4dc3-b490-31f70dfa2fc7
166921,21,23.4,53,86,"2021-08-10 18:41:00",A301,6f6db310-75e6-4dc3-b490-31f70dfa2fc7
166935,20,23,45,86,"2021-08-10 19:11:11",A302,6f6db310-75e6-4dc3-b490-31f70dfa2fc7
166936,21,23.4,53,86,"2021-08-10 19:11:22",A301,6f6db310-75e6-4dc3-b490-31f70dfa2fc7
166957,20,22.8,45,86,"2021-08-10 19:41:33",A302,6f6db310-75e6-4dc3-b490-31f70dfa2fc7
166958,21,23.3,53,86,"2021-08-10 19:41:46",A301,6f6db310-75e6-4dc3-b490-31f70dfa2fc7
166979,20,22.7,45,86,"2021-08-10 20:11:55",A302,6f6db310-75e6-4dc3-b490-31f70dfa2fc7
166980,21,23.3,53,86,"2021-08-10 20:12:11",A301,6f6db310-75e6-4dc3-b490-31f70dfa2fc7
167002,20,22.6,46,86,"2021-08-10 20:42:17",A302,6f6db310-75e6-4dc3-b490-31f70dfa2fc7
167003,21,23.2,53,86,"2021-08-10 20:42:36",A301,6f6db310-75e6-4dc3-b490-31f70dfa2fc7
167025,20,22.5,45,86,"2021-08-10 21:12:39",A302,6f6db310-75e6-4dc3-b490-31f70dfa2fc7
167026,21,23.1,53,86,"2021-08-10 21:13:00",A301,6f6db310-75e6-4dc3-b490-31f70dfa2fc7
167049,20,22.4,46,86,"2021-08-10 21:43:01",A302,6f6db310-75e6-4dc3-b490-31f70dfa2fc7
167050,21,23.1,53,86,"2021-08-10 21:43:24",A301,6f6db310-75e6-4dc3-b490-31f70dfa2fc7
167071,20,22.4,45,86,"2021-08-10 22:13:23",A302,6f6db310-75e6-4dc3-b490-31f70dfa2fc7
167072,21,23,52,86,"2021-08-10 22:13:48",A301,6f6db310-75e6-4dc3-b490-31f70dfa2fc7
167094,20,22.3,45,86,"2021-08-10 22:43:44",A302,6f6db310-75e6-4dc3-b490-31f70dfa2fc7
167095,21,22.9,52,86,"2021-08-10 22:44:12",A301,6f6db310-75e6-4dc3-b490-31f70dfa2fc7
167117,20,22.2,46,86,"2021-08-10 23:14:06",A302,6f6db310-75e6-4dc3-b490-31f70dfa2fc7
167118,21,22.9,52,86,"2021-08-10 23:14:36",A301,6f6db310-75e6-4dc3-b490-31f70dfa2fc7
167140,20,22.2,46,86,"2021-08-10 23:44:28",A302,6f6db310-75e6-4dc3-b490-31f70dfa2fc7
167141,21,22.8,52,86,"2021-08-10 23:45:00",A301,6f6db310-75e6-4dc3-b490-31f70dfa2fc7
167162,20,22.1,45,86,"2021-08-11 00:14:49",A302,6f6db310-75e6-4dc3-b490-31f70dfa2fc7
167163,21,22.8,52,86,"2021-08-11 00:15:27",A301,6f6db310-75e6-4dc3-b490-31f70dfa2fc7
167182,20,22,45,86,"2021-08-11 00:45:11",A302,6f6db310-75e6-4dc3-b490-31f70dfa2fc7
167183,21,22.7,52,86,"2021-08-11 00:45:47",A301,6f6db310-75e6-4dc3-b490-31f70dfa2fc7
167204,20,22,45,86,"2021-08-11 01:15:33",A302,6f6db310-75e6-4dc3-b490-31f70dfa2fc7
167205,21,22.6,52,86,"2021-08-11 01:16:13",A301,6f6db310-75e6-4dc3-b490-31f70dfa2fc7
167228,20,21.9,46,86,"2021-08-11 01:45:54",A302,6f6db310-75e6-4dc3-b490-31f70dfa2fc7
167229,21,22.6,52,86,"2021-08-11 01:46:36",A301,6f6db310-75e6-4dc3-b490-31f70dfa2fc7
167252,20,21.9,46,86,"2021-08-11 02:16:16",A302,6f6db310-75e6-4dc3-b490-31f70dfa2fc7
167254,21,22.5,52,86,"2021-08-11 02:17:00",A301,6f6db310-75e6-4dc3-b490-31f70dfa2fc7
167274,20,21.8,46,86,"2021-08-11 02:46:37",A302,6f6db310-75e6-4dc3-b490-31f70dfa2fc7
167276,21,22.5,52,86,"2021-08-11 02:47:25",A301,6f6db310-75e6-4dc3-b490-31f70dfa2fc7
167297,20,21.8,45,86,"2021-08-11 03:16:59",A302,6f6db310-75e6-4dc3-b490-31f70dfa2fc7
167300,21,22.4,52,86,"2021-08-11 03:17:49",A301,6f6db310-75e6-4dc3-b490-31f70dfa2fc7
167317,20,21.7,45,86,"2021-08-11 03:47:20",A302,6f6db310-75e6-4dc3-b490-31f70dfa2fc7
167320,21,22.4,52,86,"2021-08-11 03:48:13",A301,6f6db310-75e6-4dc3-b490-31f70dfa2fc7
167339,20,21.7,45,86,"2021-08-11 04:17:41",A302,6f6db310-75e6-4dc3-b490-31f70dfa2fc7
167341,21,22.3,52,86,"2021-08-11 04:18:36",A301,6f6db310-75e6-4dc3-b490-31f70dfa2fc7
167363,20,21.6,46,86,"2021-08-11 04:48:03",A302,6f6db310-75e6-4dc3-b490-31f70dfa2fc7
167365,21,22.3,52,86,"2021-08-11 04:49:00",A301,6f6db310-75e6-4dc3-b490-31f70dfa2fc7
167387,20,21.6,46,86,"2021-08-11 05:18:24",A302,6f6db310-75e6-4dc3-b490-31f70dfa2fc7
167389,21,22.2,52,86,"2021-08-11 05:19:23",A301,6f6db310-75e6-4dc3-b490-31f70dfa2fc7
167411,20,21.6,45,86,"2021-08-11 05:48:46",A302,6f6db310-75e6-4dc3-b490-31f70dfa2fc7
167413,21,22.2,51,86,"2021-08-11 05:49:47",A301,6f6db310-75e6-4dc3-b490-31f70dfa2fc7
167425,28,20.2,155,0,"2021-08-11 06:02:02",A303,6f6db310-75e6-4dc3-b490-31f70dfa2fc7
167436,20,21.5,45,86,"2021-08-11 06:19:07",A302,6f6db310-75e6-4dc3-b490-31f70dfa2fc7
167438,21,22.2,51,86,"2021-08-11 06:20:11",A301,6f6db310-75e6-4dc3-b490-31f70dfa2fc7
167450,28,20.2,155,0,"2021-08-11 06:32:26",A303,6f6db310-75e6-4dc3-b490-31f70dfa2fc7
167462,20,21.5,45,86,"2021-08-11 06:49:29",A302,6f6db310-75e6-4dc3-b490-31f70dfa2fc7
167463,21,22.1,52,86,"2021-08-11 06:50:35",A301,6f6db310-75e6-4dc3-b490-31f70dfa2fc7
167486,20,21.5,45,86,"2021-08-11 07:19:51",A302,6f6db310-75e6-4dc3-b490-31f70dfa2fc7
167487,21,22.1,51,86,"2021-08-11 07:21:03",A301,6f6db310-75e6-4dc3-b490-31f70dfa2fc7
167507,20,21.5,45,86,"2021-08-11 07:50:13",A302,6f6db310-75e6-4dc3-b490-31f70dfa2fc7
167508,21,22.1,51,86,"2021-08-11 07:51:24",A301,6f6db310-75e6-4dc3-b490-31f70dfa2fc7
167531,20,21.5,45,86,"2021-08-11 08:20:36",A302,6f6db310-75e6-4dc3-b490-31f70dfa2fc7
167533,21,22,51,86,"2021-08-11 08:21:51",A301,6f6db310-75e6-4dc3-b490-31f70dfa2fc7
167553,20,21.5,45,86,"2021-08-11 08:50:59",A302,6f6db310-75e6-4dc3-b490-31f70dfa2fc7
167555,21,22,51,86,"2021-08-11 08:52:15",A301,6f6db310-75e6-4dc3-b490-31f70dfa2fc7
167578,20,21.6,45,86,"2021-08-11 09:21:22",A302,6f6db310-75e6-4dc3-b490-31f70dfa2fc7
167580,21,22,51,86,"2021-08-11 09:22:43",A301,6f6db310-75e6-4dc3-b490-31f70dfa2fc7
167603,20,21.6,45,86,"2021-08-11 09:51:45",A302,6f6db310-75e6-4dc3-b490-31f70dfa2fc7
167605,21,22,51,86,"2021-08-11 09:53:04",A301,6f6db310-75e6-4dc3-b490-31f70dfa2fc7
167622,27,20.5,155,22,"2021-08-11 10:17:24",A303,6f6db310-75e6-4dc3-b490-31f70dfa2fc7
167627,20,21.62,45,86,"2021-08-11 10:22:08",A302,6f6db310-75e6-4dc3-b490-31f70dfa2fc7
167630,21,22,51,86,"2021-08-11 10:23:30",A301,6f6db310-75e6-4dc3-b490-31f70dfa2fc7
167649,27,20.5,154,0,"2021-08-11 10:49:03",A303,6f6db310-75e6-4dc3-b490-31f70dfa2fc7
167653,20,21.7,45,86,"2021-08-11 10:52:33",A302,6f6db310-75e6-4dc3-b490-31f70dfa2fc7
167674,27,20.6,154,8,"2021-08-11 11:19:28",A303,6f6db310-75e6-4dc3-b490-31f70dfa2fc7
167678,20,21.8,46,93,"2021-08-11 11:22:56",A302,6f6db310-75e6-4dc3-b490-31f70dfa2fc7
167681,21,22,51,86,"2021-08-11 11:24:22",A301,6f6db310-75e6-4dc3-b490-31f70dfa2fc7
167702,27,20.7,155,8,"2021-08-11 11:49:52",A303,6f6db310-75e6-4dc3-b490-31f70dfa2fc7
167706,20,21.9,45,86,"2021-08-11 11:53:21",A302,6f6db310-75e6-4dc3-b490-31f70dfa2fc7
167709,21,22,51,86,"2021-08-11 11:54:49",A301,6f6db310-75e6-4dc3-b490-31f70dfa2fc7
167730,27,20.8,154,8,"2021-08-11 12:20:16",A303,6f6db310-75e6-4dc3-b490-31f70dfa2fc7
167734,20,22,45,93,"2021-08-11 12:23:47",A302,6f6db310-75e6-4dc3-b490-31f70dfa2fc7
167736,21,22,51,86,"2021-08-11 12:25:17",A301,6f6db310-75e6-4dc3-b490-31f70dfa2fc7
167757,27,20.9,154,8,"2021-08-11 12:50:43",A303,6f6db310-75e6-4dc3-b490-31f70dfa2fc7
167761,20,22.1,45,93,"2021-08-11 12:54:14",A302,6f6db310-75e6-4dc3-b490-31f70dfa2fc7
167764,22,22,56,93,"2021-08-11 12:55:42",A301,6f6db310-75e6-4dc3-b490-31f70dfa2fc7
167784,27,21.1,153,15,"2021-08-11 13:21:09",A303,6f6db310-75e6-4dc3-b490-31f70dfa2fc7
167788,20,22.2,45,93,"2021-08-11 13:24:42",A302,6f6db310-75e6-4dc3-b490-31f70dfa2fc7
167791,26,22,76,93,"2021-08-11 13:26:09",A301,6f6db310-75e6-4dc3-b490-31f70dfa2fc7
167811,27,21.3,153,36,"2021-08-11 13:51:38",A303,6f6db310-75e6-4dc3-b490-31f70dfa2fc7
167817,27,22.1,83,93,"2021-08-11 13:56:40",A301,6f6db310-75e6-4dc3-b490-31f70dfa2fc7
167836,27,21.5,153,29,"2021-08-11 14:22:07",A303,6f6db310-75e6-4dc3-b490-31f70dfa2fc7
167841,20,22.6,45,86,"2021-08-11 14:25:45",A302,6f6db310-75e6-4dc3-b490-31f70dfa2fc7
167843,27,22.1,87,86,"2021-08-11 14:27:08",A301,6f6db310-75e6-4dc3-b490-31f70dfa2fc7
167857,27,21.7,153,43,"2021-08-11 14:52:35",A303,6f6db310-75e6-4dc3-b490-31f70dfa2fc7
167862,20,22.8,45,86,"2021-08-11 14:56:14",A302,6f6db310-75e6-4dc3-b490-31f70dfa2fc7
167864,27,22.2,88,86,"2021-08-11 14:57:41",A301,6f6db310-75e6-4dc3-b490-31f70dfa2fc7
167886,27,21.8,153,29,"2021-08-11 15:23:01",A303,6f6db310-75e6-4dc3-b490-31f70dfa2fc7
167889,20,22.9,45,86,"2021-08-11 15:26:42",A302,6f6db310-75e6-4dc3-b490-31f70dfa2fc7
167892,27,22.24,88,86,"2021-08-11 15:28:05",A301,6f6db310-75e6-4dc3-b490-31f70dfa2fc7
167916,27,21.9,152,8,"2021-08-11 15:53:27",A303,6f6db310-75e6-4dc3-b490-31f70dfa2fc7
167920,27,22.3,88,86,"2021-08-11 15:58:33",A301,6f6db310-75e6-4dc3-b490-31f70dfa2fc7
167943,27,21.9,152,8,"2021-08-11 16:23:53",A303,6f6db310-75e6-4dc3-b490-31f70dfa2fc7
167945,20,23,45,86,"2021-08-11 16:27:35",A302,6f6db310-75e6-4dc3-b490-31f70dfa2fc7
167947,27,22.4,87,86,"2021-08-11 16:29:01",A301,6f6db310-75e6-4dc3-b490-31f70dfa2fc7
167971,27,21.8,151,8,"2021-08-11 16:54:16",A303,6f6db310-75e6-4dc3-b490-31f70dfa2fc7
167973,20,22.9,45,86,"2021-08-11 16:57:59",A302,6f6db310-75e6-4dc3-b490-31f70dfa2fc7
167976,27,22.4,86,86,"2021-08-11 16:59:25",A301,6f6db310-75e6-4dc3-b490-31f70dfa2fc7
167996,27,21.7,152,0,"2021-08-11 17:24:39",A303,6f6db310-75e6-4dc3-b490-31f70dfa2fc7
168000,27,22.5,86,86,"2021-08-11 17:29:50",A301,6f6db310-75e6-4dc3-b490-31f70dfa2fc7
168014,27,21.6,152,0,"2021-08-11 17:55:02",A303,6f6db310-75e6-4dc3-b490-31f70dfa2fc7
168017,26,22.5,85,86,"2021-08-11 18:00:14",A301,6f6db310-75e6-4dc3-b490-31f70dfa2fc7
168030,27,21.5,151,0,"2021-08-11 18:25:24",A303,6f6db310-75e6-4dc3-b490-31f70dfa2fc7
168031,26,22.5,85,86,"2021-08-11 18:30:38",A301,6f6db310-75e6-4dc3-b490-31f70dfa2fc7
168050,27,21.4,151,0,"2021-08-11 18:55:47",A303,6f6db310-75e6-4dc3-b490-31f70dfa2fc7
168052,26,22.5,84,86,"2021-08-11 19:01:02",A301,6f6db310-75e6-4dc3-b490-31f70dfa2fc7
168069,27,21.3,152,0,"2021-08-11 19:26:08",A303,6f6db310-75e6-4dc3-b490-31f70dfa2fc7
168072,20,22.4,46,86,"2021-08-11 19:29:50",A302,6f6db310-75e6-4dc3-b490-31f70dfa2fc7
168073,26,22.5,83,86,"2021-08-11 19:31:25",A301,6f6db310-75e6-4dc3-b490-31f70dfa2fc7
168096,27,21.1,151,0,"2021-08-11 19:56:30",A303,6f6db310-75e6-4dc3-b490-31f70dfa2fc7
168099,20,22.3,46,86,"2021-08-11 20:00:11",A302,6f6db310-75e6-4dc3-b490-31f70dfa2fc7
168102,26,22.44,83,86,"2021-08-11 20:01:49",A301,6f6db310-75e6-4dc3-b490-31f70dfa2fc7
168123,27,21,150,0,"2021-08-11 20:26:51",A303,6f6db310-75e6-4dc3-b490-31f70dfa2fc7
168126,20,22.2,46,86,"2021-08-11 20:30:32",A302,6f6db310-75e6-4dc3-b490-31f70dfa2fc7
168129,26,22.4,83,86,"2021-08-11 20:32:14",A301,6f6db310-75e6-4dc3-b490-31f70dfa2fc7
168150,27,20.9,149,0,"2021-08-11 20:57:13",A303,6f6db310-75e6-4dc3-b490-31f70dfa2fc7
168153,20,22.1,46,86,"2021-08-11 21:00:53",A302,6f6db310-75e6-4dc3-b490-31f70dfa2fc7
168156,26,22.4,82,86,"2021-08-11 21:02:36",A301,6f6db310-75e6-4dc3-b490-31f70dfa2fc7
168178,27,20.8,150,0,"2021-08-11 21:27:34",A303,6f6db310-75e6-4dc3-b490-31f70dfa2fc7
168181,20,21.9,46,86,"2021-08-11 21:31:14",A302,6f6db310-75e6-4dc3-b490-31f70dfa2fc7
168184,26,22.3,82,86,"2021-08-11 21:33:00",A301,6f6db310-75e6-4dc3-b490-31f70dfa2fc7
168202,27,20.7,151,0,"2021-08-11 21:57:55",A303,6f6db310-75e6-4dc3-b490-31f70dfa2fc7
168205,20,21.8,46,86,"2021-08-11 22:01:33",A302,6f6db310-75e6-4dc3-b490-31f70dfa2fc7
168208,26,22.3,81,86,"2021-08-11 22:03:21",A301,6f6db310-75e6-4dc3-b490-31f70dfa2fc7
168227,27,20.6,152,0,"2021-08-11 22:28:16",A303,6f6db310-75e6-4dc3-b490-31f70dfa2fc7
168230,20,21.7,46,86,"2021-08-11 22:31:53",A302,6f6db310-75e6-4dc3-b490-31f70dfa2fc7
168233,26,22.2,81,86,"2021-08-11 22:33:44",A301,6f6db310-75e6-4dc3-b490-31f70dfa2fc7
168253,27,20.5,151,0,"2021-08-11 22:58:36",A303,6f6db310-75e6-4dc3-b490-31f70dfa2fc7
168257,20,21.6,46,72,"2021-08-11 23:02:13",A302,6f6db310-75e6-4dc3-b490-31f70dfa2fc7
168260,25,22.2,80,86,"2021-08-11 23:04:07",A301,6f6db310-75e6-4dc3-b490-31f70dfa2fc7
168281,27,20.3,150,0,"2021-08-11 23:28:58",A303,6f6db310-75e6-4dc3-b490-31f70dfa2fc7
168285,20,21.5,46,72,"2021-08-11 23:32:32",A302,6f6db310-75e6-4dc3-b490-31f70dfa2fc7
168288,25,22.1,80,86,"2021-08-11 23:34:29",A301,6f6db310-75e6-4dc3-b490-31f70dfa2fc7
168307,27,20.2,150,0,"2021-08-11 23:59:18",A303,6f6db310-75e6-4dc3-b490-31f70dfa2fc7
168311,20,21.4,46,72,"2021-08-12 00:02:51",A302,6f6db310-75e6-4dc3-b490-31f70dfa2fc7
168314,25,22,79,86,"2021-08-12 00:04:52",A301,6f6db310-75e6-4dc3-b490-31f70dfa2fc7
168333,27,20.1,151,0,"2021-08-12 00:29:38",A303,6f6db310-75e6-4dc3-b490-31f70dfa2fc7
168338,20,21.3,46,72,"2021-08-12 00:33:10",A302,6f6db310-75e6-4dc3-b490-31f70dfa2fc7
168340,25,22,79,86,"2021-08-12 00:35:14",A301,6f6db310-75e6-4dc3-b490-31f70dfa2fc7
168361,27,20,151,0,"2021-08-12 00:59:58",A303,6f6db310-75e6-4dc3-b490-31f70dfa2fc7
168366,20,21.2,46,58,"2021-08-12 01:03:30",A302,6f6db310-75e6-4dc3-b490-31f70dfa2fc7
168369,25,21.9,78,86,"2021-08-12 01:05:36",A301,6f6db310-75e6-4dc3-b490-31f70dfa2fc7
168388,27,20,151,0,"2021-08-12 01:30:20",A303,6f6db310-75e6-4dc3-b490-31f70dfa2fc7
168393,20,21.1,46,58,"2021-08-12 01:33:50",A302,6f6db310-75e6-4dc3-b490-31f70dfa2fc7
168396,25,21.8,79,86,"2021-08-12 01:36:00",A301,6f6db310-75e6-4dc3-b490-31f70dfa2fc7
168414,27,19.9,148,0,"2021-08-12 02:00:41",A303,6f6db310-75e6-4dc3-b490-31f70dfa2fc7
168419,20,21,46,58,"2021-08-12 02:04:10",A302,6f6db310-75e6-4dc3-b490-31f70dfa2fc7
168422,25,21.72,79,86,"2021-08-12 02:06:24",A301,6f6db310-75e6-4dc3-b490-31f70dfa2fc7
168440,27,19.8,148,0,"2021-08-12 02:31:02",A303,6f6db310-75e6-4dc3-b490-31f70dfa2fc7
168445,20,21,46,58,"2021-08-12 02:34:31",A302,6f6db310-75e6-4dc3-b490-31f70dfa2fc7
168448,25,21.7,78,86,"2021-08-12 02:36:46",A301,6f6db310-75e6-4dc3-b490-31f70dfa2fc7
168468,27,19.8,148,0,"2021-08-12 03:01:23",A303,6f6db310-75e6-4dc3-b490-31f70dfa2fc7
168473,20,20.9,46,58,"2021-08-12 03:04:51",A302,6f6db310-75e6-4dc3-b490-31f70dfa2fc7
168476,25,21.6,78,86,"2021-08-12 03:07:10",A301,6f6db310-75e6-4dc3-b490-31f70dfa2fc7
168494,27,19.8,147,0,"2021-08-12 03:31:44",A303,6f6db310-75e6-4dc3-b490-31f70dfa2fc7
168499,20,20.9,46,58,"2021-08-12 03:35:11",A302,6f6db310-75e6-4dc3-b490-31f70dfa2fc7
168502,25,21.6,78,86,"2021-08-12 03:37:33",A301,6f6db310-75e6-4dc3-b490-31f70dfa2fc7
168521,27,19.7,150,0,"2021-08-12 04:02:06",A303,6f6db310-75e6-4dc3-b490-31f70dfa2fc7
168526,20,20.8,46,58,"2021-08-12 04:05:32",A302,6f6db310-75e6-4dc3-b490-31f70dfa2fc7
168529,25,21.5,77,86,"2021-08-12 04:07:56",A301,6f6db310-75e6-4dc3-b490-31f70dfa2fc7
168548,27,19.7,150,0,"2021-08-12 04:32:27",A303,6f6db310-75e6-4dc3-b490-31f70dfa2fc7
168553,20,20.8,46,58,"2021-08-12 04:35:51",A302,6f6db310-75e6-4dc3-b490-31f70dfa2fc7
168556,25,21.5,77,86,"2021-08-12 04:38:20",A301,6f6db310-75e6-4dc3-b490-31f70dfa2fc7
168575,27,19.6,149,0,"2021-08-12 05:02:48",A303,6f6db310-75e6-4dc3-b490-31f70dfa2fc7
168580,20,20.8,46,58,"2021-08-12 05:06:11",A302,6f6db310-75e6-4dc3-b490-31f70dfa2fc7
168584,25,21.4,77,86,"2021-08-12 05:12:26",A301,6f6db310-75e6-4dc3-b490-31f70dfa2fc7
168602,27,19.6,148,0,"2021-08-12 05:33:10",A303,6f6db310-75e6-4dc3-b490-31f70dfa2fc7
168607,20,20.7,46,79,"2021-08-12 05:36:33",A302,6f6db310-75e6-4dc3-b490-31f70dfa2fc7
168611,25,21.4,77,86,"2021-08-12 05:42:53",A301,6f6db310-75e6-4dc3-b490-31f70dfa2fc7
168630,27,19.6,148,0,"2021-08-12 06:03:34",A303,6f6db310-75e6-4dc3-b490-31f70dfa2fc7
168653,27,19.7,148,8,"2021-08-12 06:33:58",A303,6f6db310-75e6-4dc3-b490-31f70dfa2fc7
168660,25,21.3,76,93,"2021-08-12 06:43:46",A301,6f6db310-75e6-4dc3-b490-31f70dfa2fc7
168679,27,19.9,148,8,"2021-08-12 07:04:25",A303,6f6db310-75e6-4dc3-b490-31f70dfa2fc7
168683,20,20.8,46,93,"2021-08-12 07:07:51",A302,6f6db310-75e6-4dc3-b490-31f70dfa2fc7
168687,25,21.2,76,93,"2021-08-12 07:14:16",A301,6f6db310-75e6-4dc3-b490-31f70dfa2fc7
168707,26,20.1,146,22,"2021-08-12 07:34:52",A303,6f6db310-75e6-4dc3-b490-31f70dfa2fc7
168711,20,21,46,93,"2021-08-12 07:38:20",A302,6f6db310-75e6-4dc3-b490-31f70dfa2fc7
168715,25,21.2,76,93,"2021-08-12 07:44:48",A301,6f6db310-75e6-4dc3-b490-31f70dfa2fc7
168733,26,20.5,148,22,"2021-08-12 08:05:20",A303,6f6db310-75e6-4dc3-b490-31f70dfa2fc7
168740,25,21.3,76,93,"2021-08-12 08:15:19",A301,6f6db310-75e6-4dc3-b490-31f70dfa2fc7
168758,26,20.9,147,50,"2021-08-12 08:35:50",A303,6f6db310-75e6-4dc3-b490-31f70dfa2fc7
168762,20,21.7,46,93,"2021-08-12 08:39:22",A302,6f6db310-75e6-4dc3-b490-31f70dfa2fc7
168766,25,21.3,76,93,"2021-08-12 08:45:49",A301,6f6db310-75e6-4dc3-b490-31f70dfa2fc7
168785,26,21.4,148,43,"2021-08-12 09:06:19",A303,6f6db310-75e6-4dc3-b490-31f70dfa2fc7
168789,20,22.1,46,93,"2021-08-12 09:09:54",A302,6f6db310-75e6-4dc3-b490-31f70dfa2fc7
168793,25,21.4,75,93,"2021-08-12 09:16:24",A301,6f6db310-75e6-4dc3-b490-31f70dfa2fc7
168812,26,22,148,15,"2021-08-12 09:36:49",A303,6f6db310-75e6-4dc3-b490-31f70dfa2fc7
168816,20,22.6,46,93,"2021-08-12 09:40:30",A302,6f6db310-75e6-4dc3-b490-31f70dfa2fc7
168820,25,21.6,75,93,"2021-08-12 09:46:58",A301,6f6db310-75e6-4dc3-b490-31f70dfa2fc7
168840,26,22.5,147,8,"2021-08-12 10:07:13",A303,6f6db310-75e6-4dc3-b490-31f70dfa2fc7
168844,20,23.1,46,93,"2021-08-12 10:11:00",A302,6f6db310-75e6-4dc3-b490-31f70dfa2fc7
168848,25,21.8,75,93,"2021-08-12 10:17:29",A301,6f6db310-75e6-4dc3-b490-31f70dfa2fc7
168868,29,23,157,36,"2021-08-12 10:37:40",A303,6f6db310-75e6-4dc3-b490-31f70dfa2fc7
168873,20,23.6,45,93,"2021-08-12 10:41:33",A302,6f6db310-75e6-4dc3-b490-31f70dfa2fc7
168877,25,22,75,93,"2021-08-12 10:48:01",A301,6f6db310-75e6-4dc3-b490-31f70dfa2fc7
168900,20,24,45,100,"2021-08-12 11:12:07",A302,6f6db310-75e6-4dc3-b490-31f70dfa2fc7
168904,25,22.2,75,100,"2021-08-12 11:18:35",A301,6f6db310-75e6-4dc3-b490-31f70dfa2fc7
168923,28,23.5,162,65,"2021-08-12 11:38:41",A303,6f6db310-75e6-4dc3-b490-31f70dfa2fc7
168928,20,24.4,45,100,"2021-08-12 11:42:43",A302,6f6db310-75e6-4dc3-b490-31f70dfa2fc7
168932,25,22.4,75,93,"2021-08-12 11:49:08",A301,6f6db310-75e6-4dc3-b490-31f70dfa2fc7
168948,28,23.8,161,79,"2021-08-12 12:09:13",A303,6f6db310-75e6-4dc3-b490-31f70dfa2fc7
168953,20,24.8,45,93,"2021-08-12 12:13:18",A302,6f6db310-75e6-4dc3-b490-31f70dfa2fc7
168958,25,22.6,75,100,"2021-08-12 12:19:43",A301,6f6db310-75e6-4dc3-b490-31f70dfa2fc7
168980,20,25.1,45,100,"2021-08-12 12:43:53",A302,6f6db310-75e6-4dc3-b490-31f70dfa2fc7
168985,25,22.8,75,100,"2021-08-12 12:50:18",A301,6f6db310-75e6-4dc3-b490-31f70dfa2fc7
169006,20,25.3,45,100,"2021-08-12 13:14:27",A302,6f6db310-75e6-4dc3-b490-31f70dfa2fc7
169011,24,23,75,100,"2021-08-12 13:20:52",A301,6f6db310-75e6-4dc3-b490-31f70dfa2fc7
169032,20,25.5,45,93,"2021-08-12 13:45:02",A302,6f6db310-75e6-4dc3-b490-31f70dfa2fc7
169037,24,23.2,75,93,"2021-08-12 13:51:26",A301,6f6db310-75e6-4dc3-b490-31f70dfa2fc7
169058,20,25.6,45,93,"2021-08-12 14:15:34",A302,6f6db310-75e6-4dc3-b490-31f70dfa2fc7
169063,24,23.3,75,93,"2021-08-12 14:21:58",A301,6f6db310-75e6-4dc3-b490-31f70dfa2fc7
169086,20,25.7,46,86,"2021-08-12 14:46:06",A302,6f6db310-75e6-4dc3-b490-31f70dfa2fc7
169114,20,25.6,46,86,"2021-08-12 15:16:36",A302,6f6db310-75e6-4dc3-b490-31f70dfa2fc7
169120,24,23.6,74,86,"2021-08-12 15:23:01",A301,6f6db310-75e6-4dc3-b490-31f70dfa2fc7
169144,20,25.5,46,86,"2021-08-12 15:46:58",A302,6f6db310-75e6-4dc3-b490-31f70dfa2fc7
169150,31,24.1,148,86,"2021-08-12 15:53:26",A301,6f6db310-75e6-4dc3-b490-31f70dfa2fc7
169171,21,25.3,47,86,"2021-08-12 16:17:20",A302,6f6db310-75e6-4dc3-b490-31f70dfa2fc7
169177,30,24,139,86,"2021-08-12 16:23:52",A301,6f6db310-75e6-4dc3-b490-31f70dfa2fc7
169198,22,24.9,48,86,"2021-08-12 16:47:43",A302,6f6db310-75e6-4dc3-b490-31f70dfa2fc7
169204,29,23.9,133,86,"2021-08-12 16:54:18",A301,6f6db310-75e6-4dc3-b490-31f70dfa2fc7
169222,29,22.6,166,0,"2021-08-12 17:13:43",A303,6f6db310-75e6-4dc3-b490-31f70dfa2fc7
169226,23,24.5,51,86,"2021-08-12 17:18:05",A302,6f6db310-75e6-4dc3-b490-31f70dfa2fc7
169232,29,23.7,128,86,"2021-08-12 17:24:42",A301,6f6db310-75e6-4dc3-b490-31f70dfa2fc7
169250,29,22.5,165,0,"2021-08-12 17:44:03",A303,6f6db310-75e6-4dc3-b490-31f70dfa2fc7
169254,23,24.3,53,86,"2021-08-12 17:48:28",A302,6f6db310-75e6-4dc3-b490-31f70dfa2fc7
169259,29,23.6,125,86,"2021-08-12 17:55:10",A301,6f6db310-75e6-4dc3-b490-31f70dfa2fc7
169277,24,24,54,86,"2021-08-12 18:18:50",A302,6f6db310-75e6-4dc3-b490-31f70dfa2fc7
169315,28,22.1,161,0,"2021-08-12 19:15:10",A303,6f6db310-75e6-4dc3-b490-31f70dfa2fc7
169320,24,23.6,56,86,"2021-08-12 19:19:34",A302,6f6db310-75e6-4dc3-b490-31f70dfa2fc7
169326,28,23.4,119,86,"2021-08-12 19:26:25",A301,6f6db310-75e6-4dc3-b490-31f70dfa2fc7
169346,28,21.9,161,0,"2021-08-12 19:45:33",A303,6f6db310-75e6-4dc3-b490-31f70dfa2fc7
169351,24,23.5,56,86,"2021-08-12 19:49:56",A302,6f6db310-75e6-4dc3-b490-31f70dfa2fc7
169357,28,23.3,118,86,"2021-08-12 19:56:52",A301,6f6db310-75e6-4dc3-b490-31f70dfa2fc7
169374,28,21.8,161,0,"2021-08-12 20:15:54",A303,6f6db310-75e6-4dc3-b490-31f70dfa2fc7
169379,24,23.3,58,86,"2021-08-12 20:20:20",A302,6f6db310-75e6-4dc3-b490-31f70dfa2fc7
169385,28,23.2,117,86,"2021-08-12 20:27:19",A301,6f6db310-75e6-4dc3-b490-31f70dfa2fc7
169401,28,21.6,161,0,"2021-08-12 20:46:16",A303,6f6db310-75e6-4dc3-b490-31f70dfa2fc7
169406,25,23.1,58,86,"2021-08-12 20:50:43",A302,6f6db310-75e6-4dc3-b490-31f70dfa2fc7
169412,28,23.1,116,86,"2021-08-12 20:57:41",A301,6f6db310-75e6-4dc3-b490-31f70dfa2fc7
169430,28,21.5,160,0,"2021-08-12 21:16:38",A303,6f6db310-75e6-4dc3-b490-31f70dfa2fc7
169435,25,23,59,86,"2021-08-12 21:21:07",A302,6f6db310-75e6-4dc3-b490-31f70dfa2fc7
169441,28,23,114,86,"2021-08-12 21:28:06",A301,6f6db310-75e6-4dc3-b490-31f70dfa2fc7
169459,28,21.4,158,0,"2021-08-12 21:47:00",A303,6f6db310-75e6-4dc3-b490-31f70dfa2fc7
169464,25,22.8,60,86,"2021-08-12 21:51:29",A302,6f6db310-75e6-4dc3-b490-31f70dfa2fc7
169470,28,22.9,114,86,"2021-08-12 21:58:30",A301,6f6db310-75e6-4dc3-b490-31f70dfa2fc7
169488,28,21.2,160,0,"2021-08-12 22:17:21",A303,6f6db310-75e6-4dc3-b490-31f70dfa2fc7
169494,25,22.7,60,86,"2021-08-12 22:21:51",A302,6f6db310-75e6-4dc3-b490-31f70dfa2fc7
169499,28,22.9,113,86,"2021-08-12 22:28:55",A301,6f6db310-75e6-4dc3-b490-31f70dfa2fc7
169520,28,21.1,160,0,"2021-08-12 22:47:43",A303,6f6db310-75e6-4dc3-b490-31f70dfa2fc7
169526,25,22.6,60,86,"2021-08-12 22:52:13",A302,6f6db310-75e6-4dc3-b490-31f70dfa2fc7
169531,28,22.8,113,86,"2021-08-12 22:59:20",A301,6f6db310-75e6-4dc3-b490-31f70dfa2fc7
169550,28,21,160,0,"2021-08-12 23:18:04",A303,6f6db310-75e6-4dc3-b490-31f70dfa2fc7
169556,25,22.4,61,86,"2021-08-12 23:22:35",A302,6f6db310-75e6-4dc3-b490-31f70dfa2fc7
169561,28,22.7,112,86,"2021-08-12 23:29:44",A301,6f6db310-75e6-4dc3-b490-31f70dfa2fc7
169579,28,20.9,159,0,"2021-08-12 23:48:25",A303,6f6db310-75e6-4dc3-b490-31f70dfa2fc7
169585,25,22.3,62,86,"2021-08-12 23:52:57",A302,6f6db310-75e6-4dc3-b490-31f70dfa2fc7
169590,28,22.6,112,86,"2021-08-13 00:00:07",A301,6f6db310-75e6-4dc3-b490-31f70dfa2fc7
169609,28,20.7,159,0,"2021-08-13 00:18:46",A303,6f6db310-75e6-4dc3-b490-31f70dfa2fc7
169615,25,22.2,62,86,"2021-08-13 00:23:19",A302,6f6db310-75e6-4dc3-b490-31f70dfa2fc7
169619,28,22.5,111,86,"2021-08-13 00:30:32",A301,6f6db310-75e6-4dc3-b490-31f70dfa2fc7
169639,28,20.6,159,0,"2021-08-13 00:49:07",A303,6f6db310-75e6-4dc3-b490-31f70dfa2fc7
169645,25,22.1,63,86,"2021-08-13 00:53:41",A302,6f6db310-75e6-4dc3-b490-31f70dfa2fc7
169650,28,22.42,110,86,"2021-08-13 01:00:55",A301,6f6db310-75e6-4dc3-b490-31f70dfa2fc7
169669,28,20.5,159,0,"2021-08-13 01:19:28",A303,6f6db310-75e6-4dc3-b490-31f70dfa2fc7
169675,25,22,64,86,"2021-08-13 01:24:02",A302,6f6db310-75e6-4dc3-b490-31f70dfa2fc7
169680,28,22.4,110,86,"2021-08-13 01:31:20",A301,6f6db310-75e6-4dc3-b490-31f70dfa2fc7
169700,28,20.32,157,0,"2021-08-13 01:49:49",A303,6f6db310-75e6-4dc3-b490-31f70dfa2fc7
169706,25,21.9,65,86,"2021-08-13 01:54:23",A302,6f6db310-75e6-4dc3-b490-31f70dfa2fc7
169710,28,22.3,110,86,"2021-08-13 02:01:43",A301,6f6db310-75e6-4dc3-b490-31f70dfa2fc7
169732,28,20.2,158,0,"2021-08-13 02:20:09",A303,6f6db310-75e6-4dc3-b490-31f70dfa2fc7
169737,25,21.7,65,86,"2021-08-13 02:24:44",A302,6f6db310-75e6-4dc3-b490-31f70dfa2fc7
169741,28,22.2,109,86,"2021-08-13 02:32:07",A301,6f6db310-75e6-4dc3-b490-31f70dfa2fc7
169762,28,20.1,159,0,"2021-08-13 02:50:30",A303,6f6db310-75e6-4dc3-b490-31f70dfa2fc7
169767,25,21.6,66,86,"2021-08-13 02:55:05",A302,6f6db310-75e6-4dc3-b490-31f70dfa2fc7
169771,28,22.1,109,86,"2021-08-13 03:02:32",A301,6f6db310-75e6-4dc3-b490-31f70dfa2fc7
169790,28,20,159,0,"2021-08-13 03:20:50",A303,6f6db310-75e6-4dc3-b490-31f70dfa2fc7
169795,25,21.5,67,86,"2021-08-13 03:25:25",A302,6f6db310-75e6-4dc3-b490-31f70dfa2fc7
169799,28,22.1,108,86,"2021-08-13 03:32:53",A301,6f6db310-75e6-4dc3-b490-31f70dfa2fc7
169819,28,19.9,158,0,"2021-08-13 03:51:10",A303,6f6db310-75e6-4dc3-b490-31f70dfa2fc7
169824,25,21.4,68,86,"2021-08-13 03:55:46",A302,6f6db310-75e6-4dc3-b490-31f70dfa2fc7
169827,28,22,108,86,"2021-08-13 04:03:18",A301,6f6db310-75e6-4dc3-b490-31f70dfa2fc7
169845,28,19.8,158,0,"2021-08-13 04:21:31",A303,6f6db310-75e6-4dc3-b490-31f70dfa2fc7
169850,25,21.3,69,86,"2021-08-13 04:26:09",A302,6f6db310-75e6-4dc3-b490-31f70dfa2fc7
169874,28,19.7,159,0,"2021-08-13 04:51:52",A303,6f6db310-75e6-4dc3-b490-31f70dfa2fc7
169878,25,21.2,70,86,"2021-08-13 04:56:29",A302,6f6db310-75e6-4dc3-b490-31f70dfa2fc7
169882,27,21.8,107,86,"2021-08-13 05:04:05",A301,6f6db310-75e6-4dc3-b490-31f70dfa2fc7
169902,28,19.7,158,0,"2021-08-13 05:22:13",A303,6f6db310-75e6-4dc3-b490-31f70dfa2fc7
169907,25,21.1,71,86,"2021-08-13 05:26:51",A302,6f6db310-75e6-4dc3-b490-31f70dfa2fc7
169911,28,21.7,107,86,"2021-08-13 05:34:28",A301,6f6db310-75e6-4dc3-b490-31f70dfa2fc7
169930,28,19.7,158,0,"2021-08-13 05:52:34",A303,6f6db310-75e6-4dc3-b490-31f70dfa2fc7
169935,26,21.1,71,86,"2021-08-13 05:57:13",A302,6f6db310-75e6-4dc3-b490-31f70dfa2fc7
169940,27,21.7,107,86,"2021-08-13 06:04:54",A301,6f6db310-75e6-4dc3-b490-31f70dfa2fc7
169959,28,19.8,158,0,"2021-08-13 06:22:57",A303,6f6db310-75e6-4dc3-b490-31f70dfa2fc7
169964,26,21.1,72,93,"2021-08-13 06:27:36",A302,6f6db310-75e6-4dc3-b490-31f70dfa2fc7
169969,27,21.6,107,93,"2021-08-13 06:35:18",A301,6f6db310-75e6-4dc3-b490-31f70dfa2fc7
169986,28,19.9,158,0,"2021-08-13 06:53:20",A303,6f6db310-75e6-4dc3-b490-31f70dfa2fc7
169991,25,21.2,73,93,"2021-08-13 06:58:01",A302,6f6db310-75e6-4dc3-b490-31f70dfa2fc7
169997,27,21.6,107,93,"2021-08-13 07:05:45",A301,6f6db310-75e6-4dc3-b490-31f70dfa2fc7
170015,28,20.1,157,0,"2021-08-13 07:23:44",A303,6f6db310-75e6-4dc3-b490-31f70dfa2fc7
170020,26,21.26,74,93,"2021-08-13 07:28:28",A302,6f6db310-75e6-4dc3-b490-31f70dfa2fc7
170027,27,21.5,106,93,"2021-08-13 07:36:17",A301,6f6db310-75e6-4dc3-b490-31f70dfa2fc7
170048,26,21.4,75,93,"2021-08-13 07:58:59",A302,6f6db310-75e6-4dc3-b490-31f70dfa2fc7
170055,27,21.5,106,93,"2021-08-13 08:06:42",A301,6f6db310-75e6-4dc3-b490-31f70dfa2fc7
170071,28,20.9,157,8,"2021-08-13 08:24:37",A303,6f6db310-75e6-4dc3-b490-31f70dfa2fc7
170076,26,21.7,76,100,"2021-08-13 08:29:28",A302,6f6db310-75e6-4dc3-b490-31f70dfa2fc7
170083,27,21.6,106,93,"2021-08-13 08:37:14",A301,6f6db310-75e6-4dc3-b490-31f70dfa2fc7
170100,27,21.4,156,8,"2021-08-13 08:55:05",A303,6f6db310-75e6-4dc3-b490-31f70dfa2fc7
170104,26,22,77,107,"2021-08-13 09:00:00",A302,6f6db310-75e6-4dc3-b490-31f70dfa2fc7
170111,27,21.6,106,100,"2021-08-13 09:07:44",A301,6f6db310-75e6-4dc3-b490-31f70dfa2fc7
170126,27,22,157,36,"2021-08-13 09:25:34",A303,6f6db310-75e6-4dc3-b490-31f70dfa2fc7
170136,27,21.7,106,100,"2021-08-13 09:38:19",A301,6f6db310-75e6-4dc3-b490-31f70dfa2fc7
170153,27,22.6,156,43,"2021-08-13 09:56:04",A303,6f6db310-75e6-4dc3-b490-31f70dfa2fc7
170158,26,22.9,78,100,"2021-08-13 10:01:06",A302,6f6db310-75e6-4dc3-b490-31f70dfa2fc7
170164,27,21.9,105,93,"2021-08-13 10:08:51",A301,6f6db310-75e6-4dc3-b490-31f70dfa2fc7
170182,27,23.2,157,50,"2021-08-13 10:26:34",A303,6f6db310-75e6-4dc3-b490-31f70dfa2fc7
170187,25,23.4,78,100,"2021-08-13 10:31:40",A302,6f6db310-75e6-4dc3-b490-31f70dfa2fc7
170194,27,22.1,105,100,"2021-08-13 10:39:23",A301,6f6db310-75e6-4dc3-b490-31f70dfa2fc7
170212,27,23.6,158,65,"2021-08-13 10:57:04",A303,6f6db310-75e6-4dc3-b490-31f70dfa2fc7
170218,25,23.8,79,100,"2021-08-13 11:02:15",A302,6f6db310-75e6-4dc3-b490-31f70dfa2fc7
170223,27,22.2,105,93,"2021-08-13 11:09:56",A301,6f6db310-75e6-4dc3-b490-31f70dfa2fc7
170242,27,24,157,29,"2021-08-13 11:27:34",A303,6f6db310-75e6-4dc3-b490-31f70dfa2fc7
170246,25,24.2,80,93,"2021-08-13 11:32:48",A302,6f6db310-75e6-4dc3-b490-31f70dfa2fc7
170253,27,22.5,105,93,"2021-08-13 11:40:26",A301,6f6db310-75e6-4dc3-b490-31f70dfa2fc7
170271,27,24.2,157,0,"2021-08-13 11:57:58",A303,6f6db310-75e6-4dc3-b490-31f70dfa2fc7
170275,25,24.5,81,93,"2021-08-13 12:03:13",A302,6f6db310-75e6-4dc3-b490-31f70dfa2fc7
170283,27,22.7,105,93,"2021-08-13 12:10:54",A301,6f6db310-75e6-4dc3-b490-31f70dfa2fc7
170302,27,24,158,0,"2021-08-13 12:28:21",A303,6f6db310-75e6-4dc3-b490-31f70dfa2fc7
170305,25,24.6,82,107,"2021-08-13 12:33:38",A302,6f6db310-75e6-4dc3-b490-31f70dfa2fc7
170312,27,22.9,105,100,"2021-08-13 12:41:20",A301,6f6db310-75e6-4dc3-b490-31f70dfa2fc7
170330,27,23.8,158,8,"2021-08-13 12:58:46",A303,6f6db310-75e6-4dc3-b490-31f70dfa2fc7
170333,25,24.6,83,100,"2021-08-13 13:04:06",A302,6f6db310-75e6-4dc3-b490-31f70dfa2fc7
170339,27,23,105,100,"2021-08-13 13:11:48",A301,6f6db310-75e6-4dc3-b490-31f70dfa2fc7
170358,27,23.7,158,22,"2021-08-13 13:30:30",A303,6f6db310-75e6-4dc3-b490-31f70dfa2fc7
170362,25,24.5,84,100,"2021-08-13 13:34:36",A302,6f6db310-75e6-4dc3-b490-31f70dfa2fc7
170368,27,23.1,104,100,"2021-08-13 13:42:21",A301,6f6db310-75e6-4dc3-b490-31f70dfa2fc7
170384,27,23.8,159,29,"2021-08-13 14:00:55",A303,6f6db310-75e6-4dc3-b490-31f70dfa2fc7
170388,25,24.5,85,100,"2021-08-13 14:05:07",A302,6f6db310-75e6-4dc3-b490-31f70dfa2fc7
170394,27,23.2,104,93,"2021-08-13 14:12:51",A301,6f6db310-75e6-4dc3-b490-31f70dfa2fc7
170412,27,23.9,158,22,"2021-08-13 14:31:19",A303,6f6db310-75e6-4dc3-b490-31f70dfa2fc7
170416,25,24.6,86,93,"2021-08-13 14:35:38",A302,6f6db310-75e6-4dc3-b490-31f70dfa2fc7
170422,27,23.2,104,93,"2021-08-13 14:43:20",A301,6f6db310-75e6-4dc3-b490-31f70dfa2fc7
170440,27,23.9,158,22,"2021-08-13 15:01:43",A303,6f6db310-75e6-4dc3-b490-31f70dfa2fc7
170444,25,24.6,87,93,"2021-08-13 15:06:08",A302,6f6db310-75e6-4dc3-b490-31f70dfa2fc7
170450,27,23.3,104,86,"2021-08-13 15:13:56",A301,6f6db310-75e6-4dc3-b490-31f70dfa2fc7
170468,27,23.8,158,8,"2021-08-13 15:32:05",A303,6f6db310-75e6-4dc3-b490-31f70dfa2fc7
170472,25,24.6,87,86,"2021-08-13 15:36:36",A302,6f6db310-75e6-4dc3-b490-31f70dfa2fc7
170478,27,23.4,104,86,"2021-08-13 15:44:19",A301,6f6db310-75e6-4dc3-b490-31f70dfa2fc7
170494,27,23.7,158,8,"2021-08-13 16:02:25",A303,6f6db310-75e6-4dc3-b490-31f70dfa2fc7
170498,25,24.5,88,86,"2021-08-13 16:07:02",A302,6f6db310-75e6-4dc3-b490-31f70dfa2fc7
170503,27,23.4,103,86,"2021-08-13 16:14:45",A301,6f6db310-75e6-4dc3-b490-31f70dfa2fc7
170520,27,23.5,158,8,"2021-08-13 16:32:46",A303,6f6db310-75e6-4dc3-b490-31f70dfa2fc7
170524,25,24.3,89,86,"2021-08-13 16:37:27",A302,6f6db310-75e6-4dc3-b490-31f70dfa2fc7
170530,27,23.4,103,86,"2021-08-13 16:45:12",A301,6f6db310-75e6-4dc3-b490-31f70dfa2fc7
170547,27,23.2,157,0,"2021-08-13 17:03:06",A303,6f6db310-75e6-4dc3-b490-31f70dfa2fc7
170552,25,24.1,91,86,"2021-08-13 17:07:51",A302,6f6db310-75e6-4dc3-b490-31f70dfa2fc7
170558,27,23.4,103,86,"2021-08-13 17:15:37",A301,6f6db310-75e6-4dc3-b490-31f70dfa2fc7
170575,27,23,158,0,"2021-08-13 17:33:25",A303,6f6db310-75e6-4dc3-b490-31f70dfa2fc7
170578,25,23.9,91,86,"2021-08-13 17:38:16",A302,6f6db310-75e6-4dc3-b490-31f70dfa2fc7
170583,27,23.4,103,86,"2021-08-13 17:46:04",A301,6f6db310-75e6-4dc3-b490-31f70dfa2fc7
170596,27,22.8,158,0,"2021-08-13 18:03:44",A303,6f6db310-75e6-4dc3-b490-31f70dfa2fc7
170599,25,23.7,92,86,"2021-08-13 18:08:40",A302,6f6db310-75e6-4dc3-b490-31f70dfa2fc7
170603,27,23.4,103,86,"2021-08-13 18:16:28",A301,6f6db310-75e6-4dc3-b490-31f70dfa2fc7
170614,27,22.5,158,0,"2021-08-13 18:34:02",A303,6f6db310-75e6-4dc3-b490-31f70dfa2fc7
170616,25,23.5,93,86,"2021-08-13 18:39:03",A302,6f6db310-75e6-4dc3-b490-31f70dfa2fc7
170619,27,23.3,103,86,"2021-08-13 18:46:54",A301,6f6db310-75e6-4dc3-b490-31f70dfa2fc7
170632,27,22.3,157,0,"2021-08-13 19:04:21",A303,6f6db310-75e6-4dc3-b490-31f70dfa2fc7
170635,25,23.4,94,86,"2021-08-13 19:09:27",A302,6f6db310-75e6-4dc3-b490-31f70dfa2fc7
170641,27,23.2,103,86,"2021-08-13 19:17:20",A301,6f6db310-75e6-4dc3-b490-31f70dfa2fc7
170655,27,22.2,157,0,"2021-08-13 19:34:40",A303,6f6db310-75e6-4dc3-b490-31f70dfa2fc7
170660,25,23.2,94,86,"2021-08-13 19:39:50",A302,6f6db310-75e6-4dc3-b490-31f70dfa2fc7
170666,27,23.2,102,86,"2021-08-13 19:47:44",A301,6f6db310-75e6-4dc3-b490-31f70dfa2fc7
170682,27,22,157,0,"2021-08-13 20:04:58",A303,6f6db310-75e6-4dc3-b490-31f70dfa2fc7
170687,25,23,95,86,"2021-08-13 20:10:14",A302,6f6db310-75e6-4dc3-b490-31f70dfa2fc7
170693,27,23.1,102,86,"2021-08-13 20:18:10",A301,6f6db310-75e6-4dc3-b490-31f70dfa2fc7
170711,27,21.9,157,0,"2021-08-13 20:35:18",A303,6f6db310-75e6-4dc3-b490-31f70dfa2fc7
170716,25,22.9,96,86,"2021-08-13 20:40:37",A302,6f6db310-75e6-4dc3-b490-31f70dfa2fc7
170722,26,23,102,86,"2021-08-13 20:48:35",A301,6f6db310-75e6-4dc3-b490-31f70dfa2fc7
170736,27,21.7,157,0,"2021-08-13 21:05:35",A303,6f6db310-75e6-4dc3-b490-31f70dfa2fc7
170741,25,22.8,97,86,"2021-08-13 21:10:59",A302,6f6db310-75e6-4dc3-b490-31f70dfa2fc7
170746,26,23,102,86,"2021-08-13 21:19:02",A301,6f6db310-75e6-4dc3-b490-31f70dfa2fc7
170763,27,21.6,157,0,"2021-08-13 21:35:52",A303,6f6db310-75e6-4dc3-b490-31f70dfa2fc7
170769,25,22.7,96,86,"2021-08-13 21:41:22",A302,6f6db310-75e6-4dc3-b490-31f70dfa2fc7
170774,26,22.9,102,86,"2021-08-13 21:49:25",A301,6f6db310-75e6-4dc3-b490-31f70dfa2fc7
170792,27,21.5,156,0,"2021-08-13 22:06:10",A303,6f6db310-75e6-4dc3-b490-31f70dfa2fc7
170803,26,22.8,102,86,"2021-08-13 22:19:48",A301,6f6db310-75e6-4dc3-b490-31f70dfa2fc7
170817,27,21.3,157,0,"2021-08-13 22:36:29",A303,6f6db310-75e6-4dc3-b490-31f70dfa2fc7
170822,25,22.4,98,86,"2021-08-13 22:42:05",A302,6f6db310-75e6-4dc3-b490-31f70dfa2fc7
170829,26,22.7,101,86,"2021-08-13 22:50:12",A301,6f6db310-75e6-4dc3-b490-31f70dfa2fc7
170845,27,21.2,156,0,"2021-08-13 23:06:44",A303,6f6db310-75e6-4dc3-b490-31f70dfa2fc7
170850,25,22.3,99,86,"2021-08-13 23:12:26",A302,6f6db310-75e6-4dc3-b490-31f70dfa2fc7
170857,26,22.64,101,86,"2021-08-13 23:20:36",A301,6f6db310-75e6-4dc3-b490-31f70dfa2fc7
170872,27,21,156,0,"2021-08-13 23:37:02",A303,6f6db310-75e6-4dc3-b490-31f70dfa2fc7
170877,25,22.2,99,86,"2021-08-13 23:42:47",A302,6f6db310-75e6-4dc3-b490-31f70dfa2fc7
170884,26,22.6,101,86,"2021-08-13 23:51:00",A301,6f6db310-75e6-4dc3-b490-31f70dfa2fc7
170899,27,20.8,155,0,"2021-08-14 00:07:18",A303,6f6db310-75e6-4dc3-b490-31f70dfa2fc7
170904,25,22.1,100,86,"2021-08-14 00:13:08",A302,6f6db310-75e6-4dc3-b490-31f70dfa2fc7
170911,26,22.5,101,86,"2021-08-14 00:21:23",A301,6f6db310-75e6-4dc3-b490-31f70dfa2fc7
170925,27,20.7,156,0,"2021-08-14 00:37:35",A303,6f6db310-75e6-4dc3-b490-31f70dfa2fc7
170930,25,21.9,100,86,"2021-08-14 00:43:29",A302,6f6db310-75e6-4dc3-b490-31f70dfa2fc7
170937,26,22.4,100,86,"2021-08-14 00:51:46",A301,6f6db310-75e6-4dc3-b490-31f70dfa2fc7
170954,27,20.5,156,0,"2021-08-14 01:07:51",A303,6f6db310-75e6-4dc3-b490-31f70dfa2fc7
170958,25,21.8,101,86,"2021-08-14 01:13:49",A302,6f6db310-75e6-4dc3-b490-31f70dfa2fc7
170965,26,22.3,100,86,"2021-08-14 01:22:10",A301,6f6db310-75e6-4dc3-b490-31f70dfa2fc7
170981,27,20.4,157,0,"2021-08-14 01:38:08",A303,6f6db310-75e6-4dc3-b490-31f70dfa2fc7
170986,25,21.7,101,86,"2021-08-14 01:44:10",A302,6f6db310-75e6-4dc3-b490-31f70dfa2fc7
170993,26,22.2,101,86,"2021-08-14 01:52:32",A301,6f6db310-75e6-4dc3-b490-31f70dfa2fc7
171010,27,20.3,156,0,"2021-08-14 02:08:27",A303,6f6db310-75e6-4dc3-b490-31f70dfa2fc7
171015,25,21.6,102,86,"2021-08-14 02:14:30",A302,6f6db310-75e6-4dc3-b490-31f70dfa2fc7
171023,26,22.2,100,86,"2021-08-14 02:22:56",A301,6f6db310-75e6-4dc3-b490-31f70dfa2fc7
171038,27,20.1,156,0,"2021-08-14 02:38:42",A303,6f6db310-75e6-4dc3-b490-31f70dfa2fc7
171043,25,21.4,102,86,"2021-08-14 02:44:50",A302,6f6db310-75e6-4dc3-b490-31f70dfa2fc7
171050,26,22.1,100,86,"2021-08-14 02:53:18",A301,6f6db310-75e6-4dc3-b490-31f70dfa2fc7
171065,27,20,156,0,"2021-08-14 03:08:57",A303,6f6db310-75e6-4dc3-b490-31f70dfa2fc7
171070,25,21.3,102,86,"2021-08-14 03:15:11",A302,6f6db310-75e6-4dc3-b490-31f70dfa2fc7
171077,26,22,100,86,"2021-08-14 03:23:39",A301,6f6db310-75e6-4dc3-b490-31f70dfa2fc7
171093,27,19.9,154,0,"2021-08-14 03:39:13",A303,6f6db310-75e6-4dc3-b490-31f70dfa2fc7
171098,25,21.2,103,86,"2021-08-14 03:45:30",A302,6f6db310-75e6-4dc3-b490-31f70dfa2fc7
171111,26,21.9,100,86,"2021-08-14 03:54:03",A301,6f6db310-75e6-4dc3-b490-31f70dfa2fc7
171125,27,19.8,155,0,"2021-08-14 04:09:30",A303,6f6db310-75e6-4dc3-b490-31f70dfa2fc7
171130,25,21.1,103,86,"2021-08-14 04:15:50",A302,6f6db310-75e6-4dc3-b490-31f70dfa2fc7
171136,26,21.8,100,86,"2021-08-14 04:24:27",A301,6f6db310-75e6-4dc3-b490-31f70dfa2fc7
171149,27,19.7,154,0,"2021-08-14 04:39:46",A303,6f6db310-75e6-4dc3-b490-31f70dfa2fc7
171153,25,21,103,86,"2021-08-14 04:46:11",A302,6f6db310-75e6-4dc3-b490-31f70dfa2fc7
171159,26,21.7,99,86,"2021-08-14 04:54:50",A301,6f6db310-75e6-4dc3-b490-31f70dfa2fc7
171174,27,19.6,155,0,"2021-08-14 05:10:02",A303,6f6db310-75e6-4dc3-b490-31f70dfa2fc7
171179,25,20.9,104,86,"2021-08-14 05:16:31",A302,6f6db310-75e6-4dc3-b490-31f70dfa2fc7
171185,26,21.7,99,86,"2021-08-14 05:25:12",A301,6f6db310-75e6-4dc3-b490-31f70dfa2fc7
171199,27,19.5,155,0,"2021-08-14 05:40:18",A303,6f6db310-75e6-4dc3-b490-31f70dfa2fc7
171204,26,20.9,104,93,"2021-08-14 05:46:52",A302,6f6db310-75e6-4dc3-b490-31f70dfa2fc7
171210,26,21.6,99,86,"2021-08-14 05:55:36",A301,6f6db310-75e6-4dc3-b490-31f70dfa2fc7
171226,27,19.5,155,0,"2021-08-14 06:10:36",A303,6f6db310-75e6-4dc3-b490-31f70dfa2fc7
171231,25,20.8,104,93,"2021-08-14 06:17:15",A302,6f6db310-75e6-4dc3-b490-31f70dfa2fc7
171237,26,21.5,99,93,"2021-08-14 06:26:01",A301,6f6db310-75e6-4dc3-b490-31f70dfa2fc7
171252,27,19.6,155,0,"2021-08-14 06:40:55",A303,6f6db310-75e6-4dc3-b490-31f70dfa2fc7
171257,25,20.8,105,93,"2021-08-14 06:47:38",A302,6f6db310-75e6-4dc3-b490-31f70dfa2fc7
171263,26,21.4,98,93,"2021-08-14 06:56:27",A301,6f6db310-75e6-4dc3-b490-31f70dfa2fc7
171279,27,19.7,154,0,"2021-08-14 07:11:14",A303,6f6db310-75e6-4dc3-b490-31f70dfa2fc7
171284,25,20.9,105,93,"2021-08-14 07:18:03",A302,6f6db310-75e6-4dc3-b490-31f70dfa2fc7
171289,26,21.4,98,93,"2021-08-14 07:26:53",A301,6f6db310-75e6-4dc3-b490-31f70dfa2fc7
171303,27,19.96,153,8,"2021-08-14 07:41:36",A303,6f6db310-75e6-4dc3-b490-31f70dfa2fc7
171307,25,21,105,93,"2021-08-14 07:48:31",A302,6f6db310-75e6-4dc3-b490-31f70dfa2fc7
171316,26,21.4,98,93,"2021-08-14 08:01:08",A301,6f6db310-75e6-4dc3-b490-31f70dfa2fc7
171327,27,20.3,150,8,"2021-08-14 08:11:58",A303,6f6db310-75e6-4dc3-b490-31f70dfa2fc7
171332,25,21.2,105,93,"2021-08-14 08:19:01",A302,6f6db310-75e6-4dc3-b490-31f70dfa2fc7
171342,26,21.4,98,100,"2021-08-14 08:31:32",A301,6f6db310-75e6-4dc3-b490-31f70dfa2fc7
171353,27,20.8,153,15,"2021-08-14 08:42:22",A303,6f6db310-75e6-4dc3-b490-31f70dfa2fc7
171358,25,21.5,105,100,"2021-08-14 08:49:31",A302,6f6db310-75e6-4dc3-b490-31f70dfa2fc7
171367,26,21.4,98,100,"2021-08-14 09:01:56",A301,6f6db310-75e6-4dc3-b490-31f70dfa2fc7
171379,26,21.3,153,22,"2021-08-14 09:12:45",A303,6f6db310-75e6-4dc3-b490-31f70dfa2fc7
171383,25,21.9,105,100,"2021-08-14 09:19:59",A302,6f6db310-75e6-4dc3-b490-31f70dfa2fc7
171393,26,21.5,98,100,"2021-08-14 09:32:24",A301,6f6db310-75e6-4dc3-b490-31f70dfa2fc7
171403,26,21.8,152,29,"2021-08-14 09:43:10",A303,6f6db310-75e6-4dc3-b490-31f70dfa2fc7
171408,25,22.2,105,93,"2021-08-14 09:50:29",A302,6f6db310-75e6-4dc3-b490-31f70dfa2fc7
171418,26,21.6,98,93,"2021-08-14 10:02:48",A301,6f6db310-75e6-4dc3-b490-31f70dfa2fc7
171429,26,22.2,154,29,"2021-08-14 10:13:34",A303,6f6db310-75e6-4dc3-b490-31f70dfa2fc7
171434,25,22.6,105,100,"2021-08-14 10:21:00",A302,6f6db310-75e6-4dc3-b490-31f70dfa2fc7
171444,26,21.76,98,93,"2021-08-14 10:33:14",A301,6f6db310-75e6-4dc3-b490-31f70dfa2fc7
171456,26,22.5,153,43,"2021-08-14 10:44:00",A303,6f6db310-75e6-4dc3-b490-31f70dfa2fc7
171461,25,22.9,104,100,"2021-08-14 10:51:31",A302,6f6db310-75e6-4dc3-b490-31f70dfa2fc7
171471,26,21.9,98,100,"2021-08-14 11:03:39",A301,6f6db310-75e6-4dc3-b490-31f70dfa2fc7
171485,26,22.7,153,50,"2021-08-14 11:14:24",A303,6f6db310-75e6-4dc3-b490-31f70dfa2fc7
171490,25,23.2,106,100,"2021-08-14 11:22:03",A302,6f6db310-75e6-4dc3-b490-31f70dfa2fc7
171500,26,22.1,98,100,"2021-08-14 11:34:06",A301,6f6db310-75e6-4dc3-b490-31f70dfa2fc7
171510,25,23.4,106,93,"2021-08-14 11:52:35",A302,6f6db310-75e6-4dc3-b490-31f70dfa2fc7
171519,26,22.2,97,100,"2021-08-14 12:04:32",A301,6f6db310-75e6-4dc3-b490-31f70dfa2fc7
171533,25,23.5,107,93,"2021-08-14 12:23:05",A302,6f6db310-75e6-4dc3-b490-31f70dfa2fc7
171543,26,22.3,97,86,"2021-08-14 12:34:56",A301,6f6db310-75e6-4dc3-b490-31f70dfa2fc7
171553,26,23.1,153,0,"2021-08-14 12:45:33",A303,6f6db310-75e6-4dc3-b490-31f70dfa2fc7
171558,25,23.7,107,93,"2021-08-14 12:53:29",A302,6f6db310-75e6-4dc3-b490-31f70dfa2fc7
171568,26,22.4,98,86,"2021-08-14 13:05:16",A301,6f6db310-75e6-4dc3-b490-31f70dfa2fc7
171578,26,22.9,153,0,"2021-08-14 13:15:50",A303,6f6db310-75e6-4dc3-b490-31f70dfa2fc7
171583,25,23.7,108,93,"2021-08-14 13:23:53",A302,6f6db310-75e6-4dc3-b490-31f70dfa2fc7
171593,26,22.5,98,93,"2021-08-14 13:35:33",A301,6f6db310-75e6-4dc3-b490-31f70dfa2fc7
171604,26,22.7,154,0,"2021-08-14 13:46:08",A303,6f6db310-75e6-4dc3-b490-31f70dfa2fc7
171608,26,23.6,109,86,"2021-08-14 13:54:14",A302,6f6db310-75e6-4dc3-b490-31f70dfa2fc7
171619,26,22.6,97,86,"2021-08-14 14:05:54",A301,6f6db310-75e6-4dc3-b490-31f70dfa2fc7
171631,26,22.42,154,0,"2021-08-14 14:16:26",A303,6f6db310-75e6-4dc3-b490-31f70dfa2fc7
171634,26,23.5,110,93,"2021-08-14 14:24:37",A302,6f6db310-75e6-4dc3-b490-31f70dfa2fc7
171645,26,22.6,98,86,"2021-08-14 14:36:13",A301,6f6db310-75e6-4dc3-b490-31f70dfa2fc7
171656,26,22.3,153,0,"2021-08-14 14:46:45",A303,6f6db310-75e6-4dc3-b490-31f70dfa2fc7
171659,26,23.3,111,86,"2021-08-14 14:55:01",A302,6f6db310-75e6-4dc3-b490-31f70dfa2fc7
171669,29,22.6,110,86,"2021-08-14 15:06:34",A301,6f6db310-75e6-4dc3-b490-31f70dfa2fc7
171682,26,22.2,154,0,"2021-08-14 15:17:04",A303,6f6db310-75e6-4dc3-b490-31f70dfa2fc7
171685,26,23.2,111,86,"2021-08-14 15:25:25",A302,6f6db310-75e6-4dc3-b490-31f70dfa2fc7
171696,29,22.6,121,86,"2021-08-14 15:36:54",A301,6f6db310-75e6-4dc3-b490-31f70dfa2fc7
171708,26,22.1,154,0,"2021-08-14 15:47:23",A303,6f6db310-75e6-4dc3-b490-31f70dfa2fc7
171711,26,23.1,112,86,"2021-08-14 15:55:49",A302,6f6db310-75e6-4dc3-b490-31f70dfa2fc7
171721,29,22.6,120,86,"2021-08-14 16:07:13",A301,6f6db310-75e6-4dc3-b490-31f70dfa2fc7
171732,26,21.94,153,0,"2021-08-14 16:17:42",A303,6f6db310-75e6-4dc3-b490-31f70dfa2fc7
171735,26,23,113,86,"2021-08-14 16:26:13",A302,6f6db310-75e6-4dc3-b490-31f70dfa2fc7
171746,29,22.6,120,86,"2021-08-14 16:37:36",A301,6f6db310-75e6-4dc3-b490-31f70dfa2fc7
171757,26,21.8,151,0,"2021-08-14 16:48:01",A303,6f6db310-75e6-4dc3-b490-31f70dfa2fc7
171760,26,22.9,113,86,"2021-08-14 16:56:36",A302,6f6db310-75e6-4dc3-b490-31f70dfa2fc7
171769,29,22.6,119,86,"2021-08-14 17:07:53",A301,6f6db310-75e6-4dc3-b490-31f70dfa2fc7
171781,26,21.7,152,0,"2021-08-14 17:18:19",A303,6f6db310-75e6-4dc3-b490-31f70dfa2fc7
171784,26,22.8,114,86,"2021-08-14 17:27:00",A302,6f6db310-75e6-4dc3-b490-31f70dfa2fc7
171795,29,22.5,118,86,"2021-08-14 17:38:13",A301,6f6db310-75e6-4dc3-b490-31f70dfa2fc7
171804,26,21.6,152,0,"2021-08-14 17:48:38",A303,6f6db310-75e6-4dc3-b490-31f70dfa2fc7
171808,26,22.7,114,86,"2021-08-14 17:57:23",A302,6f6db310-75e6-4dc3-b490-31f70dfa2fc7
171834,28,22.4,119,86,"2021-08-14 18:38:52",A301,6f6db310-75e6-4dc3-b490-31f70dfa2fc7
171851,28,22.4,119,86,"2021-08-14 19:09:13",A301,6f6db310-75e6-4dc3-b490-31f70dfa2fc7
171860,26,21.2,153,0,"2021-08-14 19:19:33",A303,6f6db310-75e6-4dc3-b490-31f70dfa2fc7
171864,26,22.4,116,86,"2021-08-14 19:28:32",A302,6f6db310-75e6-4dc3-b490-31f70dfa2fc7
171875,28,22.3,119,86,"2021-08-14 19:39:33",A301,6f6db310-75e6-4dc3-b490-31f70dfa2fc7
171885,26,21.1,153,0,"2021-08-14 19:49:51",A303,6f6db310-75e6-4dc3-b490-31f70dfa2fc7
171890,26,22.3,117,86,"2021-08-14 19:58:57",A302,6f6db310-75e6-4dc3-b490-31f70dfa2fc7
171901,28,22.3,118,86,"2021-08-14 20:09:52",A301,6f6db310-75e6-4dc3-b490-31f70dfa2fc7
171909,26,21,152,0,"2021-08-14 20:20:09",A303,6f6db310-75e6-4dc3-b490-31f70dfa2fc7
171914,26,22.2,117,86,"2021-08-14 20:29:18",A302,6f6db310-75e6-4dc3-b490-31f70dfa2fc7
171922,28,22.2,118,86,"2021-08-14 20:40:13",A301,6f6db310-75e6-4dc3-b490-31f70dfa2fc7
171933,26,20.9,153,0,"2021-08-14 20:50:28",A303,6f6db310-75e6-4dc3-b490-31f70dfa2fc7
171938,26,22.1,118,86,"2021-08-14 20:59:41",A302,6f6db310-75e6-4dc3-b490-31f70dfa2fc7
171948,28,22.2,118,86,"2021-08-14 21:10:30",A301,6f6db310-75e6-4dc3-b490-31f70dfa2fc7
171959,26,20.8,151,0,"2021-08-14 21:20:45",A303,6f6db310-75e6-4dc3-b490-31f70dfa2fc7
171964,26,22,118,86,"2021-08-14 21:30:02",A302,6f6db310-75e6-4dc3-b490-31f70dfa2fc7
171975,28,22.1,117,86,"2021-08-14 21:40:49",A301,6f6db310-75e6-4dc3-b490-31f70dfa2fc7
171986,26,20.7,151,0,"2021-08-14 21:51:03",A303,6f6db310-75e6-4dc3-b490-31f70dfa2fc7
172001,28,22.1,116,86,"2021-08-14 22:11:08",A301,6f6db310-75e6-4dc3-b490-31f70dfa2fc7
172012,26,20.6,152,0,"2021-08-14 22:21:21",A303,6f6db310-75e6-4dc3-b490-31f70dfa2fc7
172017,26,21.8,119,86,"2021-08-14 22:30:45",A302,6f6db310-75e6-4dc3-b490-31f70dfa2fc7
172028,28,22,115,86,"2021-08-14 22:41:27",A301,6f6db310-75e6-4dc3-b490-31f70dfa2fc7
172038,26,20.4,151,0,"2021-08-14 22:51:37",A303,6f6db310-75e6-4dc3-b490-31f70dfa2fc7
172043,26,21.7,119,86,"2021-08-14 23:01:08",A302,6f6db310-75e6-4dc3-b490-31f70dfa2fc7
172054,28,22,114,86,"2021-08-14 23:11:45",A301,6f6db310-75e6-4dc3-b490-31f70dfa2fc7
172063,26,20.3,153,0,"2021-08-14 23:21:54",A303,6f6db310-75e6-4dc3-b490-31f70dfa2fc7
172068,26,21.6,120,86,"2021-08-14 23:31:32",A302,6f6db310-75e6-4dc3-b490-31f70dfa2fc7
172079,28,21.9,116,86,"2021-08-14 23:42:05",A301,6f6db310-75e6-4dc3-b490-31f70dfa2fc7
172090,26,20.2,153,0,"2021-08-14 23:52:11",A303,6f6db310-75e6-4dc3-b490-31f70dfa2fc7
172095,26,21.5,120,86,"2021-08-15 00:01:56",A302,6f6db310-75e6-4dc3-b490-31f70dfa2fc7
172105,28,21.8,115,86,"2021-08-15 00:12:23",A301,6f6db310-75e6-4dc3-b490-31f70dfa2fc7
172115,26,20.2,152,0,"2021-08-15 00:22:29",A303,6f6db310-75e6-4dc3-b490-31f70dfa2fc7
172120,26,21.4,121,86,"2021-08-15 00:32:19",A302,6f6db310-75e6-4dc3-b490-31f70dfa2fc7
172130,28,21.8,115,86,"2021-08-15 00:42:42",A301,6f6db310-75e6-4dc3-b490-31f70dfa2fc7
172139,26,20.1,152,0,"2021-08-15 00:52:45",A303,6f6db310-75e6-4dc3-b490-31f70dfa2fc7
172144,26,21.4,121,86,"2021-08-15 01:02:42",A302,6f6db310-75e6-4dc3-b490-31f70dfa2fc7
172155,28,21.7,115,86,"2021-08-15 01:13:00",A301,6f6db310-75e6-4dc3-b490-31f70dfa2fc7
172165,26,20,151,0,"2021-08-15 01:23:03",A303,6f6db310-75e6-4dc3-b490-31f70dfa2fc7
172170,26,21.3,121,86,"2021-08-15 01:33:05",A302,6f6db310-75e6-4dc3-b490-31f70dfa2fc7
172181,28,21.6,115,86,"2021-08-15 01:43:20",A301,6f6db310-75e6-4dc3-b490-31f70dfa2fc7
172191,26,19.9,152,0,"2021-08-15 01:53:20",A303,6f6db310-75e6-4dc3-b490-31f70dfa2fc7
172197,26,21.2,121,86,"2021-08-15 02:03:28",A302,6f6db310-75e6-4dc3-b490-31f70dfa2fc7
172208,28,21.6,115,86,"2021-08-15 02:13:38",A301,6f6db310-75e6-4dc3-b490-31f70dfa2fc7
172218,26,19.8,152,0,"2021-08-15 02:23:36",A303,6f6db310-75e6-4dc3-b490-31f70dfa2fc7
172224,26,21.1,122,86,"2021-08-15 02:33:51",A302,6f6db310-75e6-4dc3-b490-31f70dfa2fc7
172235,28,21.5,114,86,"2021-08-15 02:43:56",A301,6f6db310-75e6-4dc3-b490-31f70dfa2fc7
172244,26,19.7,152,0,"2021-08-15 02:53:53",A303,6f6db310-75e6-4dc3-b490-31f70dfa2fc7
172250,26,21,122,86,"2021-08-15 03:04:15",A302,6f6db310-75e6-4dc3-b490-31f70dfa2fc7
172261,28,21.5,114,86,"2021-08-15 03:14:13",A301,6f6db310-75e6-4dc3-b490-31f70dfa2fc7
172270,26,19.7,152,0,"2021-08-15 03:24:10",A303,6f6db310-75e6-4dc3-b490-31f70dfa2fc7
172276,26,21,123,86,"2021-08-15 03:34:37",A302,6f6db310-75e6-4dc3-b490-31f70dfa2fc7
172293,26,19.6,151,0,"2021-08-15 03:54:27",A303,6f6db310-75e6-4dc3-b490-31f70dfa2fc7
172299,26,20.9,123,86,"2021-08-15 04:05:00",A302,6f6db310-75e6-4dc3-b490-31f70dfa2fc7
172309,28,21.4,114,86,"2021-08-15 04:14:51",A301,6f6db310-75e6-4dc3-b490-31f70dfa2fc7
172317,26,19.5,151,0,"2021-08-15 04:24:44",A303,6f6db310-75e6-4dc3-b490-31f70dfa2fc7
172323,26,20.9,123,86,"2021-08-15 04:35:24",A302,6f6db310-75e6-4dc3-b490-31f70dfa2fc7
172332,28,21.3,113,86,"2021-08-15 04:45:10",A301,6f6db310-75e6-4dc3-b490-31f70dfa2fc7
172343,26,19.5,149,0,"2021-08-15 04:55:01",A303,6f6db310-75e6-4dc3-b490-31f70dfa2fc7
172349,26,20.8,123,86,"2021-08-15 05:05:47",A302,6f6db310-75e6-4dc3-b490-31f70dfa2fc7
172358,28,21.2,113,86,"2021-08-15 05:15:28",A301,6f6db310-75e6-4dc3-b490-31f70dfa2fc7
172369,26,19.5,149,0,"2021-08-15 05:25:19",A303,6f6db310-75e6-4dc3-b490-31f70dfa2fc7
172375,26,20.8,124,86,"2021-08-15 05:36:11",A302,6f6db310-75e6-4dc3-b490-31f70dfa2fc7
172384,28,21.2,113,86,"2021-08-15 05:45:47",A301,6f6db310-75e6-4dc3-b490-31f70dfa2fc7
172393,26,19.5,149,0,"2021-08-15 05:55:36",A303,6f6db310-75e6-4dc3-b490-31f70dfa2fc7
172399,26,20.7,124,93,"2021-08-15 06:06:36",A302,6f6db310-75e6-4dc3-b490-31f70dfa2fc7
172407,28,21.1,113,93,"2021-08-15 06:16:07",A301,6f6db310-75e6-4dc3-b490-31f70dfa2fc7
172417,26,19.5,151,0,"2021-08-15 06:25:55",A303,6f6db310-75e6-4dc3-b490-31f70dfa2fc7
172423,26,20.7,124,93,"2021-08-15 06:37:03",A302,6f6db310-75e6-4dc3-b490-31f70dfa2fc7
172432,28,21.1,111,93,"2021-08-15 06:46:30",A301,6f6db310-75e6-4dc3-b490-31f70dfa2fc7
172442,26,19.7,150,0,"2021-08-15 06:56:15",A303,6f6db310-75e6-4dc3-b490-31f70dfa2fc7
172448,26,20.8,124,93,"2021-08-15 07:07:30",A302,6f6db310-75e6-4dc3-b490-31f70dfa2fc7
172456,28,21.1,110,93,"2021-08-15 07:16:51",A301,6f6db310-75e6-4dc3-b490-31f70dfa2fc7
172467,26,19.9,151,0,"2021-08-15 07:26:37",A303,6f6db310-75e6-4dc3-b490-31f70dfa2fc7
172473,26,20.9,124,93,"2021-08-15 07:37:59",A302,6f6db310-75e6-4dc3-b490-31f70dfa2fc7
172482,28,21.1,112,93,"2021-08-15 07:47:13",A301,6f6db310-75e6-4dc3-b490-31f70dfa2fc7
172492,26,20.18,151,8,"2021-08-15 07:56:58",A303,6f6db310-75e6-4dc3-b490-31f70dfa2fc7
172498,26,21.1,124,93,"2021-08-15 08:08:29",A302,6f6db310-75e6-4dc3-b490-31f70dfa2fc7
172507,28,21.1,112,93,"2021-08-15 08:17:36",A301,6f6db310-75e6-4dc3-b490-31f70dfa2fc7
172519,26,20.5,149,22,"2021-08-15 08:27:20",A303,6f6db310-75e6-4dc3-b490-31f70dfa2fc7
172525,26,21.3,122,93,"2021-08-15 08:39:00",A302,6f6db310-75e6-4dc3-b490-31f70dfa2fc7
172534,28,21.1,111,100,"2021-08-15 08:47:59",A301,6f6db310-75e6-4dc3-b490-31f70dfa2fc7
172550,26,21.5,123,100,"2021-08-15 09:09:31",A302,6f6db310-75e6-4dc3-b490-31f70dfa2fc7
172557,28,21.2,112,100,"2021-08-15 09:18:23",A301,6f6db310-75e6-4dc3-b490-31f70dfa2fc7
172568,26,21.3,149,36,"2021-08-15 09:28:08",A303,6f6db310-75e6-4dc3-b490-31f70dfa2fc7
172574,26,21.8,124,100,"2021-08-15 09:40:03",A302,6f6db310-75e6-4dc3-b490-31f70dfa2fc7
172582,28,21.3,111,100,"2021-08-15 09:48:49",A301,6f6db310-75e6-4dc3-b490-31f70dfa2fc7
172595,26,21.7,149,43,"2021-08-15 09:58:30",A303,6f6db310-75e6-4dc3-b490-31f70dfa2fc7
172601,26,22.2,123,93,"2021-08-15 10:10:36",A302,6f6db310-75e6-4dc3-b490-31f70dfa2fc7
172607,28,21.4,110,93,"2021-08-15 10:19:13",A301,6f6db310-75e6-4dc3-b490-31f70dfa2fc7
172619,26,22.2,149,43,"2021-08-15 10:28:53",A303,6f6db310-75e6-4dc3-b490-31f70dfa2fc7
172625,26,22.6,124,100,"2021-08-15 10:41:08",A302,6f6db310-75e6-4dc3-b490-31f70dfa2fc7
172633,27,21.5,111,93,"2021-08-15 10:49:38",A301,6f6db310-75e6-4dc3-b490-31f70dfa2fc7
172645,26,22.4,149,58,"2021-08-15 10:59:19",A303,6f6db310-75e6-4dc3-b490-31f70dfa2fc7
172651,26,22.9,125,100,"2021-08-15 11:11:46",A302,6f6db310-75e6-4dc3-b490-31f70dfa2fc7
172659,27,21.7,110,100,"2021-08-15 11:20:03",A301,6f6db310-75e6-4dc3-b490-31f70dfa2fc7
172668,26,22.6,150,79,"2021-08-15 11:29:41",A303,6f6db310-75e6-4dc3-b490-31f70dfa2fc7
172674,26,23.1,125,100,"2021-08-15 11:42:15",A302,6f6db310-75e6-4dc3-b490-31f70dfa2fc7
172681,27,21.8,110,100,"2021-08-15 11:50:29",A301,6f6db310-75e6-4dc3-b490-31f70dfa2fc7
172695,26,23.4,125,100,"2021-08-15 12:12:50",A302,6f6db310-75e6-4dc3-b490-31f70dfa2fc7
172701,27,21.9,111,93,"2021-08-15 12:20:57",A301,6f6db310-75e6-4dc3-b490-31f70dfa2fc7
172714,26,23,150,86,"2021-08-15 12:30:34",A303,6f6db310-75e6-4dc3-b490-31f70dfa2fc7
172720,26,23.6,125,100,"2021-08-15 12:43:24",A302,6f6db310-75e6-4dc3-b490-31f70dfa2fc7
172726,27,22.06,111,100,"2021-08-15 12:51:23",A301,6f6db310-75e6-4dc3-b490-31f70dfa2fc7
172743,26,23.8,125,100,"2021-08-15 13:13:57",A302,6f6db310-75e6-4dc3-b490-31f70dfa2fc7
172749,27,22.2,111,100,"2021-08-15 13:21:51",A301,6f6db310-75e6-4dc3-b490-31f70dfa2fc7
172767,26,23.9,126,93,"2021-08-15 13:44:32",A302,6f6db310-75e6-4dc3-b490-31f70dfa2fc7
172774,27,22.3,110,93,"2021-08-15 13:52:16",A301,6f6db310-75e6-4dc3-b490-31f70dfa2fc7
172790,26,24,124,93,"2021-08-15 14:15:06",A302,6f6db310-75e6-4dc3-b490-31f70dfa2fc7
172796,27,22.4,110,93,"2021-08-15 14:22:41",A301,6f6db310-75e6-4dc3-b490-31f70dfa2fc7
172813,26,24,125,93,"2021-08-15 14:45:39",A302,6f6db310-75e6-4dc3-b490-31f70dfa2fc7
172819,27,22.42,111,86,"2021-08-15 14:53:06",A301,6f6db310-75e6-4dc3-b490-31f70dfa2fc7
172836,26,24,125,86,"2021-08-15 15:16:11",A302,6f6db310-75e6-4dc3-b490-31f70dfa2fc7
172843,27,22.5,110,86,"2021-08-15 15:23:31",A301,6f6db310-75e6-4dc3-b490-31f70dfa2fc7
172854,26,23.2,151,65,"2021-08-15 15:32:57",A303,6f6db310-75e6-4dc3-b490-31f70dfa2fc7
172862,26,23.9,126,86,"2021-08-15 15:46:42",A302,6f6db310-75e6-4dc3-b490-31f70dfa2fc7
172869,27,22.6,110,86,"2021-08-15 15:53:55",A301,6f6db310-75e6-4dc3-b490-31f70dfa2fc7
172889,26,23.8,127,86,"2021-08-15 16:17:12",A302,6f6db310-75e6-4dc3-b490-31f70dfa2fc7
172893,27,22.6,110,86,"2021-08-15 16:24:18",A301,6f6db310-75e6-4dc3-b490-31f70dfa2fc7
172906,26,22.9,149,22,"2021-08-15 16:35:02",A303,6f6db310-75e6-4dc3-b490-31f70dfa2fc7
172913,26,23.7,126,86,"2021-08-15 16:47:40",A302,6f6db310-75e6-4dc3-b490-31f70dfa2fc7
172918,27,22.6,109,86,"2021-08-15 16:54:38",A301,6f6db310-75e6-4dc3-b490-31f70dfa2fc7
172931,26,22.7,151,15,"2021-08-15 17:05:23",A303,6f6db310-75e6-4dc3-b490-31f70dfa2fc7
172938,26,23.6,127,86,"2021-08-15 17:18:08",A302,6f6db310-75e6-4dc3-b490-31f70dfa2fc7
172943,27,22.6,109,86,"2021-08-15 17:24:59",A301,6f6db310-75e6-4dc3-b490-31f70dfa2fc7
172956,26,22.5,150,15,"2021-08-15 17:35:43",A303,6f6db310-75e6-4dc3-b490-31f70dfa2fc7
172962,26,23.4,126,86,"2021-08-15 17:48:35",A302,6f6db310-75e6-4dc3-b490-31f70dfa2fc7
172967,27,22.6,108,86,"2021-08-15 17:55:21",A301,6f6db310-75e6-4dc3-b490-31f70dfa2fc7
172981,26,23.2,126,86,"2021-08-15 18:19:01",A302,6f6db310-75e6-4dc3-b490-31f70dfa2fc7
172984,27,22.6,109,86,"2021-08-15 18:25:41",A301,6f6db310-75e6-4dc3-b490-31f70dfa2fc7
172997,26,23.1,128,86,"2021-08-15 18:49:28",A302,6f6db310-75e6-4dc3-b490-31f70dfa2fc7
173010,26,21.9,149,8,"2021-08-15 19:06:42",A303,6f6db310-75e6-4dc3-b490-31f70dfa2fc7
173016,26,22.9,128,86,"2021-08-15 19:19:53",A302,6f6db310-75e6-4dc3-b490-31f70dfa2fc7
173021,27,22.5,108,86,"2021-08-15 19:26:23",A301,6f6db310-75e6-4dc3-b490-31f70dfa2fc7
173034,26,21.6,149,8,"2021-08-15 19:37:02",A303,6f6db310-75e6-4dc3-b490-31f70dfa2fc7
173041,26,22.7,129,86,"2021-08-15 19:50:18",A302,6f6db310-75e6-4dc3-b490-31f70dfa2fc7
173046,27,22.4,108,86,"2021-08-15 19:56:42",A301,6f6db310-75e6-4dc3-b490-31f70dfa2fc7
173058,26,21.4,149,8,"2021-08-15 20:07:21",A303,6f6db310-75e6-4dc3-b490-31f70dfa2fc7
173065,26,22.6,129,86,"2021-08-15 20:20:43",A302,6f6db310-75e6-4dc3-b490-31f70dfa2fc7
173070,27,22.3,108,86,"2021-08-15 20:27:03",A301,6f6db310-75e6-4dc3-b490-31f70dfa2fc7
173084,26,21.2,148,0,"2021-08-15 20:37:40",A303,6f6db310-75e6-4dc3-b490-31f70dfa2fc7
173091,26,22.4,129,86,"2021-08-15 20:51:07",A302,6f6db310-75e6-4dc3-b490-31f70dfa2fc7
173096,27,22.3,108,86,"2021-08-15 20:57:21",A301,6f6db310-75e6-4dc3-b490-31f70dfa2fc7
173111,26,21,150,0,"2021-08-15 21:08:00",A303,6f6db310-75e6-4dc3-b490-31f70dfa2fc7
173119,26,22.3,129,86,"2021-08-15 21:21:31",A302,6f6db310-75e6-4dc3-b490-31f70dfa2fc7
173123,27,22.2,108,86,"2021-08-15 21:27:41",A301,6f6db310-75e6-4dc3-b490-31f70dfa2fc7
173136,26,20.9,150,0,"2021-08-15 21:38:16",A303,6f6db310-75e6-4dc3-b490-31f70dfa2fc7
173144,26,22.1,129,86,"2021-08-15 21:51:54",A302,6f6db310-75e6-4dc3-b490-31f70dfa2fc7
173147,27,22.1,107,86,"2021-08-15 21:57:58",A301,6f6db310-75e6-4dc3-b490-31f70dfa2fc7
173160,26,20.7,149,0,"2021-08-15 22:08:35",A303,6f6db310-75e6-4dc3-b490-31f70dfa2fc7
173168,26,22,129,86,"2021-08-15 22:22:17",A302,6f6db310-75e6-4dc3-b490-31f70dfa2fc7
173172,27,22.1,107,86,"2021-08-15 22:28:19",A301,6f6db310-75e6-4dc3-b490-31f70dfa2fc7
173186,26,20.5,150,0,"2021-08-15 22:38:51",A303,6f6db310-75e6-4dc3-b490-31f70dfa2fc7
173195,26,21.8,129,86,"2021-08-15 22:52:39",A302,6f6db310-75e6-4dc3-b490-31f70dfa2fc7
173199,27,22,107,86,"2021-08-15 22:58:34",A301,6f6db310-75e6-4dc3-b490-31f70dfa2fc7
173212,26,20.4,149,0,"2021-08-15 23:09:09",A303,6f6db310-75e6-4dc3-b490-31f70dfa2fc7
173222,26,21.7,129,86,"2021-08-15 23:23:03",A302,6f6db310-75e6-4dc3-b490-31f70dfa2fc7
173226,27,21.9,107,86,"2021-08-15 23:28:52",A301,6f6db310-75e6-4dc3-b490-31f70dfa2fc7
173237,26,20.2,149,0,"2021-08-15 23:39:26",A303,6f6db310-75e6-4dc3-b490-31f70dfa2fc7
173246,26,21.6,129,86,"2021-08-15 23:53:25",A302,6f6db310-75e6-4dc3-b490-31f70dfa2fc7
173250,27,21.8,106,86,"2021-08-15 23:59:11",A301,6f6db310-75e6-4dc3-b490-31f70dfa2fc7
173262,26,20,147,0,"2021-08-16 00:09:43",A303,6f6db310-75e6-4dc3-b490-31f70dfa2fc7
173273,26,21.4,129,86,"2021-08-16 00:23:47",A302,6f6db310-75e6-4dc3-b490-31f70dfa2fc7
173277,27,21.7,106,86,"2021-08-16 00:29:29",A301,6f6db310-75e6-4dc3-b490-31f70dfa2fc7
173289,26,19.9,147,0,"2021-08-16 00:40:00",A303,6f6db310-75e6-4dc3-b490-31f70dfa2fc7
173300,26,21.3,128,86,"2021-08-16 00:54:08",A302,6f6db310-75e6-4dc3-b490-31f70dfa2fc7
173304,27,21.6,106,86,"2021-08-16 00:59:46",A301,6f6db310-75e6-4dc3-b490-31f70dfa2fc7
173315,26,19.7,149,0,"2021-08-16 01:10:17",A303,6f6db310-75e6-4dc3-b490-31f70dfa2fc7
173325,26,21.2,128,86,"2021-08-16 01:24:29",A302,6f6db310-75e6-4dc3-b490-31f70dfa2fc7
173328,27,21.5,106,86,"2021-08-16 01:30:03",A301,6f6db310-75e6-4dc3-b490-31f70dfa2fc7
173341,26,19.6,148,0,"2021-08-16 01:40:33",A303,6f6db310-75e6-4dc3-b490-31f70dfa2fc7
173352,26,21,128,86,"2021-08-16 01:54:50",A302,6f6db310-75e6-4dc3-b490-31f70dfa2fc7
173355,27,21.4,106,86,"2021-08-16 02:00:18",A301,6f6db310-75e6-4dc3-b490-31f70dfa2fc7
173364,26,19.4,148,0,"2021-08-16 02:10:49",A303,6f6db310-75e6-4dc3-b490-31f70dfa2fc7
173375,26,20.9,127,86,"2021-08-16 02:25:11",A302,6f6db310-75e6-4dc3-b490-31f70dfa2fc7
173378,27,21.4,106,86,"2021-08-16 02:30:35",A301,6f6db310-75e6-4dc3-b490-31f70dfa2fc7
173387,26,19.3,148,0,"2021-08-16 02:41:06",A303,6f6db310-75e6-4dc3-b490-31f70dfa2fc7
173400,26,20.8,127,86,"2021-08-16 02:55:31",A302,6f6db310-75e6-4dc3-b490-31f70dfa2fc7
173401,27,21.3,105,86,"2021-08-16 03:00:52",A301,6f6db310-75e6-4dc3-b490-31f70dfa2fc7
173413,26,19.2,148,0,"2021-08-16 03:11:21",A303,6f6db310-75e6-4dc3-b490-31f70dfa2fc7
173425,26,20.7,128,86,"2021-08-16 03:25:52",A302,6f6db310-75e6-4dc3-b490-31f70dfa2fc7
173427,27,21.2,104,86,"2021-08-16 03:31:09",A301,6f6db310-75e6-4dc3-b490-31f70dfa2fc7
173438,26,19,147,0,"2021-08-16 03:41:37",A303,6f6db310-75e6-4dc3-b490-31f70dfa2fc7
173448,26,20.6,128,86,"2021-08-16 03:56:12",A302,6f6db310-75e6-4dc3-b490-31f70dfa2fc7
173462,26,18.9,147,0,"2021-08-16 04:11:53",A303,6f6db310-75e6-4dc3-b490-31f70dfa2fc7
173474,26,20.42,128,86,"2021-08-16 04:26:32",A302,6f6db310-75e6-4dc3-b490-31f70dfa2fc7
173477,27,21,105,86,"2021-08-16 04:31:42",A301,6f6db310-75e6-4dc3-b490-31f70dfa2fc7
173488,26,18.8,147,0,"2021-08-16 04:42:08",A303,6f6db310-75e6-4dc3-b490-31f70dfa2fc7
173498,26,20.3,128,93,"2021-08-16 04:56:53",A302,6f6db310-75e6-4dc3-b490-31f70dfa2fc7
173501,27,20.9,104,93,"2021-08-16 05:01:59",A301,6f6db310-75e6-4dc3-b490-31f70dfa2fc7
173510,26,18.7,148,0,"2021-08-16 05:12:25",A303,6f6db310-75e6-4dc3-b490-31f70dfa2fc7
173523,26,20.2,127,93,"2021-08-16 05:27:16",A302,6f6db310-75e6-4dc3-b490-31f70dfa2fc7
173526,27,20.8,104,93,"2021-08-16 05:32:16",A301,6f6db310-75e6-4dc3-b490-31f70dfa2fc7
173535,26,18.6,148,0,"2021-08-16 05:42:44",A303,6f6db310-75e6-4dc3-b490-31f70dfa2fc7
173549,26,20.2,127,93,"2021-08-16 05:57:42",A302,6f6db310-75e6-4dc3-b490-31f70dfa2fc7
173551,27,20.7,104,93,"2021-08-16 06:02:37",A301,6f6db310-75e6-4dc3-b490-31f70dfa2fc7
173560,26,18.7,147,8,"2021-08-16 06:13:05",A303,6f6db310-75e6-4dc3-b490-31f70dfa2fc7
173574,26,20.2,125,93,"2021-08-16 06:28:11",A302,6f6db310-75e6-4dc3-b490-31f70dfa2fc7
173577,27,20.7,104,93,"2021-08-16 06:33:02",A301,6f6db310-75e6-4dc3-b490-31f70dfa2fc7
173586,26,18.9,147,15,"2021-08-16 06:43:27",A303,6f6db310-75e6-4dc3-b490-31f70dfa2fc7
173598,26,20.2,125,100,"2021-08-16 06:58:41",A302,6f6db310-75e6-4dc3-b490-31f70dfa2fc7
173601,27,20.6,104,100,"2021-08-16 07:03:22",A301,6f6db310-75e6-4dc3-b490-31f70dfa2fc7
173608,26,19.3,145,29,"2021-08-16 07:13:51",A303,6f6db310-75e6-4dc3-b490-31f70dfa2fc7
173620,26,20.38,124,100,"2021-08-16 07:29:11",A302,6f6db310-75e6-4dc3-b490-31f70dfa2fc7
173623,27,20.6,104,100,"2021-08-16 07:33:45",A301,6f6db310-75e6-4dc3-b490-31f70dfa2fc7
173646,26,20.6,125,100,"2021-08-16 07:59:43",A302,6f6db310-75e6-4dc3-b490-31f70dfa2fc7
173648,26,20.6,104,100,"2021-08-16 08:04:11",A301,6f6db310-75e6-4dc3-b490-31f70dfa2fc7
173668,26,20.9,126,100,"2021-08-16 08:30:16",A302,6f6db310-75e6-4dc3-b490-31f70dfa2fc7
173671,26,20.7,104,100,"2021-08-16 08:34:36",A301,6f6db310-75e6-4dc3-b490-31f70dfa2fc7
173693,26,21.4,125,100,"2021-08-16 09:00:50",A302,6f6db310-75e6-4dc3-b490-31f70dfa2fc7
173695,26,20.8,104,100,"2021-08-16 09:05:02",A301,6f6db310-75e6-4dc3-b490-31f70dfa2fc7
173704,25,21.6,145,72,"2021-08-16 09:15:40",A303,6f6db310-75e6-4dc3-b490-31f70dfa2fc7
173718,25,21.8,125,107,"2021-08-16 09:31:24",A302,6f6db310-75e6-4dc3-b490-31f70dfa2fc7
173720,26,20.9,103,100,"2021-08-16 09:35:28",A301,6f6db310-75e6-4dc3-b490-31f70dfa2fc7
173742,25,22.3,125,100,"2021-08-16 10:01:59",A302,6f6db310-75e6-4dc3-b490-31f70dfa2fc7
173744,26,21.1,104,100,"2021-08-16 10:05:54",A301,6f6db310-75e6-4dc3-b490-31f70dfa2fc7
173766,25,22.8,125,100,"2021-08-16 10:32:34",A302,6f6db310-75e6-4dc3-b490-31f70dfa2fc7
173770,26,21.3,103,100,"2021-08-16 10:40:11",A301,6f6db310-75e6-4dc3-b490-31f70dfa2fc7
173775,25,23.5,145,86,"2021-08-16 10:46:51",A303,6f6db310-75e6-4dc3-b490-31f70dfa2fc7
173788,25,23.3,125,100,"2021-08-16 11:03:11",A302,6f6db310-75e6-4dc3-b490-31f70dfa2fc7
173793,26,21.5,102,100,"2021-08-16 11:10:36",A301,6f6db310-75e6-4dc3-b490-31f70dfa2fc7
173817,26,21.7,103,100,"2021-08-16 11:41:03",A301,6f6db310-75e6-4dc3-b490-31f70dfa2fc7
173822,25,24.5,146,86,"2021-08-16 11:47:47",A303,6f6db310-75e6-4dc3-b490-31f70dfa2fc7
173837,25,24.3,123,100,"2021-08-16 12:04:25",A302,6f6db310-75e6-4dc3-b490-31f70dfa2fc7
173841,26,21.9,103,100,"2021-08-16 12:11:25",A301,6f6db310-75e6-4dc3-b490-31f70dfa2fc7
173848,25,24.9,145,86,"2021-08-16 12:18:14",A303,6f6db310-75e6-4dc3-b490-31f70dfa2fc7
173861,25,24.6,124,100,"2021-08-16 12:35:04",A302,6f6db310-75e6-4dc3-b490-31f70dfa2fc7
173864,26,22.1,103,100,"2021-08-16 12:41:50",A301,6f6db310-75e6-4dc3-b490-31f70dfa2fc7
173873,25,25.2,146,8,"2021-08-16 12:48:42",A303,6f6db310-75e6-4dc3-b490-31f70dfa2fc7
173886,25,24.9,125,100,"2021-08-16 13:05:42",A302,6f6db310-75e6-4dc3-b490-31f70dfa2fc7
173888,26,22.3,102,100,"2021-08-16 13:12:17",A301,6f6db310-75e6-4dc3-b490-31f70dfa2fc7
173897,25,25.4,145,50,"2021-08-16 13:19:05",A303,6f6db310-75e6-4dc3-b490-31f70dfa2fc7
173909,25,25.2,126,100,"2021-08-16 13:36:20",A302,6f6db310-75e6-4dc3-b490-31f70dfa2fc7
173911,26,22.5,103,100,"2021-08-16 13:42:41",A301,6f6db310-75e6-4dc3-b490-31f70dfa2fc7
173919,25,25.4,146,79,"2021-08-16 13:49:32",A303,6f6db310-75e6-4dc3-b490-31f70dfa2fc7
173932,25,25.4,126,93,"2021-08-16 14:06:59",A302,6f6db310-75e6-4dc3-b490-31f70dfa2fc7
173934,26,22.7,103,93,"2021-08-16 14:13:05",A301,6f6db310-75e6-4dc3-b490-31f70dfa2fc7
173944,25,25.4,147,72,"2021-08-16 14:20:11",A303,6f6db310-75e6-4dc3-b490-31f70dfa2fc7
173959,25,25.5,126,93,"2021-08-16 14:37:35",A302,6f6db310-75e6-4dc3-b490-31f70dfa2fc7
173962,26,22.9,103,93,"2021-08-16 14:43:28",A301,6f6db310-75e6-4dc3-b490-31f70dfa2fc7
173971,25,25.2,147,72,"2021-08-16 14:50:38",A303,6f6db310-75e6-4dc3-b490-31f70dfa2fc7
173986,25,25.6,126,93,"2021-08-16 15:08:10",A302,6f6db310-75e6-4dc3-b490-31f70dfa2fc7
173989,26,23.1,103,86,"2021-08-16 15:13:52",A301,6f6db310-75e6-4dc3-b490-31f70dfa2fc7
174026,25,25.5,127,86,"2021-08-16 16:09:16",A302,6f6db310-75e6-4dc3-b490-31f70dfa2fc7
174028,26,23.3,102,86,"2021-08-16 16:14:33",A301,6f6db310-75e6-4dc3-b490-31f70dfa2fc7
174035,25,24.4,147,43,"2021-08-16 16:21:39",A303,6f6db310-75e6-4dc3-b490-31f70dfa2fc7
174048,26,23.4,103,86,"2021-08-16 16:44:53",A301,6f6db310-75e6-4dc3-b490-31f70dfa2fc7
174051,25,24.1,148,22,"2021-08-16 16:52:10",A303,6f6db310-75e6-4dc3-b490-31f70dfa2fc7
174061,26,23.5,102,86,"2021-08-16 17:15:11",A301,6f6db310-75e6-4dc3-b490-31f70dfa2fc7
174088,25,24.3,128,86,"2021-08-16 19:12:06",A302,6f6db310-75e6-4dc3-b490-31f70dfa2fc7
174090,25,22.6,147,15,"2021-08-16 19:23:44",A303,6f6db310-75e6-4dc3-b490-31f70dfa2fc7
174106,25,24.1,128,86,"2021-08-16 19:42:32",A302,6f6db310-75e6-4dc3-b490-31f70dfa2fc7
174108,26,23.4,103,86,"2021-08-16 19:46:39",A301,6f6db310-75e6-4dc3-b490-31f70dfa2fc7
174115,25,22.4,148,8,"2021-08-16 19:54:04",A303,6f6db310-75e6-4dc3-b490-31f70dfa2fc7
174132,25,23.9,129,86,"2021-08-16 20:12:58",A302,6f6db310-75e6-4dc3-b490-31f70dfa2fc7
174134,26,23.3,102,86,"2021-08-16 20:16:54",A301,6f6db310-75e6-4dc3-b490-31f70dfa2fc7
174139,25,22.2,145,8,"2021-08-16 20:24:23",A303,6f6db310-75e6-4dc3-b490-31f70dfa2fc7
174156,25,23.7,128,86,"2021-08-16 20:43:22",A302,6f6db310-75e6-4dc3-b490-31f70dfa2fc7
174157,26,23.2,103,86,"2021-08-16 20:47:12",A301,6f6db310-75e6-4dc3-b490-31f70dfa2fc7
174165,25,21.9,146,8,"2021-08-16 20:54:42",A303,6f6db310-75e6-4dc3-b490-31f70dfa2fc7
174181,25,23.5,127,86,"2021-08-16 21:13:47",A302,6f6db310-75e6-4dc3-b490-31f70dfa2fc7
174182,26,23.2,102,86,"2021-08-16 21:17:28",A301,6f6db310-75e6-4dc3-b490-31f70dfa2fc7
174189,25,21.7,148,8,"2021-08-16 21:25:03",A303,6f6db310-75e6-4dc3-b490-31f70dfa2fc7
174204,25,23.3,127,86,"2021-08-16 21:44:11",A302,6f6db310-75e6-4dc3-b490-31f70dfa2fc7
174205,26,23.1,102,86,"2021-08-16 21:47:41",A301,6f6db310-75e6-4dc3-b490-31f70dfa2fc7
174211,25,21.6,148,8,"2021-08-16 21:55:20",A303,6f6db310-75e6-4dc3-b490-31f70dfa2fc7
174228,25,23.1,127,86,"2021-08-16 22:14:34",A302,6f6db310-75e6-4dc3-b490-31f70dfa2fc7
174229,26,23,102,86,"2021-08-16 22:17:56",A301,6f6db310-75e6-4dc3-b490-31f70dfa2fc7
174236,25,21.4,147,8,"2021-08-16 22:25:38",A303,6f6db310-75e6-4dc3-b490-31f70dfa2fc7
174252,25,23,128,86,"2021-08-16 22:44:59",A302,6f6db310-75e6-4dc3-b490-31f70dfa2fc7
174253,26,22.9,102,86,"2021-08-16 22:48:11",A301,6f6db310-75e6-4dc3-b490-31f70dfa2fc7
174261,25,21.2,147,0,"2021-08-16 22:55:57",A303,6f6db310-75e6-4dc3-b490-31f70dfa2fc7
174277,25,22.8,128,86,"2021-08-16 23:15:22",A302,6f6db310-75e6-4dc3-b490-31f70dfa2fc7
174278,26,22.8,102,86,"2021-08-16 23:18:26",A301,6f6db310-75e6-4dc3-b490-31f70dfa2fc7
174287,25,21,147,0,"2021-08-16 23:26:15",A303,6f6db310-75e6-4dc3-b490-31f70dfa2fc7
174303,25,22.6,128,86,"2021-08-16 23:45:45",A302,6f6db310-75e6-4dc3-b490-31f70dfa2fc7
174304,26,22.7,102,86,"2021-08-16 23:48:41",A301,6f6db310-75e6-4dc3-b490-31f70dfa2fc7
174311,25,20.8,148,0,"2021-08-16 23:56:33",A303,6f6db310-75e6-4dc3-b490-31f70dfa2fc7
174326,26,22.6,102,86,"2021-08-17 00:18:54",A301,6f6db310-75e6-4dc3-b490-31f70dfa2fc7
174335,25,20.6,147,0,"2021-08-17 00:26:49",A303,6f6db310-75e6-4dc3-b490-31f70dfa2fc7
174351,25,22.3,128,86,"2021-08-17 00:46:29",A302,6f6db310-75e6-4dc3-b490-31f70dfa2fc7
174352,26,22.5,101,86,"2021-08-17 00:49:06",A301,6f6db310-75e6-4dc3-b490-31f70dfa2fc7
174361,25,20.5,146,0,"2021-08-17 00:57:08",A303,6f6db310-75e6-4dc3-b490-31f70dfa2fc7
174377,25,22.1,127,86,"2021-08-17 01:16:48",A302,6f6db310-75e6-4dc3-b490-31f70dfa2fc7
174378,26,22.42,102,86,"2021-08-17 01:19:23",A301,6f6db310-75e6-4dc3-b490-31f70dfa2fc7
174386,25,20.3,147,0,"2021-08-17 01:27:23",A303,6f6db310-75e6-4dc3-b490-31f70dfa2fc7
174402,26,22.4,101,86,"2021-08-17 01:49:34",A301,6f6db310-75e6-4dc3-b490-31f70dfa2fc7
174409,25,20.2,147,0,"2021-08-17 01:57:40",A303,6f6db310-75e6-4dc3-b490-31f70dfa2fc7
174425,25,21.9,127,86,"2021-08-17 02:17:35",A302,6f6db310-75e6-4dc3-b490-31f70dfa2fc7
174426,26,22.3,101,86,"2021-08-17 02:19:48",A301,6f6db310-75e6-4dc3-b490-31f70dfa2fc7
174435,25,20,146,0,"2021-08-17 02:27:57",A303,6f6db310-75e6-4dc3-b490-31f70dfa2fc7
174450,25,21.7,127,86,"2021-08-17 02:47:58",A302,6f6db310-75e6-4dc3-b490-31f70dfa2fc7
174451,26,22.2,101,86,"2021-08-17 02:50:02",A301,6f6db310-75e6-4dc3-b490-31f70dfa2fc7
174458,25,19.9,146,0,"2021-08-17 02:58:14",A303,6f6db310-75e6-4dc3-b490-31f70dfa2fc7
174474,25,21.6,127,86,"2021-08-17 03:18:21",A302,6f6db310-75e6-4dc3-b490-31f70dfa2fc7
174475,26,22.1,100,86,"2021-08-17 03:20:17",A301,6f6db310-75e6-4dc3-b490-31f70dfa2fc7
174483,25,19.8,147,0,"2021-08-17 03:28:31",A303,6f6db310-75e6-4dc3-b490-31f70dfa2fc7
174499,25,21.5,126,86,"2021-08-17 03:48:44",A302,6f6db310-75e6-4dc3-b490-31f70dfa2fc7
174500,26,22,101,86,"2021-08-17 03:50:28",A301,6f6db310-75e6-4dc3-b490-31f70dfa2fc7
174507,25,19.7,146,0,"2021-08-17 03:58:48",A303,6f6db310-75e6-4dc3-b490-31f70dfa2fc7
174523,25,21.4,126,86,"2021-08-17 04:19:08",A302,6f6db310-75e6-4dc3-b490-31f70dfa2fc7
174524,26,21.9,101,86,"2021-08-17 04:20:42",A301,6f6db310-75e6-4dc3-b490-31f70dfa2fc7
174529,25,19.6,147,0,"2021-08-17 04:29:05",A303,6f6db310-75e6-4dc3-b490-31f70dfa2fc7
174545,25,21.3,126,86,"2021-08-17 04:49:31",A302,6f6db310-75e6-4dc3-b490-31f70dfa2fc7
174546,26,21.8,101,86,"2021-08-17 04:50:55",A301,6f6db310-75e6-4dc3-b490-31f70dfa2fc7
174554,25,19.5,146,0,"2021-08-17 04:59:23",A303,6f6db310-75e6-4dc3-b490-31f70dfa2fc7
174571,25,21.2,126,86,"2021-08-17 05:19:57",A302,6f6db310-75e6-4dc3-b490-31f70dfa2fc7
174572,26,21.7,101,86,"2021-08-17 05:21:11",A301,6f6db310-75e6-4dc3-b490-31f70dfa2fc7
174578,25,19.4,145,0,"2021-08-17 05:29:42",A303,6f6db310-75e6-4dc3-b490-31f70dfa2fc7
174594,25,21.1,126,86,"2021-08-17 05:50:23",A302,6f6db310-75e6-4dc3-b490-31f70dfa2fc7
174595,26,21.6,101,86,"2021-08-17 05:51:26",A301,6f6db310-75e6-4dc3-b490-31f70dfa2fc7
174602,25,19.5,145,8,"2021-08-17 06:00:01",A303,6f6db310-75e6-4dc3-b490-31f70dfa2fc7
174619,25,21.1,126,93,"2021-08-17 06:20:50",A302,6f6db310-75e6-4dc3-b490-31f70dfa2fc7
174620,26,21.6,101,93,"2021-08-17 06:21:43",A301,6f6db310-75e6-4dc3-b490-31f70dfa2fc7
174628,26,19.5,144,8,"2021-08-17 06:30:21",A303,6f6db310-75e6-4dc3-b490-31f70dfa2fc7
174644,25,21.1,125,93,"2021-08-17 06:51:19",A302,6f6db310-75e6-4dc3-b490-31f70dfa2fc7
174645,26,21.5,101,93,"2021-08-17 06:52:00",A301,6f6db310-75e6-4dc3-b490-31f70dfa2fc7
174650,25,19.6,144,15,"2021-08-17 07:00:43",A303,6f6db310-75e6-4dc3-b490-31f70dfa2fc7
174666,25,21.2,125,93,"2021-08-17 07:21:50",A302,6f6db310-75e6-4dc3-b490-31f70dfa2fc7
174667,26,21.5,100,93,"2021-08-17 07:22:20",A301,6f6db310-75e6-4dc3-b490-31f70dfa2fc7
174674,25,19.9,146,36,"2021-08-17 07:31:05",A303,6f6db310-75e6-4dc3-b490-31f70dfa2fc7
174688,25,21.3,123,93,"2021-08-17 07:52:23",A302,6f6db310-75e6-4dc3-b490-31f70dfa2fc7
174689,26,21.4,100,93,"2021-08-17 07:52:40",A301,6f6db310-75e6-4dc3-b490-31f70dfa2fc7
174709,25,21.5,124,93,"2021-08-17 08:22:57",A302,6f6db310-75e6-4dc3-b490-31f70dfa2fc7
174710,26,21.4,100,93,"2021-08-17 08:23:02",A301,6f6db310-75e6-4dc3-b490-31f70dfa2fc7
174732,26,21.5,100,93,"2021-08-17 08:53:24",A301,6f6db310-75e6-4dc3-b490-31f70dfa2fc7
174733,25,21.7,123,93,"2021-08-17 08:53:32",A302,6f6db310-75e6-4dc3-b490-31f70dfa2fc7
174737,25,20.9,143,65,"2021-08-17 09:02:30",A303,6f6db310-75e6-4dc3-b490-31f70dfa2fc7
174754,26,21.6,100,100,"2021-08-17 09:23:46",A301,6f6db310-75e6-4dc3-b490-31f70dfa2fc7
174755,25,22,124,100,"2021-08-17 09:24:07",A302,6f6db310-75e6-4dc3-b490-31f70dfa2fc7
174778,26,21.6,100,100,"2021-08-17 09:54:10",A301,6f6db310-75e6-4dc3-b490-31f70dfa2fc7
174779,25,22.3,123,107,"2021-08-17 09:54:42",A302,6f6db310-75e6-4dc3-b490-31f70dfa2fc7
174801,26,21.8,100,100,"2021-08-17 10:24:32",A301,6f6db310-75e6-4dc3-b490-31f70dfa2fc7
174802,25,22.7,123,100,"2021-08-17 10:25:18",A302,6f6db310-75e6-4dc3-b490-31f70dfa2fc7
174809,25,22.3,145,79,"2021-08-17 10:33:48",A303,6f6db310-75e6-4dc3-b490-31f70dfa2fc7
174828,25,23.1,123,100,"2021-08-17 10:55:56",A302,6f6db310-75e6-4dc3-b490-31f70dfa2fc7
174851,25,22.1,100,100,"2021-08-17 11:25:20",A301,6f6db310-75e6-4dc3-b490-31f70dfa2fc7
174853,25,23.6,123,100,"2021-08-17 11:26:33",A302,6f6db310-75e6-4dc3-b490-31f70dfa2fc7
174873,25,22.4,100,100,"2021-08-17 11:55:45",A301,6f6db310-75e6-4dc3-b490-31f70dfa2fc7
174875,25,23.9,123,100,"2021-08-17 11:57:11",A302,6f6db310-75e6-4dc3-b490-31f70dfa2fc7
174899,25,22.6,99,100,"2021-08-17 12:26:08",A301,6f6db310-75e6-4dc3-b490-31f70dfa2fc7
174901,25,24.3,124,100,"2021-08-17 12:27:49",A302,6f6db310-75e6-4dc3-b490-31f70dfa2fc7
174907,25,24,145,86,"2021-08-17 12:35:35",A303,6f6db310-75e6-4dc3-b490-31f70dfa2fc7
174928,25,22.9,98,93,"2021-08-17 12:56:33",A301,6f6db310-75e6-4dc3-b490-31f70dfa2fc7
174930,25,24.5,123,100,"2021-08-17 12:58:26",A302,6f6db310-75e6-4dc3-b490-31f70dfa2fc7
174951,25,23.1,99,100,"2021-08-17 13:26:58",A301,6f6db310-75e6-4dc3-b490-31f70dfa2fc7
174953,25,24.8,123,100,"2021-08-17 13:29:05",A302,6f6db310-75e6-4dc3-b490-31f70dfa2fc7
174958,25,24.5,144,86,"2021-08-17 13:36:27",A303,6f6db310-75e6-4dc3-b490-31f70dfa2fc7
174976,25,23.4,99,93,"2021-08-17 13:57:22",A301,6f6db310-75e6-4dc3-b490-31f70dfa2fc7
174978,25,24.9,123,93,"2021-08-17 13:59:44",A302,6f6db310-75e6-4dc3-b490-31f70dfa2fc7
175000,25,23.6,98,100,"2021-08-17 14:27:47",A301,6f6db310-75e6-4dc3-b490-31f70dfa2fc7
175002,25,25.1,123,100,"2021-08-17 14:30:21",A302,6f6db310-75e6-4dc3-b490-31f70dfa2fc7
175023,25,23.8,99,93,"2021-08-17 14:58:10",A301,6f6db310-75e6-4dc3-b490-31f70dfa2fc7
175026,25,25.1,124,93,"2021-08-17 15:00:58",A302,6f6db310-75e6-4dc3-b490-31f70dfa2fc7
175047,25,23.9,99,86,"2021-08-17 15:28:33",A301,6f6db310-75e6-4dc3-b490-31f70dfa2fc7
175050,25,25.1,124,93,"2021-08-17 15:31:34",A302,6f6db310-75e6-4dc3-b490-31f70dfa2fc7
175073,25,24.1,100,86,"2021-08-17 15:58:54",A301,6f6db310-75e6-4dc3-b490-31f70dfa2fc7
175076,25,25,125,86,"2021-08-17 16:02:07",A302,6f6db310-75e6-4dc3-b490-31f70dfa2fc7
175101,25,24.2,99,86,"2021-08-17 16:29:15",A301,6f6db310-75e6-4dc3-b490-31f70dfa2fc7
175104,25,24.9,125,86,"2021-08-17 16:32:43",A302,6f6db310-75e6-4dc3-b490-31f70dfa2fc7
175132,25,24.28,99,86,"2021-08-17 16:59:34",A301,6f6db310-75e6-4dc3-b490-31f70dfa2fc7
175135,25,24.8,124,86,"2021-08-17 17:03:10",A302,6f6db310-75e6-4dc3-b490-31f70dfa2fc7
175142,25,24,145,22,"2021-08-17 17:09:17",A303,6f6db310-75e6-4dc3-b490-31f70dfa2fc7
175164,25,24.3,99,86,"2021-08-17 17:29:52",A301,6f6db310-75e6-4dc3-b490-31f70dfa2fc7
175167,25,24.6,125,86,"2021-08-17 17:33:41",A302,6f6db310-75e6-4dc3-b490-31f70dfa2fc7
175172,25,23.8,146,15,"2021-08-17 17:39:38",A303,6f6db310-75e6-4dc3-b490-31f70dfa2fc7
175194,25,24.3,99,86,"2021-08-17 18:00:10",A301,6f6db310-75e6-4dc3-b490-31f70dfa2fc7
175195,25,24.4,123,86,"2021-08-17 18:04:11",A302,6f6db310-75e6-4dc3-b490-31f70dfa2fc7
175201,25,23.6,146,15,"2021-08-17 18:10:00",A303,6f6db310-75e6-4dc3-b490-31f70dfa2fc7
175228,25,24.3,100,86,"2021-08-17 19:00:46",A301,6f6db310-75e6-4dc3-b490-31f70dfa2fc7
175230,25,24.1,125,86,"2021-08-17 19:05:09",A302,6f6db310-75e6-4dc3-b490-31f70dfa2fc7
175237,25,23.1,146,15,"2021-08-17 19:12:03",A303,6f6db310-75e6-4dc3-b490-31f70dfa2fc7
175253,25,24.2,100,86,"2021-08-17 19:31:03",A301,6f6db310-75e6-4dc3-b490-31f70dfa2fc7
175258,25,23.9,126,86,"2021-08-17 19:35:38",A302,6f6db310-75e6-4dc3-b490-31f70dfa2fc7
175265,25,22.9,146,22,"2021-08-17 19:42:27",A303,6f6db310-75e6-4dc3-b490-31f70dfa2fc7
175282,25,24.2,100,86,"2021-08-17 20:01:20",A301,6f6db310-75e6-4dc3-b490-31f70dfa2fc7
175287,25,23.8,125,86,"2021-08-17 20:06:07",A302,6f6db310-75e6-4dc3-b490-31f70dfa2fc7
175294,25,22.8,142,15,"2021-08-17 20:12:50",A303,6f6db310-75e6-4dc3-b490-31f70dfa2fc7
175311,25,24.1,100,86,"2021-08-17 20:31:38",A301,6f6db310-75e6-4dc3-b490-31f70dfa2fc7
175316,25,23.6,125,86,"2021-08-17 20:36:35",A302,6f6db310-75e6-4dc3-b490-31f70dfa2fc7
175322,25,22.6,145,15,"2021-08-17 20:43:13",A303,6f6db310-75e6-4dc3-b490-31f70dfa2fc7
175338,25,24.1,99,86,"2021-08-17 21:01:55",A301,6f6db310-75e6-4dc3-b490-31f70dfa2fc7
175343,25,23.5,125,86,"2021-08-17 21:07:04",A302,6f6db310-75e6-4dc3-b490-31f70dfa2fc7
175349,25,22.42,145,15,"2021-08-17 21:13:36",A303,6f6db310-75e6-4dc3-b490-31f70dfa2fc7
175365,25,24,99,86,"2021-08-17 21:32:12",A301,6f6db310-75e6-4dc3-b490-31f70dfa2fc7
175370,25,23.4,126,86,"2021-08-17 21:37:32",A302,6f6db310-75e6-4dc3-b490-31f70dfa2fc7
175377,25,22.3,146,8,"2021-08-17 21:43:59",A303,6f6db310-75e6-4dc3-b490-31f70dfa2fc7
175394,25,23.9,99,86,"2021-08-17 22:02:29",A301,6f6db310-75e6-4dc3-b490-31f70dfa2fc7
175399,25,23.2,126,86,"2021-08-17 22:07:59",A302,6f6db310-75e6-4dc3-b490-31f70dfa2fc7
175405,25,22.2,146,8,"2021-08-17 22:14:21",A303,6f6db310-75e6-4dc3-b490-31f70dfa2fc7
175421,25,23.9,98,86,"2021-08-17 22:32:48",A301,6f6db310-75e6-4dc3-b490-31f70dfa2fc7
175426,25,23.1,125,86,"2021-08-17 22:38:27",A302,6f6db310-75e6-4dc3-b490-31f70dfa2fc7
175432,25,22,146,8,"2021-08-17 22:44:45",A303,6f6db310-75e6-4dc3-b490-31f70dfa2fc7
175449,25,23.8,99,86,"2021-08-17 23:03:02",A301,6f6db310-75e6-4dc3-b490-31f70dfa2fc7
175454,25,23,125,86,"2021-08-17 23:08:54",A302,6f6db310-75e6-4dc3-b490-31f70dfa2fc7
175461,25,21.9,146,0,"2021-08-17 23:15:07",A303,6f6db310-75e6-4dc3-b490-31f70dfa2fc7
175477,25,23.7,99,86,"2021-08-17 23:33:18",A301,6f6db310-75e6-4dc3-b490-31f70dfa2fc7
175482,25,22.9,125,86,"2021-08-17 23:39:20",A302,6f6db310-75e6-4dc3-b490-31f70dfa2fc7
175489,25,21.8,145,0,"2021-08-17 23:45:28",A303,6f6db310-75e6-4dc3-b490-31f70dfa2fc7
175505,25,23.6,99,86,"2021-08-18 00:03:33",A301,6f6db310-75e6-4dc3-b490-31f70dfa2fc7
175510,25,22.8,125,86,"2021-08-18 00:09:46",A302,6f6db310-75e6-4dc3-b490-31f70dfa2fc7
175517,25,21.7,145,0,"2021-08-18 00:15:49",A303,6f6db310-75e6-4dc3-b490-31f70dfa2fc7
175534,25,23.6,98,86,"2021-08-18 00:33:50",A301,6f6db310-75e6-4dc3-b490-31f70dfa2fc7
175539,25,22.7,125,86,"2021-08-18 00:40:11",A302,6f6db310-75e6-4dc3-b490-31f70dfa2fc7
175546,25,21.5,146,0,"2021-08-18 00:46:10",A303,6f6db310-75e6-4dc3-b490-31f70dfa2fc7
175563,25,23.5,98,86,"2021-08-18 01:04:04",A301,6f6db310-75e6-4dc3-b490-31f70dfa2fc7
175568,25,22.6,125,86,"2021-08-18 01:10:36",A302,6f6db310-75e6-4dc3-b490-31f70dfa2fc7
175574,25,21.4,146,0,"2021-08-18 01:16:31",A303,6f6db310-75e6-4dc3-b490-31f70dfa2fc7
175592,25,23.4,98,86,"2021-08-18 01:34:20",A301,6f6db310-75e6-4dc3-b490-31f70dfa2fc7
175597,25,22.5,124,86,"2021-08-18 01:41:01",A302,6f6db310-75e6-4dc3-b490-31f70dfa2fc7
175604,25,21.2,144,0,"2021-08-18 01:46:51",A303,6f6db310-75e6-4dc3-b490-31f70dfa2fc7
175620,25,23.3,98,86,"2021-08-18 02:04:31",A301,6f6db310-75e6-4dc3-b490-31f70dfa2fc7
175625,25,22.3,123,86,"2021-08-18 02:11:25",A302,6f6db310-75e6-4dc3-b490-31f70dfa2fc7
175632,25,21.1,145,0,"2021-08-18 02:17:12",A303,6f6db310-75e6-4dc3-b490-31f70dfa2fc7
175650,25,23.2,99,86,"2021-08-18 02:34:46",A301,6f6db310-75e6-4dc3-b490-31f70dfa2fc7
175656,25,22.2,123,86,"2021-08-18 02:41:49",A302,6f6db310-75e6-4dc3-b490-31f70dfa2fc7
175661,25,20.9,145,0,"2021-08-18 02:47:31",A303,6f6db310-75e6-4dc3-b490-31f70dfa2fc7
175678,25,23.1,98,86,"2021-08-18 03:05:00",A301,6f6db310-75e6-4dc3-b490-31f70dfa2fc7
175684,25,22.1,123,86,"2021-08-18 03:12:13",A302,6f6db310-75e6-4dc3-b490-31f70dfa2fc7
175689,25,20.7,144,0,"2021-08-18 03:17:52",A303,6f6db310-75e6-4dc3-b490-31f70dfa2fc7
175707,25,23,98,86,"2021-08-18 03:35:13",A301,6f6db310-75e6-4dc3-b490-31f70dfa2fc7
175712,25,22,124,86,"2021-08-18 03:42:36",A302,6f6db310-75e6-4dc3-b490-31f70dfa2fc7
175717,25,20.6,143,0,"2021-08-18 03:48:11",A303,6f6db310-75e6-4dc3-b490-31f70dfa2fc7
175736,25,23,98,86,"2021-08-18 04:05:27",A301,6f6db310-75e6-4dc3-b490-31f70dfa2fc7
175742,25,21.9,122,86,"2021-08-18 04:12:59",A302,6f6db310-75e6-4dc3-b490-31f70dfa2fc7
175746,25,20.4,144,0,"2021-08-18 04:18:32",A303,6f6db310-75e6-4dc3-b490-31f70dfa2fc7
175764,25,22.9,98,86,"2021-08-18 04:35:40",A301,6f6db310-75e6-4dc3-b490-31f70dfa2fc7
175770,25,21.8,121,86,"2021-08-18 04:43:23",A302,6f6db310-75e6-4dc3-b490-31f70dfa2fc7
175774,25,20.3,144,0,"2021-08-18 04:48:51",A303,6f6db310-75e6-4dc3-b490-31f70dfa2fc7
175792,25,22.8,98,93,"2021-08-18 05:05:55",A301,6f6db310-75e6-4dc3-b490-31f70dfa2fc7
175800,25,20.2,145,0,"2021-08-18 05:19:12",A303,6f6db310-75e6-4dc3-b490-31f70dfa2fc7
175817,25,22.7,98,93,"2021-08-18 05:36:11",A301,6f6db310-75e6-4dc3-b490-31f70dfa2fc7
175827,25,20.18,144,8,"2021-08-18 05:49:35",A303,6f6db310-75e6-4dc3-b490-31f70dfa2fc7
175845,25,22.6,98,93,"2021-08-18 06:06:32",A301,6f6db310-75e6-4dc3-b490-31f70dfa2fc7
175853,25,21.5,121,93,"2021-08-18 06:14:47",A302,6f6db310-75e6-4dc3-b490-31f70dfa2fc7
175854,25,20.2,142,22,"2021-08-18 06:20:00",A303,6f6db310-75e6-4dc3-b490-31f70dfa2fc7
175873,25,22.5,98,93,"2021-08-18 06:36:50",A301,6f6db310-75e6-4dc3-b490-31f70dfa2fc7
175881,25,21.5,121,93,"2021-08-18 06:45:20",A302,6f6db310-75e6-4dc3-b490-31f70dfa2fc7
175883,25,20.4,143,36,"2021-08-18 06:50:27",A303,6f6db310-75e6-4dc3-b490-31f70dfa2fc7
175902,25,22.4,97,100,"2021-08-18 07:07:11",A301,6f6db310-75e6-4dc3-b490-31f70dfa2fc7
175910,25,21.7,120,100,"2021-08-18 07:15:55",A302,6f6db310-75e6-4dc3-b490-31f70dfa2fc7
175912,25,20.8,143,50,"2021-08-18 07:20:55",A303,6f6db310-75e6-4dc3-b490-31f70dfa2fc7
175931,25,22.4,98,100,"2021-08-18 07:37:35",A301,6f6db310-75e6-4dc3-b490-31f70dfa2fc7
175938,25,21.9,120,100,"2021-08-18 07:46:32",A302,6f6db310-75e6-4dc3-b490-31f70dfa2fc7
175941,25,21.4,143,58,"2021-08-18 07:51:25",A303,6f6db310-75e6-4dc3-b490-31f70dfa2fc7
175958,25,22.4,97,93,"2021-08-18 08:07:59",A301,6f6db310-75e6-4dc3-b490-31f70dfa2fc7
175965,25,22.2,120,100,"2021-08-18 08:17:09",A302,6f6db310-75e6-4dc3-b490-31f70dfa2fc7
175986,25,22.5,97,100,"2021-08-18 08:38:22",A301,6f6db310-75e6-4dc3-b490-31f70dfa2fc7
175994,25,22.5,117,100,"2021-08-18 08:47:46",A302,6f6db310-75e6-4dc3-b490-31f70dfa2fc7
176011,25,22.6,97,100,"2021-08-18 09:08:50",A301,6f6db310-75e6-4dc3-b490-31f70dfa2fc7
176019,25,22.9,117,100,"2021-08-18 09:18:24",A302,6f6db310-75e6-4dc3-b490-31f70dfa2fc7
176021,25,23.4,141,86,"2021-08-18 09:22:55",A303,6f6db310-75e6-4dc3-b490-31f70dfa2fc7
176038,25,22.7,97,100,"2021-08-18 09:39:09",A301,6f6db310-75e6-4dc3-b490-31f70dfa2fc7
176046,25,23.4,117,93,"2021-08-18 09:49:02",A302,6f6db310-75e6-4dc3-b490-31f70dfa2fc7
176048,25,24,142,86,"2021-08-18 09:53:25",A303,6f6db310-75e6-4dc3-b490-31f70dfa2fc7
176064,25,22.9,97,100,"2021-08-18 10:09:37",A301,6f6db310-75e6-4dc3-b490-31f70dfa2fc7
176072,25,23.7,117,100,"2021-08-18 10:19:40",A302,6f6db310-75e6-4dc3-b490-31f70dfa2fc7
176093,25,23.2,97,100,"2021-08-18 10:39:58",A301,6f6db310-75e6-4dc3-b490-31f70dfa2fc7
176101,24,24,116,100,"2021-08-18 10:50:18",A302,6f6db310-75e6-4dc3-b490-31f70dfa2fc7
176120,25,23.4,97,93,"2021-08-18 11:10:24",A301,6f6db310-75e6-4dc3-b490-31f70dfa2fc7
176128,24,24.2,114,100,"2021-08-18 11:20:58",A302,6f6db310-75e6-4dc3-b490-31f70dfa2fc7
176149,25,23.6,97,100,"2021-08-18 11:40:51",A301,6f6db310-75e6-4dc3-b490-31f70dfa2fc7
176158,24,24.5,117,100,"2021-08-18 11:51:40",A302,6f6db310-75e6-4dc3-b490-31f70dfa2fc7
176159,24,25.3,142,86,"2021-08-18 11:55:28",A303,6f6db310-75e6-4dc3-b490-31f70dfa2fc7
176177,25,23.9,97,100,"2021-08-18 12:11:19",A301,6f6db310-75e6-4dc3-b490-31f70dfa2fc7
176185,24,24.8,117,100,"2021-08-18 12:22:20",A302,6f6db310-75e6-4dc3-b490-31f70dfa2fc7
176201,25,24.1,96,100,"2021-08-18 12:41:47",A301,6f6db310-75e6-4dc3-b490-31f70dfa2fc7
176211,24,25.1,116,100,"2021-08-18 12:53:04",A302,6f6db310-75e6-4dc3-b490-31f70dfa2fc7
176233,25,24.4,97,100,"2021-08-18 13:16:10",A301,6f6db310-75e6-4dc3-b490-31f70dfa2fc7
176239,24,25.3,117,100,"2021-08-18 13:23:48",A302,6f6db310-75e6-4dc3-b490-31f70dfa2fc7
176262,25,24.7,97,100,"2021-08-18 13:46:37",A301,6f6db310-75e6-4dc3-b490-31f70dfa2fc7
176267,24,25.6,117,93,"2021-08-18 13:54:29",A302,6f6db310-75e6-4dc3-b490-31f70dfa2fc7
176287,25,24.9,97,93,"2021-08-18 14:16:50",A301,6f6db310-75e6-4dc3-b490-31f70dfa2fc7
176294,24,25.8,118,93,"2021-08-18 14:25:08",A302,6f6db310-75e6-4dc3-b490-31f70dfa2fc7
176313,25,25.1,97,86,"2021-08-18 14:47:08",A301,6f6db310-75e6-4dc3-b490-31f70dfa2fc7
176320,24,25.9,118,93,"2021-08-18 14:55:44",A302,6f6db310-75e6-4dc3-b490-31f70dfa2fc7
176339,25,25.3,98,86,"2021-08-18 15:17:25",A301,6f6db310-75e6-4dc3-b490-31f70dfa2fc7
176347,24,25.9,118,86,"2021-08-18 15:26:19",A302,6f6db310-75e6-4dc3-b490-31f70dfa2fc7
176367,25,25.5,97,86,"2021-08-18 15:47:40",A301,6f6db310-75e6-4dc3-b490-31f70dfa2fc7
176374,24,25.8,118,86,"2021-08-18 15:56:53",A302,6f6db310-75e6-4dc3-b490-31f70dfa2fc7
176375,24,26.3,143,65,"2021-08-18 15:59:36",A303,6f6db310-75e6-4dc3-b490-31f70dfa2fc7
176395,25,25.6,97,86,"2021-08-18 16:17:58",A301,6f6db310-75e6-4dc3-b490-31f70dfa2fc7
176403,24,25.7,119,86,"2021-08-18 16:27:26",A302,6f6db310-75e6-4dc3-b490-31f70dfa2fc7
176405,24,26,144,43,"2021-08-18 16:30:02",A303,6f6db310-75e6-4dc3-b490-31f70dfa2fc7
176425,25,25.6,97,86,"2021-08-18 16:48:07",A301,6f6db310-75e6-4dc3-b490-31f70dfa2fc7
176433,24,25.5,119,86,"2021-08-18 16:57:57",A302,6f6db310-75e6-4dc3-b490-31f70dfa2fc7
176434,24,25.8,143,29,"2021-08-18 17:00:27",A303,6f6db310-75e6-4dc3-b490-31f70dfa2fc7
176455,25,25.7,98,86,"2021-08-18 17:18:23",A301,6f6db310-75e6-4dc3-b490-31f70dfa2fc7
176465,24,25.3,119,86,"2021-08-18 17:28:28",A302,6f6db310-75e6-4dc3-b490-31f70dfa2fc7
176466,24,25.5,144,22,"2021-08-18 17:30:53",A303,6f6db310-75e6-4dc3-b490-31f70dfa2fc7
176487,25,25.7,98,86,"2021-08-18 17:48:32",A301,6f6db310-75e6-4dc3-b490-31f70dfa2fc7
176495,24,25.2,144,22,"2021-08-18 18:01:17",A303,6f6db310-75e6-4dc3-b490-31f70dfa2fc7
176510,25,25.7,98,86,"2021-08-18 18:18:45",A301,6f6db310-75e6-4dc3-b490-31f70dfa2fc7
176515,24,25,144,22,"2021-08-18 18:31:42",A303,6f6db310-75e6-4dc3-b490-31f70dfa2fc7
176545,25,25.5,98,86,"2021-08-18 19:19:08",A301,6f6db310-75e6-4dc3-b490-31f70dfa2fc7
176553,24,24.5,144,22,"2021-08-18 19:32:30",A303,6f6db310-75e6-4dc3-b490-31f70dfa2fc7
176573,25,25.5,98,86,"2021-08-18 19:49:18",A301,6f6db310-75e6-4dc3-b490-31f70dfa2fc7
176580,24,24.4,119,86,"2021-08-18 20:00:58",A302,6f6db310-75e6-4dc3-b490-31f70dfa2fc7
176581,24,24.3,144,8,"2021-08-18 20:02:53",A303,6f6db310-75e6-4dc3-b490-31f70dfa2fc7
176599,25,25.4,97,86,"2021-08-18 20:19:30",A301,6f6db310-75e6-4dc3-b490-31f70dfa2fc7
176608,24,24.3,119,86,"2021-08-18 20:31:26",A302,6f6db310-75e6-4dc3-b490-31f70dfa2fc7
176609,24,24.1,144,8,"2021-08-18 20:33:17",A303,6f6db310-75e6-4dc3-b490-31f70dfa2fc7
176627,25,25.3,97,86,"2021-08-18 20:49:41",A301,6f6db310-75e6-4dc3-b490-31f70dfa2fc7
176636,24,24.1,119,86,"2021-08-18 21:01:54",A302,6f6db310-75e6-4dc3-b490-31f70dfa2fc7
176637,24,23.9,144,8,"2021-08-18 21:03:39",A303,6f6db310-75e6-4dc3-b490-31f70dfa2fc7
176654,25,25.1,97,86,"2021-08-18 21:19:52",A301,6f6db310-75e6-4dc3-b490-31f70dfa2fc7
176664,24,23.9,119,86,"2021-08-18 21:32:22",A302,6f6db310-75e6-4dc3-b490-31f70dfa2fc7
176665,24,23.7,144,0,"2021-08-18 21:34:02",A303,6f6db310-75e6-4dc3-b490-31f70dfa2fc7
176684,25,25,98,86,"2021-08-18 21:50:02",A301,6f6db310-75e6-4dc3-b490-31f70dfa2fc7
176694,24,23.8,119,86,"2021-08-18 22:02:49",A302,6f6db310-75e6-4dc3-b490-31f70dfa2fc7
176695,24,23.5,144,0,"2021-08-18 22:04:25",A303,6f6db310-75e6-4dc3-b490-31f70dfa2fc7
176713,25,24.9,98,86,"2021-08-18 22:20:12",A301,6f6db310-75e6-4dc3-b490-31f70dfa2fc7
176724,24,23.7,119,86,"2021-08-18 22:33:16",A302,6f6db310-75e6-4dc3-b490-31f70dfa2fc7
176726,24,23.3,141,0,"2021-08-18 22:34:47",A303,6f6db310-75e6-4dc3-b490-31f70dfa2fc7
176743,25,24.8,98,86,"2021-08-18 22:50:22",A301,6f6db310-75e6-4dc3-b490-31f70dfa2fc7
176754,24,23.5,118,86,"2021-08-18 23:03:43",A302,6f6db310-75e6-4dc3-b490-31f70dfa2fc7
176756,24,23.18,143,0,"2021-08-18 23:05:09",A303,6f6db310-75e6-4dc3-b490-31f70dfa2fc7
176772,25,24.7,97,86,"2021-08-18 23:20:30",A301,6f6db310-75e6-4dc3-b490-31f70dfa2fc7
176782,24,23.4,117,86,"2021-08-18 23:34:09",A302,6f6db310-75e6-4dc3-b490-31f70dfa2fc7
176799,25,24.6,97,86,"2021-08-18 23:50:41",A301,6f6db310-75e6-4dc3-b490-31f70dfa2fc7
176808,24,23.2,118,86,"2021-08-19 00:04:35",A302,6f6db310-75e6-4dc3-b490-31f70dfa2fc7
176810,24,22.8,144,0,"2021-08-19 00:05:52",A303,6f6db310-75e6-4dc3-b490-31f70dfa2fc7
176827,25,24.5,97,86,"2021-08-19 00:20:50",A301,6f6db310-75e6-4dc3-b490-31f70dfa2fc7
176836,24,23.1,118,86,"2021-08-19 00:35:00",A302,6f6db310-75e6-4dc3-b490-31f70dfa2fc7
176838,24,22.6,143,0,"2021-08-19 00:36:13",A303,6f6db310-75e6-4dc3-b490-31f70dfa2fc7
176855,25,24.4,96,86,"2021-08-19 00:50:58",A301,6f6db310-75e6-4dc3-b490-31f70dfa2fc7
176866,24,23,119,86,"2021-08-19 01:05:25",A302,6f6db310-75e6-4dc3-b490-31f70dfa2fc7
176868,24,22.42,143,0,"2021-08-19 01:06:35",A303,6f6db310-75e6-4dc3-b490-31f70dfa2fc7
176882,25,24.3,97,86,"2021-08-19 01:21:07",A301,6f6db310-75e6-4dc3-b490-31f70dfa2fc7
176894,24,22.9,119,86,"2021-08-19 01:35:50",A302,6f6db310-75e6-4dc3-b490-31f70dfa2fc7
176896,24,22.3,143,0,"2021-08-19 01:36:55",A303,6f6db310-75e6-4dc3-b490-31f70dfa2fc7
176913,25,24.1,97,86,"2021-08-19 01:51:17",A301,6f6db310-75e6-4dc3-b490-31f70dfa2fc7
176923,24,22.7,119,86,"2021-08-19 02:06:15",A302,6f6db310-75e6-4dc3-b490-31f70dfa2fc7
176924,24,22.1,143,0,"2021-08-19 02:07:16",A303,6f6db310-75e6-4dc3-b490-31f70dfa2fc7
176939,25,24,97,86,"2021-08-19 02:21:25",A301,6f6db310-75e6-4dc3-b490-31f70dfa2fc7
176950,24,22.6,119,86,"2021-08-19 02:36:40",A302,6f6db310-75e6-4dc3-b490-31f70dfa2fc7
176951,24,22,141,0,"2021-08-19 02:37:37",A303,6f6db310-75e6-4dc3-b490-31f70dfa2fc7
176967,25,23.9,97,86,"2021-08-19 02:51:33",A301,6f6db310-75e6-4dc3-b490-31f70dfa2fc7
176979,24,22.5,119,86,"2021-08-19 03:07:05",A302,6f6db310-75e6-4dc3-b490-31f70dfa2fc7
176980,24,21.8,143,0,"2021-08-19 03:07:57",A303,6f6db310-75e6-4dc3-b490-31f70dfa2fc7
176996,25,23.8,97,86,"2021-08-19 03:21:41",A301,6f6db310-75e6-4dc3-b490-31f70dfa2fc7
177009,24,22.4,118,86,"2021-08-19 03:37:29",A302,6f6db310-75e6-4dc3-b490-31f70dfa2fc7
177010,24,21.7,142,0,"2021-08-19 03:38:17",A303,6f6db310-75e6-4dc3-b490-31f70dfa2fc7
177025,25,23.7,97,86,"2021-08-19 03:51:50",A301,6f6db310-75e6-4dc3-b490-31f70dfa2fc7
177038,24,22.3,118,86,"2021-08-19 04:07:48",A302,6f6db310-75e6-4dc3-b490-31f70dfa2fc7
177039,24,21.5,143,0,"2021-08-19 04:08:37",A303,6f6db310-75e6-4dc3-b490-31f70dfa2fc7
177055,25,23.6,97,86,"2021-08-19 04:22:01",A301,6f6db310-75e6-4dc3-b490-31f70dfa2fc7
177067,24,22.2,117,86,"2021-08-19 04:38:12",A302,6f6db310-75e6-4dc3-b490-31f70dfa2fc7
177068,24,21.4,143,0,"2021-08-19 04:38:57",A303,6f6db310-75e6-4dc3-b490-31f70dfa2fc7
177084,25,23.5,97,86,"2021-08-19 04:52:11",A301,6f6db310-75e6-4dc3-b490-31f70dfa2fc7
177096,24,22.1,118,93,"2021-08-19 05:08:37",A302,6f6db310-75e6-4dc3-b490-31f70dfa2fc7
177112,25,23.4,97,93,"2021-08-19 05:22:15",A301,6f6db310-75e6-4dc3-b490-31f70dfa2fc7
177124,24,22,117,93,"2021-08-19 05:39:04",A302,6f6db310-75e6-4dc3-b490-31f70dfa2fc7
177125,24,21.2,141,8,"2021-08-19 05:39:41",A303,6f6db310-75e6-4dc3-b490-31f70dfa2fc7
177140,25,23.2,96,93,"2021-08-19 05:52:26",A301,6f6db310-75e6-4dc3-b490-31f70dfa2fc7
177152,24,21.9,117,93,"2021-08-19 06:09:34",A302,6f6db310-75e6-4dc3-b490-31f70dfa2fc7
177153,24,21.2,142,15,"2021-08-19 06:10:06",A303,6f6db310-75e6-4dc3-b490-31f70dfa2fc7
177169,25,23.2,96,93,"2021-08-19 06:22:39",A301,6f6db310-75e6-4dc3-b490-31f70dfa2fc7
177181,24,21.9,115,93,"2021-08-19 06:40:06",A302,6f6db310-75e6-4dc3-b490-31f70dfa2fc7
177182,24,21.4,141,22,"2021-08-19 06:40:33",A303,6f6db310-75e6-4dc3-b490-31f70dfa2fc7
177198,25,23.1,96,93,"2021-08-19 06:52:54",A301,6f6db310-75e6-4dc3-b490-31f70dfa2fc7
177209,24,22.1,116,93,"2021-08-19 07:10:42",A302,6f6db310-75e6-4dc3-b490-31f70dfa2fc7
177225,25,23,96,100,"2021-08-19 07:23:10",A301,6f6db310-75e6-4dc3-b490-31f70dfa2fc7
177236,24,22.2,115,100,"2021-08-19 07:41:18",A302,6f6db310-75e6-4dc3-b490-31f70dfa2fc7
177237,24,22.1,142,8,"2021-08-19 07:41:31",A303,6f6db310-75e6-4dc3-b490-31f70dfa2fc7
177254,25,23,96,100,"2021-08-19 07:53:27",A301,6f6db310-75e6-4dc3-b490-31f70dfa2fc7
177265,24,22.7,141,0,"2021-08-19 08:11:56",A303,6f6db310-75e6-4dc3-b490-31f70dfa2fc7
177266,24,22.5,116,100,"2021-08-19 08:11:56",A302,6f6db310-75e6-4dc3-b490-31f70dfa2fc7
177283,25,23,96,100,"2021-08-19 08:23:43",A301,6f6db310-75e6-4dc3-b490-31f70dfa2fc7
177294,24,23.2,140,50,"2021-08-19 08:42:23",A303,6f6db310-75e6-4dc3-b490-31f70dfa2fc7
177295,24,22.9,115,100,"2021-08-19 08:42:35",A302,6f6db310-75e6-4dc3-b490-31f70dfa2fc7
177310,25,23,96,100,"2021-08-19 08:54:10",A301,6f6db310-75e6-4dc3-b490-31f70dfa2fc7
177321,24,23.7,141,50,"2021-08-19 09:12:52",A303,6f6db310-75e6-4dc3-b490-31f70dfa2fc7
177336,25,23.1,96,100,"2021-08-19 09:24:19",A301,6f6db310-75e6-4dc3-b490-31f70dfa2fc7
177344,24,24.3,139,58,"2021-08-19 09:43:22",A303,6f6db310-75e6-4dc3-b490-31f70dfa2fc7
177360,25,23.3,96,100,"2021-08-19 09:54:37",A301,6f6db310-75e6-4dc3-b490-31f70dfa2fc7
177370,24,24.3,114,100,"2021-08-19 10:14:33",A302,6f6db310-75e6-4dc3-b490-31f70dfa2fc7
177384,25,23.4,96,100,"2021-08-19 10:24:56",A301,6f6db310-75e6-4dc3-b490-31f70dfa2fc7
177394,24,24.9,114,100,"2021-08-19 10:45:13",A302,6f6db310-75e6-4dc3-b490-31f70dfa2fc7
177405,25,23.6,96,100,"2021-08-19 10:55:16",A301,6f6db310-75e6-4dc3-b490-31f70dfa2fc7
177443,24,25.8,113,100,"2021-08-19 11:46:35",A302,6f6db310-75e6-4dc3-b490-31f70dfa2fc7
177452,24,24,96,100,"2021-08-19 11:55:56",A301,6f6db310-75e6-4dc3-b490-31f70dfa2fc7
177467,24,26,140,86,"2021-08-19 12:16:24",A303,6f6db310-75e6-4dc3-b490-31f70dfa2fc7
177468,24,26.2,114,100,"2021-08-19 12:17:17",A302,6f6db310-75e6-4dc3-b490-31f70dfa2fc7
177479,24,24.3,96,100,"2021-08-19 12:26:13",A301,6f6db310-75e6-4dc3-b490-31f70dfa2fc7
177494,24,26.5,114,100,"2021-08-19 12:47:59",A302,6f6db310-75e6-4dc3-b490-31f70dfa2fc7
177505,24,24.5,96,100,"2021-08-19 12:56:35",A301,6f6db310-75e6-4dc3-b490-31f70dfa2fc7
177522,24,26.8,115,100,"2021-08-19 13:18:40",A302,6f6db310-75e6-4dc3-b490-31f70dfa2fc7
177532,24,24.7,96,100,"2021-08-19 13:26:55",A301,6f6db310-75e6-4dc3-b490-31f70dfa2fc7
177547,24,26.2,142,93,"2021-08-19 13:47:41",A303,6f6db310-75e6-4dc3-b490-31f70dfa2fc7
177549,24,27,115,93,"2021-08-19 13:49:21",A302,6f6db310-75e6-4dc3-b490-31f70dfa2fc7
177557,24,24.8,95,93,"2021-08-19 13:57:14",A301,6f6db310-75e6-4dc3-b490-31f70dfa2fc7
177575,24,26.1,142,79,"2021-08-19 14:18:06",A303,6f6db310-75e6-4dc3-b490-31f70dfa2fc7
177577,24,27.1,115,93,"2021-08-19 14:19:58",A302,6f6db310-75e6-4dc3-b490-31f70dfa2fc7
177586,24,25,96,86,"2021-08-19 14:27:30",A301,6f6db310-75e6-4dc3-b490-31f70dfa2fc7
177605,24,25.9,142,8,"2021-08-19 14:48:30",A303,6f6db310-75e6-4dc3-b490-31f70dfa2fc7
177607,24,27.1,116,86,"2021-08-19 14:50:27",A302,6f6db310-75e6-4dc3-b490-31f70dfa2fc7
177615,24,25.1,96,86,"2021-08-19 14:57:47",A301,6f6db310-75e6-4dc3-b490-31f70dfa2fc7
177637,24,27,117,86,"2021-08-19 15:20:57",A302,6f6db310-75e6-4dc3-b490-31f70dfa2fc7
177644,24,25.2,96,86,"2021-08-19 15:28:00",A301,6f6db310-75e6-4dc3-b490-31f70dfa2fc7
177667,24,25.3,143,0,"2021-08-19 15:49:18",A303,6f6db310-75e6-4dc3-b490-31f70dfa2fc7
177668,24,26.7,117,86,"2021-08-19 15:51:26",A302,6f6db310-75e6-4dc3-b490-31f70dfa2fc7
177673,24,25.3,96,86,"2021-08-19 15:58:08",A301,6f6db310-75e6-4dc3-b490-31f70dfa2fc7
177694,24,25,141,0,"2021-08-19 16:19:40",A303,6f6db310-75e6-4dc3-b490-31f70dfa2fc7
177695,24,26.3,117,86,"2021-08-19 16:21:51",A302,6f6db310-75e6-4dc3-b490-31f70dfa2fc7
177702,24,25.3,96,86,"2021-08-19 16:28:18",A301,6f6db310-75e6-4dc3-b490-31f70dfa2fc7
177719,24,24.7,143,0,"2021-08-19 16:50:03",A303,6f6db310-75e6-4dc3-b490-31f70dfa2fc7
177720,24,26,118,86,"2021-08-19 16:52:17",A302,6f6db310-75e6-4dc3-b490-31f70dfa2fc7
177726,24,25.3,96,86,"2021-08-19 16:58:28",A301,6f6db310-75e6-4dc3-b490-31f70dfa2fc7
177742,24,24.4,142,0,"2021-08-19 17:20:24",A303,6f6db310-75e6-4dc3-b490-31f70dfa2fc7
177744,24,25.3,96,86,"2021-08-19 17:28:38",A301,6f6db310-75e6-4dc3-b490-31f70dfa2fc7
177752,24,24,143,0,"2021-08-19 17:50:47",A303,6f6db310-75e6-4dc3-b490-31f70dfa2fc7
177765,24,23.8,142,0,"2021-08-19 18:21:09",A303,6f6db310-75e6-4dc3-b490-31f70dfa2fc7
177766,24,25.1,96,86,"2021-08-19 18:28:58",A301,6f6db310-75e6-4dc3-b490-31f70dfa2fc7
177781,24,25,96,86,"2021-08-19 19:29:18",A301,6f6db310-75e6-4dc3-b490-31f70dfa2fc7
177798,24,23.1,143,0,"2021-08-19 19:52:14",A303,6f6db310-75e6-4dc3-b490-31f70dfa2fc7
177799,24,24.2,118,86,"2021-08-19 19:54:52",A302,6f6db310-75e6-4dc3-b490-31f70dfa2fc7
177804,24,24.9,96,86,"2021-08-19 19:59:27",A301,6f6db310-75e6-4dc3-b490-31f70dfa2fc7
177827,24,22.9,143,0,"2021-08-19 20:22:35",A303,6f6db310-75e6-4dc3-b490-31f70dfa2fc7
177828,24,24,118,86,"2021-08-19 20:25:20",A302,6f6db310-75e6-4dc3-b490-31f70dfa2fc7
177832,24,24.7,96,86,"2021-08-19 20:29:37",A301,6f6db310-75e6-4dc3-b490-31f70dfa2fc7
177854,24,22.7,143,0,"2021-08-19 20:52:57",A303,6f6db310-75e6-4dc3-b490-31f70dfa2fc7
177855,24,23.8,116,86,"2021-08-19 20:55:45",A302,6f6db310-75e6-4dc3-b490-31f70dfa2fc7
177859,24,24.6,95,86,"2021-08-19 20:59:46",A301,6f6db310-75e6-4dc3-b490-31f70dfa2fc7
177882,24,22.5,143,0,"2021-08-19 21:24:36",A303,6f6db310-75e6-4dc3-b490-31f70dfa2fc7
177884,24,24.5,95,86,"2021-08-19 21:29:56",A301,6f6db310-75e6-4dc3-b490-31f70dfa2fc7
177907,24,22.4,143,0,"2021-08-19 21:55:00",A303,6f6db310-75e6-4dc3-b490-31f70dfa2fc7
177908,24,23.5,117,86,"2021-08-19 21:56:37",A302,6f6db310-75e6-4dc3-b490-31f70dfa2fc7
177911,24,24.4,96,86,"2021-08-19 22:00:06",A301,6f6db310-75e6-4dc3-b490-31f70dfa2fc7
177934,24,22.3,143,0,"2021-08-19 22:25:23",A303,6f6db310-75e6-4dc3-b490-31f70dfa2fc7
177935,24,23.3,116,86,"2021-08-19 22:27:02",A302,6f6db310-75e6-4dc3-b490-31f70dfa2fc7
177938,24,24.3,96,86,"2021-08-19 22:30:16",A301,6f6db310-75e6-4dc3-b490-31f70dfa2fc7
177963,24,22.2,142,0,"2021-08-19 22:55:46",A303,6f6db310-75e6-4dc3-b490-31f70dfa2fc7
177964,24,23.2,117,86,"2021-08-19 22:57:28",A302,6f6db310-75e6-4dc3-b490-31f70dfa2fc7
177966,24,24.2,96,86,"2021-08-19 23:00:26",A301,6f6db310-75e6-4dc3-b490-31f70dfa2fc7
177990,24,22,141,0,"2021-08-19 23:26:09",A303,6f6db310-75e6-4dc3-b490-31f70dfa2fc7
177991,24,23.1,116,86,"2021-08-19 23:27:54",A302,6f6db310-75e6-4dc3-b490-31f70dfa2fc7
177994,24,24.1,96,86,"2021-08-19 23:30:35",A301,6f6db310-75e6-4dc3-b490-31f70dfa2fc7
178018,24,21.9,142,0,"2021-08-19 23:56:32",A303,6f6db310-75e6-4dc3-b490-31f70dfa2fc7
178019,24,23,116,86,"2021-08-19 23:58:20",A302,6f6db310-75e6-4dc3-b490-31f70dfa2fc7
178021,24,24,96,86,"2021-08-20 00:00:45",A301,6f6db310-75e6-4dc3-b490-31f70dfa2fc7
178046,24,21.8,141,0,"2021-08-20 00:26:56",A303,6f6db310-75e6-4dc3-b490-31f70dfa2fc7
178047,24,22.9,117,86,"2021-08-20 00:28:45",A302,6f6db310-75e6-4dc3-b490-31f70dfa2fc7
178049,24,23.9,96,86,"2021-08-20 00:30:55",A301,6f6db310-75e6-4dc3-b490-31f70dfa2fc7
178074,24,21.7,143,0,"2021-08-20 00:57:19",A303,6f6db310-75e6-4dc3-b490-31f70dfa2fc7
178075,24,22.8,116,86,"2021-08-20 00:59:10",A302,6f6db310-75e6-4dc3-b490-31f70dfa2fc7
178077,24,23.8,96,86,"2021-08-20 01:01:04",A301,6f6db310-75e6-4dc3-b490-31f70dfa2fc7
178103,24,21.6,143,0,"2021-08-20 01:27:42",A303,6f6db310-75e6-4dc3-b490-31f70dfa2fc7
178104,24,22.7,116,86,"2021-08-20 01:29:37",A302,6f6db310-75e6-4dc3-b490-31f70dfa2fc7
178105,24,23.7,96,86,"2021-08-20 01:31:13",A301,6f6db310-75e6-4dc3-b490-31f70dfa2fc7
178133,24,21.5,142,0,"2021-08-20 01:58:05",A303,6f6db310-75e6-4dc3-b490-31f70dfa2fc7
178134,24,22.6,116,86,"2021-08-20 02:00:01",A302,6f6db310-75e6-4dc3-b490-31f70dfa2fc7
178135,24,23.6,96,86,"2021-08-20 02:01:22",A301,6f6db310-75e6-4dc3-b490-31f70dfa2fc7
178158,24,21.4,143,0,"2021-08-20 02:28:28",A303,6f6db310-75e6-4dc3-b490-31f70dfa2fc7
178159,24,22.5,115,86,"2021-08-20 02:30:27",A302,6f6db310-75e6-4dc3-b490-31f70dfa2fc7
178160,24,23.6,95,86,"2021-08-20 02:31:31",A301,6f6db310-75e6-4dc3-b490-31f70dfa2fc7
178186,24,21.4,142,0,"2021-08-20 02:58:51",A303,6f6db310-75e6-4dc3-b490-31f70dfa2fc7
178187,24,22.4,115,86,"2021-08-20 03:00:52",A302,6f6db310-75e6-4dc3-b490-31f70dfa2fc7
178188,24,23.5,95,86,"2021-08-20 03:01:41",A301,6f6db310-75e6-4dc3-b490-31f70dfa2fc7
178214,24,21.3,142,0,"2021-08-20 03:29:15",A303,6f6db310-75e6-4dc3-b490-31f70dfa2fc7
178215,24,22.3,115,86,"2021-08-20 03:31:17",A302,6f6db310-75e6-4dc3-b490-31f70dfa2fc7
178216,24,23.4,95,86,"2021-08-20 03:31:51",A301,6f6db310-75e6-4dc3-b490-31f70dfa2fc7
178240,24,21.2,142,0,"2021-08-20 03:59:38",A303,6f6db310-75e6-4dc3-b490-31f70dfa2fc7
178241,24,22.3,114,86,"2021-08-20 04:01:43",A302,6f6db310-75e6-4dc3-b490-31f70dfa2fc7
178242,24,23.3,95,86,"2021-08-20 04:02:01",A301,6f6db310-75e6-4dc3-b490-31f70dfa2fc7
178268,24,21.1,141,0,"2021-08-20 04:30:01",A303,6f6db310-75e6-4dc3-b490-31f70dfa2fc7
178269,24,22.2,115,86,"2021-08-20 04:32:09",A302,6f6db310-75e6-4dc3-b490-31f70dfa2fc7
178270,24,23.22,95,86,"2021-08-20 04:32:10",A301,6f6db310-75e6-4dc3-b490-31f70dfa2fc7
178295,24,21.1,141,0,"2021-08-20 05:00:24",A303,6f6db310-75e6-4dc3-b490-31f70dfa2fc7
178296,24,23.2,95,86,"2021-08-20 05:02:19",A301,6f6db310-75e6-4dc3-b490-31f70dfa2fc7
178297,24,22.1,115,86,"2021-08-20 05:02:35",A302,6f6db310-75e6-4dc3-b490-31f70dfa2fc7
178321,24,21,142,0,"2021-08-20 05:30:48",A303,6f6db310-75e6-4dc3-b490-31f70dfa2fc7
178322,24,23.1,95,86,"2021-08-20 05:32:30",A301,6f6db310-75e6-4dc3-b490-31f70dfa2fc7
178323,24,22.1,115,86,"2021-08-20 05:33:01",A302,6f6db310-75e6-4dc3-b490-31f70dfa2fc7
178349,24,21,142,0,"2021-08-20 06:01:13",A303,6f6db310-75e6-4dc3-b490-31f70dfa2fc7
178350,24,23,95,86,"2021-08-20 06:02:40",A301,6f6db310-75e6-4dc3-b490-31f70dfa2fc7
178351,24,22.1,115,86,"2021-08-20 06:03:28",A302,6f6db310-75e6-4dc3-b490-31f70dfa2fc7
178375,24,21.1,142,8,"2021-08-20 06:31:39",A303,6f6db310-75e6-4dc3-b490-31f70dfa2fc7
178376,24,23,95,93,"2021-08-20 06:32:53",A301,6f6db310-75e6-4dc3-b490-31f70dfa2fc7
178377,24,22.1,115,93,"2021-08-20 06:33:58",A302,6f6db310-75e6-4dc3-b490-31f70dfa2fc7
178401,24,21.3,141,8,"2021-08-20 07:02:06",A303,6f6db310-75e6-4dc3-b490-31f70dfa2fc7
178402,24,22.9,95,93,"2021-08-20 07:03:06",A301,6f6db310-75e6-4dc3-b490-31f70dfa2fc7
178403,24,22.1,115,93,"2021-08-20 07:04:30",A302,6f6db310-75e6-4dc3-b490-31f70dfa2fc7
178428,24,21.5,141,8,"2021-08-20 07:32:33",A303,6f6db310-75e6-4dc3-b490-31f70dfa2fc7
178429,24,22.9,95,93,"2021-08-20 07:33:20",A301,6f6db310-75e6-4dc3-b490-31f70dfa2fc7
178430,24,22.2,114,93,"2021-08-20 07:35:01",A302,6f6db310-75e6-4dc3-b490-31f70dfa2fc7
178453,24,21.7,142,8,"2021-08-20 08:02:59",A303,6f6db310-75e6-4dc3-b490-31f70dfa2fc7
178454,24,22.9,95,93,"2021-08-20 08:03:31",A301,6f6db310-75e6-4dc3-b490-31f70dfa2fc7
178455,24,22.4,114,93,"2021-08-20 08:05:31",A302,6f6db310-75e6-4dc3-b490-31f70dfa2fc7
178478,24,21.9,142,8,"2021-08-20 08:33:26",A303,6f6db310-75e6-4dc3-b490-31f70dfa2fc7
178479,24,22.9,94,93,"2021-08-20 08:33:44",A301,6f6db310-75e6-4dc3-b490-31f70dfa2fc7
178480,24,22.5,114,93,"2021-08-20 08:36:01",A302,6f6db310-75e6-4dc3-b490-31f70dfa2fc7
178505,24,22,142,8,"2021-08-20 09:03:52",A303,6f6db310-75e6-4dc3-b490-31f70dfa2fc7
178506,24,22.9,94,93,"2021-08-20 09:03:58",A301,6f6db310-75e6-4dc3-b490-31f70dfa2fc7
178507,24,22.6,114,93,"2021-08-20 09:06:30",A302,6f6db310-75e6-4dc3-b490-31f70dfa2fc7
178532,24,23,94,93,"2021-08-20 09:34:10",A301,6f6db310-75e6-4dc3-b490-31f70dfa2fc7
178533,24,22,139,8,"2021-08-20 09:34:18",A303,6f6db310-75e6-4dc3-b490-31f70dfa2fc7
178535,24,22.7,114,93,"2021-08-20 09:37:00",A302,6f6db310-75e6-4dc3-b490-31f70dfa2fc7
178557,24,23,95,93,"2021-08-20 10:04:21",A301,6f6db310-75e6-4dc3-b490-31f70dfa2fc7
178558,24,22.1,140,8,"2021-08-20 10:04:45",A303,6f6db310-75e6-4dc3-b490-31f70dfa2fc7
178560,24,22.8,114,93,"2021-08-20 10:07:31",A302,6f6db310-75e6-4dc3-b490-31f70dfa2fc7
178584,24,23,95,93,"2021-08-20 10:34:34",A301,6f6db310-75e6-4dc3-b490-31f70dfa2fc7
178585,24,22.3,139,15,"2021-08-20 10:35:12",A303,6f6db310-75e6-4dc3-b490-31f70dfa2fc7
178586,24,22.9,113,93,"2021-08-20 10:38:02",A302,6f6db310-75e6-4dc3-b490-31f70dfa2fc7
178613,24,23,94,93,"2021-08-20 11:04:58",A301,6f6db310-75e6-4dc3-b490-31f70dfa2fc7
178614,24,23,113,93,"2021-08-20 11:08:33",A302,6f6db310-75e6-4dc3-b490-31f70dfa2fc7
178641,31,23.1,176,93,"2021-08-20 11:35:01",A301,6f6db310-75e6-4dc3-b490-31f70dfa2fc7
178642,24,22.7,141,22,"2021-08-20 11:36:08",A303,6f6db310-75e6-4dc3-b490-31f70dfa2fc7
178644,24,23.2,113,93,"2021-08-20 11:39:05",A302,6f6db310-75e6-4dc3-b490-31f70dfa2fc7
178672,29,23.2,159,93,"2021-08-20 12:05:12",A301,6f6db310-75e6-4dc3-b490-31f70dfa2fc7
178673,24,22.9,141,29,"2021-08-20 12:06:37",A303,6f6db310-75e6-4dc3-b490-31f70dfa2fc7
178700,29,23.3,150,93,"2021-08-20 12:35:27",A301,6f6db310-75e6-4dc3-b490-31f70dfa2fc7
178702,24,23.5,112,93,"2021-08-20 12:40:16",A302,6f6db310-75e6-4dc3-b490-31f70dfa2fc7
178728,29,23.3,146,93,"2021-08-20 13:05:44",A301,6f6db310-75e6-4dc3-b490-31f70dfa2fc7
178730,24,23.6,114,93,"2021-08-20 13:10:46",A302,6f6db310-75e6-4dc3-b490-31f70dfa2fc7
178756,28,23.4,140,93,"2021-08-20 13:35:59",A301,6f6db310-75e6-4dc3-b490-31f70dfa2fc7
178759,24,23.7,114,93,"2021-08-20 13:41:33",A302,6f6db310-75e6-4dc3-b490-31f70dfa2fc7
178786,28,23.5,139,93,"2021-08-20 14:06:13",A301,6f6db310-75e6-4dc3-b490-31f70dfa2fc7
178789,24,23.8,113,93,"2021-08-20 14:12:01",A302,6f6db310-75e6-4dc3-b490-31f70dfa2fc7
178814,28,23.5,137,86,"2021-08-20 14:36:29",A301,6f6db310-75e6-4dc3-b490-31f70dfa2fc7
178816,24,23.9,114,93,"2021-08-20 14:42:28",A302,6f6db310-75e6-4dc3-b490-31f70dfa2fc7
178843,28,23.6,136,86,"2021-08-20 15:06:41",A301,6f6db310-75e6-4dc3-b490-31f70dfa2fc7
178846,24,23.9,114,86,"2021-08-20 15:13:01",A302,6f6db310-75e6-4dc3-b490-31f70dfa2fc7
178872,28,23.7,134,86,"2021-08-20 15:40:50",A301,6f6db310-75e6-4dc3-b490-31f70dfa2fc7
178874,24,23.9,115,86,"2021-08-20 15:43:26",A302,6f6db310-75e6-4dc3-b490-31f70dfa2fc7
178901,28,23.7,134,86,"2021-08-20 16:11:14",A301,6f6db310-75e6-4dc3-b490-31f70dfa2fc7
178903,24,23.8,115,86,"2021-08-20 16:13:52",A302,6f6db310-75e6-4dc3-b490-31f70dfa2fc7
178929,28,23.7,132,86,"2021-08-20 16:41:43",A301,6f6db310-75e6-4dc3-b490-31f70dfa2fc7
178931,24,23.6,115,86,"2021-08-20 16:44:18",A302,6f6db310-75e6-4dc3-b490-31f70dfa2fc7
178958,24,22.58,142,0,"2021-08-20 17:11:06",A303,6f6db310-75e6-4dc3-b490-31f70dfa2fc7
178959,28,23.7,131,86,"2021-08-20 17:11:58",A301,6f6db310-75e6-4dc3-b490-31f70dfa2fc7
178979,29,23.6,139,86,"2021-08-20 17:42:20",A301,6f6db310-75e6-4dc3-b490-31f70dfa2fc7
178994,29,23.6,157,86,"2021-08-20 18:12:41",A301,6f6db310-75e6-4dc3-b490-31f70dfa2fc7
179005,29,23.5,159,86,"2021-08-20 18:43:03",A301,6f6db310-75e6-4dc3-b490-31f70dfa2fc7
179015,29,21.9,168,0,"2021-08-20 19:12:38",A303,6f6db310-75e6-4dc3-b490-31f70dfa2fc7
179016,29,23.4,160,86,"2021-08-20 19:13:25",A301,6f6db310-75e6-4dc3-b490-31f70dfa2fc7
179018,24,22.8,116,86,"2021-08-20 19:16:27",A302,6f6db310-75e6-4dc3-b490-31f70dfa2fc7
179041,29,21.7,167,0,"2021-08-20 19:43:01",A303,6f6db310-75e6-4dc3-b490-31f70dfa2fc7
179042,29,23.3,155,86,"2021-08-20 19:43:48",A301,6f6db310-75e6-4dc3-b490-31f70dfa2fc7
179044,25,22.6,116,86,"2021-08-20 19:46:54",A302,6f6db310-75e6-4dc3-b490-31f70dfa2fc7
179066,28,21.6,165,0,"2021-08-20 20:13:24",A303,6f6db310-75e6-4dc3-b490-31f70dfa2fc7
179067,29,23.3,154,86,"2021-08-20 20:14:09",A301,6f6db310-75e6-4dc3-b490-31f70dfa2fc7
179069,25,22.5,116,86,"2021-08-20 20:17:19",A302,6f6db310-75e6-4dc3-b490-31f70dfa2fc7
179095,28,21.5,163,0,"2021-08-20 20:43:48",A303,6f6db310-75e6-4dc3-b490-31f70dfa2fc7
179096,28,23.2,150,86,"2021-08-20 20:44:31",A301,6f6db310-75e6-4dc3-b490-31f70dfa2fc7
179099,25,22.4,117,86,"2021-08-20 20:47:44",A302,6f6db310-75e6-4dc3-b490-31f70dfa2fc7
179126,28,21.4,162,0,"2021-08-20 21:14:10",A303,6f6db310-75e6-4dc3-b490-31f70dfa2fc7
179127,28,23.1,149,86,"2021-08-20 21:14:55",A301,6f6db310-75e6-4dc3-b490-31f70dfa2fc7
179130,25,22.3,118,86,"2021-08-20 21:18:09",A302,6f6db310-75e6-4dc3-b490-31f70dfa2fc7
179153,28,21.3,160,0,"2021-08-20 21:44:34",A303,6f6db310-75e6-4dc3-b490-31f70dfa2fc7
179154,28,23.1,146,86,"2021-08-20 21:45:15",A301,6f6db310-75e6-4dc3-b490-31f70dfa2fc7
179157,25,22.2,119,86,"2021-08-20 21:48:35",A302,6f6db310-75e6-4dc3-b490-31f70dfa2fc7
179183,28,21.2,159,0,"2021-08-20 22:14:58",A303,6f6db310-75e6-4dc3-b490-31f70dfa2fc7
179184,28,23,146,86,"2021-08-20 22:15:35",A301,6f6db310-75e6-4dc3-b490-31f70dfa2fc7
179187,25,22.2,119,86,"2021-08-20 22:19:00",A302,6f6db310-75e6-4dc3-b490-31f70dfa2fc7
179213,27,21.2,160,0,"2021-08-20 22:45:20",A303,6f6db310-75e6-4dc3-b490-31f70dfa2fc7
179214,28,22.9,142,86,"2021-08-20 22:45:57",A301,6f6db310-75e6-4dc3-b490-31f70dfa2fc7
179217,26,22.1,120,86,"2021-08-20 22:49:25",A302,6f6db310-75e6-4dc3-b490-31f70dfa2fc7
179244,27,21.1,159,0,"2021-08-20 23:15:43",A303,6f6db310-75e6-4dc3-b490-31f70dfa2fc7
179245,28,22.8,142,86,"2021-08-20 23:16:19",A301,6f6db310-75e6-4dc3-b490-31f70dfa2fc7
179248,26,22,121,86,"2021-08-20 23:19:50",A302,6f6db310-75e6-4dc3-b490-31f70dfa2fc7
179275,27,21,158,0,"2021-08-20 23:46:05",A303,6f6db310-75e6-4dc3-b490-31f70dfa2fc7
179276,28,22.8,142,86,"2021-08-20 23:46:42",A301,6f6db310-75e6-4dc3-b490-31f70dfa2fc7
179279,26,21.9,120,86,"2021-08-20 23:50:15",A302,6f6db310-75e6-4dc3-b490-31f70dfa2fc7
179305,27,20.9,158,0,"2021-08-21 00:16:27",A303,6f6db310-75e6-4dc3-b490-31f70dfa2fc7
179306,28,22.7,141,86,"2021-08-21 00:17:01",A301,6f6db310-75e6-4dc3-b490-31f70dfa2fc7
179309,26,21.8,122,86,"2021-08-21 00:20:40",A302,6f6db310-75e6-4dc3-b490-31f70dfa2fc7
179336,27,20.8,158,0,"2021-08-21 00:46:50",A303,6f6db310-75e6-4dc3-b490-31f70dfa2fc7
179337,28,22.6,137,86,"2021-08-21 00:47:22",A301,6f6db310-75e6-4dc3-b490-31f70dfa2fc7
179340,26,21.7,125,86,"2021-08-21 00:51:04",A302,6f6db310-75e6-4dc3-b490-31f70dfa2fc7
179366,27,20.7,158,0,"2021-08-21 01:17:13",A303,6f6db310-75e6-4dc3-b490-31f70dfa2fc7
179367,28,22.6,138,86,"2021-08-21 01:17:43",A301,6f6db310-75e6-4dc3-b490-31f70dfa2fc7
179370,26,21.7,126,86,"2021-08-21 01:21:29",A302,6f6db310-75e6-4dc3-b490-31f70dfa2fc7
179396,27,20.6,155,0,"2021-08-21 01:47:35",A303,6f6db310-75e6-4dc3-b490-31f70dfa2fc7
179397,28,22.5,135,86,"2021-08-21 01:48:05",A301,6f6db310-75e6-4dc3-b490-31f70dfa2fc7
179400,26,21.6,128,86,"2021-08-21 01:51:54",A302,6f6db310-75e6-4dc3-b490-31f70dfa2fc7
179428,27,20.5,156,0,"2021-08-21 02:17:57",A303,6f6db310-75e6-4dc3-b490-31f70dfa2fc7
179429,28,22.46,138,86,"2021-08-21 02:18:27",A301,6f6db310-75e6-4dc3-b490-31f70dfa2fc7
179432,26,21.5,130,86,"2021-08-21 02:22:19",A302,6f6db310-75e6-4dc3-b490-31f70dfa2fc7
179460,27,20.5,157,0,"2021-08-21 02:48:20",A303,6f6db310-75e6-4dc3-b490-31f70dfa2fc7
179461,28,22.4,136,86,"2021-08-21 02:48:50",A301,6f6db310-75e6-4dc3-b490-31f70dfa2fc7
179463,26,21.42,130,86,"2021-08-21 02:52:43",A302,6f6db310-75e6-4dc3-b490-31f70dfa2fc7
179490,27,20.4,157,0,"2021-08-21 03:18:43",A303,6f6db310-75e6-4dc3-b490-31f70dfa2fc7
179491,28,22.3,134,86,"2021-08-21 03:19:08",A301,6f6db310-75e6-4dc3-b490-31f70dfa2fc7
179494,26,21.4,131,86,"2021-08-21 03:23:08",A302,6f6db310-75e6-4dc3-b490-31f70dfa2fc7
179519,27,20.3,156,0,"2021-08-21 03:49:05",A303,6f6db310-75e6-4dc3-b490-31f70dfa2fc7
179520,28,22.3,135,86,"2021-08-21 03:49:31",A301,6f6db310-75e6-4dc3-b490-31f70dfa2fc7
179523,26,21.3,133,86,"2021-08-21 03:53:33",A302,6f6db310-75e6-4dc3-b490-31f70dfa2fc7
179548,27,20.3,155,0,"2021-08-21 04:19:27",A303,6f6db310-75e6-4dc3-b490-31f70dfa2fc7
179550,28,22.2,133,86,"2021-08-21 04:19:50",A301,6f6db310-75e6-4dc3-b490-31f70dfa2fc7
179552,26,21.3,133,86,"2021-08-21 04:23:57",A302,6f6db310-75e6-4dc3-b490-31f70dfa2fc7
179575,27,20.2,155,0,"2021-08-21 04:49:50",A303,6f6db310-75e6-4dc3-b490-31f70dfa2fc7
179576,28,22.2,134,86,"2021-08-21 04:50:10",A301,6f6db310-75e6-4dc3-b490-31f70dfa2fc7
179578,26,21.2,133,93,"2021-08-21 04:54:22",A302,6f6db310-75e6-4dc3-b490-31f70dfa2fc7
179602,27,20.2,155,0,"2021-08-21 05:20:14",A303,6f6db310-75e6-4dc3-b490-31f70dfa2fc7
179603,28,22.1,134,93,"2021-08-21 05:20:33",A301,6f6db310-75e6-4dc3-b490-31f70dfa2fc7
179605,26,21.2,136,93,"2021-08-21 05:24:48",A302,6f6db310-75e6-4dc3-b490-31f70dfa2fc7
179629,27,20.2,155,0,"2021-08-21 05:50:38",A303,6f6db310-75e6-4dc3-b490-31f70dfa2fc7
179630,28,22.1,134,93,"2021-08-21 05:51:01",A301,6f6db310-75e6-4dc3-b490-31f70dfa2fc7
179632,26,21.1,137,93,"2021-08-21 05:55:17",A302,6f6db310-75e6-4dc3-b490-31f70dfa2fc7
179657,27,20.2,153,0,"2021-08-21 06:21:04",A303,6f6db310-75e6-4dc3-b490-31f70dfa2fc7
179658,28,22,133,93,"2021-08-21 06:21:21",A301,6f6db310-75e6-4dc3-b490-31f70dfa2fc7
179660,26,21.2,137,93,"2021-08-21 06:25:46",A302,6f6db310-75e6-4dc3-b490-31f70dfa2fc7
179685,27,20.4,155,8,"2021-08-21 06:51:30",A303,6f6db310-75e6-4dc3-b490-31f70dfa2fc7
179686,28,22,132,93,"2021-08-21 06:51:45",A301,6f6db310-75e6-4dc3-b490-31f70dfa2fc7
179689,26,21.3,139,93,"2021-08-21 06:56:12",A302,6f6db310-75e6-4dc3-b490-31f70dfa2fc7
179714,27,20.7,153,8,"2021-08-21 07:21:57",A303,6f6db310-75e6-4dc3-b490-31f70dfa2fc7
179715,28,22,132,93,"2021-08-21 07:22:11",A301,6f6db310-75e6-4dc3-b490-31f70dfa2fc7
179717,26,21.4,137,100,"2021-08-21 07:26:37",A302,6f6db310-75e6-4dc3-b490-31f70dfa2fc7
179743,27,21.1,153,15,"2021-08-21 07:52:26",A303,6f6db310-75e6-4dc3-b490-31f70dfa2fc7
179744,28,22,131,100,"2021-08-21 07:52:40",A301,6f6db310-75e6-4dc3-b490-31f70dfa2fc7
179746,26,21.7,139,100,"2021-08-21 07:57:03",A302,6f6db310-75e6-4dc3-b490-31f70dfa2fc7
179771,27,21.6,153,22,"2021-08-21 08:22:55",A303,6f6db310-75e6-4dc3-b490-31f70dfa2fc7
179772,28,22,130,100,"2021-08-21 08:23:05",A301,6f6db310-75e6-4dc3-b490-31f70dfa2fc7
179774,26,22,139,100,"2021-08-21 08:27:31",A302,6f6db310-75e6-4dc3-b490-31f70dfa2fc7
179799,27,22.1,153,29,"2021-08-21 08:53:25",A303,6f6db310-75e6-4dc3-b490-31f70dfa2fc7
179801,28,22.1,130,100,"2021-08-21 08:53:34",A301,6f6db310-75e6-4dc3-b490-31f70dfa2fc7
179803,26,22.4,138,100,"2021-08-21 08:57:59",A302,6f6db310-75e6-4dc3-b490-31f70dfa2fc7
179828,26,22.7,153,36,"2021-08-21 09:23:55",A303,6f6db310-75e6-4dc3-b490-31f70dfa2fc7
179829,28,22.2,130,100,"2021-08-21 09:24:02",A301,6f6db310-75e6-4dc3-b490-31f70dfa2fc7
179832,26,22.9,140,107,"2021-08-21 09:28:28",A302,6f6db310-75e6-4dc3-b490-31f70dfa2fc7
179855,26,23.2,152,43,"2021-08-21 09:54:26",A303,6f6db310-75e6-4dc3-b490-31f70dfa2fc7
179858,26,23.4,141,100,"2021-08-21 09:58:57",A302,6f6db310-75e6-4dc3-b490-31f70dfa2fc7
179884,28,22.5,130,100,"2021-08-21 10:25:00",A301,6f6db310-75e6-4dc3-b490-31f70dfa2fc7
179885,26,23.7,153,58,"2021-08-21 10:25:06",A303,6f6db310-75e6-4dc3-b490-31f70dfa2fc7
179888,26,23.8,141,100,"2021-08-21 10:29:27",A302,6f6db310-75e6-4dc3-b490-31f70dfa2fc7
179912,27,22.7,130,100,"2021-08-21 10:55:31",A301,6f6db310-75e6-4dc3-b490-31f70dfa2fc7
179915,26,24.3,140,100,"2021-08-21 10:59:59",A302,6f6db310-75e6-4dc3-b490-31f70dfa2fc7
179940,27,22.9,129,100,"2021-08-21 11:26:00",A301,6f6db310-75e6-4dc3-b490-31f70dfa2fc7
179943,26,24.7,141,100,"2021-08-21 11:30:27",A302,6f6db310-75e6-4dc3-b490-31f70dfa2fc7
179967,27,23.1,129,100,"2021-08-21 11:56:31",A301,6f6db310-75e6-4dc3-b490-31f70dfa2fc7
179968,26,24.7,153,65,"2021-08-21 11:56:33",A303,6f6db310-75e6-4dc3-b490-31f70dfa2fc7
179971,26,25,142,100,"2021-08-21 12:00:58",A302,6f6db310-75e6-4dc3-b490-31f70dfa2fc7
179997,27,23.3,128,100,"2021-08-21 12:26:59",A301,6f6db310-75e6-4dc3-b490-31f70dfa2fc7
180000,26,25.3,140,100,"2021-08-21 12:31:28",A302,6f6db310-75e6-4dc3-b490-31f70dfa2fc7
180027,27,23.5,129,100,"2021-08-21 12:57:29",A301,6f6db310-75e6-4dc3-b490-31f70dfa2fc7
180030,26,25.4,142,100,"2021-08-21 13:01:58",A302,6f6db310-75e6-4dc3-b490-31f70dfa2fc7
180055,27,23.6,128,100,"2021-08-21 13:27:58",A301,6f6db310-75e6-4dc3-b490-31f70dfa2fc7
180059,26,25.5,143,100,"2021-08-21 13:32:26",A302,6f6db310-75e6-4dc3-b490-31f70dfa2fc7
180079,27,23.8,128,100,"2021-08-21 13:58:27",A301,6f6db310-75e6-4dc3-b490-31f70dfa2fc7
180084,26,25.5,144,100,"2021-08-21 14:02:55",A302,6f6db310-75e6-4dc3-b490-31f70dfa2fc7
180107,27,23.9,127,93,"2021-08-21 14:28:56",A301,6f6db310-75e6-4dc3-b490-31f70dfa2fc7
180111,26,25.5,144,93,"2021-08-21 14:33:23",A302,6f6db310-75e6-4dc3-b490-31f70dfa2fc7
180133,27,24,127,93,"2021-08-21 14:59:22",A301,6f6db310-75e6-4dc3-b490-31f70dfa2fc7
180138,26,25.5,145,93,"2021-08-21 15:03:49",A302,6f6db310-75e6-4dc3-b490-31f70dfa2fc7
180160,27,24,127,86,"2021-08-21 15:29:49",A301,6f6db310-75e6-4dc3-b490-31f70dfa2fc7
180165,26,25.4,145,93,"2021-08-21 15:34:14",A302,6f6db310-75e6-4dc3-b490-31f70dfa2fc7
180188,27,24.1,126,86,"2021-08-21 16:00:13",A301,6f6db310-75e6-4dc3-b490-31f70dfa2fc7
180193,26,25.2,146,86,"2021-08-21 16:04:39",A302,6f6db310-75e6-4dc3-b490-31f70dfa2fc7
180216,27,24.1,126,86,"2021-08-21 16:30:39",A301,6f6db310-75e6-4dc3-b490-31f70dfa2fc7
180221,26,25.1,146,86,"2021-08-21 16:35:03",A302,6f6db310-75e6-4dc3-b490-31f70dfa2fc7
180244,27,24.1,126,86,"2021-08-21 17:01:04",A301,6f6db310-75e6-4dc3-b490-31f70dfa2fc7
180269,27,24.1,126,86,"2021-08-21 17:31:29",A301,6f6db310-75e6-4dc3-b490-31f70dfa2fc7
180271,26,24.7,146,86,"2021-08-21 17:35:50",A302,6f6db310-75e6-4dc3-b490-31f70dfa2fc7
180291,26,24.5,147,86,"2021-08-21 18:06:12",A302,6f6db310-75e6-4dc3-b490-31f70dfa2fc7
180304,27,24,125,86,"2021-08-21 18:32:17",A301,6f6db310-75e6-4dc3-b490-31f70dfa2fc7
180305,26,23.5,149,0,"2021-08-21 18:32:45",A303,6f6db310-75e6-4dc3-b490-31f70dfa2fc7
180307,26,24.4,146,86,"2021-08-21 18:36:35",A302,6f6db310-75e6-4dc3-b490-31f70dfa2fc7
180314,27,24,124,86,"2021-08-21 19:02:40",A301,6f6db310-75e6-4dc3-b490-31f70dfa2fc7
180318,26,24.2,146,86,"2021-08-21 19:06:56",A302,6f6db310-75e6-4dc3-b490-31f70dfa2fc7
180332,27,23.9,124,86,"2021-08-21 19:33:03",A301,6f6db310-75e6-4dc3-b490-31f70dfa2fc7
180359,27,23.9,125,86,"2021-08-21 20:03:28",A301,6f6db310-75e6-4dc3-b490-31f70dfa2fc7
180365,26,23.9,147,86,"2021-08-21 20:07:37",A302,6f6db310-75e6-4dc3-b490-31f70dfa2fc7
180388,27,23.8,124,86,"2021-08-21 20:33:48",A301,6f6db310-75e6-4dc3-b490-31f70dfa2fc7
180394,26,23.7,146,86,"2021-08-21 20:37:57",A302,6f6db310-75e6-4dc3-b490-31f70dfa2fc7
180417,27,23.8,124,86,"2021-08-21 21:04:12",A301,6f6db310-75e6-4dc3-b490-31f70dfa2fc7
180423,26,23.6,147,86,"2021-08-21 21:08:18",A302,6f6db310-75e6-4dc3-b490-31f70dfa2fc7
180444,27,23.7,123,86,"2021-08-21 21:34:34",A301,6f6db310-75e6-4dc3-b490-31f70dfa2fc7
180472,27,23.6,123,86,"2021-08-21 22:04:58",A301,6f6db310-75e6-4dc3-b490-31f70dfa2fc7
180478,26,23.3,144,86,"2021-08-21 22:08:58",A302,6f6db310-75e6-4dc3-b490-31f70dfa2fc7
180501,27,23.6,123,86,"2021-08-21 22:35:20",A301,6f6db310-75e6-4dc3-b490-31f70dfa2fc7
180507,26,23.1,147,86,"2021-08-21 22:39:17",A302,6f6db310-75e6-4dc3-b490-31f70dfa2fc7
180528,27,23.5,122,86,"2021-08-21 23:05:41",A301,6f6db310-75e6-4dc3-b490-31f70dfa2fc7
180535,26,23,146,86,"2021-08-21 23:09:37",A302,6f6db310-75e6-4dc3-b490-31f70dfa2fc7
180557,27,23.4,121,86,"2021-08-21 23:36:03",A301,6f6db310-75e6-4dc3-b490-31f70dfa2fc7
180558,26,22,152,0,"2021-08-21 23:36:31",A303,6f6db310-75e6-4dc3-b490-31f70dfa2fc7
180565,26,22.8,145,86,"2021-08-21 23:39:56",A302,6f6db310-75e6-4dc3-b490-31f70dfa2fc7
180587,27,23.3,121,86,"2021-08-22 00:06:25",A301,6f6db310-75e6-4dc3-b490-31f70dfa2fc7
180589,26,21.9,151,0,"2021-08-22 00:08:08",A303,6f6db310-75e6-4dc3-b490-31f70dfa2fc7
180594,26,22.7,145,86,"2021-08-22 00:10:16",A302,6f6db310-75e6-4dc3-b490-31f70dfa2fc7
180618,27,23.3,122,86,"2021-08-22 00:36:47",A301,6f6db310-75e6-4dc3-b490-31f70dfa2fc7
180620,26,21.8,150,0,"2021-08-22 00:38:32",A303,6f6db310-75e6-4dc3-b490-31f70dfa2fc7
180625,26,22.6,143,86,"2021-08-22 00:40:35",A302,6f6db310-75e6-4dc3-b490-31f70dfa2fc7
180648,27,23.2,121,86,"2021-08-22 01:07:08",A301,6f6db310-75e6-4dc3-b490-31f70dfa2fc7
180650,26,21.7,151,0,"2021-08-22 01:08:57",A303,6f6db310-75e6-4dc3-b490-31f70dfa2fc7
180657,26,22.5,146,86,"2021-08-22 01:10:57",A302,6f6db310-75e6-4dc3-b490-31f70dfa2fc7
180679,27,23.1,121,86,"2021-08-22 01:37:31",A301,6f6db310-75e6-4dc3-b490-31f70dfa2fc7
180681,26,21.6,151,0,"2021-08-22 01:39:19",A303,6f6db310-75e6-4dc3-b490-31f70dfa2fc7
180687,26,22.4,146,86,"2021-08-22 01:41:13",A302,6f6db310-75e6-4dc3-b490-31f70dfa2fc7
180709,27,23.02,120,86,"2021-08-22 02:07:51",A301,6f6db310-75e6-4dc3-b490-31f70dfa2fc7
180711,26,21.5,150,0,"2021-08-22 02:09:42",A303,6f6db310-75e6-4dc3-b490-31f70dfa2fc7
180716,26,22.4,145,86,"2021-08-22 02:11:32",A302,6f6db310-75e6-4dc3-b490-31f70dfa2fc7
180737,27,23,120,86,"2021-08-22 02:38:14",A301,6f6db310-75e6-4dc3-b490-31f70dfa2fc7
180739,26,21.4,151,0,"2021-08-22 02:40:05",A303,6f6db310-75e6-4dc3-b490-31f70dfa2fc7
180745,26,22.3,144,86,"2021-08-22 02:41:50",A302,6f6db310-75e6-4dc3-b490-31f70dfa2fc7
180763,27,22.9,120,86,"2021-08-22 03:08:35",A301,6f6db310-75e6-4dc3-b490-31f70dfa2fc7
180765,26,21.2,151,0,"2021-08-22 03:10:28",A303,6f6db310-75e6-4dc3-b490-31f70dfa2fc7
180771,26,22.2,144,86,"2021-08-22 03:12:08",A302,6f6db310-75e6-4dc3-b490-31f70dfa2fc7
180794,27,22.8,121,86,"2021-08-22 03:38:56",A301,6f6db310-75e6-4dc3-b490-31f70dfa2fc7
180796,26,21.1,150,0,"2021-08-22 03:40:50",A303,6f6db310-75e6-4dc3-b490-31f70dfa2fc7
180801,26,22.1,145,86,"2021-08-22 03:42:26",A302,6f6db310-75e6-4dc3-b490-31f70dfa2fc7
180822,27,22.8,120,86,"2021-08-22 04:09:15",A301,6f6db310-75e6-4dc3-b490-31f70dfa2fc7
180826,26,21,151,0,"2021-08-22 04:11:13",A303,6f6db310-75e6-4dc3-b490-31f70dfa2fc7
180828,26,21.9,145,86,"2021-08-22 04:12:45",A302,6f6db310-75e6-4dc3-b490-31f70dfa2fc7
180849,27,22.7,120,86,"2021-08-22 04:39:37",A301,6f6db310-75e6-4dc3-b490-31f70dfa2fc7
180853,26,20.9,151,0,"2021-08-22 04:41:36",A303,6f6db310-75e6-4dc3-b490-31f70dfa2fc7
180856,26,21.8,145,86,"2021-08-22 04:43:02",A302,6f6db310-75e6-4dc3-b490-31f70dfa2fc7
180877,27,22.6,119,86,"2021-08-22 05:09:58",A301,6f6db310-75e6-4dc3-b490-31f70dfa2fc7
180882,26,20.8,150,0,"2021-08-22 05:11:59",A303,6f6db310-75e6-4dc3-b490-31f70dfa2fc7
180885,26,21.7,145,86,"2021-08-22 05:13:21",A302,6f6db310-75e6-4dc3-b490-31f70dfa2fc7
180907,27,22.5,118,86,"2021-08-22 05:40:18",A301,6f6db310-75e6-4dc3-b490-31f70dfa2fc7
180911,26,20.7,149,0,"2021-08-22 05:42:23",A303,6f6db310-75e6-4dc3-b490-31f70dfa2fc7
180915,26,21.7,145,86,"2021-08-22 05:43:40",A302,6f6db310-75e6-4dc3-b490-31f70dfa2fc7
180935,26,22.5,119,93,"2021-08-22 06:10:42",A301,6f6db310-75e6-4dc3-b490-31f70dfa2fc7
180939,26,20.7,149,0,"2021-08-22 06:12:46",A303,6f6db310-75e6-4dc3-b490-31f70dfa2fc7
180942,26,21.6,145,93,"2021-08-22 06:14:00",A302,6f6db310-75e6-4dc3-b490-31f70dfa2fc7
180964,27,22.4,119,93,"2021-08-22 06:41:06",A301,6f6db310-75e6-4dc3-b490-31f70dfa2fc7
180967,26,20.8,149,0,"2021-08-22 06:43:12",A303,6f6db310-75e6-4dc3-b490-31f70dfa2fc7
180971,26,21.6,145,93,"2021-08-22 06:44:22",A302,6f6db310-75e6-4dc3-b490-31f70dfa2fc7
180994,26,22.3,119,93,"2021-08-22 07:11:31",A301,6f6db310-75e6-4dc3-b490-31f70dfa2fc7
180997,26,20.9,148,0,"2021-08-22 07:13:39",A303,6f6db310-75e6-4dc3-b490-31f70dfa2fc7
181001,26,21.7,144,93,"2021-08-22 07:14:46",A302,6f6db310-75e6-4dc3-b490-31f70dfa2fc7
181026,26,22.3,118,93,"2021-08-22 07:41:57",A301,6f6db310-75e6-4dc3-b490-31f70dfa2fc7
181029,25,21.2,149,15,"2021-08-22 07:44:08",A303,6f6db310-75e6-4dc3-b490-31f70dfa2fc7
181033,26,21.8,144,100,"2021-08-22 07:45:13",A302,6f6db310-75e6-4dc3-b490-31f70dfa2fc7
181056,26,22.3,118,100,"2021-08-22 08:12:25",A301,6f6db310-75e6-4dc3-b490-31f70dfa2fc7
181059,25,21.6,148,29,"2021-08-22 08:14:40",A303,6f6db310-75e6-4dc3-b490-31f70dfa2fc7
181063,26,22.1,144,100,"2021-08-22 08:15:46",A302,6f6db310-75e6-4dc3-b490-31f70dfa2fc7
181085,26,22.3,119,100,"2021-08-22 08:42:55",A301,6f6db310-75e6-4dc3-b490-31f70dfa2fc7
181088,25,22.1,147,43,"2021-08-22 08:45:11",A303,6f6db310-75e6-4dc3-b490-31f70dfa2fc7
181092,26,22.4,143,100,"2021-08-22 08:46:10",A302,6f6db310-75e6-4dc3-b490-31f70dfa2fc7
181116,26,22.4,118,93,"2021-08-22 09:13:24",A301,6f6db310-75e6-4dc3-b490-31f70dfa2fc7
181119,25,22.7,149,0,"2021-08-22 09:15:39",A303,6f6db310-75e6-4dc3-b490-31f70dfa2fc7
181122,26,22.8,143,93,"2021-08-22 09:16:39",A302,6f6db310-75e6-4dc3-b490-31f70dfa2fc7
181142,26,22.5,118,100,"2021-08-22 09:43:54",A301,6f6db310-75e6-4dc3-b490-31f70dfa2fc7
181145,25,23.3,151,22,"2021-08-22 09:46:05",A303,6f6db310-75e6-4dc3-b490-31f70dfa2fc7
181147,25,23.2,142,100,"2021-08-22 09:47:08",A302,6f6db310-75e6-4dc3-b490-31f70dfa2fc7
181168,26,22.6,118,100,"2021-08-22 10:14:21",A301,6f6db310-75e6-4dc3-b490-31f70dfa2fc7
181173,25,23.6,141,100,"2021-08-22 10:17:38",A302,6f6db310-75e6-4dc3-b490-31f70dfa2fc7
181198,26,22.8,118,100,"2021-08-22 10:44:50",A301,6f6db310-75e6-4dc3-b490-31f70dfa2fc7
181203,25,24,142,93,"2021-08-22 10:48:07",A302,6f6db310-75e6-4dc3-b490-31f70dfa2fc7
181225,26,22.9,117,100,"2021-08-22 11:15:22",A301,6f6db310-75e6-4dc3-b490-31f70dfa2fc7
181228,25,24.4,142,93,"2021-08-22 11:18:35",A302,6f6db310-75e6-4dc3-b490-31f70dfa2fc7
181252,26,23.1,117,100,"2021-08-22 11:45:47",A301,6f6db310-75e6-4dc3-b490-31f70dfa2fc7
181257,25,24.6,141,100,"2021-08-22 11:49:02",A302,6f6db310-75e6-4dc3-b490-31f70dfa2fc7
181281,25,24.8,142,100,"2021-08-22 12:19:34",A302,6f6db310-75e6-4dc3-b490-31f70dfa2fc7
181305,26,23.4,116,100,"2021-08-22 12:46:43",A301,6f6db310-75e6-4dc3-b490-31f70dfa2fc7
181309,25,24.9,142,100,"2021-08-22 12:49:59",A302,6f6db310-75e6-4dc3-b490-31f70dfa2fc7
181332,26,23.6,116,100,"2021-08-22 13:17:15",A301,6f6db310-75e6-4dc3-b490-31f70dfa2fc7
181336,25,24.9,141,100,"2021-08-22 13:20:30",A302,6f6db310-75e6-4dc3-b490-31f70dfa2fc7
181360,26,23.7,117,100,"2021-08-22 13:47:45",A301,6f6db310-75e6-4dc3-b490-31f70dfa2fc7
181365,25,25.1,143,100,"2021-08-22 13:51:02",A302,6f6db310-75e6-4dc3-b490-31f70dfa2fc7
181389,26,23.9,117,100,"2021-08-22 14:18:16",A301,6f6db310-75e6-4dc3-b490-31f70dfa2fc7
181393,25,25.2,142,93,"2021-08-22 14:21:32",A302,6f6db310-75e6-4dc3-b490-31f70dfa2fc7
181415,26,24,117,93,"2021-08-22 14:48:45",A301,6f6db310-75e6-4dc3-b490-31f70dfa2fc7
181420,25,25.4,144,93,"2021-08-22 14:52:01",A302,6f6db310-75e6-4dc3-b490-31f70dfa2fc7
181442,26,24.1,117,86,"2021-08-22 15:19:12",A301,6f6db310-75e6-4dc3-b490-31f70dfa2fc7
181447,25,25.4,144,93,"2021-08-22 15:22:26",A302,6f6db310-75e6-4dc3-b490-31f70dfa2fc7
181467,26,24.2,117,86,"2021-08-22 15:49:39",A301,6f6db310-75e6-4dc3-b490-31f70dfa2fc7
181472,25,25.4,144,86,"2021-08-22 15:52:50",A302,6f6db310-75e6-4dc3-b490-31f70dfa2fc7
181494,26,24.3,117,86,"2021-08-22 16:20:04",A301,6f6db310-75e6-4dc3-b490-31f70dfa2fc7
181499,25,25.3,145,86,"2021-08-22 16:23:14",A302,6f6db310-75e6-4dc3-b490-31f70dfa2fc7
181522,26,24.4,116,86,"2021-08-22 16:50:30",A301,6f6db310-75e6-4dc3-b490-31f70dfa2fc7
181527,25,25.1,145,86,"2021-08-22 16:53:37",A302,6f6db310-75e6-4dc3-b490-31f70dfa2fc7
181552,26,24.4,116,86,"2021-08-22 17:20:54",A301,6f6db310-75e6-4dc3-b490-31f70dfa2fc7
181557,26,23.4,152,8,"2021-08-22 17:23:29",A303,6f6db310-75e6-4dc3-b490-31f70dfa2fc7
181558,25,24.9,145,86,"2021-08-22 17:24:01",A302,6f6db310-75e6-4dc3-b490-31f70dfa2fc7
181581,26,24.4,116,86,"2021-08-22 17:51:17",A301,6f6db310-75e6-4dc3-b490-31f70dfa2fc7
181613,26,22.8,152,0,"2021-08-22 18:54:40",A303,6f6db310-75e6-4dc3-b490-31f70dfa2fc7
181629,26,24.3,116,86,"2021-08-22 19:26:13",A301,6f6db310-75e6-4dc3-b490-31f70dfa2fc7
181657,26,22.4,153,0,"2021-08-22 19:55:28",A303,6f6db310-75e6-4dc3-b490-31f70dfa2fc7
181658,25,23.8,145,86,"2021-08-22 19:55:42",A302,6f6db310-75e6-4dc3-b490-31f70dfa2fc7
181660,26,24.3,117,86,"2021-08-22 19:56:36",A301,6f6db310-75e6-4dc3-b490-31f70dfa2fc7
181687,26,22.2,151,0,"2021-08-22 20:25:52",A303,6f6db310-75e6-4dc3-b490-31f70dfa2fc7
181688,25,23.64,146,86,"2021-08-22 20:26:02",A302,6f6db310-75e6-4dc3-b490-31f70dfa2fc7
181715,26,22.1,151,0,"2021-08-22 20:56:15",A303,6f6db310-75e6-4dc3-b490-31f70dfa2fc7
181716,25,23.5,145,86,"2021-08-22 20:56:22",A302,6f6db310-75e6-4dc3-b490-31f70dfa2fc7
181718,26,24.1,116,86,"2021-08-22 20:57:23",A301,6f6db310-75e6-4dc3-b490-31f70dfa2fc7
181746,26,21.9,152,0,"2021-08-22 21:26:39",A303,6f6db310-75e6-4dc3-b490-31f70dfa2fc7
181747,25,23.3,145,86,"2021-08-22 21:26:41",A302,6f6db310-75e6-4dc3-b490-31f70dfa2fc7
181749,26,24.1,116,86,"2021-08-22 21:27:45",A301,6f6db310-75e6-4dc3-b490-31f70dfa2fc7
181775,25,23.1,145,86,"2021-08-22 21:57:00",A302,6f6db310-75e6-4dc3-b490-31f70dfa2fc7
181776,26,21.8,152,0,"2021-08-22 21:57:03",A303,6f6db310-75e6-4dc3-b490-31f70dfa2fc7
181778,26,24,114,86,"2021-08-22 21:58:08",A301,6f6db310-75e6-4dc3-b490-31f70dfa2fc7
181801,25,23,145,86,"2021-08-22 22:27:19",A302,6f6db310-75e6-4dc3-b490-31f70dfa2fc7
181802,26,21.6,152,0,"2021-08-22 22:27:27",A303,6f6db310-75e6-4dc3-b490-31f70dfa2fc7
181804,26,23.9,115,86,"2021-08-22 22:28:32",A301,6f6db310-75e6-4dc3-b490-31f70dfa2fc7
181832,25,22.8,143,86,"2021-08-22 22:57:37",A302,6f6db310-75e6-4dc3-b490-31f70dfa2fc7
181833,26,21.5,152,0,"2021-08-22 22:57:52",A303,6f6db310-75e6-4dc3-b490-31f70dfa2fc7
181835,26,23.8,116,86,"2021-08-22 22:58:54",A301,6f6db310-75e6-4dc3-b490-31f70dfa2fc7
181863,25,22.7,145,86,"2021-08-22 23:27:55",A302,6f6db310-75e6-4dc3-b490-31f70dfa2fc7
181864,26,21.4,152,0,"2021-08-22 23:28:13",A303,6f6db310-75e6-4dc3-b490-31f70dfa2fc7
181866,26,23.7,116,86,"2021-08-22 23:29:16",A301,6f6db310-75e6-4dc3-b490-31f70dfa2fc7
181893,25,22.5,145,86,"2021-08-22 23:58:13",A302,6f6db310-75e6-4dc3-b490-31f70dfa2fc7
181894,26,21.2,151,0,"2021-08-22 23:58:35",A303,6f6db310-75e6-4dc3-b490-31f70dfa2fc7
181895,26,23.6,116,86,"2021-08-22 23:59:38",A301,6f6db310-75e6-4dc3-b490-31f70dfa2fc7
181922,25,22.4,145,86,"2021-08-23 00:28:32",A302,6f6db310-75e6-4dc3-b490-31f70dfa2fc7
181923,26,21.1,149,0,"2021-08-23 00:28:58",A303,6f6db310-75e6-4dc3-b490-31f70dfa2fc7
181925,26,23.5,115,86,"2021-08-23 00:30:00",A301,6f6db310-75e6-4dc3-b490-31f70dfa2fc7
181952,25,22.22,144,86,"2021-08-23 00:58:48",A302,6f6db310-75e6-4dc3-b490-31f70dfa2fc7
181953,26,20.9,148,0,"2021-08-23 00:59:21",A303,6f6db310-75e6-4dc3-b490-31f70dfa2fc7
181955,26,23.4,115,86,"2021-08-23 01:00:21",A301,6f6db310-75e6-4dc3-b490-31f70dfa2fc7
181982,25,22.1,146,86,"2021-08-23 01:29:05",A302,6f6db310-75e6-4dc3-b490-31f70dfa2fc7
181983,26,20.8,150,0,"2021-08-23 01:29:42",A303,6f6db310-75e6-4dc3-b490-31f70dfa2fc7
181985,26,23.3,115,86,"2021-08-23 01:30:43",A301,6f6db310-75e6-4dc3-b490-31f70dfa2fc7
182013,25,22,144,86,"2021-08-23 01:59:24",A302,6f6db310-75e6-4dc3-b490-31f70dfa2fc7
182014,26,20.7,152,0,"2021-08-23 02:00:04",A303,6f6db310-75e6-4dc3-b490-31f70dfa2fc7
182015,26,23.2,115,86,"2021-08-23 02:01:03",A301,6f6db310-75e6-4dc3-b490-31f70dfa2fc7
182042,25,21.9,146,86,"2021-08-23 02:29:39",A302,6f6db310-75e6-4dc3-b490-31f70dfa2fc7
182043,26,20.6,152,0,"2021-08-23 02:30:26",A303,6f6db310-75e6-4dc3-b490-31f70dfa2fc7
182070,26,21.8,146,86,"2021-08-23 02:59:56",A302,6f6db310-75e6-4dc3-b490-31f70dfa2fc7
182071,26,20.4,150,0,"2021-08-23 03:00:48",A303,6f6db310-75e6-4dc3-b490-31f70dfa2fc7
182073,26,23.1,115,86,"2021-08-23 03:01:46",A301,6f6db310-75e6-4dc3-b490-31f70dfa2fc7
182099,26,21.6,146,86,"2021-08-23 03:30:12",A302,6f6db310-75e6-4dc3-b490-31f70dfa2fc7
182100,26,20.3,150,0,"2021-08-23 03:31:09",A303,6f6db310-75e6-4dc3-b490-31f70dfa2fc7
182102,26,23,113,86,"2021-08-23 03:32:08",A301,6f6db310-75e6-4dc3-b490-31f70dfa2fc7
182128,26,21.5,146,86,"2021-08-23 04:00:28",A302,6f6db310-75e6-4dc3-b490-31f70dfa2fc7
182129,26,20.2,150,0,"2021-08-23 04:01:32",A303,6f6db310-75e6-4dc3-b490-31f70dfa2fc7
182132,26,22.9,112,86,"2021-08-23 04:02:26",A301,6f6db310-75e6-4dc3-b490-31f70dfa2fc7
182157,26,21.4,146,86,"2021-08-23 04:30:45",A302,6f6db310-75e6-4dc3-b490-31f70dfa2fc7
182158,26,20.1,152,0,"2021-08-23 04:31:53",A303,6f6db310-75e6-4dc3-b490-31f70dfa2fc7
182161,26,22.8,113,86,"2021-08-23 04:32:47",A301,6f6db310-75e6-4dc3-b490-31f70dfa2fc7
182186,26,21.3,146,93,"2021-08-23 05:01:02",A302,6f6db310-75e6-4dc3-b490-31f70dfa2fc7
182187,26,20,150,0,"2021-08-23 05:02:15",A303,6f6db310-75e6-4dc3-b490-31f70dfa2fc7
182190,26,22.7,114,93,"2021-08-23 05:03:09",A301,6f6db310-75e6-4dc3-b490-31f70dfa2fc7
182215,26,21.2,146,93,"2021-08-23 05:31:21",A302,6f6db310-75e6-4dc3-b490-31f70dfa2fc7
182218,26,19.9,149,0,"2021-08-23 05:32:39",A303,6f6db310-75e6-4dc3-b490-31f70dfa2fc7
182220,26,22.6,114,93,"2021-08-23 05:33:32",A301,6f6db310-75e6-4dc3-b490-31f70dfa2fc7
182244,26,21.1,147,93,"2021-08-23 06:01:41",A302,6f6db310-75e6-4dc3-b490-31f70dfa2fc7
182247,26,19.9,149,0,"2021-08-23 06:03:04",A303,6f6db310-75e6-4dc3-b490-31f70dfa2fc7
182249,26,22.5,114,93,"2021-08-23 06:03:56",A301,6f6db310-75e6-4dc3-b490-31f70dfa2fc7
182273,26,21.1,146,93,"2021-08-23 06:32:03",A302,6f6db310-75e6-4dc3-b490-31f70dfa2fc7
182276,26,20,149,8,"2021-08-23 06:33:32",A303,6f6db310-75e6-4dc3-b490-31f70dfa2fc7
182278,26,22.4,114,93,"2021-08-23 06:34:22",A301,6f6db310-75e6-4dc3-b490-31f70dfa2fc7
182299,26,21.2,145,100,"2021-08-23 07:02:27",A302,6f6db310-75e6-4dc3-b490-31f70dfa2fc7
182301,26,20.2,149,15,"2021-08-23 07:04:00",A303,6f6db310-75e6-4dc3-b490-31f70dfa2fc7
182303,26,22.4,113,100,"2021-08-23 07:04:51",A301,6f6db310-75e6-4dc3-b490-31f70dfa2fc7
182326,26,21.4,147,100,"2021-08-23 07:32:54",A302,6f6db310-75e6-4dc3-b490-31f70dfa2fc7
182328,26,20.6,149,22,"2021-08-23 07:34:30",A303,6f6db310-75e6-4dc3-b490-31f70dfa2fc7
182350,26,21.7,147,100,"2021-08-23 08:03:22",A302,6f6db310-75e6-4dc3-b490-31f70dfa2fc7
182353,26,21.1,148,29,"2021-08-23 08:05:00",A303,6f6db310-75e6-4dc3-b490-31f70dfa2fc7
182356,26,22.3,113,100,"2021-08-23 08:05:49",A301,6f6db310-75e6-4dc3-b490-31f70dfa2fc7
182379,26,22.1,148,100,"2021-08-23 08:33:50",A302,6f6db310-75e6-4dc3-b490-31f70dfa2fc7
182384,26,22.4,113,100,"2021-08-23 08:36:20",A301,6f6db310-75e6-4dc3-b490-31f70dfa2fc7
182406,26,22.5,151,100,"2021-08-23 09:04:19",A302,6f6db310-75e6-4dc3-b490-31f70dfa2fc7
182411,26,22.5,112,100,"2021-08-23 09:06:52",A301,6f6db310-75e6-4dc3-b490-31f70dfa2fc7
182434,26,23,153,100,"2021-08-23 09:34:52",A302,6f6db310-75e6-4dc3-b490-31f70dfa2fc7
182438,26,22.6,113,100,"2021-08-23 09:37:25",A301,6f6db310-75e6-4dc3-b490-31f70dfa2fc7
182463,26,23.5,155,100,"2021-08-23 10:05:15",A302,6f6db310-75e6-4dc3-b490-31f70dfa2fc7
182468,26,22.8,113,100,"2021-08-23 10:07:54",A301,6f6db310-75e6-4dc3-b490-31f70dfa2fc7
182491,26,24,156,100,"2021-08-23 10:35:39",A302,6f6db310-75e6-4dc3-b490-31f70dfa2fc7
182495,26,23,113,100,"2021-08-23 10:38:28",A301,6f6db310-75e6-4dc3-b490-31f70dfa2fc7
182518,26,24.5,158,100,"2021-08-23 11:06:03",A302,6f6db310-75e6-4dc3-b490-31f70dfa2fc7
182523,26,23.3,112,100,"2021-08-23 11:08:57",A301,6f6db310-75e6-4dc3-b490-31f70dfa2fc7
182546,26,24.9,157,93,"2021-08-23 11:36:27",A302,6f6db310-75e6-4dc3-b490-31f70dfa2fc7
182550,26,23.5,111,100,"2021-08-23 11:39:31",A301,6f6db310-75e6-4dc3-b490-31f70dfa2fc7
182575,26,25.3,160,100,"2021-08-23 12:06:51",A302,6f6db310-75e6-4dc3-b490-31f70dfa2fc7
182580,26,23.8,112,100,"2021-08-23 12:10:01",A301,6f6db310-75e6-4dc3-b490-31f70dfa2fc7
182603,26,25.5,158,100,"2021-08-23 12:37:17",A302,6f6db310-75e6-4dc3-b490-31f70dfa2fc7
182608,26,24.1,112,100,"2021-08-23 12:40:36",A301,6f6db310-75e6-4dc3-b490-31f70dfa2fc7
182637,26,24.4,112,100,"2021-08-23 13:11:08",A301,6f6db310-75e6-4dc3-b490-31f70dfa2fc7
182658,26,25.8,161,100,"2021-08-23 13:38:01",A302,6f6db310-75e6-4dc3-b490-31f70dfa2fc7
182663,25,24.7,113,93,"2021-08-23 13:41:37",A301,6f6db310-75e6-4dc3-b490-31f70dfa2fc7
182686,26,25.9,163,100,"2021-08-23 14:08:20",A302,6f6db310-75e6-4dc3-b490-31f70dfa2fc7
182690,25,24.9,113,100,"2021-08-23 14:12:02",A301,6f6db310-75e6-4dc3-b490-31f70dfa2fc7
182714,26,26,162,100,"2021-08-23 14:38:44",A302,6f6db310-75e6-4dc3-b490-31f70dfa2fc7
182719,25,25.1,112,93,"2021-08-23 14:42:33",A301,6f6db310-75e6-4dc3-b490-31f70dfa2fc7
182744,26,25.9,162,93,"2021-08-23 15:09:05",A302,6f6db310-75e6-4dc3-b490-31f70dfa2fc7
182749,25,25.2,111,93,"2021-08-23 15:13:04",A301,6f6db310-75e6-4dc3-b490-31f70dfa2fc7
182772,26,25.9,163,93,"2021-08-23 15:39:25",A302,6f6db310-75e6-4dc3-b490-31f70dfa2fc7
182776,25,25.2,149,29,"2021-08-23 15:43:11",A303,6f6db310-75e6-4dc3-b490-31f70dfa2fc7
182778,25,25.3,113,86,"2021-08-23 15:43:30",A301,6f6db310-75e6-4dc3-b490-31f70dfa2fc7
182799,26,25.8,164,86,"2021-08-23 16:09:43",A302,6f6db310-75e6-4dc3-b490-31f70dfa2fc7
182803,25,25,148,22,"2021-08-23 16:13:18",A303,6f6db310-75e6-4dc3-b490-31f70dfa2fc7
182806,25,25.4,112,86,"2021-08-23 16:14:00",A301,6f6db310-75e6-4dc3-b490-31f70dfa2fc7
182829,26,25.6,165,86,"2021-08-23 16:40:00",A302,6f6db310-75e6-4dc3-b490-31f70dfa2fc7
182832,25,24.7,149,15,"2021-08-23 16:43:46",A303,6f6db310-75e6-4dc3-b490-31f70dfa2fc7
182835,25,25.4,113,86,"2021-08-23 16:44:23",A301,6f6db310-75e6-4dc3-b490-31f70dfa2fc7
182860,25,24.5,149,8,"2021-08-23 17:14:12",A303,6f6db310-75e6-4dc3-b490-31f70dfa2fc7
182861,25,25.4,113,86,"2021-08-23 17:14:49",A301,6f6db310-75e6-4dc3-b490-31f70dfa2fc7
182872,25,24.3,149,0,"2021-08-23 17:44:37",A303,6f6db310-75e6-4dc3-b490-31f70dfa2fc7
182873,25,25.4,113,86,"2021-08-23 17:45:14",A301,6f6db310-75e6-4dc3-b490-31f70dfa2fc7
182884,25,24,148,8,"2021-08-23 18:15:02",A303,6f6db310-75e6-4dc3-b490-31f70dfa2fc7
182894,25,23.6,148,8,"2021-08-23 19:15:52",A303,6f6db310-75e6-4dc3-b490-31f70dfa2fc7
182895,25,25.2,112,86,"2021-08-23 19:16:26",A301,6f6db310-75e6-4dc3-b490-31f70dfa2fc7
182908,25,23.4,148,0,"2021-08-23 19:46:17",A303,6f6db310-75e6-4dc3-b490-31f70dfa2fc7
182909,25,25.2,113,86,"2021-08-23 19:46:48",A301,6f6db310-75e6-4dc3-b490-31f70dfa2fc7
182931,26,24.1,165,86,"2021-08-23 20:11:40",A302,6f6db310-75e6-4dc3-b490-31f70dfa2fc7
182936,25,23.14,148,0,"2021-08-23 20:16:41",A303,6f6db310-75e6-4dc3-b490-31f70dfa2fc7
182938,25,25.1,112,86,"2021-08-23 20:17:11",A301,6f6db310-75e6-4dc3-b490-31f70dfa2fc7
182960,26,23.9,165,86,"2021-08-23 20:41:53",A302,6f6db310-75e6-4dc3-b490-31f70dfa2fc7
182965,25,22.9,148,0,"2021-08-23 20:47:04",A303,6f6db310-75e6-4dc3-b490-31f70dfa2fc7
182967,25,25,112,86,"2021-08-23 20:47:34",A301,6f6db310-75e6-4dc3-b490-31f70dfa2fc7
182990,26,23.7,166,86,"2021-08-23 21:12:04",A302,6f6db310-75e6-4dc3-b490-31f70dfa2fc7
182995,25,22.7,148,0,"2021-08-23 21:17:28",A303,6f6db310-75e6-4dc3-b490-31f70dfa2fc7
182996,25,24.9,113,86,"2021-08-23 21:17:56",A301,6f6db310-75e6-4dc3-b490-31f70dfa2fc7
183019,26,23.5,164,86,"2021-08-23 21:42:16",A302,6f6db310-75e6-4dc3-b490-31f70dfa2fc7
183024,25,22.5,148,0,"2021-08-23 21:47:53",A303,6f6db310-75e6-4dc3-b490-31f70dfa2fc7
183026,25,24.8,113,86,"2021-08-23 21:48:18",A301,6f6db310-75e6-4dc3-b490-31f70dfa2fc7
183047,26,23.32,165,86,"2021-08-23 22:12:29",A302,6f6db310-75e6-4dc3-b490-31f70dfa2fc7
183053,25,22.3,149,0,"2021-08-23 22:18:15",A303,6f6db310-75e6-4dc3-b490-31f70dfa2fc7
183054,25,24.7,112,86,"2021-08-23 22:18:41",A301,6f6db310-75e6-4dc3-b490-31f70dfa2fc7
183076,26,23.2,166,86,"2021-08-23 22:42:40",A302,6f6db310-75e6-4dc3-b490-31f70dfa2fc7
183083,25,22.2,149,0,"2021-08-23 22:48:38",A303,6f6db310-75e6-4dc3-b490-31f70dfa2fc7
183084,25,24.6,111,86,"2021-08-23 22:49:03",A301,6f6db310-75e6-4dc3-b490-31f70dfa2fc7
183107,26,23,165,86,"2021-08-23 23:12:51",A302,6f6db310-75e6-4dc3-b490-31f70dfa2fc7
183114,25,22,147,0,"2021-08-23 23:19:00",A303,6f6db310-75e6-4dc3-b490-31f70dfa2fc7
183115,25,24.4,111,86,"2021-08-23 23:19:23",A301,6f6db310-75e6-4dc3-b490-31f70dfa2fc7
183138,26,22.8,166,86,"2021-08-23 23:43:01",A302,6f6db310-75e6-4dc3-b490-31f70dfa2fc7
183145,25,21.8,147,0,"2021-08-23 23:49:22",A303,6f6db310-75e6-4dc3-b490-31f70dfa2fc7
183146,25,24.3,112,86,"2021-08-23 23:49:45",A301,6f6db310-75e6-4dc3-b490-31f70dfa2fc7
183167,26,22.6,164,86,"2021-08-24 00:13:11",A302,6f6db310-75e6-4dc3-b490-31f70dfa2fc7
183174,25,21.6,149,0,"2021-08-24 00:19:45",A303,6f6db310-75e6-4dc3-b490-31f70dfa2fc7
183175,25,24.2,112,86,"2021-08-24 00:20:06",A301,6f6db310-75e6-4dc3-b490-31f70dfa2fc7
183196,26,22.5,166,86,"2021-08-24 00:43:21",A302,6f6db310-75e6-4dc3-b490-31f70dfa2fc7
183202,25,21.5,148,0,"2021-08-24 00:50:06",A303,6f6db310-75e6-4dc3-b490-31f70dfa2fc7
183203,25,24.1,112,86,"2021-08-24 00:50:27",A301,6f6db310-75e6-4dc3-b490-31f70dfa2fc7
183226,26,22.3,166,86,"2021-08-24 01:13:30",A302,6f6db310-75e6-4dc3-b490-31f70dfa2fc7
183233,25,21.3,148,0,"2021-08-24 01:20:28",A303,6f6db310-75e6-4dc3-b490-31f70dfa2fc7
183234,25,24,110,86,"2021-08-24 01:20:46",A301,6f6db310-75e6-4dc3-b490-31f70dfa2fc7
183254,26,22.2,165,86,"2021-08-24 01:43:40",A302,6f6db310-75e6-4dc3-b490-31f70dfa2fc7
183260,25,21.1,148,0,"2021-08-24 01:50:50",A303,6f6db310-75e6-4dc3-b490-31f70dfa2fc7
183261,25,23.9,111,86,"2021-08-24 01:51:07",A301,6f6db310-75e6-4dc3-b490-31f70dfa2fc7
183284,26,22,165,86,"2021-08-24 02:13:49",A302,6f6db310-75e6-4dc3-b490-31f70dfa2fc7
183291,25,21,149,0,"2021-08-24 02:21:11",A303,6f6db310-75e6-4dc3-b490-31f70dfa2fc7
183292,25,23.7,111,86,"2021-08-24 02:21:28",A301,6f6db310-75e6-4dc3-b490-31f70dfa2fc7
183315,26,21.9,165,86,"2021-08-24 02:43:58",A302,6f6db310-75e6-4dc3-b490-31f70dfa2fc7
183322,25,23.6,111,86,"2021-08-24 02:51:48",A301,6f6db310-75e6-4dc3-b490-31f70dfa2fc7
183323,25,20.8,147,0,"2021-08-24 02:52:46",A303,6f6db310-75e6-4dc3-b490-31f70dfa2fc7
183344,26,21.7,164,86,"2021-08-24 03:14:07",A302,6f6db310-75e6-4dc3-b490-31f70dfa2fc7
183352,25,23.5,111,86,"2021-08-24 03:22:08",A301,6f6db310-75e6-4dc3-b490-31f70dfa2fc7
183353,25,20.7,145,0,"2021-08-24 03:23:09",A303,6f6db310-75e6-4dc3-b490-31f70dfa2fc7
183373,26,21.6,165,86,"2021-08-24 03:44:16",A302,6f6db310-75e6-4dc3-b490-31f70dfa2fc7
183381,25,23.4,111,86,"2021-08-24 03:52:30",A301,6f6db310-75e6-4dc3-b490-31f70dfa2fc7
183382,25,20.5,147,0,"2021-08-24 03:53:34",A303,6f6db310-75e6-4dc3-b490-31f70dfa2fc7
183402,26,21.5,165,86,"2021-08-24 04:14:24",A302,6f6db310-75e6-4dc3-b490-31f70dfa2fc7
183410,25,20.3,148,0,"2021-08-24 04:23:57",A303,6f6db310-75e6-4dc3-b490-31f70dfa2fc7
183430,26,21.3,165,86,"2021-08-24 04:44:33",A302,6f6db310-75e6-4dc3-b490-31f70dfa2fc7
183438,25,23.2,111,93,"2021-08-24 04:53:08",A301,6f6db310-75e6-4dc3-b490-31f70dfa2fc7
183439,25,20.2,147,0,"2021-08-24 04:54:26",A303,6f6db310-75e6-4dc3-b490-31f70dfa2fc7
183466,25,23,111,93,"2021-08-24 05:23:31",A301,6f6db310-75e6-4dc3-b490-31f70dfa2fc7
183467,25,20.1,146,0,"2021-08-24 05:24:48",A303,6f6db310-75e6-4dc3-b490-31f70dfa2fc7
183486,26,21.1,165,93,"2021-08-24 05:44:57",A302,6f6db310-75e6-4dc3-b490-31f70dfa2fc7
183493,25,22.9,110,93,"2021-08-24 05:53:58",A301,6f6db310-75e6-4dc3-b490-31f70dfa2fc7
183495,25,20.1,146,8,"2021-08-24 05:55:15",A303,6f6db310-75e6-4dc3-b490-31f70dfa2fc7
183514,26,21,164,93,"2021-08-24 06:15:12",A302,6f6db310-75e6-4dc3-b490-31f70dfa2fc7
183521,25,22.8,110,93,"2021-08-24 06:24:20",A301,6f6db310-75e6-4dc3-b490-31f70dfa2fc7
183523,25,20.1,146,8,"2021-08-24 06:25:43",A303,6f6db310-75e6-4dc3-b490-31f70dfa2fc7
183541,26,21.1,164,100,"2021-08-24 06:45:32",A302,6f6db310-75e6-4dc3-b490-31f70dfa2fc7
183547,25,22.7,110,100,"2021-08-24 06:54:49",A301,6f6db310-75e6-4dc3-b490-31f70dfa2fc7
183549,25,20.3,144,22,"2021-08-24 06:56:15",A303,6f6db310-75e6-4dc3-b490-31f70dfa2fc7
183566,26,21.2,163,93,"2021-08-24 07:15:50",A302,6f6db310-75e6-4dc3-b490-31f70dfa2fc7
183573,25,22.7,110,100,"2021-08-24 07:25:16",A301,6f6db310-75e6-4dc3-b490-31f70dfa2fc7
183575,25,20.6,146,50,"2021-08-24 07:26:47",A303,6f6db310-75e6-4dc3-b490-31f70dfa2fc7
183594,26,21.5,163,100,"2021-08-24 07:46:10",A302,6f6db310-75e6-4dc3-b490-31f70dfa2fc7
183601,25,22.6,110,100,"2021-08-24 07:55:46",A301,6f6db310-75e6-4dc3-b490-31f70dfa2fc7
183622,26,21.8,162,100,"2021-08-24 08:16:30",A302,6f6db310-75e6-4dc3-b490-31f70dfa2fc7
183629,25,22.7,109,100,"2021-08-24 08:26:14",A301,6f6db310-75e6-4dc3-b490-31f70dfa2fc7
183631,25,21.6,145,50,"2021-08-24 08:27:52",A303,6f6db310-75e6-4dc3-b490-31f70dfa2fc7
183650,26,22.2,163,100,"2021-08-24 08:46:50",A302,6f6db310-75e6-4dc3-b490-31f70dfa2fc7
183657,25,22.7,110,100,"2021-08-24 08:56:42",A301,6f6db310-75e6-4dc3-b490-31f70dfa2fc7
183676,26,22.7,160,100,"2021-08-24 09:17:11",A302,6f6db310-75e6-4dc3-b490-31f70dfa2fc7
183684,25,22.8,110,100,"2021-08-24 09:27:11",A301,6f6db310-75e6-4dc3-b490-31f70dfa2fc7
183703,26,23.2,161,100,"2021-08-24 09:47:34",A302,6f6db310-75e6-4dc3-b490-31f70dfa2fc7
183710,25,23,110,100,"2021-08-24 09:57:42",A301,6f6db310-75e6-4dc3-b490-31f70dfa2fc7
183728,26,23.8,161,100,"2021-08-24 10:17:58",A302,6f6db310-75e6-4dc3-b490-31f70dfa2fc7
183735,25,23.2,109,100,"2021-08-24 10:28:14",A301,6f6db310-75e6-4dc3-b490-31f70dfa2fc7
183737,24,23.9,144,79,"2021-08-24 10:30:06",A303,6f6db310-75e6-4dc3-b490-31f70dfa2fc7
183756,26,24.3,161,100,"2021-08-24 10:48:22",A302,6f6db310-75e6-4dc3-b490-31f70dfa2fc7
183763,25,23.4,109,100,"2021-08-24 10:58:44",A301,6f6db310-75e6-4dc3-b490-31f70dfa2fc7
183783,26,24.7,160,100,"2021-08-24 11:18:45",A302,6f6db310-75e6-4dc3-b490-31f70dfa2fc7
183790,25,23.6,109,100,"2021-08-24 11:29:16",A301,6f6db310-75e6-4dc3-b490-31f70dfa2fc7
183808,26,25,161,100,"2021-08-24 11:49:09",A302,6f6db310-75e6-4dc3-b490-31f70dfa2fc7
183815,25,23.9,109,100,"2021-08-24 11:59:46",A301,6f6db310-75e6-4dc3-b490-31f70dfa2fc7
183835,26,25.2,161,100,"2021-08-24 12:19:34",A302,6f6db310-75e6-4dc3-b490-31f70dfa2fc7
183842,25,24.2,110,100,"2021-08-24 12:30:15",A301,6f6db310-75e6-4dc3-b490-31f70dfa2fc7
183860,26,25.3,162,100,"2021-08-24 12:49:59",A302,6f6db310-75e6-4dc3-b490-31f70dfa2fc7
183867,26,24.5,109,100,"2021-08-24 13:00:41",A301,6f6db310-75e6-4dc3-b490-31f70dfa2fc7
183885,26,25.5,161,100,"2021-08-24 13:20:22",A302,6f6db310-75e6-4dc3-b490-31f70dfa2fc7
183893,26,24.7,112,100,"2021-08-24 13:31:13",A301,6f6db310-75e6-4dc3-b490-31f70dfa2fc7
183911,26,25.5,162,100,"2021-08-24 13:50:45",A302,6f6db310-75e6-4dc3-b490-31f70dfa2fc7
183919,27,24.9,115,100,"2021-08-24 14:01:40",A301,6f6db310-75e6-4dc3-b490-31f70dfa2fc7
183922,24,25.5,145,93,"2021-08-24 14:04:08",A303,6f6db310-75e6-4dc3-b490-31f70dfa2fc7
183936,26,25.5,161,93,"2021-08-24 14:21:09",A302,6f6db310-75e6-4dc3-b490-31f70dfa2fc7
183945,27,25,118,93,"2021-08-24 14:32:11",A301,6f6db310-75e6-4dc3-b490-31f70dfa2fc7
183960,26,25.5,163,93,"2021-08-24 14:51:31",A302,6f6db310-75e6-4dc3-b490-31f70dfa2fc7
183969,27,25,120,86,"2021-08-24 15:02:40",A301,6f6db310-75e6-4dc3-b490-31f70dfa2fc7
183973,24,25.4,144,86,"2021-08-24 15:05:20",A303,6f6db310-75e6-4dc3-b490-31f70dfa2fc7
183987,26,25.5,162,93,"2021-08-24 15:21:53",A302,6f6db310-75e6-4dc3-b490-31f70dfa2fc7
183996,27,25.1,121,86,"2021-08-24 15:33:09",A301,6f6db310-75e6-4dc3-b490-31f70dfa2fc7
184012,26,25.4,163,86,"2021-08-24 15:52:13",A302,6f6db310-75e6-4dc3-b490-31f70dfa2fc7
184020,27,25.1,122,86,"2021-08-24 16:03:38",A301,6f6db310-75e6-4dc3-b490-31f70dfa2fc7
184036,26,25.2,162,86,"2021-08-24 16:22:32",A302,6f6db310-75e6-4dc3-b490-31f70dfa2fc7
184043,27,25.1,122,86,"2021-08-24 16:34:04",A301,6f6db310-75e6-4dc3-b490-31f70dfa2fc7
184060,26,25,163,86,"2021-08-24 16:52:49",A302,6f6db310-75e6-4dc3-b490-31f70dfa2fc7
184068,27,25.1,122,86,"2021-08-24 17:04:29",A301,6f6db310-75e6-4dc3-b490-31f70dfa2fc7
184130,26,24,162,86,"2021-08-24 19:24:06",A302,6f6db310-75e6-4dc3-b490-31f70dfa2fc7
184157,26,24.7,123,86,"2021-08-24 20:06:56",A301,6f6db310-75e6-4dc3-b490-31f70dfa2fc7
184159,24,23.4,144,22,"2021-08-24 20:10:05",A303,6f6db310-75e6-4dc3-b490-31f70dfa2fc7
184170,26,23.6,160,86,"2021-08-24 20:24:35",A302,6f6db310-75e6-4dc3-b490-31f70dfa2fc7
184182,26,24.5,122,86,"2021-08-24 20:37:21",A301,6f6db310-75e6-4dc3-b490-31f70dfa2fc7
184184,24,23.2,143,29,"2021-08-24 20:40:33",A303,6f6db310-75e6-4dc3-b490-31f70dfa2fc7
184196,26,23.4,162,86,"2021-08-24 20:54:51",A302,6f6db310-75e6-4dc3-b490-31f70dfa2fc7
184209,24,23.1,142,22,"2021-08-24 21:11:01",A303,6f6db310-75e6-4dc3-b490-31f70dfa2fc7
184223,26,23.2,163,86,"2021-08-24 21:25:03",A302,6f6db310-75e6-4dc3-b490-31f70dfa2fc7
184236,24,22.9,143,22,"2021-08-24 21:41:28",A303,6f6db310-75e6-4dc3-b490-31f70dfa2fc7
184239,26,24.3,122,86,"2021-08-24 21:41:53",A301,6f6db310-75e6-4dc3-b490-31f70dfa2fc7
184250,26,23.1,163,86,"2021-08-24 21:55:17",A302,6f6db310-75e6-4dc3-b490-31f70dfa2fc7
184264,24,22.7,144,15,"2021-08-24 22:11:55",A303,6f6db310-75e6-4dc3-b490-31f70dfa2fc7
184277,26,22.9,162,86,"2021-08-24 22:25:30",A302,6f6db310-75e6-4dc3-b490-31f70dfa2fc7
184289,24,22.6,145,8,"2021-08-24 22:42:21",A303,6f6db310-75e6-4dc3-b490-31f70dfa2fc7
184291,26,24.1,121,86,"2021-08-24 22:42:43",A301,6f6db310-75e6-4dc3-b490-31f70dfa2fc7
184302,26,22.8,162,86,"2021-08-24 22:55:43",A302,6f6db310-75e6-4dc3-b490-31f70dfa2fc7
184317,24,22.4,144,8,"2021-08-24 23:12:47",A303,6f6db310-75e6-4dc3-b490-31f70dfa2fc7
184318,26,24,122,86,"2021-08-24 23:13:02",A301,6f6db310-75e6-4dc3-b490-31f70dfa2fc7
184329,26,22.7,159,86,"2021-08-24 23:25:55",A302,6f6db310-75e6-4dc3-b490-31f70dfa2fc7
184344,24,22.3,144,8,"2021-08-24 23:43:13",A303,6f6db310-75e6-4dc3-b490-31f70dfa2fc7
184345,26,23.9,121,86,"2021-08-24 23:43:24",A301,6f6db310-75e6-4dc3-b490-31f70dfa2fc7
184355,26,22.5,163,86,"2021-08-24 23:56:06",A302,6f6db310-75e6-4dc3-b490-31f70dfa2fc7
184371,24,22.2,145,0,"2021-08-25 00:13:39",A303,6f6db310-75e6-4dc3-b490-31f70dfa2fc7
184372,26,23.8,121,86,"2021-08-25 00:13:46",A301,6f6db310-75e6-4dc3-b490-31f70dfa2fc7
184382,26,22.4,162,86,"2021-08-25 00:26:17",A302,6f6db310-75e6-4dc3-b490-31f70dfa2fc7
184397,24,22,145,0,"2021-08-25 00:44:04",A303,6f6db310-75e6-4dc3-b490-31f70dfa2fc7
184398,26,23.7,121,86,"2021-08-25 00:44:06",A301,6f6db310-75e6-4dc3-b490-31f70dfa2fc7
184408,26,22.3,161,86,"2021-08-25 00:56:28",A302,6f6db310-75e6-4dc3-b490-31f70dfa2fc7
184423,26,23.6,121,86,"2021-08-25 01:14:28",A301,6f6db310-75e6-4dc3-b490-31f70dfa2fc7
184424,24,21.9,144,0,"2021-08-25 01:14:28",A303,6f6db310-75e6-4dc3-b490-31f70dfa2fc7
184433,26,22.2,161,86,"2021-08-25 01:26:38",A302,6f6db310-75e6-4dc3-b490-31f70dfa2fc7
184449,26,23.5,120,86,"2021-08-25 01:44:48",A301,6f6db310-75e6-4dc3-b490-31f70dfa2fc7
184450,24,21.7,143,0,"2021-08-25 01:44:53",A303,6f6db310-75e6-4dc3-b490-31f70dfa2fc7
184460,26,22,161,86,"2021-08-25 01:56:48",A302,6f6db310-75e6-4dc3-b490-31f70dfa2fc7
184476,26,23.4,121,86,"2021-08-25 02:15:08",A301,6f6db310-75e6-4dc3-b490-31f70dfa2fc7
184477,24,21.6,144,0,"2021-08-25 02:15:17",A303,6f6db310-75e6-4dc3-b490-31f70dfa2fc7
184486,26,21.9,161,86,"2021-08-25 02:26:57",A302,6f6db310-75e6-4dc3-b490-31f70dfa2fc7
184502,26,23.3,120,86,"2021-08-25 02:45:28",A301,6f6db310-75e6-4dc3-b490-31f70dfa2fc7
184503,24,21.4,142,0,"2021-08-25 02:45:40",A303,6f6db310-75e6-4dc3-b490-31f70dfa2fc7
184512,26,21.8,160,86,"2021-08-25 02:57:06",A302,6f6db310-75e6-4dc3-b490-31f70dfa2fc7
184526,26,23.2,120,86,"2021-08-25 03:15:48",A301,6f6db310-75e6-4dc3-b490-31f70dfa2fc7
184527,24,21.2,144,0,"2021-08-25 03:16:04",A303,6f6db310-75e6-4dc3-b490-31f70dfa2fc7
184537,26,21.6,159,86,"2021-08-25 03:27:14",A302,6f6db310-75e6-4dc3-b490-31f70dfa2fc7
184554,26,23,120,86,"2021-08-25 03:46:08",A301,6f6db310-75e6-4dc3-b490-31f70dfa2fc7
184555,24,21,143,0,"2021-08-25 03:46:27",A303,6f6db310-75e6-4dc3-b490-31f70dfa2fc7
184564,26,21.5,159,86,"2021-08-25 03:57:22",A302,6f6db310-75e6-4dc3-b490-31f70dfa2fc7
184580,26,22.9,119,86,"2021-08-25 04:16:26",A301,6f6db310-75e6-4dc3-b490-31f70dfa2fc7
184581,24,20.9,143,0,"2021-08-25 04:16:50",A303,6f6db310-75e6-4dc3-b490-31f70dfa2fc7
184591,26,21.3,159,86,"2021-08-25 04:27:30",A302,6f6db310-75e6-4dc3-b490-31f70dfa2fc7
184607,26,22.8,119,93,"2021-08-25 04:46:46",A301,6f6db310-75e6-4dc3-b490-31f70dfa2fc7
184608,24,20.7,144,0,"2021-08-25 04:47:14",A303,6f6db310-75e6-4dc3-b490-31f70dfa2fc7
184617,26,21.2,159,93,"2021-08-25 04:57:40",A302,6f6db310-75e6-4dc3-b490-31f70dfa2fc7
184631,26,22.7,119,93,"2021-08-25 05:17:07",A301,6f6db310-75e6-4dc3-b490-31f70dfa2fc7
184632,24,20.6,142,0,"2021-08-25 05:17:39",A303,6f6db310-75e6-4dc3-b490-31f70dfa2fc7
184656,26,22.6,119,93,"2021-08-25 05:47:29",A301,6f6db310-75e6-4dc3-b490-31f70dfa2fc7
184659,24,20.5,142,8,"2021-08-25 05:48:06",A303,6f6db310-75e6-4dc3-b490-31f70dfa2fc7
184668,26,21,158,93,"2021-08-25 05:58:04",A302,6f6db310-75e6-4dc3-b490-31f70dfa2fc7
184683,26,22.5,118,93,"2021-08-25 06:17:53",A301,6f6db310-75e6-4dc3-b490-31f70dfa2fc7
184687,24,20.5,142,29,"2021-08-25 06:18:34",A303,6f6db310-75e6-4dc3-b490-31f70dfa2fc7
184694,26,20.9,157,93,"2021-08-25 06:28:19",A302,6f6db310-75e6-4dc3-b490-31f70dfa2fc7
184711,26,22.4,119,100,"2021-08-25 06:48:18",A301,6f6db310-75e6-4dc3-b490-31f70dfa2fc7
184721,26,21,155,100,"2021-08-25 06:58:37",A302,6f6db310-75e6-4dc3-b490-31f70dfa2fc7
184740,26,22.3,119,100,"2021-08-25 07:18:45",A301,6f6db310-75e6-4dc3-b490-31f70dfa2fc7
184744,24,20.8,142,65,"2021-08-25 07:19:38",A303,6f6db310-75e6-4dc3-b490-31f70dfa2fc7
184750,26,21.2,153,100,"2021-08-25 07:28:58",A302,6f6db310-75e6-4dc3-b490-31f70dfa2fc7
184769,26,22.3,119,100,"2021-08-25 07:49:14",A301,6f6db310-75e6-4dc3-b490-31f70dfa2fc7
184773,24,21.2,142,86,"2021-08-25 07:50:09",A303,6f6db310-75e6-4dc3-b490-31f70dfa2fc7
184780,26,21.4,155,100,"2021-08-25 07:59:21",A302,6f6db310-75e6-4dc3-b490-31f70dfa2fc7
184796,26,22.3,119,100,"2021-08-25 08:19:44",A301,6f6db310-75e6-4dc3-b490-31f70dfa2fc7
184806,26,21.8,155,100,"2021-08-25 08:29:43",A302,6f6db310-75e6-4dc3-b490-31f70dfa2fc7
184823,26,22.3,119,100,"2021-08-25 08:50:15",A301,6f6db310-75e6-4dc3-b490-31f70dfa2fc7
184831,26,22.26,154,100,"2021-08-25 09:00:06",A302,6f6db310-75e6-4dc3-b490-31f70dfa2fc7
184849,26,22.4,119,100,"2021-08-25 09:20:43",A301,6f6db310-75e6-4dc3-b490-31f70dfa2fc7
184856,26,22.8,154,100,"2021-08-25 09:30:30",A302,6f6db310-75e6-4dc3-b490-31f70dfa2fc7
184874,26,22.5,118,100,"2021-08-25 09:51:12",A301,6f6db310-75e6-4dc3-b490-31f70dfa2fc7
184881,25,23.3,153,100,"2021-08-25 10:00:54",A302,6f6db310-75e6-4dc3-b490-31f70dfa2fc7
184902,26,22.6,118,100,"2021-08-25 10:21:45",A301,6f6db310-75e6-4dc3-b490-31f70dfa2fc7
184910,25,23.9,155,100,"2021-08-25 10:31:19",A302,6f6db310-75e6-4dc3-b490-31f70dfa2fc7
184927,26,22.8,117,100,"2021-08-25 10:52:14",A301,6f6db310-75e6-4dc3-b490-31f70dfa2fc7
184934,25,24.5,154,100,"2021-08-25 11:01:45",A302,6f6db310-75e6-4dc3-b490-31f70dfa2fc7
184957,23,25.4,139,93,"2021-08-25 11:24:29",A303,6f6db310-75e6-4dc3-b490-31f70dfa2fc7
184960,25,24.9,151,100,"2021-08-25 11:32:10",A302,6f6db310-75e6-4dc3-b490-31f70dfa2fc7
184981,26,23.2,117,100,"2021-08-25 11:53:18",A301,6f6db310-75e6-4dc3-b490-31f70dfa2fc7
184988,25,25.3,154,100,"2021-08-25 12:02:47",A302,6f6db310-75e6-4dc3-b490-31f70dfa2fc7
185011,26,23.4,118,100,"2021-08-25 12:23:51",A301,6f6db310-75e6-4dc3-b490-31f70dfa2fc7
185014,23,26,139,93,"2021-08-25 12:25:25",A303,6f6db310-75e6-4dc3-b490-31f70dfa2fc7
185019,25,25.6,154,100,"2021-08-25 12:33:11",A302,6f6db310-75e6-4dc3-b490-31f70dfa2fc7
185037,26,23.5,118,100,"2021-08-25 12:54:22",A301,6f6db310-75e6-4dc3-b490-31f70dfa2fc7
185043,25,25.9,154,100,"2021-08-25 13:03:31",A302,6f6db310-75e6-4dc3-b490-31f70dfa2fc7
185067,26,23.7,117,100,"2021-08-25 13:24:54",A301,6f6db310-75e6-4dc3-b490-31f70dfa2fc7
185074,25,26,151,100,"2021-08-25 13:33:53",A302,6f6db310-75e6-4dc3-b490-31f70dfa2fc7
185095,26,23.8,118,93,"2021-08-25 13:55:26",A301,6f6db310-75e6-4dc3-b490-31f70dfa2fc7
185101,25,26.2,155,100,"2021-08-25 14:04:15",A302,6f6db310-75e6-4dc3-b490-31f70dfa2fc7
185121,26,24,118,100,"2021-08-25 14:25:58",A301,6f6db310-75e6-4dc3-b490-31f70dfa2fc7
185127,25,26.3,155,100,"2021-08-25 14:34:36",A302,6f6db310-75e6-4dc3-b490-31f70dfa2fc7
185147,26,24.1,118,86,"2021-08-25 14:56:31",A301,6f6db310-75e6-4dc3-b490-31f70dfa2fc7
185154,25,26.3,155,93,"2021-08-25 15:04:58",A302,6f6db310-75e6-4dc3-b490-31f70dfa2fc7
185173,26,24.2,118,86,"2021-08-25 15:27:02",A301,6f6db310-75e6-4dc3-b490-31f70dfa2fc7
185179,25,26.3,154,93,"2021-08-25 15:35:17",A302,6f6db310-75e6-4dc3-b490-31f70dfa2fc7
185200,26,24.3,118,86,"2021-08-25 15:57:35",A301,6f6db310-75e6-4dc3-b490-31f70dfa2fc7
185202,22,26.3,140,100,"2021-08-25 15:59:35",A303,6f6db310-75e6-4dc3-b490-31f70dfa2fc7
185207,25,26.2,153,93,"2021-08-25 16:05:35",A302,6f6db310-75e6-4dc3-b490-31f70dfa2fc7
185231,26,24.4,118,86,"2021-08-25 16:27:59",A301,6f6db310-75e6-4dc3-b490-31f70dfa2fc7
185233,22,26.1,139,100,"2021-08-25 16:30:06",A303,6f6db310-75e6-4dc3-b490-31f70dfa2fc7
185238,25,26.1,155,86,"2021-08-25 16:35:50",A302,6f6db310-75e6-4dc3-b490-31f70dfa2fc7
185260,26,24.4,118,86,"2021-08-25 16:58:25",A301,6f6db310-75e6-4dc3-b490-31f70dfa2fc7
185262,22,25.9,138,93,"2021-08-25 17:00:36",A303,6f6db310-75e6-4dc3-b490-31f70dfa2fc7
185266,25,25.9,155,86,"2021-08-25 17:06:08",A302,6f6db310-75e6-4dc3-b490-31f70dfa2fc7
185285,26,24.5,117,86,"2021-08-25 17:28:51",A301,6f6db310-75e6-4dc3-b490-31f70dfa2fc7
185287,22,25.6,140,86,"2021-08-25 17:31:05",A303,6f6db310-75e6-4dc3-b490-31f70dfa2fc7
185292,25,25.7,155,86,"2021-08-25 17:36:17",A302,6f6db310-75e6-4dc3-b490-31f70dfa2fc7
185309,22,25.3,139,79,"2021-08-25 18:01:34",A303,6f6db310-75e6-4dc3-b490-31f70dfa2fc7
185312,25,25.4,155,86,"2021-08-25 18:06:29",A302,6f6db310-75e6-4dc3-b490-31f70dfa2fc7
185374,26,24.3,117,86,"2021-08-25 20:00:54",A301,6f6db310-75e6-4dc3-b490-31f70dfa2fc7
185377,25,24.5,154,86,"2021-08-25 20:07:12",A302,6f6db310-75e6-4dc3-b490-31f70dfa2fc7
185402,26,24.3,117,86,"2021-08-25 20:31:18",A301,6f6db310-75e6-4dc3-b490-31f70dfa2fc7
185404,22,24.1,140,22,"2021-08-25 20:33:54",A303,6f6db310-75e6-4dc3-b490-31f70dfa2fc7
185430,26,24.2,117,86,"2021-08-25 21:01:40",A301,6f6db310-75e6-4dc3-b490-31f70dfa2fc7
185432,23,23.9,140,15,"2021-08-25 21:04:21",A303,6f6db310-75e6-4dc3-b490-31f70dfa2fc7
185435,25,24.1,156,86,"2021-08-25 21:07:30",A302,6f6db310-75e6-4dc3-b490-31f70dfa2fc7
185460,26,24.1,117,86,"2021-08-25 21:32:03",A301,6f6db310-75e6-4dc3-b490-31f70dfa2fc7
185462,23,23.7,140,8,"2021-08-25 21:34:47",A303,6f6db310-75e6-4dc3-b490-31f70dfa2fc7
185466,25,23.9,155,86,"2021-08-25 21:37:38",A302,6f6db310-75e6-4dc3-b490-31f70dfa2fc7
185488,26,24,116,86,"2021-08-25 22:02:24",A301,6f6db310-75e6-4dc3-b490-31f70dfa2fc7
185490,23,23.5,140,8,"2021-08-25 22:05:13",A303,6f6db310-75e6-4dc3-b490-31f70dfa2fc7
185494,25,23.7,155,86,"2021-08-25 22:07:45",A302,6f6db310-75e6-4dc3-b490-31f70dfa2fc7
185519,26,23.9,117,86,"2021-08-25 22:32:46",A301,6f6db310-75e6-4dc3-b490-31f70dfa2fc7
185521,23,23.3,140,8,"2021-08-25 22:35:38",A303,6f6db310-75e6-4dc3-b490-31f70dfa2fc7
185524,25,23.5,155,86,"2021-08-25 22:37:53",A302,6f6db310-75e6-4dc3-b490-31f70dfa2fc7
185548,26,23.8,117,86,"2021-08-25 23:03:08",A301,6f6db310-75e6-4dc3-b490-31f70dfa2fc7
185550,23,23.1,140,8,"2021-08-25 23:06:04",A303,6f6db310-75e6-4dc3-b490-31f70dfa2fc7
185554,25,23.3,153,86,"2021-08-25 23:08:01",A302,6f6db310-75e6-4dc3-b490-31f70dfa2fc7
185580,26,23.7,117,86,"2021-08-25 23:33:30",A301,6f6db310-75e6-4dc3-b490-31f70dfa2fc7
185583,23,22.9,139,8,"2021-08-25 23:36:29",A303,6f6db310-75e6-4dc3-b490-31f70dfa2fc7
185586,25,23.1,153,86,"2021-08-25 23:38:07",A302,6f6db310-75e6-4dc3-b490-31f70dfa2fc7
185612,26,23.6,116,86,"2021-08-26 00:03:50",A301,6f6db310-75e6-4dc3-b490-31f70dfa2fc7
185615,23,22.7,139,8,"2021-08-26 00:06:56",A303,6f6db310-75e6-4dc3-b490-31f70dfa2fc7
185618,25,22.9,153,86,"2021-08-26 00:08:13",A302,6f6db310-75e6-4dc3-b490-31f70dfa2fc7
185644,26,23.5,116,86,"2021-08-26 00:34:12",A301,6f6db310-75e6-4dc3-b490-31f70dfa2fc7
185648,23,22.5,140,0,"2021-08-26 00:37:19",A303,6f6db310-75e6-4dc3-b490-31f70dfa2fc7
185650,25,22.8,154,86,"2021-08-26 00:38:18",A302,6f6db310-75e6-4dc3-b490-31f70dfa2fc7
185675,26,23.4,116,86,"2021-08-26 01:04:32",A301,6f6db310-75e6-4dc3-b490-31f70dfa2fc7
185678,23,22.3,139,0,"2021-08-26 01:07:43",A303,6f6db310-75e6-4dc3-b490-31f70dfa2fc7
185681,25,22.6,153,86,"2021-08-26 01:08:24",A302,6f6db310-75e6-4dc3-b490-31f70dfa2fc7
185706,26,23.3,116,86,"2021-08-26 01:34:52",A301,6f6db310-75e6-4dc3-b490-31f70dfa2fc7
185709,23,22.1,139,0,"2021-08-26 01:38:08",A303,6f6db310-75e6-4dc3-b490-31f70dfa2fc7
185711,25,22.5,150,86,"2021-08-26 01:38:29",A302,6f6db310-75e6-4dc3-b490-31f70dfa2fc7
185735,26,23.2,116,86,"2021-08-26 02:05:13",A301,6f6db310-75e6-4dc3-b490-31f70dfa2fc7
185739,23,22,138,0,"2021-08-26 02:08:31",A303,6f6db310-75e6-4dc3-b490-31f70dfa2fc7
185740,25,22.3,150,86,"2021-08-26 02:08:34",A302,6f6db310-75e6-4dc3-b490-31f70dfa2fc7
185765,26,23.1,116,86,"2021-08-26 02:35:32",A301,6f6db310-75e6-4dc3-b490-31f70dfa2fc7
185768,25,22.2,151,86,"2021-08-26 02:38:39",A302,6f6db310-75e6-4dc3-b490-31f70dfa2fc7
185770,23,21.8,139,0,"2021-08-26 02:38:55",A303,6f6db310-75e6-4dc3-b490-31f70dfa2fc7
185795,26,23,116,86,"2021-08-26 03:05:53",A301,6f6db310-75e6-4dc3-b490-31f70dfa2fc7
185797,25,22,151,86,"2021-08-26 03:08:43",A302,6f6db310-75e6-4dc3-b490-31f70dfa2fc7
185799,23,21.6,139,0,"2021-08-26 03:09:19",A303,6f6db310-75e6-4dc3-b490-31f70dfa2fc7
185821,26,22.9,116,86,"2021-08-26 03:36:11",A301,6f6db310-75e6-4dc3-b490-31f70dfa2fc7
185824,25,21.9,149,86,"2021-08-26 03:38:47",A302,6f6db310-75e6-4dc3-b490-31f70dfa2fc7
185826,23,21.5,138,0,"2021-08-26 03:39:42",A303,6f6db310-75e6-4dc3-b490-31f70dfa2fc7
185849,26,22.8,115,86,"2021-08-26 04:06:30",A301,6f6db310-75e6-4dc3-b490-31f70dfa2fc7
185852,25,21.8,151,86,"2021-08-26 04:08:52",A302,6f6db310-75e6-4dc3-b490-31f70dfa2fc7
185854,23,21.3,139,0,"2021-08-26 04:10:05",A303,6f6db310-75e6-4dc3-b490-31f70dfa2fc7
185878,26,22.6,115,86,"2021-08-26 04:36:51",A301,6f6db310-75e6-4dc3-b490-31f70dfa2fc7
185881,25,21.6,151,86,"2021-08-26 04:38:56",A302,6f6db310-75e6-4dc3-b490-31f70dfa2fc7
185883,23,21.2,138,0,"2021-08-26 04:40:29",A303,6f6db310-75e6-4dc3-b490-31f70dfa2fc7
185906,26,22.5,115,93,"2021-08-26 05:07:11",A301,6f6db310-75e6-4dc3-b490-31f70dfa2fc7
185908,25,21.5,148,93,"2021-08-26 05:09:02",A302,6f6db310-75e6-4dc3-b490-31f70dfa2fc7
185912,23,21,139,8,"2021-08-26 05:10:55",A303,6f6db310-75e6-4dc3-b490-31f70dfa2fc7
185936,26,22.42,114,93,"2021-08-26 05:37:34",A301,6f6db310-75e6-4dc3-b490-31f70dfa2fc7
185938,25,21.4,148,93,"2021-08-26 05:39:10",A302,6f6db310-75e6-4dc3-b490-31f70dfa2fc7
185943,23,21,139,29,"2021-08-26 05:42:34",A303,6f6db310-75e6-4dc3-b490-31f70dfa2fc7
185964,26,22.3,113,93,"2021-08-26 06:07:58",A301,6f6db310-75e6-4dc3-b490-31f70dfa2fc7
185966,25,21.4,149,93,"2021-08-26 06:09:21",A302,6f6db310-75e6-4dc3-b490-31f70dfa2fc7
185991,26,22.3,114,93,"2021-08-26 06:38:25",A301,6f6db310-75e6-4dc3-b490-31f70dfa2fc7
185993,25,21.4,150,93,"2021-08-26 06:39:35",A302,6f6db310-75e6-4dc3-b490-31f70dfa2fc7
186018,26,22.2,114,100,"2021-08-26 07:08:52",A301,6f6db310-75e6-4dc3-b490-31f70dfa2fc7
186020,25,21.5,148,100,"2021-08-26 07:09:49",A302,6f6db310-75e6-4dc3-b490-31f70dfa2fc7
186045,26,22.2,114,100,"2021-08-26 07:39:20",A301,6f6db310-75e6-4dc3-b490-31f70dfa2fc7
186046,25,21.7,147,100,"2021-08-26 07:40:06",A302,6f6db310-75e6-4dc3-b490-31f70dfa2fc7
186071,26,22.2,114,100,"2021-08-26 08:09:49",A301,6f6db310-75e6-4dc3-b490-31f70dfa2fc7
186072,25,22,147,100,"2021-08-26 08:10:24",A302,6f6db310-75e6-4dc3-b490-31f70dfa2fc7
186095,26,22.2,114,100,"2021-08-26 08:40:20",A301,6f6db310-75e6-4dc3-b490-31f70dfa2fc7
186096,25,22.4,145,100,"2021-08-26 08:40:42",A302,6f6db310-75e6-4dc3-b490-31f70dfa2fc7
186123,26,22.2,114,100,"2021-08-26 09:10:49",A301,6f6db310-75e6-4dc3-b490-31f70dfa2fc7
186124,25,22.9,145,100,"2021-08-26 09:11:00",A302,6f6db310-75e6-4dc3-b490-31f70dfa2fc7
186151,26,22.4,114,100,"2021-08-26 09:41:20",A301,6f6db310-75e6-4dc3-b490-31f70dfa2fc7
186152,25,23.4,145,100,"2021-08-26 09:41:20",A302,6f6db310-75e6-4dc3-b490-31f70dfa2fc7
186178,25,24,145,100,"2021-08-26 10:11:40",A302,6f6db310-75e6-4dc3-b490-31f70dfa2fc7
186179,26,22.5,114,100,"2021-08-26 10:11:50",A301,6f6db310-75e6-4dc3-b490-31f70dfa2fc7
186185,22,24.4,134,58,"2021-08-26 10:16:49",A303,6f6db310-75e6-4dc3-b490-31f70dfa2fc7
186208,25,24.6,143,100,"2021-08-26 10:42:00",A302,6f6db310-75e6-4dc3-b490-31f70dfa2fc7
186209,26,22.7,113,100,"2021-08-26 10:42:21",A301,6f6db310-75e6-4dc3-b490-31f70dfa2fc7
186215,22,24.7,136,86,"2021-08-26 10:47:26",A303,6f6db310-75e6-4dc3-b490-31f70dfa2fc7
186237,25,25.2,142,100,"2021-08-26 11:12:22",A302,6f6db310-75e6-4dc3-b490-31f70dfa2fc7
186238,26,23,114,100,"2021-08-26 11:12:53",A301,6f6db310-75e6-4dc3-b490-31f70dfa2fc7
186244,22,25,135,86,"2021-08-26 11:17:53",A303,6f6db310-75e6-4dc3-b490-31f70dfa2fc7
186263,25,25.7,143,100,"2021-08-26 11:42:44",A302,6f6db310-75e6-4dc3-b490-31f70dfa2fc7
186264,26,23.2,113,100,"2021-08-26 11:43:26",A301,6f6db310-75e6-4dc3-b490-31f70dfa2fc7
186270,21,25.3,135,93,"2021-08-26 11:48:21",A303,6f6db310-75e6-4dc3-b490-31f70dfa2fc7
186290,25,26.2,143,100,"2021-08-26 12:13:06",A302,6f6db310-75e6-4dc3-b490-31f70dfa2fc7
186291,26,23.5,113,100,"2021-08-26 12:13:58",A301,6f6db310-75e6-4dc3-b490-31f70dfa2fc7
186297,21,25.4,134,93,"2021-08-26 12:18:58",A303,6f6db310-75e6-4dc3-b490-31f70dfa2fc7
186319,25,26.5,141,100,"2021-08-26 12:43:30",A302,6f6db310-75e6-4dc3-b490-31f70dfa2fc7
186320,26,23.8,114,100,"2021-08-26 12:44:32",A301,6f6db310-75e6-4dc3-b490-31f70dfa2fc7
186346,25,26.8,143,100,"2021-08-26 13:13:53",A302,6f6db310-75e6-4dc3-b490-31f70dfa2fc7
186347,26,24.1,114,100,"2021-08-26 13:15:04",A301,6f6db310-75e6-4dc3-b490-31f70dfa2fc7
186373,25,27,144,100,"2021-08-26 13:44:16",A302,6f6db310-75e6-4dc3-b490-31f70dfa2fc7
186374,26,24.4,114,100,"2021-08-26 13:45:38",A301,6f6db310-75e6-4dc3-b490-31f70dfa2fc7
186401,25,27.1,144,100,"2021-08-26 14:14:39",A302,6f6db310-75e6-4dc3-b490-31f70dfa2fc7
186402,25,24.6,114,100,"2021-08-26 14:16:11",A301,6f6db310-75e6-4dc3-b490-31f70dfa2fc7
186408,21,25.5,135,93,"2021-08-26 14:21:07",A303,6f6db310-75e6-4dc3-b490-31f70dfa2fc7
186430,25,27.2,144,93,"2021-08-26 14:45:01",A302,6f6db310-75e6-4dc3-b490-31f70dfa2fc7
186431,25,24.8,114,93,"2021-08-26 14:46:43",A301,6f6db310-75e6-4dc3-b490-31f70dfa2fc7
186437,21,25.4,134,93,"2021-08-26 14:51:38",A303,6f6db310-75e6-4dc3-b490-31f70dfa2fc7
186460,25,27.1,145,93,"2021-08-26 15:15:22",A302,6f6db310-75e6-4dc3-b490-31f70dfa2fc7
186461,25,25,114,86,"2021-08-26 15:17:15",A301,6f6db310-75e6-4dc3-b490-31f70dfa2fc7
186489,25,27.02,145,93,"2021-08-26 15:45:41",A302,6f6db310-75e6-4dc3-b490-31f70dfa2fc7
186490,25,25.2,114,86,"2021-08-26 15:47:46",A301,6f6db310-75e6-4dc3-b490-31f70dfa2fc7
186518,25,26.9,145,86,"2021-08-26 16:15:58",A302,6f6db310-75e6-4dc3-b490-31f70dfa2fc7
186519,25,25.3,114,86,"2021-08-26 16:18:14",A301,6f6db310-75e6-4dc3-b490-31f70dfa2fc7
186545,25,26.7,145,86,"2021-08-26 16:46:13",A302,6f6db310-75e6-4dc3-b490-31f70dfa2fc7
186546,25,25.4,114,86,"2021-08-26 16:48:42",A301,6f6db310-75e6-4dc3-b490-31f70dfa2fc7
186574,25,25.4,114,86,"2021-08-26 17:19:09",A301,6f6db310-75e6-4dc3-b490-31f70dfa2fc7
186589,25,25.5,113,86,"2021-08-26 17:49:34",A301,6f6db310-75e6-4dc3-b490-31f70dfa2fc7
186622,25,25.4,113,86,"2021-08-26 19:20:49",A301,6f6db310-75e6-4dc3-b490-31f70dfa2fc7
186643,25,25.3,113,86,"2021-08-26 19:51:12",A301,6f6db310-75e6-4dc3-b490-31f70dfa2fc7
186649,21,23.2,134,36,"2021-08-26 19:56:02",A303,6f6db310-75e6-4dc3-b490-31f70dfa2fc7
186666,25,25,143,86,"2021-08-26 20:17:34",A302,6f6db310-75e6-4dc3-b490-31f70dfa2fc7
186673,25,25.3,113,86,"2021-08-26 20:21:35",A301,6f6db310-75e6-4dc3-b490-31f70dfa2fc7
186678,21,23,134,22,"2021-08-26 20:26:25",A303,6f6db310-75e6-4dc3-b490-31f70dfa2fc7
186694,25,24.8,142,86,"2021-08-26 20:47:42",A302,6f6db310-75e6-4dc3-b490-31f70dfa2fc7
186701,25,25.2,113,86,"2021-08-26 20:51:59",A301,6f6db310-75e6-4dc3-b490-31f70dfa2fc7
186706,21,22.8,135,15,"2021-08-26 20:56:48",A303,6f6db310-75e6-4dc3-b490-31f70dfa2fc7
186723,25,24.6,142,86,"2021-08-26 21:17:50",A302,6f6db310-75e6-4dc3-b490-31f70dfa2fc7
186730,25,25.1,114,86,"2021-08-26 21:22:21",A301,6f6db310-75e6-4dc3-b490-31f70dfa2fc7
186736,21,22.6,134,22,"2021-08-26 21:27:11",A303,6f6db310-75e6-4dc3-b490-31f70dfa2fc7
186752,25,24.4,142,86,"2021-08-26 21:47:59",A302,6f6db310-75e6-4dc3-b490-31f70dfa2fc7
186757,25,25,114,86,"2021-08-26 21:52:44",A301,6f6db310-75e6-4dc3-b490-31f70dfa2fc7
186764,22,22.4,135,22,"2021-08-26 21:57:33",A303,6f6db310-75e6-4dc3-b490-31f70dfa2fc7
186778,25,24.2,143,86,"2021-08-26 22:18:07",A302,6f6db310-75e6-4dc3-b490-31f70dfa2fc7
186785,25,24.9,113,86,"2021-08-26 22:23:09",A301,6f6db310-75e6-4dc3-b490-31f70dfa2fc7
186791,22,22.2,135,22,"2021-08-26 22:27:56",A303,6f6db310-75e6-4dc3-b490-31f70dfa2fc7
186805,25,24,142,86,"2021-08-26 22:48:14",A302,6f6db310-75e6-4dc3-b490-31f70dfa2fc7
186812,25,24.8,113,86,"2021-08-26 22:53:28",A301,6f6db310-75e6-4dc3-b490-31f70dfa2fc7
186818,22,22,135,8,"2021-08-26 22:58:18",A303,6f6db310-75e6-4dc3-b490-31f70dfa2fc7
186840,25,24.7,112,86,"2021-08-26 23:23:49",A301,6f6db310-75e6-4dc3-b490-31f70dfa2fc7
186846,22,21.8,135,8,"2021-08-26 23:28:39",A303,6f6db310-75e6-4dc3-b490-31f70dfa2fc7
186861,25,23.7,143,86,"2021-08-26 23:48:27",A302,6f6db310-75e6-4dc3-b490-31f70dfa2fc7
186872,25,24.6,113,86,"2021-08-26 23:57:56",A301,6f6db310-75e6-4dc3-b490-31f70dfa2fc7
186874,22,21.7,134,0,"2021-08-26 23:58:59",A303,6f6db310-75e6-4dc3-b490-31f70dfa2fc7
186889,25,23.5,140,86,"2021-08-27 00:18:32",A302,6f6db310-75e6-4dc3-b490-31f70dfa2fc7
186900,25,24.5,113,86,"2021-08-27 00:28:19",A301,6f6db310-75e6-4dc3-b490-31f70dfa2fc7
186903,22,21.5,133,0,"2021-08-27 00:29:20",A303,6f6db310-75e6-4dc3-b490-31f70dfa2fc7
186918,25,23.3,141,86,"2021-08-27 00:48:38",A302,6f6db310-75e6-4dc3-b490-31f70dfa2fc7
186930,25,24.4,113,86,"2021-08-27 00:58:43",A301,6f6db310-75e6-4dc3-b490-31f70dfa2fc7
186932,22,21.4,133,0,"2021-08-27 00:59:41",A303,6f6db310-75e6-4dc3-b490-31f70dfa2fc7
186948,25,23.2,141,86,"2021-08-27 01:18:42",A302,6f6db310-75e6-4dc3-b490-31f70dfa2fc7
186959,25,24.3,113,86,"2021-08-27 01:29:07",A301,6f6db310-75e6-4dc3-b490-31f70dfa2fc7
186961,22,21.2,134,0,"2021-08-27 01:30:01",A303,6f6db310-75e6-4dc3-b490-31f70dfa2fc7
186976,25,23,140,86,"2021-08-27 01:48:46",A302,6f6db310-75e6-4dc3-b490-31f70dfa2fc7
186989,25,24.1,113,86,"2021-08-27 01:59:29",A301,6f6db310-75e6-4dc3-b490-31f70dfa2fc7
186990,22,21,134,0,"2021-08-27 02:00:21",A303,6f6db310-75e6-4dc3-b490-31f70dfa2fc7
187006,25,22.8,140,86,"2021-08-27 02:18:50",A302,6f6db310-75e6-4dc3-b490-31f70dfa2fc7
187014,25,24,112,86,"2021-08-27 02:29:52",A301,6f6db310-75e6-4dc3-b490-31f70dfa2fc7
187015,22,20.9,134,0,"2021-08-27 02:30:41",A303,6f6db310-75e6-4dc3-b490-31f70dfa2fc7
187030,25,22.7,140,86,"2021-08-27 02:48:56",A302,6f6db310-75e6-4dc3-b490-31f70dfa2fc7
187043,25,23.9,112,86,"2021-08-27 03:00:15",A301,6f6db310-75e6-4dc3-b490-31f70dfa2fc7
187044,22,20.7,134,0,"2021-08-27 03:01:01",A303,6f6db310-75e6-4dc3-b490-31f70dfa2fc7
187058,25,22.5,139,86,"2021-08-27 03:18:59",A302,6f6db310-75e6-4dc3-b490-31f70dfa2fc7
187071,25,23.8,112,86,"2021-08-27 03:30:38",A301,6f6db310-75e6-4dc3-b490-31f70dfa2fc7
187072,22,20.6,134,0,"2021-08-27 03:31:26",A303,6f6db310-75e6-4dc3-b490-31f70dfa2fc7
187087,25,22.4,139,86,"2021-08-27 03:49:03",A302,6f6db310-75e6-4dc3-b490-31f70dfa2fc7
187100,25,23.7,112,86,"2021-08-27 04:01:00",A301,6f6db310-75e6-4dc3-b490-31f70dfa2fc7
187101,22,20.5,134,0,"2021-08-27 04:01:40",A303,6f6db310-75e6-4dc3-b490-31f70dfa2fc7
187116,25,22.3,140,86,"2021-08-27 04:19:07",A302,6f6db310-75e6-4dc3-b490-31f70dfa2fc7
187129,25,23.6,111,86,"2021-08-27 04:31:24",A301,6f6db310-75e6-4dc3-b490-31f70dfa2fc7
187130,22,20.3,134,0,"2021-08-27 04:32:00",A303,6f6db310-75e6-4dc3-b490-31f70dfa2fc7
187144,25,22.2,140,93,"2021-08-27 04:49:11",A302,6f6db310-75e6-4dc3-b490-31f70dfa2fc7
187157,25,23.5,111,93,"2021-08-27 05:01:47",A301,6f6db310-75e6-4dc3-b490-31f70dfa2fc7
187158,22,20.2,134,0,"2021-08-27 05:02:21",A303,6f6db310-75e6-4dc3-b490-31f70dfa2fc7
187170,25,22.1,139,93,"2021-08-27 05:19:18",A302,6f6db310-75e6-4dc3-b490-31f70dfa2fc7
187183,25,23.3,112,93,"2021-08-27 05:32:13",A301,6f6db310-75e6-4dc3-b490-31f70dfa2fc7
187197,25,22,138,93,"2021-08-27 05:49:26",A302,6f6db310-75e6-4dc3-b490-31f70dfa2fc7
187208,25,23.2,112,93,"2021-08-27 06:02:38",A301,6f6db310-75e6-4dc3-b490-31f70dfa2fc7
187209,22,20.1,133,22,"2021-08-27 06:03:08",A303,6f6db310-75e6-4dc3-b490-31f70dfa2fc7
187225,25,21.9,137,93,"2021-08-27 06:19:37",A302,6f6db310-75e6-4dc3-b490-31f70dfa2fc7
187238,25,23.1,111,93,"2021-08-27 06:33:09",A301,6f6db310-75e6-4dc3-b490-31f70dfa2fc7
187240,22,20.1,133,43,"2021-08-27 06:33:33",A303,6f6db310-75e6-4dc3-b490-31f70dfa2fc7
187254,25,21.9,137,100,"2021-08-27 06:49:51",A302,6f6db310-75e6-4dc3-b490-31f70dfa2fc7
187265,25,23.1,112,100,"2021-08-27 07:03:40",A301,6f6db310-75e6-4dc3-b490-31f70dfa2fc7
187267,22,20.3,133,58,"2021-08-27 07:04:01",A303,6f6db310-75e6-4dc3-b490-31f70dfa2fc7
187279,25,22,137,100,"2021-08-27 07:20:06",A302,6f6db310-75e6-4dc3-b490-31f70dfa2fc7
187291,22,20.6,133,72,"2021-08-27 07:34:30",A303,6f6db310-75e6-4dc3-b490-31f70dfa2fc7
187304,25,22.2,136,100,"2021-08-27 07:50:20",A302,6f6db310-75e6-4dc3-b490-31f70dfa2fc7
187316,25,23,111,100,"2021-08-27 08:04:47",A301,6f6db310-75e6-4dc3-b490-31f70dfa2fc7
187317,21,21,132,86,"2021-08-27 08:05:01",A303,6f6db310-75e6-4dc3-b490-31f70dfa2fc7
187331,25,22.5,134,100,"2021-08-27 08:20:38",A302,6f6db310-75e6-4dc3-b490-31f70dfa2fc7
187344,25,23,111,100,"2021-08-27 08:35:21",A301,6f6db310-75e6-4dc3-b490-31f70dfa2fc7
187359,25,22.9,134,100,"2021-08-27 08:50:56",A302,6f6db310-75e6-4dc3-b490-31f70dfa2fc7
187371,25,23,111,100,"2021-08-27 09:05:54",A301,6f6db310-75e6-4dc3-b490-31f70dfa2fc7
187384,24,23.3,134,100,"2021-08-27 09:21:14",A302,6f6db310-75e6-4dc3-b490-31f70dfa2fc7
187398,25,23.2,110,100,"2021-08-27 09:36:29",A301,6f6db310-75e6-4dc3-b490-31f70dfa2fc7
187412,24,23.8,134,107,"2021-08-27 09:51:33",A302,6f6db310-75e6-4dc3-b490-31f70dfa2fc7
187425,25,23.3,111,100,"2021-08-27 10:07:04",A301,6f6db310-75e6-4dc3-b490-31f70dfa2fc7
187438,24,24.3,133,100,"2021-08-27 10:21:52",A302,6f6db310-75e6-4dc3-b490-31f70dfa2fc7
187448,25,23.5,110,100,"2021-08-27 10:37:40",A301,6f6db310-75e6-4dc3-b490-31f70dfa2fc7
187464,24,24.7,139,100,"2021-08-27 10:52:12",A302,6f6db310-75e6-4dc3-b490-31f70dfa2fc7
187475,20,24.4,130,93,"2021-08-27 11:08:10",A303,6f6db310-75e6-4dc3-b490-31f70dfa2fc7
187476,25,23.7,110,100,"2021-08-27 11:08:15",A301,6f6db310-75e6-4dc3-b490-31f70dfa2fc7
187491,24,25.2,135,100,"2021-08-27 11:22:34",A302,6f6db310-75e6-4dc3-b490-31f70dfa2fc7
187502,25,24,110,100,"2021-08-27 11:38:52",A301,6f6db310-75e6-4dc3-b490-31f70dfa2fc7
187517,24,25.7,132,100,"2021-08-27 11:52:57",A302,6f6db310-75e6-4dc3-b490-31f70dfa2fc7
187528,25,24.3,108,100,"2021-08-27 12:09:29",A301,6f6db310-75e6-4dc3-b490-31f70dfa2fc7
187542,24,26.2,132,100,"2021-08-27 12:23:20",A302,6f6db310-75e6-4dc3-b490-31f70dfa2fc7
187553,25,24.6,109,100,"2021-08-27 12:40:14",A301,6f6db310-75e6-4dc3-b490-31f70dfa2fc7
187568,24,26.6,131,100,"2021-08-27 12:53:44",A302,6f6db310-75e6-4dc3-b490-31f70dfa2fc7
187580,19,26.3,128,86,"2021-08-27 13:10:25",A303,6f6db310-75e6-4dc3-b490-31f70dfa2fc7
187581,25,24.9,110,100,"2021-08-27 13:10:44",A301,6f6db310-75e6-4dc3-b490-31f70dfa2fc7
187597,24,26.9,130,100,"2021-08-27 13:24:10",A302,6f6db310-75e6-4dc3-b490-31f70dfa2fc7
187610,25,25.2,109,100,"2021-08-27 13:41:25",A301,6f6db310-75e6-4dc3-b490-31f70dfa2fc7
187611,19,26.6,128,86,"2021-08-27 13:41:26",A303,6f6db310-75e6-4dc3-b490-31f70dfa2fc7
187624,24,27.2,130,100,"2021-08-27 13:54:34",A302,6f6db310-75e6-4dc3-b490-31f70dfa2fc7
187636,25,25.5,109,100,"2021-08-27 14:12:01",A301,6f6db310-75e6-4dc3-b490-31f70dfa2fc7
187649,24,27.3,130,100,"2021-08-27 14:25:14",A302,6f6db310-75e6-4dc3-b490-31f70dfa2fc7
187662,25,25.7,110,93,"2021-08-27 14:42:41",A301,6f6db310-75e6-4dc3-b490-31f70dfa2fc7
187673,24,27.3,131,93,"2021-08-27 14:55:36",A302,6f6db310-75e6-4dc3-b490-31f70dfa2fc7
187687,25,25.9,110,86,"2021-08-27 15:13:18",A301,6f6db310-75e6-4dc3-b490-31f70dfa2fc7
187712,25,26.1,110,86,"2021-08-27 15:43:54",A301,6f6db310-75e6-4dc3-b490-31f70dfa2fc7
187724,24,27.2,130,93,"2021-08-27 15:56:13",A302,6f6db310-75e6-4dc3-b490-31f70dfa2fc7
187737,25,26.3,109,86,"2021-08-27 16:14:25",A301,6f6db310-75e6-4dc3-b490-31f70dfa2fc7
187749,24,27,132,86,"2021-08-27 16:26:24",A302,6f6db310-75e6-4dc3-b490-31f70dfa2fc7
187763,25,26.4,109,86,"2021-08-27 16:44:56",A301,6f6db310-75e6-4dc3-b490-31f70dfa2fc7
187790,19,26,128,43,"2021-08-27 17:14:52",A303,6f6db310-75e6-4dc3-b490-31f70dfa2fc7
187791,25,26.4,110,86,"2021-08-27 17:15:28",A301,6f6db310-75e6-4dc3-b490-31f70dfa2fc7
187808,19,25.7,128,36,"2021-08-27 17:45:09",A303,6f6db310-75e6-4dc3-b490-31f70dfa2fc7
187809,25,26.5,110,86,"2021-08-27 17:45:57",A301,6f6db310-75e6-4dc3-b490-31f70dfa2fc7
187819,25,26.5,110,86,"2021-08-27 18:16:26",A301,6f6db310-75e6-4dc3-b490-31f70dfa2fc7
187826,24,26,133,86,"2021-08-27 18:27:07",A302,6f6db310-75e6-4dc3-b490-31f70dfa2fc7
187830,25,26.5,110,86,"2021-08-27 18:46:55",A301,6f6db310-75e6-4dc3-b490-31f70dfa2fc7
187850,19,24.8,127,8,"2021-08-27 19:46:58",A303,6f6db310-75e6-4dc3-b490-31f70dfa2fc7
187851,25,26.4,110,86,"2021-08-27 19:47:52",A301,6f6db310-75e6-4dc3-b490-31f70dfa2fc7
187862,24,25.3,133,86,"2021-08-27 19:57:30",A302,6f6db310-75e6-4dc3-b490-31f70dfa2fc7
187875,19,24.6,129,8,"2021-08-27 20:17:11",A303,6f6db310-75e6-4dc3-b490-31f70dfa2fc7
187877,25,26.3,109,86,"2021-08-27 20:18:17",A301,6f6db310-75e6-4dc3-b490-31f70dfa2fc7
187889,24,25.1,132,86,"2021-08-27 20:27:43",A302,6f6db310-75e6-4dc3-b490-31f70dfa2fc7
187902,19,24.3,128,8,"2021-08-27 20:47:34",A303,6f6db310-75e6-4dc3-b490-31f70dfa2fc7
187905,25,26.2,110,86,"2021-08-27 20:48:45",A301,6f6db310-75e6-4dc3-b490-31f70dfa2fc7
187928,19,24.1,128,0,"2021-08-27 21:17:57",A303,6f6db310-75e6-4dc3-b490-31f70dfa2fc7
187932,25,26.1,110,86,"2021-08-27 21:19:12",A301,6f6db310-75e6-4dc3-b490-31f70dfa2fc7
187942,24,24.7,133,86,"2021-08-27 21:27:51",A302,6f6db310-75e6-4dc3-b490-31f70dfa2fc7
187955,19,23.9,128,0,"2021-08-27 21:48:21",A303,6f6db310-75e6-4dc3-b490-31f70dfa2fc7
187969,24,24.5,132,86,"2021-08-27 21:57:53",A302,6f6db310-75e6-4dc3-b490-31f70dfa2fc7
187981,19,23.7,127,0,"2021-08-27 22:18:42",A303,6f6db310-75e6-4dc3-b490-31f70dfa2fc7
187992,24,24.3,132,86,"2021-08-27 22:27:58",A302,6f6db310-75e6-4dc3-b490-31f70dfa2fc7
188006,19,23.5,128,0,"2021-08-27 22:49:04",A303,6f6db310-75e6-4dc3-b490-31f70dfa2fc7
188009,25,25.8,110,86,"2021-08-27 22:50:28",A301,6f6db310-75e6-4dc3-b490-31f70dfa2fc7
188017,24,24.1,131,86,"2021-08-27 22:58:01",A302,6f6db310-75e6-4dc3-b490-31f70dfa2fc7
188032,19,23.3,127,0,"2021-08-27 23:19:25",A303,6f6db310-75e6-4dc3-b490-31f70dfa2fc7
188035,25,25.7,110,86,"2021-08-27 23:20:52",A301,6f6db310-75e6-4dc3-b490-31f70dfa2fc7
188044,24,23.9,130,86,"2021-08-27 23:28:04",A302,6f6db310-75e6-4dc3-b490-31f70dfa2fc7
188059,19,23.1,128,0,"2021-08-27 23:49:48",A303,6f6db310-75e6-4dc3-b490-31f70dfa2fc7
188062,25,25.6,109,86,"2021-08-27 23:51:17",A301,6f6db310-75e6-4dc3-b490-31f70dfa2fc7
188071,24,23.8,131,86,"2021-08-27 23:58:07",A302,6f6db310-75e6-4dc3-b490-31f70dfa2fc7
188085,19,23,128,0,"2021-08-28 00:20:08",A303,6f6db310-75e6-4dc3-b490-31f70dfa2fc7
188088,25,25.5,109,86,"2021-08-28 00:21:41",A301,6f6db310-75e6-4dc3-b490-31f70dfa2fc7
188098,24,23.6,131,86,"2021-08-28 00:28:10",A302,6f6db310-75e6-4dc3-b490-31f70dfa2fc7
188113,25,25.4,109,86,"2021-08-28 00:52:06",A301,6f6db310-75e6-4dc3-b490-31f70dfa2fc7
188123,24,23.4,131,86,"2021-08-28 00:58:14",A302,6f6db310-75e6-4dc3-b490-31f70dfa2fc7
188139,19,22.6,128,0,"2021-08-28 01:20:53",A303,6f6db310-75e6-4dc3-b490-31f70dfa2fc7
188140,25,25.2,109,86,"2021-08-28 01:22:31",A301,6f6db310-75e6-4dc3-b490-31f70dfa2fc7
188149,24,23.3,130,86,"2021-08-28 01:28:16",A302,6f6db310-75e6-4dc3-b490-31f70dfa2fc7
188166,19,22.46,128,0,"2021-08-28 01:51:12",A303,6f6db310-75e6-4dc3-b490-31f70dfa2fc7
188167,25,25.1,109,86,"2021-08-28 01:52:54",A301,6f6db310-75e6-4dc3-b490-31f70dfa2fc7
188175,24,23.2,128,86,"2021-08-28 01:58:19",A302,6f6db310-75e6-4dc3-b490-31f70dfa2fc7
188192,19,22.3,128,0,"2021-08-28 02:21:36",A303,6f6db310-75e6-4dc3-b490-31f70dfa2fc7
188195,25,25,109,86,"2021-08-28 02:23:18",A301,6f6db310-75e6-4dc3-b490-31f70dfa2fc7
188202,24,23,129,86,"2021-08-28 02:28:21",A302,6f6db310-75e6-4dc3-b490-31f70dfa2fc7
188217,20,22.2,128,0,"2021-08-28 02:51:56",A303,6f6db310-75e6-4dc3-b490-31f70dfa2fc7
188221,25,24.9,107,86,"2021-08-28 02:53:42",A301,6f6db310-75e6-4dc3-b490-31f70dfa2fc7
188228,24,22.9,130,86,"2021-08-28 02:58:22",A302,6f6db310-75e6-4dc3-b490-31f70dfa2fc7
188246,25,24.8,108,86,"2021-08-28 03:24:06",A301,6f6db310-75e6-4dc3-b490-31f70dfa2fc7
188253,24,22.7,129,86,"2021-08-28 03:28:24",A302,6f6db310-75e6-4dc3-b490-31f70dfa2fc7
188270,20,21.9,127,0,"2021-08-28 03:52:34",A303,6f6db310-75e6-4dc3-b490-31f70dfa2fc7
188274,25,24.7,108,86,"2021-08-28 03:54:29",A301,6f6db310-75e6-4dc3-b490-31f70dfa2fc7
188278,24,22.6,129,86,"2021-08-28 03:58:25",A302,6f6db310-75e6-4dc3-b490-31f70dfa2fc7
188296,20,21.7,128,0,"2021-08-28 04:22:55",A303,6f6db310-75e6-4dc3-b490-31f70dfa2fc7
188300,25,24.5,108,86,"2021-08-28 04:24:52",A301,6f6db310-75e6-4dc3-b490-31f70dfa2fc7
188303,24,22.5,128,86,"2021-08-28 04:28:28",A302,6f6db310-75e6-4dc3-b490-31f70dfa2fc7
188321,20,21.6,128,0,"2021-08-28 04:53:15",A303,6f6db310-75e6-4dc3-b490-31f70dfa2fc7
188325,25,24.4,108,86,"2021-08-28 04:55:17",A301,6f6db310-75e6-4dc3-b490-31f70dfa2fc7
188329,24,22.4,127,93,"2021-08-28 04:58:29",A302,6f6db310-75e6-4dc3-b490-31f70dfa2fc7
188345,20,21.5,127,0,"2021-08-28 05:23:38",A303,6f6db310-75e6-4dc3-b490-31f70dfa2fc7
188349,25,24.3,108,93,"2021-08-28 05:25:41",A301,6f6db310-75e6-4dc3-b490-31f70dfa2fc7
188352,24,22.3,128,93,"2021-08-28 05:28:34",A302,6f6db310-75e6-4dc3-b490-31f70dfa2fc7
188370,20,21.4,127,8,"2021-08-28 05:54:00",A303,6f6db310-75e6-4dc3-b490-31f70dfa2fc7
188374,25,24.2,108,93,"2021-08-28 05:56:08",A301,6f6db310-75e6-4dc3-b490-31f70dfa2fc7
188378,24,22.2,127,93,"2021-08-28 05:58:40",A302,6f6db310-75e6-4dc3-b490-31f70dfa2fc7
188396,20,21.4,127,15,"2021-08-28 06:24:32",A303,6f6db310-75e6-4dc3-b490-31f70dfa2fc7
188400,25,24.1,108,93,"2021-08-28 06:26:37",A301,6f6db310-75e6-4dc3-b490-31f70dfa2fc7
188422,19,21.5,127,36,"2021-08-28 06:54:55",A303,6f6db310-75e6-4dc3-b490-31f70dfa2fc7
188426,25,24,107,93,"2021-08-28 06:57:09",A301,6f6db310-75e6-4dc3-b490-31f70dfa2fc7
188428,24,22.2,125,93,"2021-08-28 06:59:05",A302,6f6db310-75e6-4dc3-b490-31f70dfa2fc7
188447,19,21.7,126,43,"2021-08-28 07:25:23",A303,6f6db310-75e6-4dc3-b490-31f70dfa2fc7
188450,25,24,107,100,"2021-08-28 07:27:40",A301,6f6db310-75e6-4dc3-b490-31f70dfa2fc7
188453,24,22.4,124,100,"2021-08-28 07:29:16",A302,6f6db310-75e6-4dc3-b490-31f70dfa2fc7
188474,19,22.1,126,50,"2021-08-28 07:55:53",A303,6f6db310-75e6-4dc3-b490-31f70dfa2fc7
188478,25,23.9,108,100,"2021-08-28 07:58:14",A301,6f6db310-75e6-4dc3-b490-31f70dfa2fc7
188480,24,22.6,123,100,"2021-08-28 07:59:31",A302,6f6db310-75e6-4dc3-b490-31f70dfa2fc7
188501,19,22.5,125,65,"2021-08-28 08:27:40",A303,6f6db310-75e6-4dc3-b490-31f70dfa2fc7
188503,25,23.9,107,100,"2021-08-28 08:28:48",A301,6f6db310-75e6-4dc3-b490-31f70dfa2fc7
188505,24,23,122,100,"2021-08-28 08:29:47",A302,6f6db310-75e6-4dc3-b490-31f70dfa2fc7
188527,25,24,107,100,"2021-08-28 08:59:25",A301,6f6db310-75e6-4dc3-b490-31f70dfa2fc7
188529,24,23.4,121,100,"2021-08-28 09:00:04",A302,6f6db310-75e6-4dc3-b490-31f70dfa2fc7
188551,25,24.1,107,100,"2021-08-28 09:29:58",A301,6f6db310-75e6-4dc3-b490-31f70dfa2fc7
188553,24,23.9,120,100,"2021-08-28 09:30:21",A302,6f6db310-75e6-4dc3-b490-31f70dfa2fc7
188576,25,24.2,107,100,"2021-08-28 10:00:32",A301,6f6db310-75e6-4dc3-b490-31f70dfa2fc7
188577,24,24.5,119,100,"2021-08-28 10:00:38",A302,6f6db310-75e6-4dc3-b490-31f70dfa2fc7
188601,24,25,117,100,"2021-08-28 10:30:55",A302,6f6db310-75e6-4dc3-b490-31f70dfa2fc7
188602,25,24.4,107,100,"2021-08-28 10:31:07",A301,6f6db310-75e6-4dc3-b490-31f70dfa2fc7
188626,23,25.6,117,100,"2021-08-28 11:01:15",A302,6f6db310-75e6-4dc3-b490-31f70dfa2fc7
188627,25,24.6,106,100,"2021-08-28 11:01:43",A301,6f6db310-75e6-4dc3-b490-31f70dfa2fc7
188649,23,26.1,115,100,"2021-08-28 11:31:34",A302,6f6db310-75e6-4dc3-b490-31f70dfa2fc7
188650,25,24.8,106,100,"2021-08-28 11:32:20",A301,6f6db310-75e6-4dc3-b490-31f70dfa2fc7
188675,24,25.1,106,100,"2021-08-28 12:02:58",A301,6f6db310-75e6-4dc3-b490-31f70dfa2fc7
188698,23,27,114,100,"2021-08-28 12:32:16",A302,6f6db310-75e6-4dc3-b490-31f70dfa2fc7
188700,24,25.4,106,100,"2021-08-28 12:33:36",A301,6f6db310-75e6-4dc3-b490-31f70dfa2fc7
188720,23,27.4,114,100,"2021-08-28 13:02:39",A302,6f6db310-75e6-4dc3-b490-31f70dfa2fc7
188722,24,25.6,106,100,"2021-08-28 13:04:13",A301,6f6db310-75e6-4dc3-b490-31f70dfa2fc7
188745,23,27.7,113,100,"2021-08-28 13:33:00",A302,6f6db310-75e6-4dc3-b490-31f70dfa2fc7
188747,24,25.9,105,100,"2021-08-28 13:34:51",A301,6f6db310-75e6-4dc3-b490-31f70dfa2fc7
188769,23,27.9,113,100,"2021-08-28 14:03:21",A302,6f6db310-75e6-4dc3-b490-31f70dfa2fc7
188772,24,26.16,104,100,"2021-08-28 14:05:29",A301,6f6db310-75e6-4dc3-b490-31f70dfa2fc7
188794,23,27.9,112,100,"2021-08-28 14:33:43",A302,6f6db310-75e6-4dc3-b490-31f70dfa2fc7
188797,24,26.4,106,93,"2021-08-28 14:36:09",A301,6f6db310-75e6-4dc3-b490-31f70dfa2fc7
188820,23,27.9,113,93,"2021-08-28 15:04:03",A302,6f6db310-75e6-4dc3-b490-31f70dfa2fc7
188822,24,26.6,106,86,"2021-08-28 15:06:45",A301,6f6db310-75e6-4dc3-b490-31f70dfa2fc7
188842,23,27.8,113,93,"2021-08-28 15:34:20",A302,6f6db310-75e6-4dc3-b490-31f70dfa2fc7
188845,24,26.7,106,86,"2021-08-28 15:37:20",A301,6f6db310-75e6-4dc3-b490-31f70dfa2fc7
188866,18,25.3,124,100,"2021-08-28 16:04:06",A303,6f6db310-75e6-4dc3-b490-31f70dfa2fc7
188867,23,27.7,112,86,"2021-08-28 16:04:36",A302,6f6db310-75e6-4dc3-b490-31f70dfa2fc7
188870,24,26.9,105,86,"2021-08-28 16:07:55",A301,6f6db310-75e6-4dc3-b490-31f70dfa2fc7
188892,23,27.5,111,86,"2021-08-28 16:34:48",A302,6f6db310-75e6-4dc3-b490-31f70dfa2fc7
188895,24,27,106,86,"2021-08-28 16:38:25",A301,6f6db310-75e6-4dc3-b490-31f70dfa2fc7
188918,23,27.3,112,86,"2021-08-28 17:05:00",A302,6f6db310-75e6-4dc3-b490-31f70dfa2fc7
188921,24,27,106,86,"2021-08-28 17:08:56",A301,6f6db310-75e6-4dc3-b490-31f70dfa2fc7
188941,23,27,112,86,"2021-08-28 17:35:11",A302,6f6db310-75e6-4dc3-b490-31f70dfa2fc7
188944,24,27.1,106,86,"2021-08-28 17:39:26",A301,6f6db310-75e6-4dc3-b490-31f70dfa2fc7
188959,23,26.8,113,86,"2021-08-28 18:05:21",A302,6f6db310-75e6-4dc3-b490-31f70dfa2fc7
188963,24,27.08,106,86,"2021-08-28 18:09:56",A301,6f6db310-75e6-4dc3-b490-31f70dfa2fc7
188985,23,26,111,86,"2021-08-28 19:35:47",A302,6f6db310-75e6-4dc3-b490-31f70dfa2fc7
188986,18,24.6,125,15,"2021-08-28 19:36:12",A303,6f6db310-75e6-4dc3-b490-31f70dfa2fc7
188989,24,26.9,107,86,"2021-08-28 19:41:21",A301,6f6db310-75e6-4dc3-b490-31f70dfa2fc7
189007,23,25.8,112,86,"2021-08-28 20:05:54",A302,6f6db310-75e6-4dc3-b490-31f70dfa2fc7
189008,18,24.4,124,15,"2021-08-28 20:06:28",A303,6f6db310-75e6-4dc3-b490-31f70dfa2fc7
189032,23,25.6,112,86,"2021-08-28 20:36:01",A302,6f6db310-75e6-4dc3-b490-31f70dfa2fc7
189033,18,24.3,124,8,"2021-08-28 20:36:43",A303,6f6db310-75e6-4dc3-b490-31f70dfa2fc7
189036,24,26.8,106,86,"2021-08-28 20:42:15",A301,6f6db310-75e6-4dc3-b490-31f70dfa2fc7
189057,18,24.1,125,8,"2021-08-28 21:06:59",A303,6f6db310-75e6-4dc3-b490-31f70dfa2fc7
189061,24,26.7,107,86,"2021-08-28 21:12:41",A301,6f6db310-75e6-4dc3-b490-31f70dfa2fc7
189079,23,25.2,112,86,"2021-08-28 21:36:11",A302,6f6db310-75e6-4dc3-b490-31f70dfa2fc7
189080,18,24,124,8,"2021-08-28 21:37:14",A303,6f6db310-75e6-4dc3-b490-31f70dfa2fc7
189085,24,26.6,105,86,"2021-08-28 21:43:09",A301,6f6db310-75e6-4dc3-b490-31f70dfa2fc7
189105,23,25,112,86,"2021-08-28 22:06:17",A302,6f6db310-75e6-4dc3-b490-31f70dfa2fc7
189106,18,23.8,125,8,"2021-08-28 22:07:29",A303,6f6db310-75e6-4dc3-b490-31f70dfa2fc7
189111,24,26.5,106,86,"2021-08-28 22:13:35",A301,6f6db310-75e6-4dc3-b490-31f70dfa2fc7
189130,23,24.8,112,86,"2021-08-28 22:36:22",A302,6f6db310-75e6-4dc3-b490-31f70dfa2fc7
189132,18,23.7,125,0,"2021-08-28 22:37:44",A303,6f6db310-75e6-4dc3-b490-31f70dfa2fc7
189138,24,26.4,105,86,"2021-08-28 22:44:01",A301,6f6db310-75e6-4dc3-b490-31f70dfa2fc7
189154,23,24.7,112,86,"2021-08-28 23:06:27",A302,6f6db310-75e6-4dc3-b490-31f70dfa2fc7
189156,18,23.6,125,0,"2021-08-28 23:07:58",A303,6f6db310-75e6-4dc3-b490-31f70dfa2fc7
189162,24,26.3,105,86,"2021-08-28 23:14:26",A301,6f6db310-75e6-4dc3-b490-31f70dfa2fc7
189178,23,24.5,112,86,"2021-08-28 23:36:31",A302,6f6db310-75e6-4dc3-b490-31f70dfa2fc7
189179,18,23.4,125,0,"2021-08-28 23:38:12",A303,6f6db310-75e6-4dc3-b490-31f70dfa2fc7
189185,24,26.1,104,86,"2021-08-28 23:44:51",A301,6f6db310-75e6-4dc3-b490-31f70dfa2fc7
189204,23,24.3,110,86,"2021-08-29 00:06:34",A302,6f6db310-75e6-4dc3-b490-31f70dfa2fc7
189205,19,23.3,125,0,"2021-08-29 00:08:25",A303,6f6db310-75e6-4dc3-b490-31f70dfa2fc7
189212,24,26,105,86,"2021-08-29 00:15:16",A301,6f6db310-75e6-4dc3-b490-31f70dfa2fc7
189230,23,24.2,109,86,"2021-08-29 00:36:37",A302,6f6db310-75e6-4dc3-b490-31f70dfa2fc7
189231,19,23.2,124,0,"2021-08-29 00:38:39",A303,6f6db310-75e6-4dc3-b490-31f70dfa2fc7
189238,24,25.9,105,86,"2021-08-29 00:45:41",A301,6f6db310-75e6-4dc3-b490-31f70dfa2fc7
189256,23,24,110,86,"2021-08-29 01:06:40",A302,6f6db310-75e6-4dc3-b490-31f70dfa2fc7
189257,19,23,125,0,"2021-08-29 01:08:52",A303,6f6db310-75e6-4dc3-b490-31f70dfa2fc7
189264,24,25.8,105,86,"2021-08-29 01:16:04",A301,6f6db310-75e6-4dc3-b490-31f70dfa2fc7
189282,23,23.9,111,86,"2021-08-29 01:36:42",A302,6f6db310-75e6-4dc3-b490-31f70dfa2fc7
189284,19,22.9,125,0,"2021-08-29 01:39:05",A303,6f6db310-75e6-4dc3-b490-31f70dfa2fc7
189290,24,25.7,105,86,"2021-08-29 01:46:29",A301,6f6db310-75e6-4dc3-b490-31f70dfa2fc7
189308,23,23.7,110,86,"2021-08-29 02:06:44",A302,6f6db310-75e6-4dc3-b490-31f70dfa2fc7
189310,19,22.72,124,0,"2021-08-29 02:09:18",A303,6f6db310-75e6-4dc3-b490-31f70dfa2fc7
189317,24,25.6,105,86,"2021-08-29 02:16:53",A301,6f6db310-75e6-4dc3-b490-31f70dfa2fc7
189334,23,23.6,110,86,"2021-08-29 02:36:46",A302,6f6db310-75e6-4dc3-b490-31f70dfa2fc7
189335,19,22.6,124,0,"2021-08-29 02:39:31",A303,6f6db310-75e6-4dc3-b490-31f70dfa2fc7
189344,24,25.4,105,86,"2021-08-29 02:50:58",A301,6f6db310-75e6-4dc3-b490-31f70dfa2fc7
189360,23,23.4,109,86,"2021-08-29 03:06:48",A302,6f6db310-75e6-4dc3-b490-31f70dfa2fc7
189362,19,22.5,124,0,"2021-08-29 03:09:43",A303,6f6db310-75e6-4dc3-b490-31f70dfa2fc7
189371,24,25.3,105,86,"2021-08-29 03:21:22",A301,6f6db310-75e6-4dc3-b490-31f70dfa2fc7
189385,23,23.3,110,86,"2021-08-29 03:36:50",A302,6f6db310-75e6-4dc3-b490-31f70dfa2fc7
189387,19,22.4,124,0,"2021-08-29 03:39:56",A303,6f6db310-75e6-4dc3-b490-31f70dfa2fc7
189396,24,25.2,105,86,"2021-08-29 03:51:47",A301,6f6db310-75e6-4dc3-b490-31f70dfa2fc7
189411,23,23.2,110,86,"2021-08-29 04:06:51",A302,6f6db310-75e6-4dc3-b490-31f70dfa2fc7
189413,19,22.2,123,0,"2021-08-29 04:10:08",A303,6f6db310-75e6-4dc3-b490-31f70dfa2fc7
189422,24,25.1,105,86,"2021-08-29 04:22:09",A301,6f6db310-75e6-4dc3-b490-31f70dfa2fc7
189435,23,23,110,86,"2021-08-29 04:36:53",A302,6f6db310-75e6-4dc3-b490-31f70dfa2fc7
189437,19,22.1,123,0,"2021-08-29 04:40:20",A303,6f6db310-75e6-4dc3-b490-31f70dfa2fc7
189446,24,25,105,86,"2021-08-29 04:52:33",A301,6f6db310-75e6-4dc3-b490-31f70dfa2fc7
189458,23,22.9,109,93,"2021-08-29 05:06:56",A302,6f6db310-75e6-4dc3-b490-31f70dfa2fc7
189462,19,22,124,0,"2021-08-29 05:10:34",A303,6f6db310-75e6-4dc3-b490-31f70dfa2fc7
189471,24,24.9,105,93,"2021-08-29 05:23:03",A301,6f6db310-75e6-4dc3-b490-31f70dfa2fc7
189483,23,22.8,109,93,"2021-08-29 05:37:03",A302,6f6db310-75e6-4dc3-b490-31f70dfa2fc7
189487,19,21.9,124,0,"2021-08-29 05:40:50",A303,6f6db310-75e6-4dc3-b490-31f70dfa2fc7
189497,24,24.8,104,93,"2021-08-29 05:53:27",A301,6f6db310-75e6-4dc3-b490-31f70dfa2fc7
189508,23,22.8,109,93,"2021-08-29 06:07:11",A302,6f6db310-75e6-4dc3-b490-31f70dfa2fc7
189511,19,21.9,122,22,"2021-08-29 06:11:07",A303,6f6db310-75e6-4dc3-b490-31f70dfa2fc7
189521,24,24.7,103,93,"2021-08-29 06:23:58",A301,6f6db310-75e6-4dc3-b490-31f70dfa2fc7
189532,23,22.8,109,93,"2021-08-29 06:37:23",A302,6f6db310-75e6-4dc3-b490-31f70dfa2fc7
189542,24,24.6,103,93,"2021-08-29 06:54:29",A301,6f6db310-75e6-4dc3-b490-31f70dfa2fc7
189554,23,22.8,107,93,"2021-08-29 07:07:36",A302,6f6db310-75e6-4dc3-b490-31f70dfa2fc7
189566,24,24.5,103,93,"2021-08-29 07:25:03",A301,6f6db310-75e6-4dc3-b490-31f70dfa2fc7
189577,23,23,107,100,"2021-08-29 07:37:52",A302,6f6db310-75e6-4dc3-b490-31f70dfa2fc7
189580,18,22.3,123,58,"2021-08-29 07:42:20",A303,6f6db310-75e6-4dc3-b490-31f70dfa2fc7
189589,24,24.5,103,100,"2021-08-29 07:55:38",A301,6f6db310-75e6-4dc3-b490-31f70dfa2fc7
189601,23,23.2,105,100,"2021-08-29 08:08:08",A302,6f6db310-75e6-4dc3-b490-31f70dfa2fc7
189613,24,24.5,103,100,"2021-08-29 08:26:12",A301,6f6db310-75e6-4dc3-b490-31f70dfa2fc7
189625,23,23.6,105,100,"2021-08-29 08:38:25",A302,6f6db310-75e6-4dc3-b490-31f70dfa2fc7
189634,24,24.5,104,100,"2021-08-29 08:56:46",A301,6f6db310-75e6-4dc3-b490-31f70dfa2fc7
189647,23,23.9,104,100,"2021-08-29 09:08:44",A302,6f6db310-75e6-4dc3-b490-31f70dfa2fc7
189659,24,24.5,104,100,"2021-08-29 09:27:18",A301,6f6db310-75e6-4dc3-b490-31f70dfa2fc7
189668,23,24.4,103,100,"2021-08-29 09:39:04",A302,6f6db310-75e6-4dc3-b490-31f70dfa2fc7
189671,18,23.54,122,86,"2021-08-29 09:44:14",A303,6f6db310-75e6-4dc3-b490-31f70dfa2fc7
189681,24,24.6,103,100,"2021-08-29 09:57:50",A301,6f6db310-75e6-4dc3-b490-31f70dfa2fc7
189692,23,24.9,103,100,"2021-08-29 10:09:25",A302,6f6db310-75e6-4dc3-b490-31f70dfa2fc7
189706,24,24.7,103,100,"2021-08-29 10:28:25",A301,6f6db310-75e6-4dc3-b490-31f70dfa2fc7
189715,22,25.4,102,107,"2021-08-29 10:39:45",A302,6f6db310-75e6-4dc3-b490-31f70dfa2fc7
189719,18,24.3,122,86,"2021-08-29 10:44:48",A303,6f6db310-75e6-4dc3-b490-31f70dfa2fc7
189728,24,24.9,103,100,"2021-08-29 10:59:03",A301,6f6db310-75e6-4dc3-b490-31f70dfa2fc7
189739,18,24.7,121,86,"2021-08-29 11:15:21",A303,6f6db310-75e6-4dc3-b490-31f70dfa2fc7
189750,24,25,102,100,"2021-08-29 11:29:39",A301,6f6db310-75e6-4dc3-b490-31f70dfa2fc7
189758,22,26.4,101,100,"2021-08-29 11:40:27",A302,6f6db310-75e6-4dc3-b490-31f70dfa2fc7
189763,18,25,121,86,"2021-08-29 11:45:41",A303,6f6db310-75e6-4dc3-b490-31f70dfa2fc7
189774,24,25.1,103,100,"2021-08-29 12:00:16",A301,6f6db310-75e6-4dc3-b490-31f70dfa2fc7
189783,22,26.8,101,100,"2021-08-29 12:10:49",A302,6f6db310-75e6-4dc3-b490-31f70dfa2fc7
189798,24,25.3,103,100,"2021-08-29 12:30:54",A301,6f6db310-75e6-4dc3-b490-31f70dfa2fc7
189806,22,27.1,101,100,"2021-08-29 12:41:09",A302,6f6db310-75e6-4dc3-b490-31f70dfa2fc7
189811,17,25.4,121,86,"2021-08-29 12:46:38",A303,6f6db310-75e6-4dc3-b490-31f70dfa2fc7
189822,24,25.4,102,100,"2021-08-29 13:01:32",A301,6f6db310-75e6-4dc3-b490-31f70dfa2fc7
189831,22,27.3,100,100,"2021-08-29 13:11:31",A302,6f6db310-75e6-4dc3-b490-31f70dfa2fc7
189846,24,25.5,102,100,"2021-08-29 13:32:09",A301,6f6db310-75e6-4dc3-b490-31f70dfa2fc7
189853,22,27.5,99,100,"2021-08-29 13:41:52",A302,6f6db310-75e6-4dc3-b490-31f70dfa2fc7
189869,24,25.6,103,93,"2021-08-29 14:02:47",A301,6f6db310-75e6-4dc3-b490-31f70dfa2fc7
189876,22,27.7,100,100,"2021-08-29 14:12:12",A302,6f6db310-75e6-4dc3-b490-31f70dfa2fc7
189884,17,25.7,121,86,"2021-08-29 14:17:58",A303,6f6db310-75e6-4dc3-b490-31f70dfa2fc7
189896,24,25.6,102,86,"2021-08-29 14:33:23",A301,6f6db310-75e6-4dc3-b490-31f70dfa2fc7
189902,22,27.7,99,93,"2021-08-29 14:42:31",A302,6f6db310-75e6-4dc3-b490-31f70dfa2fc7
189910,17,25.8,121,15,"2021-08-29 14:48:20",A303,6f6db310-75e6-4dc3-b490-31f70dfa2fc7
189922,24,25.6,102,86,"2021-08-29 15:03:59",A301,6f6db310-75e6-4dc3-b490-31f70dfa2fc7
189928,22,27.7,100,93,"2021-08-29 15:12:48",A302,6f6db310-75e6-4dc3-b490-31f70dfa2fc7
189937,17,25.7,121,58,"2021-08-29 15:18:37",A303,6f6db310-75e6-4dc3-b490-31f70dfa2fc7
189948,24,25.7,102,86,"2021-08-29 15:34:33",A301,6f6db310-75e6-4dc3-b490-31f70dfa2fc7
189954,22,27.6,100,86,"2021-08-29 15:43:03",A302,6f6db310-75e6-4dc3-b490-31f70dfa2fc7
189962,17,25.6,121,65,"2021-08-29 15:49:11",A303,6f6db310-75e6-4dc3-b490-31f70dfa2fc7
189974,24,25.7,102,86,"2021-08-29 16:05:08",A301,6f6db310-75e6-4dc3-b490-31f70dfa2fc7
189986,17,25.4,121,58,"2021-08-29 16:19:19",A303,6f6db310-75e6-4dc3-b490-31f70dfa2fc7
189998,24,25.7,102,86,"2021-08-29 16:35:38",A301,6f6db310-75e6-4dc3-b490-31f70dfa2fc7
190012,17,25.2,121,58,"2021-08-29 16:49:39",A303,6f6db310-75e6-4dc3-b490-31f70dfa2fc7
190024,24,25.6,102,86,"2021-08-29 17:06:11",A301,6f6db310-75e6-4dc3-b490-31f70dfa2fc7
190030,22,27.1,101,86,"2021-08-29 17:14:10",A302,6f6db310-75e6-4dc3-b490-31f70dfa2fc7
190038,17,25,121,50,"2021-08-29 17:19:59",A303,6f6db310-75e6-4dc3-b490-31f70dfa2fc7
190048,24,25.6,103,86,"2021-08-29 17:36:43",A301,6f6db310-75e6-4dc3-b490-31f70dfa2fc7
190060,17,24.9,121,43,"2021-08-29 17:50:18",A303,6f6db310-75e6-4dc3-b490-31f70dfa2fc7
190076,18,24.7,121,36,"2021-08-29 18:20:36",A303,6f6db310-75e6-4dc3-b490-31f70dfa2fc7
190098,24,25.4,103,86,"2021-08-29 19:08:10",A301,6f6db310-75e6-4dc3-b490-31f70dfa2fc7
190105,18,24.4,121,22,"2021-08-29 19:21:12",A303,6f6db310-75e6-4dc3-b490-31f70dfa2fc7
190114,24,25.4,103,86,"2021-08-29 19:38:39",A301,6f6db310-75e6-4dc3-b490-31f70dfa2fc7
190120,22,26.1,101,86,"2021-08-29 19:45:44",A302,6f6db310-75e6-4dc3-b490-31f70dfa2fc7
190129,18,24.3,121,15,"2021-08-29 19:51:29",A303,6f6db310-75e6-4dc3-b490-31f70dfa2fc7
190141,24,25.3,102,86,"2021-08-29 20:09:08",A301,6f6db310-75e6-4dc3-b490-31f70dfa2fc7
190146,22,25.9,101,86,"2021-08-29 20:16:00",A302,6f6db310-75e6-4dc3-b490-31f70dfa2fc7
190154,18,24.1,121,15,"2021-08-29 20:21:46",A303,6f6db310-75e6-4dc3-b490-31f70dfa2fc7
190166,24,25.2,102,86,"2021-08-29 20:39:40",A301,6f6db310-75e6-4dc3-b490-31f70dfa2fc7
190172,22,25.7,101,86,"2021-08-29 20:46:16",A302,6f6db310-75e6-4dc3-b490-31f70dfa2fc7
190181,18,24,121,15,"2021-08-29 20:52:03",A303,6f6db310-75e6-4dc3-b490-31f70dfa2fc7
190194,24,25.1,102,86,"2021-08-29 21:10:07",A301,6f6db310-75e6-4dc3-b490-31f70dfa2fc7
190199,22,25.6,100,86,"2021-08-29 21:16:33",A302,6f6db310-75e6-4dc3-b490-31f70dfa2fc7
190207,18,23.9,121,8,"2021-08-29 21:22:20",A303,6f6db310-75e6-4dc3-b490-31f70dfa2fc7
190220,24,25.1,102,86,"2021-08-29 21:40:34",A301,6f6db310-75e6-4dc3-b490-31f70dfa2fc7
190232,18,23.7,121,0,"2021-08-29 21:52:36",A303,6f6db310-75e6-4dc3-b490-31f70dfa2fc7
190243,24,25,102,86,"2021-08-29 22:11:00",A301,6f6db310-75e6-4dc3-b490-31f70dfa2fc7
190249,22,25.3,99,86,"2021-08-29 22:17:03",A302,6f6db310-75e6-4dc3-b490-31f70dfa2fc7
190257,18,23.6,120,0,"2021-08-29 22:22:52",A303,6f6db310-75e6-4dc3-b490-31f70dfa2fc7
190269,24,24.9,102,86,"2021-08-29 22:41:28",A301,6f6db310-75e6-4dc3-b490-31f70dfa2fc7
190274,22,25.1,100,86,"2021-08-29 22:47:19",A302,6f6db310-75e6-4dc3-b490-31f70dfa2fc7
190282,18,23.5,120,0,"2021-08-29 22:53:07",A303,6f6db310-75e6-4dc3-b490-31f70dfa2fc7
190295,24,24.8,102,86,"2021-08-29 23:11:55",A301,6f6db310-75e6-4dc3-b490-31f70dfa2fc7
190301,22,25,100,86,"2021-08-29 23:17:34",A302,6f6db310-75e6-4dc3-b490-31f70dfa2fc7
190307,18,23.4,121,0,"2021-08-29 23:23:23",A303,6f6db310-75e6-4dc3-b490-31f70dfa2fc7
190319,24,24.7,102,86,"2021-08-29 23:42:23",A301,6f6db310-75e6-4dc3-b490-31f70dfa2fc7
190325,22,24.8,100,86,"2021-08-29 23:47:48",A302,6f6db310-75e6-4dc3-b490-31f70dfa2fc7
190333,18,23.2,120,0,"2021-08-29 23:53:38",A303,6f6db310-75e6-4dc3-b490-31f70dfa2fc7
190346,24,24.6,102,86,"2021-08-30 00:12:49",A301,6f6db310-75e6-4dc3-b490-31f70dfa2fc7
190351,22,24.7,99,86,"2021-08-30 00:18:03",A302,6f6db310-75e6-4dc3-b490-31f70dfa2fc7
190359,18,23.1,120,0,"2021-08-30 00:23:55",A303,6f6db310-75e6-4dc3-b490-31f70dfa2fc7
190373,24,24.5,102,86,"2021-08-30 00:43:17",A301,6f6db310-75e6-4dc3-b490-31f70dfa2fc7
190378,22,24.6,100,86,"2021-08-30 00:48:19",A302,6f6db310-75e6-4dc3-b490-31f70dfa2fc7
190385,18,23,120,0,"2021-08-30 00:54:12",A303,6f6db310-75e6-4dc3-b490-31f70dfa2fc7
190399,24,24.5,102,86,"2021-08-30 01:13:44",A301,6f6db310-75e6-4dc3-b490-31f70dfa2fc7
190404,22,24.5,100,86,"2021-08-30 01:18:34",A302,6f6db310-75e6-4dc3-b490-31f70dfa2fc7
190411,18,22.9,121,0,"2021-08-30 01:24:26",A303,6f6db310-75e6-4dc3-b490-31f70dfa2fc7
190425,24,24.4,102,86,"2021-08-30 01:44:10",A301,6f6db310-75e6-4dc3-b490-31f70dfa2fc7
190431,22,24.4,100,86,"2021-08-30 01:48:48",A302,6f6db310-75e6-4dc3-b490-31f70dfa2fc7
190438,18,22.8,120,0,"2021-08-30 01:54:41",A303,6f6db310-75e6-4dc3-b490-31f70dfa2fc7
190453,24,24.3,102,86,"2021-08-30 02:14:38",A301,6f6db310-75e6-4dc3-b490-31f70dfa2fc7
190458,22,24.3,100,86,"2021-08-30 02:19:01",A302,6f6db310-75e6-4dc3-b490-31f70dfa2fc7
190465,18,22.7,120,0,"2021-08-30 02:24:56",A303,6f6db310-75e6-4dc3-b490-31f70dfa2fc7
190480,24,24.2,102,86,"2021-08-30 02:45:05",A301,6f6db310-75e6-4dc3-b490-31f70dfa2fc7
190483,22,24.2,100,86,"2021-08-30 02:49:15",A302,6f6db310-75e6-4dc3-b490-31f70dfa2fc7
190490,18,22.6,120,0,"2021-08-30 02:55:11",A303,6f6db310-75e6-4dc3-b490-31f70dfa2fc7
190504,24,24.1,101,86,"2021-08-30 03:15:29",A301,6f6db310-75e6-4dc3-b490-31f70dfa2fc7
190507,22,24.1,100,86,"2021-08-30 03:19:28",A302,6f6db310-75e6-4dc3-b490-31f70dfa2fc7
190514,18,22.5,121,0,"2021-08-30 03:25:25",A303,6f6db310-75e6-4dc3-b490-31f70dfa2fc7
190529,24,24.04,102,86,"2021-08-30 03:45:56",A301,6f6db310-75e6-4dc3-b490-31f70dfa2fc7
190533,22,24,99,86,"2021-08-30 03:49:41",A302,6f6db310-75e6-4dc3-b490-31f70dfa2fc7
190540,18,22.4,121,0,"2021-08-30 03:55:40",A303,6f6db310-75e6-4dc3-b490-31f70dfa2fc7
190555,24,24,102,86,"2021-08-30 04:16:22",A301,6f6db310-75e6-4dc3-b490-31f70dfa2fc7
190559,22,23.9,99,86,"2021-08-30 04:19:54",A302,6f6db310-75e6-4dc3-b490-31f70dfa2fc7
190567,18,22.3,121,0,"2021-08-30 04:25:54",A303,6f6db310-75e6-4dc3-b490-31f70dfa2fc7
190582,24,23.9,101,86,"2021-08-30 04:46:46",A301,6f6db310-75e6-4dc3-b490-31f70dfa2fc7
190585,22,23.8,99,86,"2021-08-30 04:50:06",A302,6f6db310-75e6-4dc3-b490-31f70dfa2fc7
190592,18,22.2,121,0,"2021-08-30 04:56:09",A303,6f6db310-75e6-4dc3-b490-31f70dfa2fc7
190607,24,23.8,102,86,"2021-08-30 05:17:13",A301,6f6db310-75e6-4dc3-b490-31f70dfa2fc7
190611,22,23.7,99,93,"2021-08-30 05:20:21",A302,6f6db310-75e6-4dc3-b490-31f70dfa2fc7
190618,18,22.1,121,0,"2021-08-30 05:26:24",A303,6f6db310-75e6-4dc3-b490-31f70dfa2fc7
190633,24,23.7,101,93,"2021-08-30 05:47:42",A301,6f6db310-75e6-4dc3-b490-31f70dfa2fc7
190637,22,23.6,99,93,"2021-08-30 05:50:37",A302,6f6db310-75e6-4dc3-b490-31f70dfa2fc7
190645,18,22.1,121,8,"2021-08-30 05:56:41",A303,6f6db310-75e6-4dc3-b490-31f70dfa2fc7
190660,24,23.6,102,93,"2021-08-30 06:18:11",A301,6f6db310-75e6-4dc3-b490-31f70dfa2fc7
190663,22,23.6,99,93,"2021-08-30 06:20:56",A302,6f6db310-75e6-4dc3-b490-31f70dfa2fc7
190671,18,22.1,121,15,"2021-08-30 06:27:00",A303,6f6db310-75e6-4dc3-b490-31f70dfa2fc7
190686,24,23.6,101,93,"2021-08-30 06:48:45",A301,6f6db310-75e6-4dc3-b490-31f70dfa2fc7
190689,22,23.6,98,93,"2021-08-30 06:51:18",A302,6f6db310-75e6-4dc3-b490-31f70dfa2fc7
190697,18,22.2,121,22,"2021-08-30 06:57:20",A303,6f6db310-75e6-4dc3-b490-31f70dfa2fc7
190711,24,23.5,101,93,"2021-08-30 07:19:15",A301,6f6db310-75e6-4dc3-b490-31f70dfa2fc7
190715,22,23.7,97,93,"2021-08-30 07:21:40",A302,6f6db310-75e6-4dc3-b490-31f70dfa2fc7
190722,18,22.4,120,22,"2021-08-30 07:27:42",A303,6f6db310-75e6-4dc3-b490-31f70dfa2fc7
190736,24,23.5,101,93,"2021-08-30 07:49:49",A301,6f6db310-75e6-4dc3-b490-31f70dfa2fc7
190740,22,23.9,96,93,"2021-08-30 07:52:04",A302,6f6db310-75e6-4dc3-b490-31f70dfa2fc7
190747,18,22.6,120,43,"2021-08-30 07:58:03",A303,6f6db310-75e6-4dc3-b490-31f70dfa2fc7
190762,24,23.5,101,100,"2021-08-30 08:20:22",A301,6f6db310-75e6-4dc3-b490-31f70dfa2fc7
190767,22,24.1,96,100,"2021-08-30 08:22:30",A302,6f6db310-75e6-4dc3-b490-31f70dfa2fc7
190772,18,22.9,120,58,"2021-08-30 08:28:26",A303,6f6db310-75e6-4dc3-b490-31f70dfa2fc7
190786,24,23.6,100,100,"2021-08-30 08:51:01",A301,6f6db310-75e6-4dc3-b490-31f70dfa2fc7
190789,22,24.4,95,100,"2021-08-30 08:52:57",A302,6f6db310-75e6-4dc3-b490-31f70dfa2fc7
190795,18,23.2,118,58,"2021-08-30 08:58:49",A303,6f6db310-75e6-4dc3-b490-31f70dfa2fc7
190812,24,23.7,99,100,"2021-08-30 09:21:35",A301,6f6db310-75e6-4dc3-b490-31f70dfa2fc7
190816,22,24.8,95,100,"2021-08-30 09:23:25",A302,6f6db310-75e6-4dc3-b490-31f70dfa2fc7
190838,24,23.8,99,93,"2021-08-30 09:52:12",A301,6f6db310-75e6-4dc3-b490-31f70dfa2fc7
190842,22,25.2,94,100,"2021-08-30 09:53:52",A302,6f6db310-75e6-4dc3-b490-31f70dfa2fc7
190848,18,23.9,119,72,"2021-08-30 09:59:37",A303,6f6db310-75e6-4dc3-b490-31f70dfa2fc7
190863,24,24,99,100,"2021-08-30 10:22:48",A301,6f6db310-75e6-4dc3-b490-31f70dfa2fc7
190864,22,25.7,94,100,"2021-08-30 10:24:18",A302,6f6db310-75e6-4dc3-b490-31f70dfa2fc7
190886,24,24.2,99,100,"2021-08-30 10:53:22",A301,6f6db310-75e6-4dc3-b490-31f70dfa2fc7
190888,22,25.92,93,100,"2021-08-30 10:54:44",A302,6f6db310-75e6-4dc3-b490-31f70dfa2fc7
190896,18,24.3,120,72,"2021-08-30 11:01:50",A303,6f6db310-75e6-4dc3-b490-31f70dfa2fc7
190910,24,24.4,98,100,"2021-08-30 11:23:58",A301,6f6db310-75e6-4dc3-b490-31f70dfa2fc7
190912,21,26.2,94,100,"2021-08-30 11:25:11",A302,6f6db310-75e6-4dc3-b490-31f70dfa2fc7
190919,17,24.4,119,86,"2021-08-30 11:32:12",A303,6f6db310-75e6-4dc3-b490-31f70dfa2fc7
190933,24,24.6,98,100,"2021-08-30 11:54:34",A301,6f6db310-75e6-4dc3-b490-31f70dfa2fc7
190935,21,26.4,93,100,"2021-08-30 11:55:38",A302,6f6db310-75e6-4dc3-b490-31f70dfa2fc7
190943,17,24.6,120,86,"2021-08-30 12:02:36",A303,6f6db310-75e6-4dc3-b490-31f70dfa2fc7
190959,24,24.7,98,100,"2021-08-30 12:25:12",A301,6f6db310-75e6-4dc3-b490-31f70dfa2fc7
190961,21,26.6,93,100,"2021-08-30 12:26:00",A302,6f6db310-75e6-4dc3-b490-31f70dfa2fc7
190968,17,24.7,119,86,"2021-08-30 12:33:00",A303,6f6db310-75e6-4dc3-b490-31f70dfa2fc7
190986,24,24.9,98,100,"2021-08-30 12:55:48",A301,6f6db310-75e6-4dc3-b490-31f70dfa2fc7
190993,17,24.9,119,86,"2021-08-30 13:03:24",A303,6f6db310-75e6-4dc3-b490-31f70dfa2fc7
191009,24,25.1,98,93,"2021-08-30 13:26:24",A301,6f6db310-75e6-4dc3-b490-31f70dfa2fc7
191010,21,27,93,93,"2021-08-30 13:26:48",A302,6f6db310-75e6-4dc3-b490-31f70dfa2fc7
191017,17,25,119,79,"2021-08-30 13:33:44",A303,6f6db310-75e6-4dc3-b490-31f70dfa2fc7
191032,24,25.3,98,86,"2021-08-30 13:56:56",A301,6f6db310-75e6-4dc3-b490-31f70dfa2fc7
191033,21,27.1,92,93,"2021-08-30 13:57:08",A302,6f6db310-75e6-4dc3-b490-31f70dfa2fc7
191040,17,25,120,50,"2021-08-30 14:04:02",A303,6f6db310-75e6-4dc3-b490-31f70dfa2fc7
191058,24,25.4,98,86,"2021-08-30 14:27:27",A301,6f6db310-75e6-4dc3-b490-31f70dfa2fc7
191059,21,27,92,93,"2021-08-30 14:27:27",A302,6f6db310-75e6-4dc3-b490-31f70dfa2fc7
191065,17,24.9,120,36,"2021-08-30 14:34:20",A303,6f6db310-75e6-4dc3-b490-31f70dfa2fc7
191085,21,26.8,94,93,"2021-08-30 14:57:45",A302,6f6db310-75e6-4dc3-b490-31f70dfa2fc7
191086,24,25.5,98,86,"2021-08-30 14:57:55",A301,6f6db310-75e6-4dc3-b490-31f70dfa2fc7
191093,17,24.8,119,36,"2021-08-30 15:04:37",A303,6f6db310-75e6-4dc3-b490-31f70dfa2fc7
191114,21,26.5,94,86,"2021-08-30 15:28:04",A302,6f6db310-75e6-4dc3-b490-31f70dfa2fc7
191115,24,25.6,99,86,"2021-08-30 15:28:27",A301,6f6db310-75e6-4dc3-b490-31f70dfa2fc7
191123,18,24.7,120,22,"2021-08-30 15:34:55",A303,6f6db310-75e6-4dc3-b490-31f70dfa2fc7
191142,21,26.3,93,86,"2021-08-30 15:58:22",A302,6f6db310-75e6-4dc3-b490-31f70dfa2fc7
191143,24,25.7,98,86,"2021-08-30 15:58:57",A301,6f6db310-75e6-4dc3-b490-31f70dfa2fc7
191170,21,26.1,93,86,"2021-08-30 16:28:40",A302,6f6db310-75e6-4dc3-b490-31f70dfa2fc7
191171,24,25.7,99,86,"2021-08-30 16:29:25",A301,6f6db310-75e6-4dc3-b490-31f70dfa2fc7
191178,18,24.5,120,15,"2021-08-30 16:35:29",A303,6f6db310-75e6-4dc3-b490-31f70dfa2fc7
191196,21,25.9,94,86,"2021-08-30 16:58:57",A302,6f6db310-75e6-4dc3-b490-31f70dfa2fc7
191197,24,25.7,98,86,"2021-08-30 16:59:54",A301,6f6db310-75e6-4dc3-b490-31f70dfa2fc7
191216,21,25.7,93,86,"2021-08-30 17:29:14",A302,6f6db310-75e6-4dc3-b490-31f70dfa2fc7
191217,24,25.7,99,86,"2021-08-30 17:30:24",A301,6f6db310-75e6-4dc3-b490-31f70dfa2fc7
191230,21,25.5,93,86,"2021-08-30 17:59:32",A302,6f6db310-75e6-4dc3-b490-31f70dfa2fc7
191231,24,25.7,99,86,"2021-08-30 18:00:53",A301,6f6db310-75e6-4dc3-b490-31f70dfa2fc7
191240,24,25.7,99,86,"2021-08-30 18:31:21",A301,6f6db310-75e6-4dc3-b490-31f70dfa2fc7
191250,18,23.9,119,15,"2021-08-30 19:06:48",A303,6f6db310-75e6-4dc3-b490-31f70dfa2fc7
191265,24,25.6,99,86,"2021-08-30 19:32:20",A301,6f6db310-75e6-4dc3-b490-31f70dfa2fc7
191271,18,23.8,120,8,"2021-08-30 19:37:04",A303,6f6db310-75e6-4dc3-b490-31f70dfa2fc7
191293,21,24.9,92,86,"2021-08-30 20:00:40",A302,6f6db310-75e6-4dc3-b490-31f70dfa2fc7
191294,24,25.5,99,86,"2021-08-30 20:02:50",A301,6f6db310-75e6-4dc3-b490-31f70dfa2fc7
191300,18,23.7,120,8,"2021-08-30 20:07:20",A303,6f6db310-75e6-4dc3-b490-31f70dfa2fc7
191321,21,24.8,93,86,"2021-08-30 20:30:55",A302,6f6db310-75e6-4dc3-b490-31f70dfa2fc7
191322,24,25.5,99,86,"2021-08-30 20:33:18",A301,6f6db310-75e6-4dc3-b490-31f70dfa2fc7
191347,21,24.6,93,86,"2021-08-30 21:01:10",A302,6f6db310-75e6-4dc3-b490-31f70dfa2fc7
191375,22,24.5,93,86,"2021-08-30 21:31:24",A302,6f6db310-75e6-4dc3-b490-31f70dfa2fc7
191378,24,25.3,99,86,"2021-08-30 21:34:19",A301,6f6db310-75e6-4dc3-b490-31f70dfa2fc7
191401,22,24.4,93,86,"2021-08-30 22:01:39",A302,6f6db310-75e6-4dc3-b490-31f70dfa2fc7
191404,24,25.2,99,86,"2021-08-30 22:04:40",A301,6f6db310-75e6-4dc3-b490-31f70dfa2fc7
191427,22,24.3,93,86,"2021-08-30 22:31:53",A302,6f6db310-75e6-4dc3-b490-31f70dfa2fc7
191430,24,25.2,99,86,"2021-08-30 22:35:06",A301,6f6db310-75e6-4dc3-b490-31f70dfa2fc7
191455,22,24.1,93,86,"2021-08-30 23:02:08",A302,6f6db310-75e6-4dc3-b490-31f70dfa2fc7
191459,24,25.1,99,86,"2021-08-30 23:05:33",A301,6f6db310-75e6-4dc3-b490-31f70dfa2fc7
191482,22,24,93,86,"2021-08-30 23:32:22",A302,6f6db310-75e6-4dc3-b490-31f70dfa2fc7
191486,24,25,98,86,"2021-08-30 23:36:00",A301,6f6db310-75e6-4dc3-b490-31f70dfa2fc7
191510,22,23.9,92,86,"2021-08-31 00:02:36",A302,6f6db310-75e6-4dc3-b490-31f70dfa2fc7
191514,24,24.9,98,86,"2021-08-31 00:06:27",A301,6f6db310-75e6-4dc3-b490-31f70dfa2fc7
191539,22,23.8,92,86,"2021-08-31 00:32:49",A302,6f6db310-75e6-4dc3-b490-31f70dfa2fc7
191543,24,24.8,99,86,"2021-08-31 00:36:54",A301,6f6db310-75e6-4dc3-b490-31f70dfa2fc7
191546,18,22.9,120,0,"2021-08-31 00:39:34",A303,6f6db310-75e6-4dc3-b490-31f70dfa2fc7
191569,22,23.7,92,86,"2021-08-31 01:03:04",A302,6f6db310-75e6-4dc3-b490-31f70dfa2fc7
191573,24,24.7,98,86,"2021-08-31 01:07:20",A301,6f6db310-75e6-4dc3-b490-31f70dfa2fc7
191576,18,22.8,120,0,"2021-08-31 01:09:41",A303,6f6db310-75e6-4dc3-b490-31f70dfa2fc7
191599,22,23.6,92,86,"2021-08-31 01:33:18",A302,6f6db310-75e6-4dc3-b490-31f70dfa2fc7
191603,24,24.7,98,86,"2021-08-31 01:37:47",A301,6f6db310-75e6-4dc3-b490-31f70dfa2fc7
191606,18,22.7,120,0,"2021-08-31 01:39:54",A303,6f6db310-75e6-4dc3-b490-31f70dfa2fc7
191629,22,23.6,92,86,"2021-08-31 02:03:31",A302,6f6db310-75e6-4dc3-b490-31f70dfa2fc7
191633,24,24.6,98,86,"2021-08-31 02:08:13",A301,6f6db310-75e6-4dc3-b490-31f70dfa2fc7
191638,18,22.6,120,0,"2021-08-31 02:10:09",A303,6f6db310-75e6-4dc3-b490-31f70dfa2fc7
191660,22,23.5,92,86,"2021-08-31 02:33:45",A302,6f6db310-75e6-4dc3-b490-31f70dfa2fc7
191664,24,24.5,98,86,"2021-08-31 02:38:40",A301,6f6db310-75e6-4dc3-b490-31f70dfa2fc7
191669,18,22.5,120,0,"2021-08-31 02:40:21",A303,6f6db310-75e6-4dc3-b490-31f70dfa2fc7
191689,22,23.4,91,86,"2021-08-31 03:03:58",A302,6f6db310-75e6-4dc3-b490-31f70dfa2fc7
191693,24,24.4,98,86,"2021-08-31 03:09:05",A301,6f6db310-75e6-4dc3-b490-31f70dfa2fc7
191698,18,22.4,120,0,"2021-08-31 03:10:35",A303,6f6db310-75e6-4dc3-b490-31f70dfa2fc7
191719,22,23.3,91,86,"2021-08-31 03:34:12",A302,6f6db310-75e6-4dc3-b490-31f70dfa2fc7
191724,24,24.3,97,86,"2021-08-31 03:39:33",A301,6f6db310-75e6-4dc3-b490-31f70dfa2fc7
191728,18,22.4,120,0,"2021-08-31 03:40:49",A303,6f6db310-75e6-4dc3-b490-31f70dfa2fc7
191752,24,24.2,97,86,"2021-08-31 04:09:59",A301,6f6db310-75e6-4dc3-b490-31f70dfa2fc7
191755,18,22.3,120,0,"2021-08-31 04:11:02",A303,6f6db310-75e6-4dc3-b490-31f70dfa2fc7
191773,22,23.2,91,86,"2021-08-31 04:34:39",A302,6f6db310-75e6-4dc3-b490-31f70dfa2fc7
191779,24,24.1,98,86,"2021-08-31 04:40:27",A301,6f6db310-75e6-4dc3-b490-31f70dfa2fc7
191782,18,22.2,119,0,"2021-08-31 04:41:15",A303,6f6db310-75e6-4dc3-b490-31f70dfa2fc7
191801,22,23.1,91,86,"2021-08-31 05:04:53",A302,6f6db310-75e6-4dc3-b490-31f70dfa2fc7
191808,24,24.1,98,86,"2021-08-31 05:10:52",A301,6f6db310-75e6-4dc3-b490-31f70dfa2fc7
191810,18,22.2,119,0,"2021-08-31 05:11:29",A303,6f6db310-75e6-4dc3-b490-31f70dfa2fc7
191828,22,23.1,91,86,"2021-08-31 05:35:08",A302,6f6db310-75e6-4dc3-b490-31f70dfa2fc7
191836,18,22.1,120,0,"2021-08-31 05:41:44",A303,6f6db310-75e6-4dc3-b490-31f70dfa2fc7
191856,22,23,90,93,"2021-08-31 06:05:23",A302,6f6db310-75e6-4dc3-b490-31f70dfa2fc7
191864,18,22.1,119,0,"2021-08-31 06:11:58",A303,6f6db310-75e6-4dc3-b490-31f70dfa2fc7
191868,24,23.9,98,93,"2021-08-31 06:15:28",A301,6f6db310-75e6-4dc3-b490-31f70dfa2fc7
191885,22,23,90,93,"2021-08-31 06:35:40",A302,6f6db310-75e6-4dc3-b490-31f70dfa2fc7
191896,18,22.1,119,0,"2021-08-31 06:42:14",A303,6f6db310-75e6-4dc3-b490-31f70dfa2fc7
191900,24,23.8,97,93,"2021-08-31 06:45:53",A301,6f6db310-75e6-4dc3-b490-31f70dfa2fc7
191915,22,23.08,90,93,"2021-08-31 07:06:02",A302,6f6db310-75e6-4dc3-b490-31f70dfa2fc7
191924,18,22.2,119,15,"2021-08-31 07:12:33",A303,6f6db310-75e6-4dc3-b490-31f70dfa2fc7
191929,24,23.8,97,93,"2021-08-31 07:16:20",A301,6f6db310-75e6-4dc3-b490-31f70dfa2fc7
191947,21,23.2,89,93,"2021-08-31 07:36:23",A302,6f6db310-75e6-4dc3-b490-31f70dfa2fc7
191955,18,22.4,119,22,"2021-08-31 07:42:52",A303,6f6db310-75e6-4dc3-b490-31f70dfa2fc7
191960,24,23.7,97,93,"2021-08-31 07:46:49",A301,6f6db310-75e6-4dc3-b490-31f70dfa2fc7
191977,21,23.4,89,100,"2021-08-31 08:06:44",A302,6f6db310-75e6-4dc3-b490-31f70dfa2fc7
191984,18,22.7,120,43,"2021-08-31 08:13:12",A303,6f6db310-75e6-4dc3-b490-31f70dfa2fc7
191990,24,23.7,96,93,"2021-08-31 08:17:19",A301,6f6db310-75e6-4dc3-b490-31f70dfa2fc7
192007,21,23.7,88,100,"2021-08-31 08:37:09",A302,6f6db310-75e6-4dc3-b490-31f70dfa2fc7
192015,18,23,119,65,"2021-08-31 08:43:34",A303,6f6db310-75e6-4dc3-b490-31f70dfa2fc7
192021,24,23.8,95,100,"2021-08-31 08:47:51",A301,6f6db310-75e6-4dc3-b490-31f70dfa2fc7
192038,21,24.1,87,100,"2021-08-31 09:07:35",A302,6f6db310-75e6-4dc3-b490-31f70dfa2fc7
192046,18,23.4,119,65,"2021-08-31 09:13:56",A303,6f6db310-75e6-4dc3-b490-31f70dfa2fc7
192051,24,23.9,95,100,"2021-08-31 09:18:23",A301,6f6db310-75e6-4dc3-b490-31f70dfa2fc7
192076,18,23.8,117,72,"2021-08-31 09:44:19",A303,6f6db310-75e6-4dc3-b490-31f70dfa2fc7
192082,24,24,94,100,"2021-08-31 09:48:57",A301,6f6db310-75e6-4dc3-b490-31f70dfa2fc7
192099,21,25,87,100,"2021-08-31 10:08:26",A302,6f6db310-75e6-4dc3-b490-31f70dfa2fc7
192106,17,24.2,118,79,"2021-08-31 10:14:41",A303,6f6db310-75e6-4dc3-b490-31f70dfa2fc7
192113,23,24.1,93,100,"2021-08-31 10:19:28",A301,6f6db310-75e6-4dc3-b490-31f70dfa2fc7
192130,21,25.4,86,100,"2021-08-31 10:38:51",A302,6f6db310-75e6-4dc3-b490-31f70dfa2fc7
192137,17,24.6,118,79,"2021-08-31 10:45:04",A303,6f6db310-75e6-4dc3-b490-31f70dfa2fc7
192143,23,24.3,94,100,"2021-08-31 10:50:00",A301,6f6db310-75e6-4dc3-b490-31f70dfa2fc7
192159,21,25.9,86,100,"2021-08-31 11:09:20",A302,6f6db310-75e6-4dc3-b490-31f70dfa2fc7
192165,17,24.9,118,86,"2021-08-31 11:15:33",A303,6f6db310-75e6-4dc3-b490-31f70dfa2fc7
192171,23,24.6,93,100,"2021-08-31 11:20:27",A301,6f6db310-75e6-4dc3-b490-31f70dfa2fc7
192188,21,26.3,85,100,"2021-08-31 11:39:47",A302,6f6db310-75e6-4dc3-b490-31f70dfa2fc7
192200,23,24.8,93,100,"2021-08-31 11:50:57",A301,6f6db310-75e6-4dc3-b490-31f70dfa2fc7
192215,21,26.7,86,93,"2021-08-31 12:10:12",A302,6f6db310-75e6-4dc3-b490-31f70dfa2fc7
192222,17,25.5,117,72,"2021-08-31 12:16:13",A303,6f6db310-75e6-4dc3-b490-31f70dfa2fc7
192229,23,25,93,100,"2021-08-31 12:21:25",A301,6f6db310-75e6-4dc3-b490-31f70dfa2fc7
192251,17,25.6,116,72,"2021-08-31 12:46:33",A303,6f6db310-75e6-4dc3-b490-31f70dfa2fc7
192259,23,25.2,93,100,"2021-08-31 12:51:58",A301,6f6db310-75e6-4dc3-b490-31f70dfa2fc7
192278,17,25.6,117,72,"2021-08-31 13:16:52",A303,6f6db310-75e6-4dc3-b490-31f70dfa2fc7
192286,23,25.4,93,100,"2021-08-31 13:22:22",A301,6f6db310-75e6-4dc3-b490-31f70dfa2fc7
192304,21,27.3,86,86,"2021-08-31 13:41:18",A302,6f6db310-75e6-4dc3-b490-31f70dfa2fc7
192310,17,25.6,117,43,"2021-08-31 13:47:12",A303,6f6db310-75e6-4dc3-b490-31f70dfa2fc7
192318,23,25.5,93,93,"2021-08-31 13:52:51",A301,6f6db310-75e6-4dc3-b490-31f70dfa2fc7
192334,21,27.3,86,86,"2021-08-31 14:11:37",A302,6f6db310-75e6-4dc3-b490-31f70dfa2fc7
192340,17,25.5,118,29,"2021-08-31 14:17:30",A303,6f6db310-75e6-4dc3-b490-31f70dfa2fc7
192348,23,25.6,93,93,"2021-08-31 14:23:17",A301,6f6db310-75e6-4dc3-b490-31f70dfa2fc7
192364,21,27.2,86,86,"2021-08-31 14:41:57",A302,6f6db310-75e6-4dc3-b490-31f70dfa2fc7
192369,17,25.4,118,22,"2021-08-31 14:47:48",A303,6f6db310-75e6-4dc3-b490-31f70dfa2fc7
192376,23,25.6,94,86,"2021-08-31 14:53:43",A301,6f6db310-75e6-4dc3-b490-31f70dfa2fc7
192390,21,27,86,86,"2021-08-31 15:12:16",A302,6f6db310-75e6-4dc3-b490-31f70dfa2fc7
192397,17,25.3,117,22,"2021-08-31 15:18:10",A303,6f6db310-75e6-4dc3-b490-31f70dfa2fc7
192405,23,25.6,94,86,"2021-08-31 15:24:09",A301,6f6db310-75e6-4dc3-b490-31f70dfa2fc7
192421,21,26.8,87,86,"2021-08-31 15:42:35",A302,6f6db310-75e6-4dc3-b490-31f70dfa2fc7
192434,23,25.5,94,86,"2021-08-31 15:54:34",A301,6f6db310-75e6-4dc3-b490-31f70dfa2fc7
192457,17,25.1,118,8,"2021-08-31 16:18:37",A303,6f6db310-75e6-4dc3-b490-31f70dfa2fc7
192465,23,25.5,94,86,"2021-08-31 16:25:00",A301,6f6db310-75e6-4dc3-b490-31f70dfa2fc7
192481,21,26.4,87,86,"2021-08-31 16:43:11",A302,6f6db310-75e6-4dc3-b490-31f70dfa2fc7
192487,17,25,118,8,"2021-08-31 16:48:53",A303,6f6db310-75e6-4dc3-b490-31f70dfa2fc7
192495,23,25.4,94,86,"2021-08-31 16:55:25",A301,6f6db310-75e6-4dc3-b490-31f70dfa2fc7
192508,21,26.2,87,86,"2021-08-31 17:13:28",A302,6f6db310-75e6-4dc3-b490-31f70dfa2fc7
192514,23,25.4,94,86,"2021-08-31 17:25:53",A301,6f6db310-75e6-4dc3-b490-31f70dfa2fc7
192523,17,24.8,118,0,"2021-08-31 17:49:23",A303,6f6db310-75e6-4dc3-b490-31f70dfa2fc7
192538,18,24.5,118,0,"2021-08-31 18:49:54",A303,6f6db310-75e6-4dc3-b490-31f70dfa2fc7
192555,23,25,94,86,"2021-08-31 19:27:26",A301,6f6db310-75e6-4dc3-b490-31f70dfa2fc7
192566,21,25.2,87,58,"2021-08-31 19:45:04",A302,6f6db310-75e6-4dc3-b490-31f70dfa2fc7
192570,18,24.2,118,0,"2021-08-31 19:50:19",A303,6f6db310-75e6-4dc3-b490-31f70dfa2fc7
192579,23,24.9,95,86,"2021-08-31 19:57:49",A301,6f6db310-75e6-4dc3-b490-31f70dfa2fc7
192598,18,24.1,118,0,"2021-08-31 20:20:33",A303,6f6db310-75e6-4dc3-b490-31f70dfa2fc7
192608,23,24.9,94,86,"2021-08-31 20:28:12",A301,6f6db310-75e6-4dc3-b490-31f70dfa2fc7
192622,21,24.9,87,58,"2021-08-31 20:45:50",A302,6f6db310-75e6-4dc3-b490-31f70dfa2fc7
192636,23,24.7,94,86,"2021-08-31 20:58:37",A301,6f6db310-75e6-4dc3-b490-31f70dfa2fc7
192650,21,24.7,87,50,"2021-08-31 21:16:14",A302,6f6db310-75e6-4dc3-b490-31f70dfa2fc7
192656,18,23.9,119,0,"2021-08-31 21:21:01",A303,6f6db310-75e6-4dc3-b490-31f70dfa2fc7
192666,23,24.7,94,86,"2021-08-31 21:29:01",A301,6f6db310-75e6-4dc3-b490-31f70dfa2fc7
192681,21,24.6,87,50,"2021-08-31 21:46:35",A302,6f6db310-75e6-4dc3-b490-31f70dfa2fc7
192685,18,23.7,118,0,"2021-08-31 21:51:15",A303,6f6db310-75e6-4dc3-b490-31f70dfa2fc7
192694,23,24.6,94,86,"2021-08-31 21:59:23",A301,6f6db310-75e6-4dc3-b490-31f70dfa2fc7
192709,21,24.5,88,50,"2021-08-31 22:16:56",A302,6f6db310-75e6-4dc3-b490-31f70dfa2fc7
192714,18,23.6,118,0,"2021-08-31 22:21:30",A303,6f6db310-75e6-4dc3-b490-31f70dfa2fc7
192724,23,24.5,94,86,"2021-08-31 22:29:46",A301,6f6db310-75e6-4dc3-b490-31f70dfa2fc7
192736,21,24.3,88,58,"2021-08-31 22:47:13",A302,6f6db310-75e6-4dc3-b490-31f70dfa2fc7
192741,18,23.5,118,0,"2021-08-31 22:51:42",A303,6f6db310-75e6-4dc3-b490-31f70dfa2fc7
192751,23,24.4,94,86,"2021-08-31 23:00:10",A301,6f6db310-75e6-4dc3-b490-31f70dfa2fc7
192765,21,24.2,88,58,"2021-08-31 23:17:29",A302,6f6db310-75e6-4dc3-b490-31f70dfa2fc7
192770,18,23.4,118,0,"2021-08-31 23:21:56",A303,6f6db310-75e6-4dc3-b490-31f70dfa2fc7
192780,23,24.3,94,86,"2021-08-31 23:30:31",A301,6f6db310-75e6-4dc3-b490-31f70dfa2fc7
192793,21,24.1,88,58,"2021-08-31 23:47:44",A302,6f6db310-75e6-4dc3-b490-31f70dfa2fc7
192798,18,23.3,119,0,"2021-08-31 23:52:09",A303,6f6db310-75e6-4dc3-b490-31f70dfa2fc7
192809,23,24.2,94,86,"2021-09-01 00:00:56",A301,6f6db310-75e6-4dc3-b490-31f70dfa2fc7
192823,21,24,88,58,"2021-09-01 00:18:00",A302,6f6db310-75e6-4dc3-b490-31f70dfa2fc7
192828,18,23.2,119,0,"2021-09-01 00:22:22",A303,6f6db310-75e6-4dc3-b490-31f70dfa2fc7
192839,23,24.1,94,86,"2021-09-01 00:31:16",A301,6f6db310-75e6-4dc3-b490-31f70dfa2fc7
192854,21,23.9,88,58,"2021-09-01 00:48:15",A302,6f6db310-75e6-4dc3-b490-31f70dfa2fc7
192859,18,23.1,119,0,"2021-09-01 00:52:35",A303,6f6db310-75e6-4dc3-b490-31f70dfa2fc7
192870,23,24,94,86,"2021-09-01 01:01:39",A301,6f6db310-75e6-4dc3-b490-31f70dfa2fc7
192883,21,23.8,88,58,"2021-09-01 01:18:29",A302,6f6db310-75e6-4dc3-b490-31f70dfa2fc7
192889,18,23,118,0,"2021-09-01 01:22:47",A303,6f6db310-75e6-4dc3-b490-31f70dfa2fc7
192900,23,23.9,94,86,"2021-09-01 01:32:11",A301,6f6db310-75e6-4dc3-b490-31f70dfa2fc7
192912,21,23.7,88,58,"2021-09-01 01:48:43",A302,6f6db310-75e6-4dc3-b490-31f70dfa2fc7
192918,18,22.9,119,0,"2021-09-01 01:52:59",A303,6f6db310-75e6-4dc3-b490-31f70dfa2fc7
192928,23,23.82,94,86,"2021-09-01 02:02:24",A301,6f6db310-75e6-4dc3-b490-31f70dfa2fc7
192942,21,23.52,88,58,"2021-09-01 02:18:57",A302,6f6db310-75e6-4dc3-b490-31f70dfa2fc7
192947,18,22.7,119,0,"2021-09-01 02:23:12",A303,6f6db310-75e6-4dc3-b490-31f70dfa2fc7
192958,23,23.8,94,86,"2021-09-01 02:32:44",A301,6f6db310-75e6-4dc3-b490-31f70dfa2fc7
192969,21,23.4,88,58,"2021-09-01 02:49:11",A302,6f6db310-75e6-4dc3-b490-31f70dfa2fc7
192974,18,22.6,118,0,"2021-09-01 02:53:24",A303,6f6db310-75e6-4dc3-b490-31f70dfa2fc7
192985,24,23.7,94,86,"2021-09-01 03:03:07",A301,6f6db310-75e6-4dc3-b490-31f70dfa2fc7
192999,21,23.3,88,58,"2021-09-01 03:19:25",A302,6f6db310-75e6-4dc3-b490-31f70dfa2fc7
193005,18,22.5,118,0,"2021-09-01 03:23:37",A303,6f6db310-75e6-4dc3-b490-31f70dfa2fc7
193017,24,23.6,93,86,"2021-09-01 03:33:29",A301,6f6db310-75e6-4dc3-b490-31f70dfa2fc7
193027,21,23.2,88,58,"2021-09-01 03:49:40",A302,6f6db310-75e6-4dc3-b490-31f70dfa2fc7
193033,18,22.42,118,0,"2021-09-01 03:53:49",A303,6f6db310-75e6-4dc3-b490-31f70dfa2fc7
193044,24,23.5,93,86,"2021-09-01 04:03:50",A301,6f6db310-75e6-4dc3-b490-31f70dfa2fc7
193056,21,23.2,88,58,"2021-09-01 04:19:54",A302,6f6db310-75e6-4dc3-b490-31f70dfa2fc7
193062,18,22.4,119,0,"2021-09-01 04:24:02",A303,6f6db310-75e6-4dc3-b490-31f70dfa2fc7
193074,24,23.4,93,86,"2021-09-01 04:34:12",A301,6f6db310-75e6-4dc3-b490-31f70dfa2fc7
193086,21,23.1,87,50,"2021-09-01 04:50:09",A302,6f6db310-75e6-4dc3-b490-31f70dfa2fc7
193092,18,22.3,118,0,"2021-09-01 04:54:16",A303,6f6db310-75e6-4dc3-b490-31f70dfa2fc7
193103,24,23.3,93,86,"2021-09-01 05:04:34",A301,6f6db310-75e6-4dc3-b490-31f70dfa2fc7
193114,21,23,87,50,"2021-09-01 05:20:25",A302,6f6db310-75e6-4dc3-b490-31f70dfa2fc7
193120,18,22.2,118,0,"2021-09-01 05:24:29",A303,6f6db310-75e6-4dc3-b490-31f70dfa2fc7
193132,24,23.2,93,86,"2021-09-01 05:34:59",A301,6f6db310-75e6-4dc3-b490-31f70dfa2fc7
193142,21,23,87,50,"2021-09-01 05:50:42",A302,6f6db310-75e6-4dc3-b490-31f70dfa2fc7
193146,18,22.2,118,0,"2021-09-01 05:54:42",A303,6f6db310-75e6-4dc3-b490-31f70dfa2fc7
193158,24,23.2,92,86,"2021-09-01 06:05:24",A301,6f6db310-75e6-4dc3-b490-31f70dfa2fc7
193170,21,23,86,50,"2021-09-01 06:21:03",A302,6f6db310-75e6-4dc3-b490-31f70dfa2fc7
193174,18,22.2,117,0,"2021-09-01 06:24:55",A303,6f6db310-75e6-4dc3-b490-31f70dfa2fc7
193186,24,23.1,93,93,"2021-09-01 06:35:45",A301,6f6db310-75e6-4dc3-b490-31f70dfa2fc7
193197,21,22.9,85,50,"2021-09-01 06:51:21",A302,6f6db310-75e6-4dc3-b490-31f70dfa2fc7
193212,24,23,92,93,"2021-09-01 07:06:10",A301,6f6db310-75e6-4dc3-b490-31f70dfa2fc7
193223,21,22.9,85,65,"2021-09-01 07:21:43",A302,6f6db310-75e6-4dc3-b490-31f70dfa2fc7
193229,18,22.2,117,8,"2021-09-01 07:25:28",A303,6f6db310-75e6-4dc3-b490-31f70dfa2fc7
193240,24,23,92,93,"2021-09-01 07:36:35",A301,6f6db310-75e6-4dc3-b490-31f70dfa2fc7
193253,21,23,84,93,"2021-09-01 07:52:12",A302,6f6db310-75e6-4dc3-b490-31f70dfa2fc7
193257,18,22.3,116,29,"2021-09-01 07:55:46",A303,6f6db310-75e6-4dc3-b490-31f70dfa2fc7
193268,23,23,92,93,"2021-09-01 08:07:04",A301,6f6db310-75e6-4dc3-b490-31f70dfa2fc7
193278,21,23.2,84,93,"2021-09-01 08:22:42",A302,6f6db310-75e6-4dc3-b490-31f70dfa2fc7
193283,18,22.6,118,43,"2021-09-01 08:26:06",A303,6f6db310-75e6-4dc3-b490-31f70dfa2fc7
193295,23,23,90,93,"2021-09-01 08:37:34",A301,6f6db310-75e6-4dc3-b490-31f70dfa2fc7
193308,21,23.4,83,93,"2021-09-01 08:53:14",A302,6f6db310-75e6-4dc3-b490-31f70dfa2fc7
193312,18,22.9,117,50,"2021-09-01 08:56:28",A303,6f6db310-75e6-4dc3-b490-31f70dfa2fc7
193324,23,23,91,100,"2021-09-01 09:08:03",A301,6f6db310-75e6-4dc3-b490-31f70dfa2fc7
193338,21,23.8,83,93,"2021-09-01 09:23:47",A302,6f6db310-75e6-4dc3-b490-31f70dfa2fc7
193350,23,23,90,100,"2021-09-01 09:38:36",A301,6f6db310-75e6-4dc3-b490-31f70dfa2fc7
193364,21,24.3,82,93,"2021-09-01 09:54:20",A302,6f6db310-75e6-4dc3-b490-31f70dfa2fc7
193377,23,23.2,89,100,"2021-09-01 10:09:07",A301,6f6db310-75e6-4dc3-b490-31f70dfa2fc7
193392,21,24.7,82,93,"2021-09-01 10:24:54",A302,6f6db310-75e6-4dc3-b490-31f70dfa2fc7
193395,17,24.2,116,86,"2021-09-01 10:27:36",A303,6f6db310-75e6-4dc3-b490-31f70dfa2fc7
193405,23,23.3,89,100,"2021-09-01 10:39:39",A301,6f6db310-75e6-4dc3-b490-31f70dfa2fc7
193420,21,25.2,80,93,"2021-09-01 10:55:28",A302,6f6db310-75e6-4dc3-b490-31f70dfa2fc7
193423,17,24.6,114,15,"2021-09-01 10:57:53",A303,6f6db310-75e6-4dc3-b490-31f70dfa2fc7
193434,23,23.5,88,100,"2021-09-01 11:10:09",A301,6f6db310-75e6-4dc3-b490-31f70dfa2fc7
193448,21,25.7,81,93,"2021-09-01 11:26:00",A302,6f6db310-75e6-4dc3-b490-31f70dfa2fc7
193460,23,23.7,88,100,"2021-09-01 11:40:41",A301,6f6db310-75e6-4dc3-b490-31f70dfa2fc7
193475,21,26.1,81,93,"2021-09-01 11:56:34",A302,6f6db310-75e6-4dc3-b490-31f70dfa2fc7
193488,23,23.9,88,100,"2021-09-01 12:11:14",A301,6f6db310-75e6-4dc3-b490-31f70dfa2fc7
193501,21,26.4,81,93,"2021-09-01 12:27:10",A302,6f6db310-75e6-4dc3-b490-31f70dfa2fc7
193504,17,25,116,79,"2021-09-01 12:29:00",A303,6f6db310-75e6-4dc3-b490-31f70dfa2fc7
193515,23,24.1,87,100,"2021-09-01 12:41:47",A301,6f6db310-75e6-4dc3-b490-31f70dfa2fc7
193529,21,26.6,80,93,"2021-09-01 12:57:44",A302,6f6db310-75e6-4dc3-b490-31f70dfa2fc7
193542,23,24.3,87,100,"2021-09-01 13:12:19",A301,6f6db310-75e6-4dc3-b490-31f70dfa2fc7
193556,21,26.9,81,93,"2021-09-01 13:28:19",A302,6f6db310-75e6-4dc3-b490-31f70dfa2fc7
193569,23,24.5,87,93,"2021-09-01 13:42:52",A301,6f6db310-75e6-4dc3-b490-31f70dfa2fc7
193584,21,27,81,86,"2021-09-01 13:58:50",A302,6f6db310-75e6-4dc3-b490-31f70dfa2fc7
193594,23,24.7,87,86,"2021-09-01 14:13:20",A301,6f6db310-75e6-4dc3-b490-31f70dfa2fc7
193609,21,27.14,80,86,"2021-09-01 14:29:18",A302,6f6db310-75e6-4dc3-b490-31f70dfa2fc7
193621,23,24.9,87,86,"2021-09-01 14:43:45",A301,6f6db310-75e6-4dc3-b490-31f70dfa2fc7
193637,21,27.1,81,86,"2021-09-01 14:59:47",A302,6f6db310-75e6-4dc3-b490-31f70dfa2fc7
193649,23,25,87,86,"2021-09-01 15:14:14",A301,6f6db310-75e6-4dc3-b490-31f70dfa2fc7
193663,21,26.9,81,86,"2021-09-01 15:30:19",A302,6f6db310-75e6-4dc3-b490-31f70dfa2fc7
193665,17,24.8,116,36,"2021-09-01 15:32:50",A303,6f6db310-75e6-4dc3-b490-31f70dfa2fc7
193692,21,26.7,81,86,"2021-09-01 16:00:44",A302,6f6db310-75e6-4dc3-b490-31f70dfa2fc7
193694,17,24.6,116,29,"2021-09-01 16:02:56",A303,6f6db310-75e6-4dc3-b490-31f70dfa2fc7
193705,23,25.1,88,86,"2021-09-01 16:15:09",A301,6f6db310-75e6-4dc3-b490-31f70dfa2fc7
193723,21,26.5,81,86,"2021-09-01 16:31:09",A302,6f6db310-75e6-4dc3-b490-31f70dfa2fc7
193725,17,24.6,116,29,"2021-09-01 16:32:56",A303,6f6db310-75e6-4dc3-b490-31f70dfa2fc7
193737,23,25.2,88,86,"2021-09-01 16:45:35",A301,6f6db310-75e6-4dc3-b490-31f70dfa2fc7
193754,21,26.3,81,86,"2021-09-01 17:01:39",A302,6f6db310-75e6-4dc3-b490-31f70dfa2fc7
193777,17,24.2,116,0,"2021-09-01 17:33:26",A303,6f6db310-75e6-4dc3-b490-31f70dfa2fc7
193818,18,23.8,117,0,"2021-09-01 19:04:05",A303,6f6db310-75e6-4dc3-b490-31f70dfa2fc7
193838,21,25.3,81,86,"2021-09-01 19:33:36",A302,6f6db310-75e6-4dc3-b490-31f70dfa2fc7
193839,18,23.7,117,0,"2021-09-01 19:34:19",A303,6f6db310-75e6-4dc3-b490-31f70dfa2fc7
193851,23,24.9,89,86,"2021-09-01 19:48:02",A301,6f6db310-75e6-4dc3-b490-31f70dfa2fc7
193867,21,25.1,81,86,"2021-09-01 20:03:55",A302,6f6db310-75e6-4dc3-b490-31f70dfa2fc7
193868,18,23.6,117,0,"2021-09-01 20:04:33",A303,6f6db310-75e6-4dc3-b490-31f70dfa2fc7
193880,23,24.9,89,86,"2021-09-01 20:18:28",A301,6f6db310-75e6-4dc3-b490-31f70dfa2fc7
193895,21,25,81,86,"2021-09-01 20:34:18",A302,6f6db310-75e6-4dc3-b490-31f70dfa2fc7
193896,18,23.4,117,0,"2021-09-01 20:34:47",A303,6f6db310-75e6-4dc3-b490-31f70dfa2fc7
193909,23,24.8,89,86,"2021-09-01 20:48:50",A301,6f6db310-75e6-4dc3-b490-31f70dfa2fc7
193926,21,24.9,81,86,"2021-09-01 21:04:41",A302,6f6db310-75e6-4dc3-b490-31f70dfa2fc7
193927,18,23.3,116,0,"2021-09-01 21:05:01",A303,6f6db310-75e6-4dc3-b490-31f70dfa2fc7
193939,23,24.7,89,86,"2021-09-01 21:19:14",A301,6f6db310-75e6-4dc3-b490-31f70dfa2fc7
193956,21,24.7,83,86,"2021-09-01 21:35:02",A302,6f6db310-75e6-4dc3-b490-31f70dfa2fc7
193968,23,24.6,90,86,"2021-09-01 21:49:37",A301,6f6db310-75e6-4dc3-b490-31f70dfa2fc7
193982,18,23.1,117,0,"2021-09-01 22:05:26",A303,6f6db310-75e6-4dc3-b490-31f70dfa2fc7
193994,23,24.5,89,86,"2021-09-01 22:20:01",A301,6f6db310-75e6-4dc3-b490-31f70dfa2fc7
194012,18,22.9,117,0,"2021-09-01 22:35:41",A303,6f6db310-75e6-4dc3-b490-31f70dfa2fc7
194013,21,24.5,82,86,"2021-09-01 22:35:46",A302,6f6db310-75e6-4dc3-b490-31f70dfa2fc7
194026,23,24.5,90,86,"2021-09-01 22:50:25",A301,6f6db310-75e6-4dc3-b490-31f70dfa2fc7
194044,18,22.8,116,0,"2021-09-01 23:05:52",A303,6f6db310-75e6-4dc3-b490-31f70dfa2fc7
194045,21,24.3,82,86,"2021-09-01 23:06:08",A302,6f6db310-75e6-4dc3-b490-31f70dfa2fc7
194058,23,24.4,90,86,"2021-09-01 23:20:46",A301,6f6db310-75e6-4dc3-b490-31f70dfa2fc7
194074,18,22.7,116,0,"2021-09-01 23:36:04",A303,6f6db310-75e6-4dc3-b490-31f70dfa2fc7
194076,21,24.2,82,86,"2021-09-01 23:36:29",A302,6f6db310-75e6-4dc3-b490-31f70dfa2fc7
194089,23,24.3,90,86,"2021-09-01 23:51:09",A301,6f6db310-75e6-4dc3-b490-31f70dfa2fc7
194104,18,22.6,115,0,"2021-09-02 00:06:17",A303,6f6db310-75e6-4dc3-b490-31f70dfa2fc7
194106,21,24.1,82,86,"2021-09-02 00:06:49",A302,6f6db310-75e6-4dc3-b490-31f70dfa2fc7
194119,23,24.2,90,86,"2021-09-02 00:21:31",A301,6f6db310-75e6-4dc3-b490-31f70dfa2fc7
194135,18,22.5,117,0,"2021-09-02 00:36:28",A303,6f6db310-75e6-4dc3-b490-31f70dfa2fc7
194137,21,24,82,79,"2021-09-02 00:37:10",A302,6f6db310-75e6-4dc3-b490-31f70dfa2fc7
194149,23,24.1,90,86,"2021-09-02 00:51:53",A301,6f6db310-75e6-4dc3-b490-31f70dfa2fc7
194166,18,22.4,117,0,"2021-09-02 01:06:41",A303,6f6db310-75e6-4dc3-b490-31f70dfa2fc7
194168,21,23.9,82,72,"2021-09-02 01:07:30",A302,6f6db310-75e6-4dc3-b490-31f70dfa2fc7
194180,23,24,90,86,"2021-09-02 01:22:18",A301,6f6db310-75e6-4dc3-b490-31f70dfa2fc7
194196,18,22.3,117,0,"2021-09-02 01:36:52",A303,6f6db310-75e6-4dc3-b490-31f70dfa2fc7
194198,21,23.8,82,58,"2021-09-02 01:37:50",A302,6f6db310-75e6-4dc3-b490-31f70dfa2fc7
194210,23,23.9,90,86,"2021-09-02 01:52:38",A301,6f6db310-75e6-4dc3-b490-31f70dfa2fc7
194225,18,22.2,117,0,"2021-09-02 02:07:05",A303,6f6db310-75e6-4dc3-b490-31f70dfa2fc7
194227,21,23.7,82,58,"2021-09-02 02:08:10",A302,6f6db310-75e6-4dc3-b490-31f70dfa2fc7
194239,23,23.9,88,86,"2021-09-02 02:22:59",A301,6f6db310-75e6-4dc3-b490-31f70dfa2fc7
194254,18,22.1,116,0,"2021-09-02 02:37:16",A303,6f6db310-75e6-4dc3-b490-31f70dfa2fc7
194256,21,23.6,82,58,"2021-09-02 02:38:30",A302,6f6db310-75e6-4dc3-b490-31f70dfa2fc7
194267,23,23.8,90,86,"2021-09-02 02:53:21",A301,6f6db310-75e6-4dc3-b490-31f70dfa2fc7
194280,18,22,117,0,"2021-09-02 03:07:28",A303,6f6db310-75e6-4dc3-b490-31f70dfa2fc7
194282,21,23.5,82,58,"2021-09-02 03:08:50",A302,6f6db310-75e6-4dc3-b490-31f70dfa2fc7
194295,23,23.7,89,86,"2021-09-02 03:23:42",A301,6f6db310-75e6-4dc3-b490-31f70dfa2fc7
194311,18,21.9,117,0,"2021-09-02 03:37:40",A303,6f6db310-75e6-4dc3-b490-31f70dfa2fc7
194312,21,23.4,82,58,"2021-09-02 03:39:10",A302,6f6db310-75e6-4dc3-b490-31f70dfa2fc7
194326,23,23.6,90,86,"2021-09-02 03:54:04",A301,6f6db310-75e6-4dc3-b490-31f70dfa2fc7
194341,18,21.9,116,0,"2021-09-02 04:07:51",A303,6f6db310-75e6-4dc3-b490-31f70dfa2fc7
194342,21,23.3,81,58,"2021-09-02 04:09:30",A302,6f6db310-75e6-4dc3-b490-31f70dfa2fc7
194356,23,23.5,89,86,"2021-09-02 04:24:26",A301,6f6db310-75e6-4dc3-b490-31f70dfa2fc7
194370,18,21.8,116,0,"2021-09-02 04:38:03",A303,6f6db310-75e6-4dc3-b490-31f70dfa2fc7
194371,21,23.2,82,58,"2021-09-02 04:39:49",A302,6f6db310-75e6-4dc3-b490-31f70dfa2fc7
194385,23,23.4,90,86,"2021-09-02 04:54:49",A301,6f6db310-75e6-4dc3-b490-31f70dfa2fc7
194400,18,21.7,116,0,"2021-09-02 05:08:15",A303,6f6db310-75e6-4dc3-b490-31f70dfa2fc7
194402,21,23.1,82,58,"2021-09-02 05:10:10",A302,6f6db310-75e6-4dc3-b490-31f70dfa2fc7
194416,23,23.4,90,86,"2021-09-02 05:25:10",A301,6f6db310-75e6-4dc3-b490-31f70dfa2fc7
194429,18,21.6,116,0,"2021-09-02 05:38:30",A303,6f6db310-75e6-4dc3-b490-31f70dfa2fc7
194431,21,23.1,81,58,"2021-09-02 05:40:31",A302,6f6db310-75e6-4dc3-b490-31f70dfa2fc7
194445,23,23.3,90,93,"2021-09-02 05:55:35",A301,6f6db310-75e6-4dc3-b490-31f70dfa2fc7
194458,18,21.6,116,0,"2021-09-02 06:08:41",A303,6f6db310-75e6-4dc3-b490-31f70dfa2fc7
194460,21,23,82,93,"2021-09-02 06:10:54",A302,6f6db310-75e6-4dc3-b490-31f70dfa2fc7
194474,23,23.2,90,93,"2021-09-02 06:25:58",A301,6f6db310-75e6-4dc3-b490-31f70dfa2fc7
194486,18,21.6,116,0,"2021-09-02 06:38:56",A303,6f6db310-75e6-4dc3-b490-31f70dfa2fc7
194499,23,23.1,89,93,"2021-09-02 06:56:25",A301,6f6db310-75e6-4dc3-b490-31f70dfa2fc7
194514,18,21.7,116,0,"2021-09-02 07:09:12",A303,6f6db310-75e6-4dc3-b490-31f70dfa2fc7
194516,21,23,81,93,"2021-09-02 07:11:45",A302,6f6db310-75e6-4dc3-b490-31f70dfa2fc7
194528,23,23.1,89,93,"2021-09-02 07:26:50",A301,6f6db310-75e6-4dc3-b490-31f70dfa2fc7
194542,18,21.8,116,15,"2021-09-02 07:39:28",A303,6f6db310-75e6-4dc3-b490-31f70dfa2fc7
194544,21,23.1,80,93,"2021-09-02 07:42:13",A302,6f6db310-75e6-4dc3-b490-31f70dfa2fc7
194556,23,23.1,88,93,"2021-09-02 07:57:20",A301,6f6db310-75e6-4dc3-b490-31f70dfa2fc7
194571,18,22,116,15,"2021-09-02 08:09:46",A303,6f6db310-75e6-4dc3-b490-31f70dfa2fc7
194572,21,23.2,80,93,"2021-09-02 08:12:42",A302,6f6db310-75e6-4dc3-b490-31f70dfa2fc7
194585,23,23.1,88,93,"2021-09-02 08:31:34",A301,6f6db310-75e6-4dc3-b490-31f70dfa2fc7
194596,18,22.2,115,29,"2021-09-02 08:40:05",A303,6f6db310-75e6-4dc3-b490-31f70dfa2fc7
194598,21,23.4,80,93,"2021-09-02 08:43:13",A302,6f6db310-75e6-4dc3-b490-31f70dfa2fc7
194611,23,23.1,87,93,"2021-09-02 09:01:58",A301,6f6db310-75e6-4dc3-b490-31f70dfa2fc7
194624,21,23.6,80,93,"2021-09-02 09:13:40",A302,6f6db310-75e6-4dc3-b490-31f70dfa2fc7
194637,23,23.1,86,93,"2021-09-02 09:32:23",A301,6f6db310-75e6-4dc3-b490-31f70dfa2fc7
194648,18,22.7,116,36,"2021-09-02 09:40:48",A303,6f6db310-75e6-4dc3-b490-31f70dfa2fc7
194652,21,23.9,79,93,"2021-09-02 09:44:09",A302,6f6db310-75e6-4dc3-b490-31f70dfa2fc7
194661,23,23.2,86,93,"2021-09-02 10:02:48",A301,6f6db310-75e6-4dc3-b490-31f70dfa2fc7
194671,18,22.9,115,29,"2021-09-02 10:11:03",A303,6f6db310-75e6-4dc3-b490-31f70dfa2fc7
194675,21,24.1,80,86,"2021-09-02 10:14:38",A302,6f6db310-75e6-4dc3-b490-31f70dfa2fc7
194687,23,23.3,86,93,"2021-09-02 10:33:10",A301,6f6db310-75e6-4dc3-b490-31f70dfa2fc7
194699,18,23.1,113,8,"2021-09-02 10:41:21",A303,6f6db310-75e6-4dc3-b490-31f70dfa2fc7
194703,21,24.3,80,86,"2021-09-02 10:45:05",A302,6f6db310-75e6-4dc3-b490-31f70dfa2fc7
194715,23,23.5,87,86,"2021-09-02 11:03:31",A301,6f6db310-75e6-4dc3-b490-31f70dfa2fc7
194727,18,23.2,115,0,"2021-09-02 11:11:35",A303,6f6db310-75e6-4dc3-b490-31f70dfa2fc7
194731,21,24.4,79,86,"2021-09-02 11:15:30",A302,6f6db310-75e6-4dc3-b490-31f70dfa2fc7
194741,24,23.6,88,86,"2021-09-02 11:33:50",A301,6f6db310-75e6-4dc3-b490-31f70dfa2fc7
194753,30,23.2,185,0,"2021-09-02 11:41:48",A303,6f6db310-75e6-4dc3-b490-31f70dfa2fc7
194757,21,24.3,76,86,"2021-09-02 11:45:51",A302,6f6db310-75e6-4dc3-b490-31f70dfa2fc7
194769,25,23.7,95,93,"2021-09-02 12:04:08",A301,6f6db310-75e6-4dc3-b490-31f70dfa2fc7
194780,28,23,168,0,"2021-09-02 12:12:03",A303,6f6db310-75e6-4dc3-b490-31f70dfa2fc7
194794,26,23.8,102,86,"2021-09-02 12:34:29",A301,6f6db310-75e6-4dc3-b490-31f70dfa2fc7
194807,27,22.9,161,0,"2021-09-02 12:42:16",A303,6f6db310-75e6-4dc3-b490-31f70dfa2fc7
194820,26,23.86,107,86,"2021-09-02 13:04:50",A301,6f6db310-75e6-4dc3-b490-31f70dfa2fc7
194833,27,22.8,157,0,"2021-09-02 13:12:31",A303,6f6db310-75e6-4dc3-b490-31f70dfa2fc7
194836,21,23.9,78,86,"2021-09-02 13:17:02",A302,6f6db310-75e6-4dc3-b490-31f70dfa2fc7
194847,26,23.9,109,86,"2021-09-02 13:35:05",A301,6f6db310-75e6-4dc3-b490-31f70dfa2fc7
194860,27,22.8,156,0,"2021-09-02 13:42:44",A303,6f6db310-75e6-4dc3-b490-31f70dfa2fc7
194865,21,23.9,77,86,"2021-09-02 13:47:25",A302,6f6db310-75e6-4dc3-b490-31f70dfa2fc7
194876,26,23.8,110,86,"2021-09-02 14:05:25",A301,6f6db310-75e6-4dc3-b490-31f70dfa2fc7
194886,27,22.8,156,0,"2021-09-02 14:12:58",A303,6f6db310-75e6-4dc3-b490-31f70dfa2fc7
194892,21,23.8,77,86,"2021-09-02 14:17:48",A302,6f6db310-75e6-4dc3-b490-31f70dfa2fc7
194902,26,23.8,109,86,"2021-09-02 14:35:43",A301,6f6db310-75e6-4dc3-b490-31f70dfa2fc7
194911,27,22.7,154,0,"2021-09-02 14:43:12",A303,6f6db310-75e6-4dc3-b490-31f70dfa2fc7
194916,21,23.8,78,86,"2021-09-02 14:48:14",A302,6f6db310-75e6-4dc3-b490-31f70dfa2fc7
194927,26,23.8,112,86,"2021-09-02 15:06:02",A301,6f6db310-75e6-4dc3-b490-31f70dfa2fc7
194936,27,22.7,153,0,"2021-09-02 15:13:25",A303,6f6db310-75e6-4dc3-b490-31f70dfa2fc7
194940,21,23.8,78,86,"2021-09-02 15:18:33",A302,6f6db310-75e6-4dc3-b490-31f70dfa2fc7
194951,26,23.8,113,86,"2021-09-02 15:36:20",A301,6f6db310-75e6-4dc3-b490-31f70dfa2fc7
194962,26,22.6,151,0,"2021-09-02 15:43:39",A303,6f6db310-75e6-4dc3-b490-31f70dfa2fc7
194968,21,23.7,78,86,"2021-09-02 15:48:56",A302,6f6db310-75e6-4dc3-b490-31f70dfa2fc7
194977,26,23.7,113,86,"2021-09-02 16:06:39",A301,6f6db310-75e6-4dc3-b490-31f70dfa2fc7
194990,21,23.7,79,86,"2021-09-02 16:19:19",A302,6f6db310-75e6-4dc3-b490-31f70dfa2fc7
195001,26,23.7,113,86,"2021-09-02 16:36:58",A301,6f6db310-75e6-4dc3-b490-31f70dfa2fc7
195016,21,23.6,79,86,"2021-09-02 16:49:41",A302,6f6db310-75e6-4dc3-b490-31f70dfa2fc7
195041,26,22.3,147,0,"2021-09-02 18:14:46",A303,6f6db310-75e6-4dc3-b490-31f70dfa2fc7
195046,26,22.3,145,0,"2021-09-02 18:44:59",A303,6f6db310-75e6-4dc3-b490-31f70dfa2fc7
195050,26,23.5,115,86,"2021-09-02 19:08:28",A301,6f6db310-75e6-4dc3-b490-31f70dfa2fc7
195059,21,23.2,79,58,"2021-09-02 19:21:32",A302,6f6db310-75e6-4dc3-b490-31f70dfa2fc7
195066,26,23.4,114,86,"2021-09-02 19:38:46",A301,6f6db310-75e6-4dc3-b490-31f70dfa2fc7
195082,21,23.2,79,58,"2021-09-02 19:51:56",A302,6f6db310-75e6-4dc3-b490-31f70dfa2fc7
195093,26,23.4,115,86,"2021-09-02 20:09:07",A301,6f6db310-75e6-4dc3-b490-31f70dfa2fc7
195109,21,23.1,80,58,"2021-09-02 20:22:14",A302,6f6db310-75e6-4dc3-b490-31f70dfa2fc7
195118,26,23.3,115,86,"2021-09-02 20:39:21",A301,6f6db310-75e6-4dc3-b490-31f70dfa2fc7
195124,26,22,145,0,"2021-09-02 20:45:51",A303,6f6db310-75e6-4dc3-b490-31f70dfa2fc7
195133,21,23,79,58,"2021-09-02 20:52:35",A302,6f6db310-75e6-4dc3-b490-31f70dfa2fc7
195143,26,23.3,114,86,"2021-09-02 21:09:39",A301,6f6db310-75e6-4dc3-b490-31f70dfa2fc7
195168,26,23.2,115,86,"2021-09-02 21:39:57",A301,6f6db310-75e6-4dc3-b490-31f70dfa2fc7
195174,25,21.8,144,0,"2021-09-02 21:46:18",A303,6f6db310-75e6-4dc3-b490-31f70dfa2fc7
195185,21,22.9,79,58,"2021-09-02 21:53:19",A302,6f6db310-75e6-4dc3-b490-31f70dfa2fc7
195195,26,23.2,115,86,"2021-09-02 22:10:14",A301,6f6db310-75e6-4dc3-b490-31f70dfa2fc7
195201,25,21.8,144,0,"2021-09-02 22:16:33",A303,6f6db310-75e6-4dc3-b490-31f70dfa2fc7
195211,21,22.9,80,58,"2021-09-02 22:23:43",A302,6f6db310-75e6-4dc3-b490-31f70dfa2fc7
195222,26,23.1,115,86,"2021-09-02 22:40:34",A301,6f6db310-75e6-4dc3-b490-31f70dfa2fc7
195229,25,21.7,142,0,"2021-09-02 22:46:49",A303,6f6db310-75e6-4dc3-b490-31f70dfa2fc7
195239,21,22.8,79,58,"2021-09-02 22:54:06",A302,6f6db310-75e6-4dc3-b490-31f70dfa2fc7
195248,26,23,115,86,"2021-09-02 23:10:50",A301,6f6db310-75e6-4dc3-b490-31f70dfa2fc7
195255,25,21.7,143,0,"2021-09-02 23:16:56",A303,6f6db310-75e6-4dc3-b490-31f70dfa2fc7
195265,21,22.8,80,58,"2021-09-02 23:24:29",A302,6f6db310-75e6-4dc3-b490-31f70dfa2fc7
195276,26,23,115,86,"2021-09-02 23:41:08",A301,6f6db310-75e6-4dc3-b490-31f70dfa2fc7
195282,25,21.6,143,0,"2021-09-02 23:47:08",A303,6f6db310-75e6-4dc3-b490-31f70dfa2fc7
195294,21,22.7,79,58,"2021-09-02 23:54:52",A302,6f6db310-75e6-4dc3-b490-31f70dfa2fc7
195304,26,22.9,114,86,"2021-09-03 00:11:26",A301,6f6db310-75e6-4dc3-b490-31f70dfa2fc7
195310,25,21.6,143,0,"2021-09-03 00:17:28",A303,6f6db310-75e6-4dc3-b490-31f70dfa2fc7
195321,21,22.7,79,58,"2021-09-03 00:25:16",A302,6f6db310-75e6-4dc3-b490-31f70dfa2fc7
195332,26,22.9,114,86,"2021-09-03 00:41:44",A301,6f6db310-75e6-4dc3-b490-31f70dfa2fc7
195346,21,22.6,81,58,"2021-09-03 00:55:39",A302,6f6db310-75e6-4dc3-b490-31f70dfa2fc7
195357,26,22.8,114,86,"2021-09-03 01:12:01",A301,6f6db310-75e6-4dc3-b490-31f70dfa2fc7
195372,21,22.6,80,58,"2021-09-03 01:26:02",A302,6f6db310-75e6-4dc3-b490-31f70dfa2fc7
195399,21,22.5,79,58,"2021-09-03 01:56:24",A302,6f6db310-75e6-4dc3-b490-31f70dfa2fc7
195424,21,22.5,80,58,"2021-09-03 02:26:46",A302,6f6db310-75e6-4dc3-b490-31f70dfa2fc7
195450,21,22.4,79,58,"2021-09-03 02:57:09",A302,6f6db310-75e6-4dc3-b490-31f70dfa2fc7
195476,21,22.4,80,58,"2021-09-03 03:27:32",A302,6f6db310-75e6-4dc3-b490-31f70dfa2fc7
195501,21,22.3,79,50,"2021-09-03 03:57:55",A302,6f6db310-75e6-4dc3-b490-31f70dfa2fc7
195514,25,21.1,140,0,"2021-09-03 04:19:03",A303,6f6db310-75e6-4dc3-b490-31f70dfa2fc7
195525,21,22.3,81,50,"2021-09-03 04:28:17",A302,6f6db310-75e6-4dc3-b490-31f70dfa2fc7
195534,26,22.5,115,86,"2021-09-03 04:44:12",A301,6f6db310-75e6-4dc3-b490-31f70dfa2fc7
195538,25,21.1,139,0,"2021-09-03 04:49:10",A303,6f6db310-75e6-4dc3-b490-31f70dfa2fc7
195552,21,22.3,80,58,"2021-09-03 04:58:41",A302,6f6db310-75e6-4dc3-b490-31f70dfa2fc7
195562,26,22.4,114,93,"2021-09-03 05:14:20",A301,6f6db310-75e6-4dc3-b490-31f70dfa2fc7
195565,25,21,140,0,"2021-09-03 05:19:25",A303,6f6db310-75e6-4dc3-b490-31f70dfa2fc7
195578,21,22.2,81,72,"2021-09-03 05:29:10",A302,6f6db310-75e6-4dc3-b490-31f70dfa2fc7
195587,26,22.4,114,93,"2021-09-03 05:44:39",A301,6f6db310-75e6-4dc3-b490-31f70dfa2fc7
195591,25,21.1,140,0,"2021-09-03 05:49:40",A303,6f6db310-75e6-4dc3-b490-31f70dfa2fc7
195603,21,22.2,81,93,"2021-09-03 05:59:34",A302,6f6db310-75e6-4dc3-b490-31f70dfa2fc7
195612,26,22.3,115,93,"2021-09-03 06:15:01",A301,6f6db310-75e6-4dc3-b490-31f70dfa2fc7
195616,25,21.2,140,8,"2021-09-03 06:19:57",A303,6f6db310-75e6-4dc3-b490-31f70dfa2fc7
195631,21,22.3,80,93,"2021-09-03 06:30:04",A302,6f6db310-75e6-4dc3-b490-31f70dfa2fc7
195642,26,22.3,115,93,"2021-09-03 06:45:34",A301,6f6db310-75e6-4dc3-b490-31f70dfa2fc7
195645,25,21.3,139,8,"2021-09-03 06:50:15",A303,6f6db310-75e6-4dc3-b490-31f70dfa2fc7
195660,21,22.3,80,93,"2021-09-03 07:00:35",A302,6f6db310-75e6-4dc3-b490-31f70dfa2fc7
195669,26,22.3,115,93,"2021-09-03 07:15:48",A301,6f6db310-75e6-4dc3-b490-31f70dfa2fc7
195673,25,21.6,139,22,"2021-09-03 07:20:34",A303,6f6db310-75e6-4dc3-b490-31f70dfa2fc7
195687,21,22.4,79,93,"2021-09-03 07:31:07",A302,6f6db310-75e6-4dc3-b490-31f70dfa2fc7
195697,26,22.4,114,93,"2021-09-03 07:46:12",A301,6f6db310-75e6-4dc3-b490-31f70dfa2fc7
195700,25,21.9,139,29,"2021-09-03 07:50:53",A303,6f6db310-75e6-4dc3-b490-31f70dfa2fc7
195713,21,22.6,78,93,"2021-09-03 08:01:39",A302,6f6db310-75e6-4dc3-b490-31f70dfa2fc7
195723,26,22.4,114,93,"2021-09-03 08:16:35",A301,6f6db310-75e6-4dc3-b490-31f70dfa2fc7
195727,25,22.2,139,29,"2021-09-03 08:21:11",A303,6f6db310-75e6-4dc3-b490-31f70dfa2fc7
195741,21,22.9,79,86,"2021-09-03 08:32:10",A302,6f6db310-75e6-4dc3-b490-31f70dfa2fc7
195750,26,22.5,114,93,"2021-09-03 08:46:59",A301,6f6db310-75e6-4dc3-b490-31f70dfa2fc7
195754,25,22.5,139,22,"2021-09-03 08:51:29",A303,6f6db310-75e6-4dc3-b490-31f70dfa2fc7
195769,21,23.2,80,93,"2021-09-03 09:02:41",A302,6f6db310-75e6-4dc3-b490-31f70dfa2fc7
195779,26,22.7,113,100,"2021-09-03 09:17:21",A301,6f6db310-75e6-4dc3-b490-31f70dfa2fc7
195783,25,22.66,138,36,"2021-09-03 09:21:48",A303,6f6db310-75e6-4dc3-b490-31f70dfa2fc7
195797,21,23.4,81,93,"2021-09-03 09:33:13",A302,6f6db310-75e6-4dc3-b490-31f70dfa2fc7
195807,26,22.8,113,93,"2021-09-03 09:47:46",A301,6f6db310-75e6-4dc3-b490-31f70dfa2fc7
195823,21,23.7,80,93,"2021-09-03 10:03:46",A302,6f6db310-75e6-4dc3-b490-31f70dfa2fc7
195833,26,22.9,113,93,"2021-09-03 10:18:10",A301,6f6db310-75e6-4dc3-b490-31f70dfa2fc7
195837,24,23.2,137,36,"2021-09-03 10:22:26",A303,6f6db310-75e6-4dc3-b490-31f70dfa2fc7
195852,21,24.1,81,86,"2021-09-03 10:34:17",A302,6f6db310-75e6-4dc3-b490-31f70dfa2fc7
195862,26,23.1,112,93,"2021-09-03 10:48:31",A301,6f6db310-75e6-4dc3-b490-31f70dfa2fc7
195880,21,24.3,80,86,"2021-09-03 11:04:44",A302,6f6db310-75e6-4dc3-b490-31f70dfa2fc7
195890,26,23.2,114,93,"2021-09-03 11:18:50",A301,6f6db310-75e6-4dc3-b490-31f70dfa2fc7
195894,24,23.4,136,0,"2021-09-03 11:22:57",A303,6f6db310-75e6-4dc3-b490-31f70dfa2fc7
195907,21,24.5,81,93,"2021-09-03 11:35:09",A302,6f6db310-75e6-4dc3-b490-31f70dfa2fc7
195917,26,23.4,114,93,"2021-09-03 11:49:09",A301,6f6db310-75e6-4dc3-b490-31f70dfa2fc7
195920,24,23.3,136,8,"2021-09-03 11:53:11",A303,6f6db310-75e6-4dc3-b490-31f70dfa2fc7
195934,21,24.5,81,93,"2021-09-03 12:05:37",A302,6f6db310-75e6-4dc3-b490-31f70dfa2fc7
195944,26,23.5,114,100,"2021-09-03 12:19:30",A301,6f6db310-75e6-4dc3-b490-31f70dfa2fc7
195948,24,23.2,137,22,"2021-09-03 12:23:42",A303,6f6db310-75e6-4dc3-b490-31f70dfa2fc7
195961,21,24.5,81,93,"2021-09-03 12:36:07",A302,6f6db310-75e6-4dc3-b490-31f70dfa2fc7
195970,26,23.5,114,100,"2021-09-03 12:49:54",A301,6f6db310-75e6-4dc3-b490-31f70dfa2fc7
195974,24,23.2,138,22,"2021-09-03 12:53:57",A303,6f6db310-75e6-4dc3-b490-31f70dfa2fc7
195988,21,24.5,81,93,"2021-09-03 13:06:38",A302,6f6db310-75e6-4dc3-b490-31f70dfa2fc7
195996,26,23.6,113,100,"2021-09-03 13:20:19",A301,6f6db310-75e6-4dc3-b490-31f70dfa2fc7
196013,21,24.6,81,93,"2021-09-03 13:37:10",A302,6f6db310-75e6-4dc3-b490-31f70dfa2fc7
196022,26,23.6,113,93,"2021-09-03 13:50:40",A301,6f6db310-75e6-4dc3-b490-31f70dfa2fc7
196038,21,24.7,81,93,"2021-09-03 14:07:44",A302,6f6db310-75e6-4dc3-b490-31f70dfa2fc7
196047,26,23.6,113,93,"2021-09-03 14:21:04",A301,6f6db310-75e6-4dc3-b490-31f70dfa2fc7
196065,21,24.8,80,93,"2021-09-03 14:38:14",A302,6f6db310-75e6-4dc3-b490-31f70dfa2fc7
196074,26,23.7,114,93,"2021-09-03 14:51:28",A301,6f6db310-75e6-4dc3-b490-31f70dfa2fc7
196091,21,24.9,80,86,"2021-09-03 15:08:45",A302,6f6db310-75e6-4dc3-b490-31f70dfa2fc7
196100,26,23.7,113,86,"2021-09-03 15:21:50",A301,6f6db310-75e6-4dc3-b490-31f70dfa2fc7
196118,21,24.9,82,86,"2021-09-03 15:39:15",A302,6f6db310-75e6-4dc3-b490-31f70dfa2fc7
196126,26,23.7,113,86,"2021-09-03 15:52:13",A301,6f6db310-75e6-4dc3-b490-31f70dfa2fc7
196132,24,23.3,137,29,"2021-09-03 15:57:02",A303,6f6db310-75e6-4dc3-b490-31f70dfa2fc7
196146,21,24.8,81,86,"2021-09-03 16:09:44",A302,6f6db310-75e6-4dc3-b490-31f70dfa2fc7
196153,26,23.8,114,86,"2021-09-03 16:22:35",A301,6f6db310-75e6-4dc3-b490-31f70dfa2fc7
196170,21,24.7,82,86,"2021-09-03 16:40:12",A302,6f6db310-75e6-4dc3-b490-31f70dfa2fc7
196178,26,23.8,114,86,"2021-09-03 16:52:55",A301,6f6db310-75e6-4dc3-b490-31f70dfa2fc7
196248,24,22.7,135,8,"2021-09-03 19:29:32",A303,6f6db310-75e6-4dc3-b490-31f70dfa2fc7
196263,26,23.6,113,86,"2021-09-03 19:54:53",A301,6f6db310-75e6-4dc3-b490-31f70dfa2fc7
196270,24,22.6,135,8,"2021-09-03 19:59:52",A303,6f6db310-75e6-4dc3-b490-31f70dfa2fc7
196284,21,23.9,83,86,"2021-09-03 20:13:17",A302,6f6db310-75e6-4dc3-b490-31f70dfa2fc7
196292,26,23.5,114,86,"2021-09-03 20:25:15",A301,6f6db310-75e6-4dc3-b490-31f70dfa2fc7
196299,24,22.5,135,0,"2021-09-03 20:30:13",A303,6f6db310-75e6-4dc3-b490-31f70dfa2fc7
196312,21,23.7,83,86,"2021-09-03 20:43:42",A302,6f6db310-75e6-4dc3-b490-31f70dfa2fc7
196319,26,23.5,113,86,"2021-09-03 20:55:31",A301,6f6db310-75e6-4dc3-b490-31f70dfa2fc7
196326,24,22.4,135,0,"2021-09-03 21:00:34",A303,6f6db310-75e6-4dc3-b490-31f70dfa2fc7
196339,21,23.6,83,86,"2021-09-03 21:14:07",A302,6f6db310-75e6-4dc3-b490-31f70dfa2fc7
196347,26,23.4,113,86,"2021-09-03 21:25:51",A301,6f6db310-75e6-4dc3-b490-31f70dfa2fc7
196354,24,22.3,136,0,"2021-09-03 21:30:53",A303,6f6db310-75e6-4dc3-b490-31f70dfa2fc7
196367,21,23.6,83,86,"2021-09-03 21:44:32",A302,6f6db310-75e6-4dc3-b490-31f70dfa2fc7
196374,26,23.4,114,86,"2021-09-03 21:56:10",A301,6f6db310-75e6-4dc3-b490-31f70dfa2fc7
196381,24,22.3,136,0,"2021-09-03 22:01:14",A303,6f6db310-75e6-4dc3-b490-31f70dfa2fc7
196393,21,23.5,83,86,"2021-09-03 22:14:56",A302,6f6db310-75e6-4dc3-b490-31f70dfa2fc7
196401,26,23.3,114,86,"2021-09-03 22:26:27",A301,6f6db310-75e6-4dc3-b490-31f70dfa2fc7
196408,24,22.2,136,0,"2021-09-03 22:31:33",A303,6f6db310-75e6-4dc3-b490-31f70dfa2fc7
196420,21,23.4,83,86,"2021-09-03 22:45:20",A302,6f6db310-75e6-4dc3-b490-31f70dfa2fc7
196428,26,23.3,114,86,"2021-09-03 22:56:45",A301,6f6db310-75e6-4dc3-b490-31f70dfa2fc7
196435,24,22.1,136,0,"2021-09-03 23:01:53",A303,6f6db310-75e6-4dc3-b490-31f70dfa2fc7
196449,21,23.3,83,86,"2021-09-03 23:15:44",A302,6f6db310-75e6-4dc3-b490-31f70dfa2fc7
196457,26,23.2,114,86,"2021-09-03 23:27:05",A301,6f6db310-75e6-4dc3-b490-31f70dfa2fc7
196464,24,22,136,0,"2021-09-03 23:32:13",A303,6f6db310-75e6-4dc3-b490-31f70dfa2fc7
196477,21,23.2,82,86,"2021-09-03 23:46:09",A302,6f6db310-75e6-4dc3-b490-31f70dfa2fc7
196486,26,23.2,113,86,"2021-09-03 23:57:22",A301,6f6db310-75e6-4dc3-b490-31f70dfa2fc7
196491,24,22,135,0,"2021-09-04 00:02:32",A303,6f6db310-75e6-4dc3-b490-31f70dfa2fc7
196504,21,23.2,82,86,"2021-09-04 00:16:33",A302,6f6db310-75e6-4dc3-b490-31f70dfa2fc7
196513,26,23.1,113,86,"2021-09-04 00:27:40",A301,6f6db310-75e6-4dc3-b490-31f70dfa2fc7
196518,24,21.9,135,0,"2021-09-04 00:32:52",A303,6f6db310-75e6-4dc3-b490-31f70dfa2fc7
196530,21,23.1,83,86,"2021-09-04 00:46:57",A302,6f6db310-75e6-4dc3-b490-31f70dfa2fc7
196539,26,23,113,86,"2021-09-04 00:57:58",A301,6f6db310-75e6-4dc3-b490-31f70dfa2fc7
196544,24,21.8,135,0,"2021-09-04 01:03:11",A303,6f6db310-75e6-4dc3-b490-31f70dfa2fc7
196557,21,23,83,86,"2021-09-04 01:17:21",A302,6f6db310-75e6-4dc3-b490-31f70dfa2fc7
196567,26,23,112,86,"2021-09-04 01:28:16",A301,6f6db310-75e6-4dc3-b490-31f70dfa2fc7
196571,24,21.7,135,0,"2021-09-04 01:33:30",A303,6f6db310-75e6-4dc3-b490-31f70dfa2fc7
196585,21,22.9,83,86,"2021-09-04 01:47:48",A302,6f6db310-75e6-4dc3-b490-31f70dfa2fc7
196595,26,22.9,112,86,"2021-09-04 01:58:33",A301,6f6db310-75e6-4dc3-b490-31f70dfa2fc7
196600,24,21.7,135,0,"2021-09-04 02:03:50",A303,6f6db310-75e6-4dc3-b490-31f70dfa2fc7
196614,21,22.9,83,86,"2021-09-04 02:18:08",A302,6f6db310-75e6-4dc3-b490-31f70dfa2fc7
196624,26,22.9,113,86,"2021-09-04 02:28:51",A301,6f6db310-75e6-4dc3-b490-31f70dfa2fc7
196629,24,21.6,134,0,"2021-09-04 02:34:09",A303,6f6db310-75e6-4dc3-b490-31f70dfa2fc7
196642,21,22.8,84,86,"2021-09-04 02:48:31",A302,6f6db310-75e6-4dc3-b490-31f70dfa2fc7
196652,26,22.8,113,86,"2021-09-04 02:59:09",A301,6f6db310-75e6-4dc3-b490-31f70dfa2fc7
196657,24,21.6,135,0,"2021-09-04 03:04:29",A303,6f6db310-75e6-4dc3-b490-31f70dfa2fc7
196671,21,22.8,82,86,"2021-09-04 03:18:55",A302,6f6db310-75e6-4dc3-b490-31f70dfa2fc7
196681,26,22.8,113,86,"2021-09-04 03:29:29",A301,6f6db310-75e6-4dc3-b490-31f70dfa2fc7
196685,24,21.5,133,0,"2021-09-04 03:34:48",A303,6f6db310-75e6-4dc3-b490-31f70dfa2fc7
196699,21,22.7,84,86,"2021-09-04 03:49:19",A302,6f6db310-75e6-4dc3-b490-31f70dfa2fc7
196708,26,22.7,113,86,"2021-09-04 03:59:44",A301,6f6db310-75e6-4dc3-b490-31f70dfa2fc7
196713,24,21.5,133,0,"2021-09-04 04:05:08",A303,6f6db310-75e6-4dc3-b490-31f70dfa2fc7
196723,21,22.7,84,86,"2021-09-04 04:19:42",A302,6f6db310-75e6-4dc3-b490-31f70dfa2fc7
196733,26,22.7,113,86,"2021-09-04 04:30:02",A301,6f6db310-75e6-4dc3-b490-31f70dfa2fc7
196738,24,21.4,134,0,"2021-09-04 04:35:27",A303,6f6db310-75e6-4dc3-b490-31f70dfa2fc7
196749,21,22.6,84,86,"2021-09-04 04:50:07",A302,6f6db310-75e6-4dc3-b490-31f70dfa2fc7
196759,26,22.6,113,93,"2021-09-04 05:00:23",A301,6f6db310-75e6-4dc3-b490-31f70dfa2fc7
196764,24,21.4,133,0,"2021-09-04 05:05:47",A303,6f6db310-75e6-4dc3-b490-31f70dfa2fc7
196785,26,22.6,113,86,"2021-09-04 05:30:41",A301,6f6db310-75e6-4dc3-b490-31f70dfa2fc7
196790,24,21.4,134,0,"2021-09-04 05:36:09",A303,6f6db310-75e6-4dc3-b490-31f70dfa2fc7
196801,21,22.6,83,93,"2021-09-04 05:51:00",A302,6f6db310-75e6-4dc3-b490-31f70dfa2fc7
196809,26,22.5,113,93,"2021-09-04 06:01:02",A301,6f6db310-75e6-4dc3-b490-31f70dfa2fc7
196814,24,21.4,131,8,"2021-09-04 06:06:30",A303,6f6db310-75e6-4dc3-b490-31f70dfa2fc7
196826,21,22.6,83,93,"2021-09-04 06:21:29",A302,6f6db310-75e6-4dc3-b490-31f70dfa2fc7
196835,26,22.5,113,93,"2021-09-04 06:31:23",A301,6f6db310-75e6-4dc3-b490-31f70dfa2fc7
196841,24,21.5,133,29,"2021-09-04 06:36:54",A303,6f6db310-75e6-4dc3-b490-31f70dfa2fc7
196853,21,22.6,84,93,"2021-09-04 06:52:01",A302,6f6db310-75e6-4dc3-b490-31f70dfa2fc7
196862,26,22.5,112,93,"2021-09-04 07:01:56",A301,6f6db310-75e6-4dc3-b490-31f70dfa2fc7
196867,24,21.7,132,29,"2021-09-04 07:07:20",A303,6f6db310-75e6-4dc3-b490-31f70dfa2fc7
196878,21,22.7,83,93,"2021-09-04 07:22:33",A302,6f6db310-75e6-4dc3-b490-31f70dfa2fc7
196887,26,22.5,111,100,"2021-09-04 07:32:12",A301,6f6db310-75e6-4dc3-b490-31f70dfa2fc7
196893,23,21.9,132,43,"2021-09-04 07:37:47",A303,6f6db310-75e6-4dc3-b490-31f70dfa2fc7
196906,21,22.8,83,93,"2021-09-04 07:53:07",A302,6f6db310-75e6-4dc3-b490-31f70dfa2fc7
196915,26,22.5,111,100,"2021-09-04 08:02:40",A301,6f6db310-75e6-4dc3-b490-31f70dfa2fc7
196921,23,22.2,132,50,"2021-09-04 08:08:14",A303,6f6db310-75e6-4dc3-b490-31f70dfa2fc7
196932,21,23,83,93,"2021-09-04 08:23:41",A302,6f6db310-75e6-4dc3-b490-31f70dfa2fc7
196940,26,22.6,110,100,"2021-09-04 08:33:03",A301,6f6db310-75e6-4dc3-b490-31f70dfa2fc7
196946,23,22.5,132,43,"2021-09-04 08:38:40",A303,6f6db310-75e6-4dc3-b490-31f70dfa2fc7
196958,21,23.3,83,93,"2021-09-04 08:54:15",A302,6f6db310-75e6-4dc3-b490-31f70dfa2fc7
196967,26,22.7,110,100,"2021-09-04 09:03:27",A301,6f6db310-75e6-4dc3-b490-31f70dfa2fc7
196973,23,22.8,132,43,"2021-09-04 09:09:06",A303,6f6db310-75e6-4dc3-b490-31f70dfa2fc7
196986,21,23.5,83,100,"2021-09-04 09:24:48",A302,6f6db310-75e6-4dc3-b490-31f70dfa2fc7
196994,26,22.8,110,100,"2021-09-04 09:33:51",A301,6f6db310-75e6-4dc3-b490-31f70dfa2fc7
196999,23,23,132,43,"2021-09-04 09:39:32",A303,6f6db310-75e6-4dc3-b490-31f70dfa2fc7
197018,26,23,109,100,"2021-09-04 10:04:15",A301,6f6db310-75e6-4dc3-b490-31f70dfa2fc7
197024,23,23.2,132,43,"2021-09-04 10:09:58",A303,6f6db310-75e6-4dc3-b490-31f70dfa2fc7
197035,21,24,83,93,"2021-09-04 10:25:53",A302,6f6db310-75e6-4dc3-b490-31f70dfa2fc7
197042,26,23.1,108,100,"2021-09-04 10:34:39",A301,6f6db310-75e6-4dc3-b490-31f70dfa2fc7
197047,23,23.4,131,58,"2021-09-04 10:40:25",A303,6f6db310-75e6-4dc3-b490-31f70dfa2fc7
197060,21,24.3,82,93,"2021-09-04 10:56:27",A302,6f6db310-75e6-4dc3-b490-31f70dfa2fc7
197069,26,23.3,108,100,"2021-09-04 11:08:56",A301,6f6db310-75e6-4dc3-b490-31f70dfa2fc7
197073,23,23.7,131,65,"2021-09-04 11:10:52",A303,6f6db310-75e6-4dc3-b490-31f70dfa2fc7
197088,21,24.6,82,93,"2021-09-04 11:27:01",A302,6f6db310-75e6-4dc3-b490-31f70dfa2fc7
197097,25,23.5,108,93,"2021-09-04 11:39:22",A301,6f6db310-75e6-4dc3-b490-31f70dfa2fc7
197101,23,23.9,130,72,"2021-09-04 11:41:20",A303,6f6db310-75e6-4dc3-b490-31f70dfa2fc7
197116,21,24.8,82,93,"2021-09-04 11:57:32",A302,6f6db310-75e6-4dc3-b490-31f70dfa2fc7
197125,25,23.7,109,86,"2021-09-04 12:09:39",A301,6f6db310-75e6-4dc3-b490-31f70dfa2fc7
197128,23,24.1,131,0,"2021-09-04 12:11:41",A303,6f6db310-75e6-4dc3-b490-31f70dfa2fc7
197143,21,25,82,93,"2021-09-04 12:27:56",A302,6f6db310-75e6-4dc3-b490-31f70dfa2fc7
197152,25,23.9,109,86,"2021-09-04 12:39:55",A301,6f6db310-75e6-4dc3-b490-31f70dfa2fc7
197155,23,24,131,0,"2021-09-04 12:42:00",A303,6f6db310-75e6-4dc3-b490-31f70dfa2fc7
197169,21,24.9,83,93,"2021-09-04 12:58:30",A302,6f6db310-75e6-4dc3-b490-31f70dfa2fc7
197178,25,24,110,86,"2021-09-04 13:10:15",A301,6f6db310-75e6-4dc3-b490-31f70dfa2fc7
197181,23,23.9,132,0,"2021-09-04 13:12:26",A303,6f6db310-75e6-4dc3-b490-31f70dfa2fc7
197196,21,24.8,83,93,"2021-09-04 13:28:44",A302,6f6db310-75e6-4dc3-b490-31f70dfa2fc7
197205,25,24.2,110,86,"2021-09-04 13:40:28",A301,6f6db310-75e6-4dc3-b490-31f70dfa2fc7
197208,25,23.7,131,0,"2021-09-04 13:42:39",A303,6f6db310-75e6-4dc3-b490-31f70dfa2fc7
197223,21,24.7,83,93,"2021-09-04 13:59:08",A302,6f6db310-75e6-4dc3-b490-31f70dfa2fc7
197232,25,24.2,110,86,"2021-09-04 14:10:45",A301,6f6db310-75e6-4dc3-b490-31f70dfa2fc7
197235,26,23.5,136,0,"2021-09-04 14:13:00",A303,6f6db310-75e6-4dc3-b490-31f70dfa2fc7
197250,21,24.5,84,93,"2021-09-04 14:29:33",A302,6f6db310-75e6-4dc3-b490-31f70dfa2fc7
197259,25,24.2,110,86,"2021-09-04 14:41:13",A301,6f6db310-75e6-4dc3-b490-31f70dfa2fc7
197262,26,23.4,136,0,"2021-09-04 14:43:20",A303,6f6db310-75e6-4dc3-b490-31f70dfa2fc7
197276,21,24.4,83,86,"2021-09-04 14:59:58",A302,6f6db310-75e6-4dc3-b490-31f70dfa2fc7
197285,26,24.2,109,86,"2021-09-04 15:11:35",A301,6f6db310-75e6-4dc3-b490-31f70dfa2fc7
197288,26,23.3,137,0,"2021-09-04 15:13:41",A303,6f6db310-75e6-4dc3-b490-31f70dfa2fc7
197302,21,24.2,85,86,"2021-09-04 15:30:24",A302,6f6db310-75e6-4dc3-b490-31f70dfa2fc7
197310,26,24.2,109,86,"2021-09-04 15:41:38",A301,6f6db310-75e6-4dc3-b490-31f70dfa2fc7
197314,26,23.2,137,0,"2021-09-04 15:44:01",A303,6f6db310-75e6-4dc3-b490-31f70dfa2fc7
197327,21,24.1,85,86,"2021-09-04 16:00:49",A302,6f6db310-75e6-4dc3-b490-31f70dfa2fc7
197335,26,24.1,110,86,"2021-09-04 16:11:51",A301,6f6db310-75e6-4dc3-b490-31f70dfa2fc7
197339,25,23.12,137,0,"2021-09-04 16:14:21",A303,6f6db310-75e6-4dc3-b490-31f70dfa2fc7
197353,21,24,85,86,"2021-09-04 16:31:13",A302,6f6db310-75e6-4dc3-b490-31f70dfa2fc7
197360,26,24.1,110,86,"2021-09-04 16:42:08",A301,6f6db310-75e6-4dc3-b490-31f70dfa2fc7
197364,25,23.1,140,0,"2021-09-04 16:44:40",A303,6f6db310-75e6-4dc3-b490-31f70dfa2fc7
197379,21,23.9,85,86,"2021-09-04 17:01:37",A302,6f6db310-75e6-4dc3-b490-31f70dfa2fc7
197386,26,24.1,111,86,"2021-09-04 17:12:25",A301,6f6db310-75e6-4dc3-b490-31f70dfa2fc7
197389,25,23,139,0,"2021-09-04 17:14:59",A303,6f6db310-75e6-4dc3-b490-31f70dfa2fc7
197405,26,24,111,86,"2021-09-04 17:42:41",A301,6f6db310-75e6-4dc3-b490-31f70dfa2fc7
197406,25,22.9,138,0,"2021-09-04 17:45:19",A303,6f6db310-75e6-4dc3-b490-31f70dfa2fc7
197423,26,23.9,113,86,"2021-09-04 18:12:56",A301,6f6db310-75e6-4dc3-b490-31f70dfa2fc7
197437,26,23.9,113,86,"2021-09-04 18:43:12",A301,6f6db310-75e6-4dc3-b490-31f70dfa2fc7
197466,26,23.8,114,86,"2021-09-04 19:43:58",A301,6f6db310-75e6-4dc3-b490-31f70dfa2fc7
197470,25,22.5,139,0,"2021-09-04 19:46:37",A303,6f6db310-75e6-4dc3-b490-31f70dfa2fc7
197483,21,23.4,86,86,"2021-09-04 20:04:00",A302,6f6db310-75e6-4dc3-b490-31f70dfa2fc7
197491,26,23.7,114,86,"2021-09-04 20:14:02",A301,6f6db310-75e6-4dc3-b490-31f70dfa2fc7
197494,25,22.4,139,0,"2021-09-04 20:16:57",A303,6f6db310-75e6-4dc3-b490-31f70dfa2fc7
197508,21,23.3,86,86,"2021-09-04 20:34:24",A302,6f6db310-75e6-4dc3-b490-31f70dfa2fc7
197516,26,23.6,114,86,"2021-09-04 20:44:17",A301,6f6db310-75e6-4dc3-b490-31f70dfa2fc7
197519,25,22.3,139,0,"2021-09-04 20:47:16",A303,6f6db310-75e6-4dc3-b490-31f70dfa2fc7
197536,21,23.2,86,86,"2021-09-04 21:04:48",A302,6f6db310-75e6-4dc3-b490-31f70dfa2fc7
197544,26,23.6,114,86,"2021-09-04 21:14:34",A301,6f6db310-75e6-4dc3-b490-31f70dfa2fc7
197547,25,22.3,138,0,"2021-09-04 21:17:36",A303,6f6db310-75e6-4dc3-b490-31f70dfa2fc7
197565,21,23.2,85,86,"2021-09-04 21:35:12",A302,6f6db310-75e6-4dc3-b490-31f70dfa2fc7
197573,26,23.5,114,86,"2021-09-04 21:44:50",A301,6f6db310-75e6-4dc3-b490-31f70dfa2fc7
197576,25,22.2,139,0,"2021-09-04 21:47:56",A303,6f6db310-75e6-4dc3-b490-31f70dfa2fc7
197593,21,23.1,86,86,"2021-09-04 22:05:36",A302,6f6db310-75e6-4dc3-b490-31f70dfa2fc7
197601,26,23.4,115,86,"2021-09-04 22:15:07",A301,6f6db310-75e6-4dc3-b490-31f70dfa2fc7
197604,25,22.1,139,0,"2021-09-04 22:18:15",A303,6f6db310-75e6-4dc3-b490-31f70dfa2fc7
197618,21,23,85,86,"2021-09-04 22:35:59",A302,6f6db310-75e6-4dc3-b490-31f70dfa2fc7
197626,26,23.4,115,86,"2021-09-04 22:45:22",A301,6f6db310-75e6-4dc3-b490-31f70dfa2fc7
197629,25,22.1,139,0,"2021-09-04 22:48:33",A303,6f6db310-75e6-4dc3-b490-31f70dfa2fc7
197646,21,23,86,86,"2021-09-04 23:06:22",A302,6f6db310-75e6-4dc3-b490-31f70dfa2fc7
197653,26,23.3,114,86,"2021-09-04 23:15:36",A301,6f6db310-75e6-4dc3-b490-31f70dfa2fc7
197656,25,22,138,0,"2021-09-04 23:18:55",A303,6f6db310-75e6-4dc3-b490-31f70dfa2fc7
197672,21,22.9,87,86,"2021-09-04 23:36:45",A302,6f6db310-75e6-4dc3-b490-31f70dfa2fc7
197679,26,23.2,115,86,"2021-09-04 23:45:51",A301,6f6db310-75e6-4dc3-b490-31f70dfa2fc7
197682,25,21.9,136,0,"2021-09-04 23:49:11",A303,6f6db310-75e6-4dc3-b490-31f70dfa2fc7
197698,21,22.8,87,86,"2021-09-05 00:07:08",A302,6f6db310-75e6-4dc3-b490-31f70dfa2fc7
197704,26,23.2,115,86,"2021-09-05 00:16:07",A301,6f6db310-75e6-4dc3-b490-31f70dfa2fc7
197708,25,21.8,138,0,"2021-09-05 00:19:30",A303,6f6db310-75e6-4dc3-b490-31f70dfa2fc7
197724,21,22.7,85,86,"2021-09-05 00:37:30",A302,6f6db310-75e6-4dc3-b490-31f70dfa2fc7
197731,26,23.1,115,86,"2021-09-05 00:46:26",A301,6f6db310-75e6-4dc3-b490-31f70dfa2fc7
197735,25,21.7,138,0,"2021-09-05 00:49:49",A303,6f6db310-75e6-4dc3-b490-31f70dfa2fc7
197750,21,22.7,86,86,"2021-09-05 01:07:53",A302,6f6db310-75e6-4dc3-b490-31f70dfa2fc7
197757,26,23,115,86,"2021-09-05 01:16:39",A301,6f6db310-75e6-4dc3-b490-31f70dfa2fc7
197761,25,21.7,138,0,"2021-09-05 01:20:08",A303,6f6db310-75e6-4dc3-b490-31f70dfa2fc7
197776,21,22.6,86,86,"2021-09-05 01:38:17",A302,6f6db310-75e6-4dc3-b490-31f70dfa2fc7
197786,25,21.6,138,0,"2021-09-05 01:50:27",A303,6f6db310-75e6-4dc3-b490-31f70dfa2fc7
197801,21,22.6,85,86,"2021-09-05 02:08:40",A302,6f6db310-75e6-4dc3-b490-31f70dfa2fc7
197807,26,22.9,115,86,"2021-09-05 02:17:10",A301,6f6db310-75e6-4dc3-b490-31f70dfa2fc7
197811,25,21.5,138,0,"2021-09-05 02:20:46",A303,6f6db310-75e6-4dc3-b490-31f70dfa2fc7
197828,21,22.5,87,86,"2021-09-05 02:39:03",A302,6f6db310-75e6-4dc3-b490-31f70dfa2fc7
197835,26,22.8,114,86,"2021-09-05 02:47:24",A301,6f6db310-75e6-4dc3-b490-31f70dfa2fc7
197839,25,21.5,138,0,"2021-09-05 02:51:06",A303,6f6db310-75e6-4dc3-b490-31f70dfa2fc7
197854,22,22.5,87,86,"2021-09-05 03:09:27",A302,6f6db310-75e6-4dc3-b490-31f70dfa2fc7
197861,26,22.8,114,86,"2021-09-05 03:17:42",A301,6f6db310-75e6-4dc3-b490-31f70dfa2fc7
197865,25,21.4,137,0,"2021-09-05 03:21:24",A303,6f6db310-75e6-4dc3-b490-31f70dfa2fc7
197880,22,22.4,86,86,"2021-09-05 03:39:50",A302,6f6db310-75e6-4dc3-b490-31f70dfa2fc7
197887,26,22.7,114,86,"2021-09-05 03:47:59",A301,6f6db310-75e6-4dc3-b490-31f70dfa2fc7
197891,25,21.4,137,0,"2021-09-05 03:51:42",A303,6f6db310-75e6-4dc3-b490-31f70dfa2fc7
197903,22,22.4,88,86,"2021-09-05 04:10:13",A302,6f6db310-75e6-4dc3-b490-31f70dfa2fc7
197910,26,22.7,114,86,"2021-09-05 04:18:13",A301,6f6db310-75e6-4dc3-b490-31f70dfa2fc7
197914,25,21.3,137,0,"2021-09-05 04:22:01",A303,6f6db310-75e6-4dc3-b490-31f70dfa2fc7
197929,22,22.3,88,86,"2021-09-05 04:40:36",A302,6f6db310-75e6-4dc3-b490-31f70dfa2fc7
197936,26,22.6,114,86,"2021-09-05 04:48:36",A301,6f6db310-75e6-4dc3-b490-31f70dfa2fc7
197940,25,21.2,137,0,"2021-09-05 04:52:19",A303,6f6db310-75e6-4dc3-b490-31f70dfa2fc7
197957,22,22.3,87,93,"2021-09-05 05:11:00",A302,6f6db310-75e6-4dc3-b490-31f70dfa2fc7
197964,26,22.6,115,93,"2021-09-05 05:18:42",A301,6f6db310-75e6-4dc3-b490-31f70dfa2fc7
197968,25,21.2,137,0,"2021-09-05 05:22:39",A303,6f6db310-75e6-4dc3-b490-31f70dfa2fc7
197982,22,22.2,87,93,"2021-09-05 05:41:26",A302,6f6db310-75e6-4dc3-b490-31f70dfa2fc7
197990,26,22.5,114,93,"2021-09-05 05:49:00",A301,6f6db310-75e6-4dc3-b490-31f70dfa2fc7
197994,25,21.2,137,0,"2021-09-05 05:53:02",A303,6f6db310-75e6-4dc3-b490-31f70dfa2fc7
198012,22,22.2,88,93,"2021-09-05 06:11:56",A302,6f6db310-75e6-4dc3-b490-31f70dfa2fc7
198019,26,22.5,114,93,"2021-09-05 06:19:20",A301,6f6db310-75e6-4dc3-b490-31f70dfa2fc7
198023,25,21.2,137,8,"2021-09-05 06:23:25",A303,6f6db310-75e6-4dc3-b490-31f70dfa2fc7
198039,22,22.2,88,93,"2021-09-05 06:42:28",A302,6f6db310-75e6-4dc3-b490-31f70dfa2fc7
198050,25,21.4,137,15,"2021-09-05 06:53:50",A303,6f6db310-75e6-4dc3-b490-31f70dfa2fc7
198069,26,22.4,114,93,"2021-09-05 07:20:08",A301,6f6db310-75e6-4dc3-b490-31f70dfa2fc7
198074,25,21.6,136,22,"2021-09-05 07:24:15",A303,6f6db310-75e6-4dc3-b490-31f70dfa2fc7
198090,22,22.4,87,100,"2021-09-05 07:43:36",A302,6f6db310-75e6-4dc3-b490-31f70dfa2fc7
198096,26,22.42,114,100,"2021-09-05 07:50:25",A301,6f6db310-75e6-4dc3-b490-31f70dfa2fc7
198101,25,21.9,136,29,"2021-09-05 07:54:41",A303,6f6db310-75e6-4dc3-b490-31f70dfa2fc7
198117,22,22.6,86,100,"2021-09-05 08:14:08",A302,6f6db310-75e6-4dc3-b490-31f70dfa2fc7
198122,26,22.5,113,100,"2021-09-05 08:20:47",A301,6f6db310-75e6-4dc3-b490-31f70dfa2fc7
198127,24,22.2,135,36,"2021-09-05 08:25:08",A303,6f6db310-75e6-4dc3-b490-31f70dfa2fc7
198142,22,22.8,85,100,"2021-09-05 08:44:42",A302,6f6db310-75e6-4dc3-b490-31f70dfa2fc7
198148,26,22.6,113,100,"2021-09-05 08:51:11",A301,6f6db310-75e6-4dc3-b490-31f70dfa2fc7
198153,24,22.6,135,43,"2021-09-05 08:55:35",A303,6f6db310-75e6-4dc3-b490-31f70dfa2fc7
198169,22,23.1,86,100,"2021-09-05 09:15:17",A302,6f6db310-75e6-4dc3-b490-31f70dfa2fc7
198175,26,22.7,112,100,"2021-09-05 09:21:35",A301,6f6db310-75e6-4dc3-b490-31f70dfa2fc7
198180,24,23,134,58,"2021-09-05 09:26:01",A303,6f6db310-75e6-4dc3-b490-31f70dfa2fc7
198200,26,22.9,113,100,"2021-09-05 09:51:57",A301,6f6db310-75e6-4dc3-b490-31f70dfa2fc7
198205,24,23.3,135,50,"2021-09-05 09:56:28",A303,6f6db310-75e6-4dc3-b490-31f70dfa2fc7
198223,22,23.7,86,100,"2021-09-05 10:16:24",A302,6f6db310-75e6-4dc3-b490-31f70dfa2fc7
198228,26,23.1,112,100,"2021-09-05 10:22:19",A301,6f6db310-75e6-4dc3-b490-31f70dfa2fc7
198233,24,23.6,135,58,"2021-09-05 10:26:54",A303,6f6db310-75e6-4dc3-b490-31f70dfa2fc7
198251,22,24,85,100,"2021-09-05 10:46:59",A302,6f6db310-75e6-4dc3-b490-31f70dfa2fc7
198257,26,23.3,113,100,"2021-09-05 10:52:42",A301,6f6db310-75e6-4dc3-b490-31f70dfa2fc7
198261,24,23.8,134,58,"2021-09-05 10:57:21",A303,6f6db310-75e6-4dc3-b490-31f70dfa2fc7
198282,26,23.5,112,100,"2021-09-05 11:23:05",A301,6f6db310-75e6-4dc3-b490-31f70dfa2fc7
198286,24,23.9,135,79,"2021-09-05 11:27:49",A303,6f6db310-75e6-4dc3-b490-31f70dfa2fc7
198305,22,24.4,84,100,"2021-09-05 11:48:11",A302,6f6db310-75e6-4dc3-b490-31f70dfa2fc7
198310,26,23.6,111,100,"2021-09-05 11:53:31",A301,6f6db310-75e6-4dc3-b490-31f70dfa2fc7
198315,24,24.1,134,86,"2021-09-05 11:58:48",A303,6f6db310-75e6-4dc3-b490-31f70dfa2fc7
198334,22,24.5,85,100,"2021-09-05 12:18:51",A302,6f6db310-75e6-4dc3-b490-31f70dfa2fc7
198339,26,23.8,111,100,"2021-09-05 12:23:58",A301,6f6db310-75e6-4dc3-b490-31f70dfa2fc7
198343,24,24.3,134,86,"2021-09-05 12:28:48",A303,6f6db310-75e6-4dc3-b490-31f70dfa2fc7
198363,22,24.7,85,100,"2021-09-05 12:49:29",A302,6f6db310-75e6-4dc3-b490-31f70dfa2fc7
198368,26,23.9,110,100,"2021-09-05 12:54:23",A301,6f6db310-75e6-4dc3-b490-31f70dfa2fc7
198372,24,24.4,134,86,"2021-09-05 12:59:22",A303,6f6db310-75e6-4dc3-b490-31f70dfa2fc7
198397,24,24.6,133,93,"2021-09-05 13:29:51",A303,6f6db310-75e6-4dc3-b490-31f70dfa2fc7
198417,22,25.1,87,100,"2021-09-05 13:50:46",A302,6f6db310-75e6-4dc3-b490-31f70dfa2fc7
198422,26,24.2,110,100,"2021-09-05 13:55:22",A301,6f6db310-75e6-4dc3-b490-31f70dfa2fc7
198426,24,24.7,134,93,"2021-09-05 14:00:19",A303,6f6db310-75e6-4dc3-b490-31f70dfa2fc7
198445,22,25.2,87,93,"2021-09-05 14:21:28",A302,6f6db310-75e6-4dc3-b490-31f70dfa2fc7
198450,26,24.3,109,100,"2021-09-05 14:25:47",A301,6f6db310-75e6-4dc3-b490-31f70dfa2fc7
198454,24,24.7,133,93,"2021-09-05 14:30:51",A303,6f6db310-75e6-4dc3-b490-31f70dfa2fc7
198472,22,25.3,87,93,"2021-09-05 14:52:03",A302,6f6db310-75e6-4dc3-b490-31f70dfa2fc7
198476,26,24.4,110,93,"2021-09-05 14:56:08",A301,6f6db310-75e6-4dc3-b490-31f70dfa2fc7
198498,22,25.3,86,93,"2021-09-05 15:22:37",A302,6f6db310-75e6-4dc3-b490-31f70dfa2fc7
198502,26,24.5,111,86,"2021-09-05 15:26:31",A301,6f6db310-75e6-4dc3-b490-31f70dfa2fc7
198507,23,24.7,133,65,"2021-09-05 15:31:45",A303,6f6db310-75e6-4dc3-b490-31f70dfa2fc7
198524,22,25.3,87,93,"2021-09-05 15:53:08",A302,6f6db310-75e6-4dc3-b490-31f70dfa2fc7
198527,26,24.6,111,86,"2021-09-05 15:56:54",A301,6f6db310-75e6-4dc3-b490-31f70dfa2fc7
198532,24,24.6,133,36,"2021-09-05 16:02:10",A303,6f6db310-75e6-4dc3-b490-31f70dfa2fc7
198549,22,25.2,87,93,"2021-09-05 16:23:37",A302,6f6db310-75e6-4dc3-b490-31f70dfa2fc7
198553,26,24.7,112,86,"2021-09-05 16:27:14",A301,6f6db310-75e6-4dc3-b490-31f70dfa2fc7
198576,22,25.1,87,86,"2021-09-05 16:54:05",A302,6f6db310-75e6-4dc3-b490-31f70dfa2fc7
198579,26,24.7,113,86,"2021-09-05 16:57:30",A301,6f6db310-75e6-4dc3-b490-31f70dfa2fc7
198604,26,24.7,113,86,"2021-09-05 17:27:50",A301,6f6db310-75e6-4dc3-b490-31f70dfa2fc7
198624,22,24.9,88,86,"2021-09-05 17:55:01",A302,6f6db310-75e6-4dc3-b490-31f70dfa2fc7
198627,26,24.7,113,86,"2021-09-05 17:58:08",A301,6f6db310-75e6-4dc3-b490-31f70dfa2fc7
198643,22,24.7,89,86,"2021-09-05 18:25:28",A302,6f6db310-75e6-4dc3-b490-31f70dfa2fc7
198662,22,24.6,88,86,"2021-09-05 18:56:01",A302,6f6db310-75e6-4dc3-b490-31f70dfa2fc7
198680,22,24.5,89,86,"2021-09-05 19:26:21",A302,6f6db310-75e6-4dc3-b490-31f70dfa2fc7
198684,26,24.6,114,86,"2021-09-05 19:29:03",A301,6f6db310-75e6-4dc3-b490-31f70dfa2fc7
198689,23,23.8,132,0,"2021-09-05 19:36:42",A303,6f6db310-75e6-4dc3-b490-31f70dfa2fc7
198707,22,24.3,89,86,"2021-09-05 19:56:47",A302,6f6db310-75e6-4dc3-b490-31f70dfa2fc7
198715,23,23.7,133,0,"2021-09-05 20:06:49",A303,6f6db310-75e6-4dc3-b490-31f70dfa2fc7
198735,22,24.2,89,86,"2021-09-05 20:27:13",A302,6f6db310-75e6-4dc3-b490-31f70dfa2fc7
198738,26,24.5,113,86,"2021-09-05 20:29:37",A301,6f6db310-75e6-4dc3-b490-31f70dfa2fc7
198743,24,23.6,132,0,"2021-09-05 20:36:49",A303,6f6db310-75e6-4dc3-b490-31f70dfa2fc7
198764,22,24.1,89,86,"2021-09-05 20:57:41",A302,6f6db310-75e6-4dc3-b490-31f70dfa2fc7
198767,26,24.4,113,86,"2021-09-05 20:59:53",A301,6f6db310-75e6-4dc3-b490-31f70dfa2fc7
198772,23,23.5,132,0,"2021-09-05 21:07:11",A303,6f6db310-75e6-4dc3-b490-31f70dfa2fc7
198793,22,24,89,86,"2021-09-05 21:28:04",A302,6f6db310-75e6-4dc3-b490-31f70dfa2fc7
198797,26,24.3,114,86,"2021-09-05 21:30:11",A301,6f6db310-75e6-4dc3-b490-31f70dfa2fc7
198801,24,23.4,133,0,"2021-09-05 21:37:33",A303,6f6db310-75e6-4dc3-b490-31f70dfa2fc7
198821,22,23.9,89,86,"2021-09-05 21:58:28",A302,6f6db310-75e6-4dc3-b490-31f70dfa2fc7
198825,26,24.3,114,86,"2021-09-05 22:00:27",A301,6f6db310-75e6-4dc3-b490-31f70dfa2fc7
198829,23,23.3,131,0,"2021-09-05 22:07:54",A303,6f6db310-75e6-4dc3-b490-31f70dfa2fc7
198850,22,23.8,89,86,"2021-09-05 22:28:53",A302,6f6db310-75e6-4dc3-b490-31f70dfa2fc7
198854,26,24.2,114,86,"2021-09-05 22:30:45",A301,6f6db310-75e6-4dc3-b490-31f70dfa2fc7
198858,24,23.2,131,0,"2021-09-05 22:38:13",A303,6f6db310-75e6-4dc3-b490-31f70dfa2fc7
198876,22,23.7,89,86,"2021-09-05 22:59:17",A302,6f6db310-75e6-4dc3-b490-31f70dfa2fc7
198880,26,24.1,114,86,"2021-09-05 23:01:01",A301,6f6db310-75e6-4dc3-b490-31f70dfa2fc7
198884,24,23,133,0,"2021-09-05 23:08:34",A303,6f6db310-75e6-4dc3-b490-31f70dfa2fc7
198905,22,23.6,87,86,"2021-09-05 23:29:41",A302,6f6db310-75e6-4dc3-b490-31f70dfa2fc7
198910,26,24.1,113,86,"2021-09-05 23:31:16",A301,6f6db310-75e6-4dc3-b490-31f70dfa2fc7
198913,23,22.9,132,0,"2021-09-05 23:38:55",A303,6f6db310-75e6-4dc3-b490-31f70dfa2fc7
198935,22,23.5,87,86,"2021-09-06 00:00:05",A302,6f6db310-75e6-4dc3-b490-31f70dfa2fc7
198940,26,24,113,86,"2021-09-06 00:01:33",A301,6f6db310-75e6-4dc3-b490-31f70dfa2fc7
198943,24,22.8,132,0,"2021-09-06 00:09:16",A303,6f6db310-75e6-4dc3-b490-31f70dfa2fc7
198965,22,23.4,89,86,"2021-09-06 00:30:28",A302,6f6db310-75e6-4dc3-b490-31f70dfa2fc7
198969,26,23.9,113,86,"2021-09-06 00:31:48",A301,6f6db310-75e6-4dc3-b490-31f70dfa2fc7
198973,23,22.7,133,0,"2021-09-06 00:39:37",A303,6f6db310-75e6-4dc3-b490-31f70dfa2fc7
198995,22,23.3,88,86,"2021-09-06 01:00:52",A302,6f6db310-75e6-4dc3-b490-31f70dfa2fc7
198999,26,23.8,112,86,"2021-09-06 01:02:03",A301,6f6db310-75e6-4dc3-b490-31f70dfa2fc7
199003,23,22.6,133,0,"2021-09-06 01:09:57",A303,6f6db310-75e6-4dc3-b490-31f70dfa2fc7
199023,22,23.2,87,86,"2021-09-06 01:31:15",A302,6f6db310-75e6-4dc3-b490-31f70dfa2fc7
199027,26,23.7,113,86,"2021-09-06 01:32:19",A301,6f6db310-75e6-4dc3-b490-31f70dfa2fc7
199031,23,22.5,132,0,"2021-09-06 01:40:18",A303,6f6db310-75e6-4dc3-b490-31f70dfa2fc7
199052,22,23.2,89,86,"2021-09-06 02:01:38",A302,6f6db310-75e6-4dc3-b490-31f70dfa2fc7
199056,26,23.7,113,86,"2021-09-06 02:02:33",A301,6f6db310-75e6-4dc3-b490-31f70dfa2fc7
199060,24,22.4,131,0,"2021-09-06 02:10:38",A303,6f6db310-75e6-4dc3-b490-31f70dfa2fc7
199081,22,23.1,89,86,"2021-09-06 02:32:01",A302,6f6db310-75e6-4dc3-b490-31f70dfa2fc7
199085,26,23.6,113,86,"2021-09-06 02:32:48",A301,6f6db310-75e6-4dc3-b490-31f70dfa2fc7
199089,24,22.3,131,0,"2021-09-06 02:40:58",A303,6f6db310-75e6-4dc3-b490-31f70dfa2fc7
199109,22,23,89,86,"2021-09-06 03:02:23",A302,6f6db310-75e6-4dc3-b490-31f70dfa2fc7
199113,26,23.5,112,86,"2021-09-06 03:03:12",A301,6f6db310-75e6-4dc3-b490-31f70dfa2fc7
199118,23,22.2,132,0,"2021-09-06 03:11:18",A303,6f6db310-75e6-4dc3-b490-31f70dfa2fc7
199136,22,22.9,88,86,"2021-09-06 03:32:46",A302,6f6db310-75e6-4dc3-b490-31f70dfa2fc7
199140,26,23.4,110,86,"2021-09-06 03:33:19",A301,6f6db310-75e6-4dc3-b490-31f70dfa2fc7
199145,24,22.1,131,0,"2021-09-06 03:41:39",A303,6f6db310-75e6-4dc3-b490-31f70dfa2fc7
199166,22,22.8,89,86,"2021-09-06 04:03:08",A302,6f6db310-75e6-4dc3-b490-31f70dfa2fc7
199167,26,23.4,112,86,"2021-09-06 04:03:33",A301,6f6db310-75e6-4dc3-b490-31f70dfa2fc7
199173,23,22,131,0,"2021-09-06 04:11:59",A303,6f6db310-75e6-4dc3-b490-31f70dfa2fc7
199195,26,23.3,112,86,"2021-09-06 04:33:47",A301,6f6db310-75e6-4dc3-b490-31f70dfa2fc7
199201,23,21.9,132,0,"2021-09-06 04:42:18",A303,6f6db310-75e6-4dc3-b490-31f70dfa2fc7
199222,22,22.7,88,86,"2021-09-06 05:03:55",A302,6f6db310-75e6-4dc3-b490-31f70dfa2fc7
199224,26,23.2,113,86,"2021-09-06 05:04:03",A301,6f6db310-75e6-4dc3-b490-31f70dfa2fc7
199231,23,21.8,132,0,"2021-09-06 05:12:39",A303,6f6db310-75e6-4dc3-b490-31f70dfa2fc7
199249,26,23.1,112,93,"2021-09-06 05:34:19",A301,6f6db310-75e6-4dc3-b490-31f70dfa2fc7
199250,22,22.6,89,93,"2021-09-06 05:34:20",A302,6f6db310-75e6-4dc3-b490-31f70dfa2fc7
199257,23,21.7,131,0,"2021-09-06 05:43:02",A303,6f6db310-75e6-4dc3-b490-31f70dfa2fc7
199276,26,23,112,93,"2021-09-06 06:04:39",A301,6f6db310-75e6-4dc3-b490-31f70dfa2fc7
199278,22,22.6,89,93,"2021-09-06 06:04:48",A302,6f6db310-75e6-4dc3-b490-31f70dfa2fc7
199284,23,21.8,131,8,"2021-09-06 06:13:25",A303,6f6db310-75e6-4dc3-b490-31f70dfa2fc7
199304,26,23,112,93,"2021-09-06 06:34:58",A301,6f6db310-75e6-4dc3-b490-31f70dfa2fc7
199306,22,22.6,90,93,"2021-09-06 06:35:17",A302,6f6db310-75e6-4dc3-b490-31f70dfa2fc7
199312,23,21.8,131,15,"2021-09-06 06:43:51",A303,6f6db310-75e6-4dc3-b490-31f70dfa2fc7
199332,26,22.9,111,93,"2021-09-06 07:05:20",A301,6f6db310-75e6-4dc3-b490-31f70dfa2fc7
199334,22,22.6,89,100,"2021-09-06 07:05:49",A302,6f6db310-75e6-4dc3-b490-31f70dfa2fc7
199341,23,22,130,22,"2021-09-06 07:14:18",A303,6f6db310-75e6-4dc3-b490-31f70dfa2fc7
199361,26,22.9,111,100,"2021-09-06 07:35:43",A301,6f6db310-75e6-4dc3-b490-31f70dfa2fc7
199363,22,22.8,89,100,"2021-09-06 07:36:22",A302,6f6db310-75e6-4dc3-b490-31f70dfa2fc7
199370,23,22.2,130,36,"2021-09-06 07:44:46",A303,6f6db310-75e6-4dc3-b490-31f70dfa2fc7
199388,26,22.92,111,100,"2021-09-06 08:06:08",A301,6f6db310-75e6-4dc3-b490-31f70dfa2fc7
199390,22,23,89,100,"2021-09-06 08:06:56",A302,6f6db310-75e6-4dc3-b490-31f70dfa2fc7
199396,23,22.5,130,36,"2021-09-06 08:15:13",A303,6f6db310-75e6-4dc3-b490-31f70dfa2fc7
199414,26,23,110,100,"2021-09-06 08:36:31",A301,6f6db310-75e6-4dc3-b490-31f70dfa2fc7
199417,22,23.3,88,100,"2021-09-06 08:37:30",A302,6f6db310-75e6-4dc3-b490-31f70dfa2fc7
199422,23,22.9,129,50,"2021-09-06 08:45:42",A303,6f6db310-75e6-4dc3-b490-31f70dfa2fc7
199441,26,23.1,110,100,"2021-09-06 09:06:54",A301,6f6db310-75e6-4dc3-b490-31f70dfa2fc7
199445,22,23.6,87,100,"2021-09-06 09:08:05",A302,6f6db310-75e6-4dc3-b490-31f70dfa2fc7
199451,23,23.2,128,50,"2021-09-06 09:16:12",A303,6f6db310-75e6-4dc3-b490-31f70dfa2fc7
199468,25,23.2,109,100,"2021-09-06 09:37:17",A301,6f6db310-75e6-4dc3-b490-31f70dfa2fc7
199470,22,23.9,87,100,"2021-09-06 09:38:40",A302,6f6db310-75e6-4dc3-b490-31f70dfa2fc7
199475,23,23.5,127,58,"2021-09-06 09:46:40",A303,6f6db310-75e6-4dc3-b490-31f70dfa2fc7
199492,25,23.4,109,100,"2021-09-06 10:07:41",A301,6f6db310-75e6-4dc3-b490-31f70dfa2fc7
199496,22,24.2,87,100,"2021-09-06 10:09:14",A302,6f6db310-75e6-4dc3-b490-31f70dfa2fc7
199502,23,23.7,128,58,"2021-09-06 10:17:09",A303,6f6db310-75e6-4dc3-b490-31f70dfa2fc7
199522,25,23.6,108,100,"2021-09-06 10:38:05",A301,6f6db310-75e6-4dc3-b490-31f70dfa2fc7
199531,23,23.9,128,65,"2021-09-06 10:47:39",A303,6f6db310-75e6-4dc3-b490-31f70dfa2fc7
199550,25,23.8,108,100,"2021-09-06 11:08:31",A301,6f6db310-75e6-4dc3-b490-31f70dfa2fc7
199554,22,24.7,88,100,"2021-09-06 11:10:25",A302,6f6db310-75e6-4dc3-b490-31f70dfa2fc7
199560,22,24.1,128,79,"2021-09-06 11:18:08",A303,6f6db310-75e6-4dc3-b490-31f70dfa2fc7
199578,25,24,107,100,"2021-09-06 11:38:56",A301,6f6db310-75e6-4dc3-b490-31f70dfa2fc7
199581,22,25,87,100,"2021-09-06 11:41:03",A302,6f6db310-75e6-4dc3-b490-31f70dfa2fc7
199587,22,24.38,128,79,"2021-09-06 11:48:40",A303,6f6db310-75e6-4dc3-b490-31f70dfa2fc7
199605,25,24.2,107,100,"2021-09-06 12:09:20",A301,6f6db310-75e6-4dc3-b490-31f70dfa2fc7
199609,22,25.2,88,100,"2021-09-06 12:11:41",A302,6f6db310-75e6-4dc3-b490-31f70dfa2fc7
199615,22,24.6,127,86,"2021-09-06 12:19:11",A303,6f6db310-75e6-4dc3-b490-31f70dfa2fc7
199633,25,24.4,106,100,"2021-09-06 12:39:47",A301,6f6db310-75e6-4dc3-b490-31f70dfa2fc7
199637,22,25.5,87,100,"2021-09-06 12:42:21",A302,6f6db310-75e6-4dc3-b490-31f70dfa2fc7
199643,22,24.8,127,93,"2021-09-06 12:49:44",A303,6f6db310-75e6-4dc3-b490-31f70dfa2fc7
199663,25,24.6,106,93,"2021-09-06 13:10:12",A301,6f6db310-75e6-4dc3-b490-31f70dfa2fc7
199667,22,25.8,88,93,"2021-09-06 13:12:57",A302,6f6db310-75e6-4dc3-b490-31f70dfa2fc7
199673,22,25.1,127,15,"2021-09-06 13:20:11",A303,6f6db310-75e6-4dc3-b490-31f70dfa2fc7
199693,22,26.1,88,93,"2021-09-06 13:43:26",A302,6f6db310-75e6-4dc3-b490-31f70dfa2fc7
199695,25,24.8,107,86,"2021-09-06 13:44:24",A301,6f6db310-75e6-4dc3-b490-31f70dfa2fc7
199700,22,25.2,126,0,"2021-09-06 13:50:35",A303,6f6db310-75e6-4dc3-b490-31f70dfa2fc7
199723,22,26.2,86,93,"2021-09-06 14:13:51",A302,6f6db310-75e6-4dc3-b490-31f70dfa2fc7
199728,22,25.2,127,0,"2021-09-06 14:20:58",A303,6f6db310-75e6-4dc3-b490-31f70dfa2fc7
199748,22,26.1,88,93,"2021-09-06 14:44:19",A302,6f6db310-75e6-4dc3-b490-31f70dfa2fc7
199750,25,25.1,107,86,"2021-09-06 14:45:11",A301,6f6db310-75e6-4dc3-b490-31f70dfa2fc7
199755,22,25.1,126,0,"2021-09-06 14:51:21",A303,6f6db310-75e6-4dc3-b490-31f70dfa2fc7
199775,22,26,88,93,"2021-09-06 15:14:47",A302,6f6db310-75e6-4dc3-b490-31f70dfa2fc7
199777,25,25.3,107,86,"2021-09-06 15:15:36",A301,6f6db310-75e6-4dc3-b490-31f70dfa2fc7
199782,22,25.1,127,0,"2021-09-06 15:21:45",A303,6f6db310-75e6-4dc3-b490-31f70dfa2fc7
199808,22,25.9,88,86,"2021-09-06 15:45:14",A302,6f6db310-75e6-4dc3-b490-31f70dfa2fc7
199810,25,25.3,109,86,"2021-09-06 15:46:01",A301,6f6db310-75e6-4dc3-b490-31f70dfa2fc7
199815,22,25,127,8,"2021-09-06 15:52:08",A303,6f6db310-75e6-4dc3-b490-31f70dfa2fc7
199838,22,25.8,90,86,"2021-09-06 16:15:42",A302,6f6db310-75e6-4dc3-b490-31f70dfa2fc7
199840,25,25.4,108,86,"2021-09-06 16:16:23",A301,6f6db310-75e6-4dc3-b490-31f70dfa2fc7
199844,22,24.9,126,0,"2021-09-06 16:22:32",A303,6f6db310-75e6-4dc3-b490-31f70dfa2fc7
199864,22,25.6,89,86,"2021-09-06 16:46:09",A302,6f6db310-75e6-4dc3-b490-31f70dfa2fc7
199866,25,25.4,109,86,"2021-09-06 16:46:46",A301,6f6db310-75e6-4dc3-b490-31f70dfa2fc7
199869,22,24.7,128,0,"2021-09-06 16:52:54",A303,6f6db310-75e6-4dc3-b490-31f70dfa2fc7
199886,25,25.4,109,86,"2021-09-06 17:17:08",A301,6f6db310-75e6-4dc3-b490-31f70dfa2fc7
199889,22,24.6,128,0,"2021-09-06 17:23:25",A303,6f6db310-75e6-4dc3-b490-31f70dfa2fc7
199900,25,25.3,110,86,"2021-09-06 17:47:32",A301,6f6db310-75e6-4dc3-b490-31f70dfa2fc7
199902,22,24.5,127,0,"2021-09-06 17:53:40",A303,6f6db310-75e6-4dc3-b490-31f70dfa2fc7
199913,25,25.3,109,86,"2021-09-06 18:17:55",A301,6f6db310-75e6-4dc3-b490-31f70dfa2fc7
199915,22,24.4,126,0,"2021-09-06 18:24:01",A303,6f6db310-75e6-4dc3-b490-31f70dfa2fc7
199925,22,24.3,126,0,"2021-09-06 18:54:24",A303,6f6db310-75e6-4dc3-b490-31f70dfa2fc7
199954,25,25.1,110,86,"2021-09-06 19:49:01",A301,6f6db310-75e6-4dc3-b490-31f70dfa2fc7
199959,22,24.1,126,0,"2021-09-06 19:55:07",A303,6f6db310-75e6-4dc3-b490-31f70dfa2fc7
199983,25,25,110,86,"2021-09-06 20:19:22",A301,6f6db310-75e6-4dc3-b490-31f70dfa2fc7
199988,22,23.9,127,0,"2021-09-06 20:25:28",A303,6f6db310-75e6-4dc3-b490-31f70dfa2fc7
200011,22,24.3,90,86,"2021-09-06 20:49:31",A302,6f6db310-75e6-4dc3-b490-31f70dfa2fc7
200017,22,23.8,125,0,"2021-09-06 20:55:50",A303,6f6db310-75e6-4dc3-b490-31f70dfa2fc7
200040,22,24.1,90,86,"2021-09-06 21:19:56",A302,6f6db310-75e6-4dc3-b490-31f70dfa2fc7
200042,25,24.9,110,86,"2021-09-06 21:20:05",A301,6f6db310-75e6-4dc3-b490-31f70dfa2fc7
200047,22,23.7,126,0,"2021-09-06 21:26:12",A303,6f6db310-75e6-4dc3-b490-31f70dfa2fc7
200070,22,24,89,86,"2021-09-06 21:50:20",A302,6f6db310-75e6-4dc3-b490-31f70dfa2fc7
200072,25,24.8,108,86,"2021-09-06 21:50:27",A301,6f6db310-75e6-4dc3-b490-31f70dfa2fc7
200077,22,23.6,127,0,"2021-09-06 21:56:33",A303,6f6db310-75e6-4dc3-b490-31f70dfa2fc7
200100,22,23.9,89,86,"2021-09-06 22:20:43",A302,6f6db310-75e6-4dc3-b490-31f70dfa2fc7
200102,25,24.7,109,86,"2021-09-06 22:20:53",A301,6f6db310-75e6-4dc3-b490-31f70dfa2fc7
200107,22,23.5,126,0,"2021-09-06 22:26:53",A303,6f6db310-75e6-4dc3-b490-31f70dfa2fc7
200129,22,23.7,90,86,"2021-09-06 22:51:07",A302,6f6db310-75e6-4dc3-b490-31f70dfa2fc7
200130,25,24.7,109,86,"2021-09-06 22:51:09",A301,6f6db310-75e6-4dc3-b490-31f70dfa2fc7
200136,22,23.3,126,0,"2021-09-06 22:57:17",A303,6f6db310-75e6-4dc3-b490-31f70dfa2fc7
200159,25,24.6,109,86,"2021-09-06 23:21:29",A301,6f6db310-75e6-4dc3-b490-31f70dfa2fc7
200160,22,23.6,90,86,"2021-09-06 23:21:30",A302,6f6db310-75e6-4dc3-b490-31f70dfa2fc7
200166,22,23.2,126,0,"2021-09-06 23:27:34",A303,6f6db310-75e6-4dc3-b490-31f70dfa2fc7
200190,25,24.5,109,86,"2021-09-06 23:51:50",A301,6f6db310-75e6-4dc3-b490-31f70dfa2fc7
200191,22,23.5,90,86,"2021-09-06 23:51:52",A302,6f6db310-75e6-4dc3-b490-31f70dfa2fc7
200197,22,23.1,126,0,"2021-09-06 23:57:54",A303,6f6db310-75e6-4dc3-b490-31f70dfa2fc7
200220,25,24.4,110,86,"2021-09-07 00:22:09",A301,6f6db310-75e6-4dc3-b490-31f70dfa2fc7
200221,22,23.3,89,86,"2021-09-07 00:22:15",A302,6f6db310-75e6-4dc3-b490-31f70dfa2fc7
200228,22,23,127,0,"2021-09-07 00:28:15",A303,6f6db310-75e6-4dc3-b490-31f70dfa2fc7
200251,25,24.3,109,86,"2021-09-07 00:52:29",A301,6f6db310-75e6-4dc3-b490-31f70dfa2fc7
200252,22,23.2,89,86,"2021-09-07 00:52:37",A302,6f6db310-75e6-4dc3-b490-31f70dfa2fc7
200258,22,22.8,126,0,"2021-09-07 00:58:34",A303,6f6db310-75e6-4dc3-b490-31f70dfa2fc7
200279,25,24.2,110,86,"2021-09-07 01:22:49",A301,6f6db310-75e6-4dc3-b490-31f70dfa2fc7
200280,22,23.1,88,86,"2021-09-07 01:22:59",A302,6f6db310-75e6-4dc3-b490-31f70dfa2fc7
200288,22,22.7,126,0,"2021-09-07 01:28:54",A303,6f6db310-75e6-4dc3-b490-31f70dfa2fc7
200307,25,24.1,109,86,"2021-09-07 01:53:08",A301,6f6db310-75e6-4dc3-b490-31f70dfa2fc7
200308,22,22.9,88,86,"2021-09-07 01:53:21",A302,6f6db310-75e6-4dc3-b490-31f70dfa2fc7
200316,22,22.6,125,0,"2021-09-07 01:59:13",A303,6f6db310-75e6-4dc3-b490-31f70dfa2fc7
200330,25,24,110,86,"2021-09-07 02:23:31",A301,6f6db310-75e6-4dc3-b490-31f70dfa2fc7
200331,22,22.8,89,86,"2021-09-07 02:23:43",A302,6f6db310-75e6-4dc3-b490-31f70dfa2fc7
200335,22,22.42,126,0,"2021-09-07 02:29:34",A303,6f6db310-75e6-4dc3-b490-31f70dfa2fc7
200345,25,23.9,109,86,"2021-09-07 02:53:52",A301,6f6db310-75e6-4dc3-b490-31f70dfa2fc7
200346,22,22.7,89,86,"2021-09-07 02:54:05",A302,6f6db310-75e6-4dc3-b490-31f70dfa2fc7
200351,22,22.3,126,0,"2021-09-07 02:59:55",A303,6f6db310-75e6-4dc3-b490-31f70dfa2fc7
200362,25,23.8,109,86,"2021-09-07 03:24:09",A301,6f6db310-75e6-4dc3-b490-31f70dfa2fc7
200363,22,22.6,89,86,"2021-09-07 03:24:28",A302,6f6db310-75e6-4dc3-b490-31f70dfa2fc7
200368,22,22.2,126,0,"2021-09-07 03:30:11",A303,6f6db310-75e6-4dc3-b490-31f70dfa2fc7
200379,25,23.7,109,86,"2021-09-07 03:54:26",A301,6f6db310-75e6-4dc3-b490-31f70dfa2fc7
200380,22,22.4,89,86,"2021-09-07 03:54:51",A302,6f6db310-75e6-4dc3-b490-31f70dfa2fc7
200385,22,22.1,126,0,"2021-09-07 04:00:30",A303,6f6db310-75e6-4dc3-b490-31f70dfa2fc7
200394,25,23.6,109,86,"2021-09-07 04:24:45",A301,6f6db310-75e6-4dc3-b490-31f70dfa2fc7
200395,22,22.3,90,86,"2021-09-07 04:25:12",A302,6f6db310-75e6-4dc3-b490-31f70dfa2fc7
200400,22,22,125,0,"2021-09-07 04:30:53",A303,6f6db310-75e6-4dc3-b490-31f70dfa2fc7
200412,22,22.2,89,86,"2021-09-07 04:55:36",A302,6f6db310-75e6-4dc3-b490-31f70dfa2fc7
200417,22,21.9,125,0,"2021-09-07 05:01:10",A303,6f6db310-75e6-4dc3-b490-31f70dfa2fc7
200429,25,23.5,109,86,"2021-09-07 05:25:25",A301,6f6db310-75e6-4dc3-b490-31f70dfa2fc7
200430,22,22.1,89,86,"2021-09-07 05:26:00",A302,6f6db310-75e6-4dc3-b490-31f70dfa2fc7
200434,22,21.8,125,0,"2021-09-07 05:31:31",A303,6f6db310-75e6-4dc3-b490-31f70dfa2fc7
200445,25,23.4,109,86,"2021-09-07 05:55:47",A301,6f6db310-75e6-4dc3-b490-31f70dfa2fc7
200446,22,22.1,89,86,"2021-09-07 05:56:25",A302,6f6db310-75e6-4dc3-b490-31f70dfa2fc7
200450,22,21.8,125,0,"2021-09-07 06:01:51",A303,6f6db310-75e6-4dc3-b490-31f70dfa2fc7
200462,25,23.3,109,86,"2021-09-07 06:26:08",A301,6f6db310-75e6-4dc3-b490-31f70dfa2fc7
200463,22,22.1,88,86,"2021-09-07 06:26:52",A302,6f6db310-75e6-4dc3-b490-31f70dfa2fc7
200466,22,21.8,124,0,"2021-09-07 06:32:12",A303,6f6db310-75e6-4dc3-b490-31f70dfa2fc7
200478,25,23.2,109,93,"2021-09-07 06:56:29",A301,6f6db310-75e6-4dc3-b490-31f70dfa2fc7
200479,22,22.1,87,93,"2021-09-07 06:57:18",A302,6f6db310-75e6-4dc3-b490-31f70dfa2fc7
200486,22,21.8,124,0,"2021-09-07 07:02:34",A303,6f6db310-75e6-4dc3-b490-31f70dfa2fc7
200501,25,23.2,108,93,"2021-09-07 07:26:53",A301,6f6db310-75e6-4dc3-b490-31f70dfa2fc7
200508,22,21.8,124,8,"2021-09-07 07:32:58",A303,6f6db310-75e6-4dc3-b490-31f70dfa2fc7
200523,25,23.1,107,93,"2021-09-07 07:57:18",A301,6f6db310-75e6-4dc3-b490-31f70dfa2fc7
200524,22,22.2,88,93,"2021-09-07 07:58:20",A302,6f6db310-75e6-4dc3-b490-31f70dfa2fc7
200529,22,21.96,124,15,"2021-09-07 08:03:25",A303,6f6db310-75e6-4dc3-b490-31f70dfa2fc7
200544,25,23.1,107,93,"2021-09-07 08:27:46",A301,6f6db310-75e6-4dc3-b490-31f70dfa2fc7
200545,22,22.3,88,100,"2021-09-07 08:28:55",A302,6f6db310-75e6-4dc3-b490-31f70dfa2fc7
200549,22,22.2,123,29,"2021-09-07 08:33:51",A303,6f6db310-75e6-4dc3-b490-31f70dfa2fc7
200563,25,23.1,107,93,"2021-09-07 08:58:15",A301,6f6db310-75e6-4dc3-b490-31f70dfa2fc7
200564,22,22.6,88,93,"2021-09-07 08:59:31",A302,6f6db310-75e6-4dc3-b490-31f70dfa2fc7
200570,22,22.5,122,36,"2021-09-07 09:04:20",A303,6f6db310-75e6-4dc3-b490-31f70dfa2fc7
200584,25,23.2,106,100,"2021-09-07 09:28:44",A301,6f6db310-75e6-4dc3-b490-31f70dfa2fc7
200585,22,23.1,88,100,"2021-09-07 09:30:07",A302,6f6db310-75e6-4dc3-b490-31f70dfa2fc7
200590,22,22.9,123,58,"2021-09-07 09:34:48",A303,6f6db310-75e6-4dc3-b490-31f70dfa2fc7
200604,22,23.5,87,100,"2021-09-07 10:00:46",A302,6f6db310-75e6-4dc3-b490-31f70dfa2fc7
200610,22,23.3,122,72,"2021-09-07 10:05:18",A303,6f6db310-75e6-4dc3-b490-31f70dfa2fc7
200624,25,23.4,105,100,"2021-09-07 10:29:45",A301,6f6db310-75e6-4dc3-b490-31f70dfa2fc7
200625,22,24.1,88,100,"2021-09-07 10:31:29",A302,6f6db310-75e6-4dc3-b490-31f70dfa2fc7
200631,22,23.6,122,65,"2021-09-07 10:35:48",A303,6f6db310-75e6-4dc3-b490-31f70dfa2fc7
200646,25,23.6,105,93,"2021-09-07 11:00:13",A301,6f6db310-75e6-4dc3-b490-31f70dfa2fc7
200648,22,24.6,88,93,"2021-09-07 11:02:04",A302,6f6db310-75e6-4dc3-b490-31f70dfa2fc7
200653,21,24,122,43,"2021-09-07 11:06:17",A303,6f6db310-75e6-4dc3-b490-31f70dfa2fc7
200669,25,23.9,105,93,"2021-09-07 11:30:39",A301,6f6db310-75e6-4dc3-b490-31f70dfa2fc7
200670,22,24.8,88,93,"2021-09-07 11:32:35",A302,6f6db310-75e6-4dc3-b490-31f70dfa2fc7
200675,21,24.2,122,15,"2021-09-07 11:36:51",A303,6f6db310-75e6-4dc3-b490-31f70dfa2fc7
200690,25,24.1,104,93,"2021-09-07 12:01:02",A301,6f6db310-75e6-4dc3-b490-31f70dfa2fc7
200696,21,24.2,122,0,"2021-09-07 12:07:05",A303,6f6db310-75e6-4dc3-b490-31f70dfa2fc7
200710,25,24.2,105,86,"2021-09-07 12:31:25",A301,6f6db310-75e6-4dc3-b490-31f70dfa2fc7
200711,22,24.9,87,93,"2021-09-07 12:33:32",A302,6f6db310-75e6-4dc3-b490-31f70dfa2fc7
200716,21,24.1,122,0,"2021-09-07 12:37:27",A303,6f6db310-75e6-4dc3-b490-31f70dfa2fc7
200732,25,24.3,106,86,"2021-09-07 13:01:47",A301,6f6db310-75e6-4dc3-b490-31f70dfa2fc7
200733,22,24.8,88,93,"2021-09-07 13:04:00",A302,6f6db310-75e6-4dc3-b490-31f70dfa2fc7
200738,22,23.9,122,0,"2021-09-07 13:07:50",A303,6f6db310-75e6-4dc3-b490-31f70dfa2fc7
200753,25,24.4,106,93,"2021-09-07 13:32:10",A301,6f6db310-75e6-4dc3-b490-31f70dfa2fc7
200754,22,24.7,88,93,"2021-09-07 13:34:26",A302,6f6db310-75e6-4dc3-b490-31f70dfa2fc7
200759,22,23.8,123,0,"2021-09-07 13:38:13",A303,6f6db310-75e6-4dc3-b490-31f70dfa2fc7
200775,25,24.4,106,86,"2021-09-07 14:02:32",A301,6f6db310-75e6-4dc3-b490-31f70dfa2fc7
200776,22,24.5,88,93,"2021-09-07 14:04:58",A302,6f6db310-75e6-4dc3-b490-31f70dfa2fc7
200782,22,23.7,122,0,"2021-09-07 14:08:34",A303,6f6db310-75e6-4dc3-b490-31f70dfa2fc7
200797,25,24.3,106,86,"2021-09-07 14:32:56",A301,6f6db310-75e6-4dc3-b490-31f70dfa2fc7
200798,22,24.4,88,93,"2021-09-07 14:35:23",A302,6f6db310-75e6-4dc3-b490-31f70dfa2fc7
200804,22,23.6,121,0,"2021-09-07 14:38:58",A303,6f6db310-75e6-4dc3-b490-31f70dfa2fc7
200819,25,24.3,107,86,"2021-09-07 15:03:19",A301,6f6db310-75e6-4dc3-b490-31f70dfa2fc7
200820,22,24.3,89,93,"2021-09-07 15:05:51",A302,6f6db310-75e6-4dc3-b490-31f70dfa2fc7
200825,22,23.5,122,0,"2021-09-07 15:09:20",A303,6f6db310-75e6-4dc3-b490-31f70dfa2fc7
200839,25,24.3,107,86,"2021-09-07 15:33:41",A301,6f6db310-75e6-4dc3-b490-31f70dfa2fc7
200840,22,24.2,89,86,"2021-09-07 15:36:19",A302,6f6db310-75e6-4dc3-b490-31f70dfa2fc7
200844,22,23.4,122,0,"2021-09-07 15:39:43",A303,6f6db310-75e6-4dc3-b490-31f70dfa2fc7
200859,25,24.2,107,86,"2021-09-07 16:04:05",A301,6f6db310-75e6-4dc3-b490-31f70dfa2fc7
200860,22,24.1,89,86,"2021-09-07 16:06:50",A302,6f6db310-75e6-4dc3-b490-31f70dfa2fc7
200866,22,23.4,122,0,"2021-09-07 16:10:08",A303,6f6db310-75e6-4dc3-b490-31f70dfa2fc7
200880,25,24.2,107,86,"2021-09-07 16:34:30",A301,6f6db310-75e6-4dc3-b490-31f70dfa2fc7
200881,22,24,89,86,"2021-09-07 16:37:14",A302,6f6db310-75e6-4dc3-b490-31f70dfa2fc7
200887,22,23.2,122,0,"2021-09-07 16:40:26",A303,6f6db310-75e6-4dc3-b490-31f70dfa2fc7
200900,25,24.1,106,86,"2021-09-07 17:04:48",A301,6f6db310-75e6-4dc3-b490-31f70dfa2fc7
200901,22,23.9,89,86,"2021-09-07 17:07:41",A302,6f6db310-75e6-4dc3-b490-31f70dfa2fc7
200907,22,23.14,122,0,"2021-09-07 17:10:48",A303,6f6db310-75e6-4dc3-b490-31f70dfa2fc7
200921,25,24.1,106,86,"2021-09-07 17:35:11",A301,6f6db310-75e6-4dc3-b490-31f70dfa2fc7
200925,22,23,121,0,"2021-09-07 17:41:10",A303,6f6db310-75e6-4dc3-b490-31f70dfa2fc7
200932,25,24,106,86,"2021-09-07 18:05:32",A301,6f6db310-75e6-4dc3-b490-31f70dfa2fc7
200934,22,23.6,90,86,"2021-09-07 18:08:39",A302,6f6db310-75e6-4dc3-b490-31f70dfa2fc7
200937,22,22.9,121,0,"2021-09-07 18:11:31",A303,6f6db310-75e6-4dc3-b490-31f70dfa2fc7
200945,25,24,107,86,"2021-09-07 18:35:54",A301,6f6db310-75e6-4dc3-b490-31f70dfa2fc7
200946,22,23.5,90,86,"2021-09-07 18:39:07",A302,6f6db310-75e6-4dc3-b490-31f70dfa2fc7
200948,22,22.8,122,0,"2021-09-07 18:41:53",A303,6f6db310-75e6-4dc3-b490-31f70dfa2fc7
200957,25,23.9,106,86,"2021-09-07 19:06:15",A301,6f6db310-75e6-4dc3-b490-31f70dfa2fc7
200958,22,23.4,90,86,"2021-09-07 19:09:32",A302,6f6db310-75e6-4dc3-b490-31f70dfa2fc7
200961,22,22.7,120,0,"2021-09-07 19:12:14",A303,6f6db310-75e6-4dc3-b490-31f70dfa2fc7
200975,25,23.8,106,86,"2021-09-07 19:36:37",A301,6f6db310-75e6-4dc3-b490-31f70dfa2fc7
200977,22,23.3,90,86,"2021-09-07 19:39:55",A302,6f6db310-75e6-4dc3-b490-31f70dfa2fc7
200997,25,23.8,106,86,"2021-09-07 20:06:58",A301,6f6db310-75e6-4dc3-b490-31f70dfa2fc7
200999,22,23.1,89,86,"2021-09-07 20:10:18",A302,6f6db310-75e6-4dc3-b490-31f70dfa2fc7
201002,22,22.42,122,0,"2021-09-07 20:12:56",A303,6f6db310-75e6-4dc3-b490-31f70dfa2fc7
201018,25,23.7,106,86,"2021-09-07 20:37:23",A301,6f6db310-75e6-4dc3-b490-31f70dfa2fc7
201024,22,22.3,121,0,"2021-09-07 20:43:17",A303,6f6db310-75e6-4dc3-b490-31f70dfa2fc7
201040,25,23.6,105,86,"2021-09-07 21:07:37",A301,6f6db310-75e6-4dc3-b490-31f70dfa2fc7
201042,22,22.82,90,86,"2021-09-07 21:11:08",A302,6f6db310-75e6-4dc3-b490-31f70dfa2fc7
201046,22,22.2,121,0,"2021-09-07 21:14:53",A303,6f6db310-75e6-4dc3-b490-31f70dfa2fc7
201062,25,23.5,105,86,"2021-09-07 21:37:58",A301,6f6db310-75e6-4dc3-b490-31f70dfa2fc7
201064,22,22.7,90,86,"2021-09-07 21:41:32",A302,6f6db310-75e6-4dc3-b490-31f70dfa2fc7
201069,22,22.1,121,0,"2021-09-07 21:45:17",A303,6f6db310-75e6-4dc3-b490-31f70dfa2fc7
201085,25,23.4,106,86,"2021-09-07 22:08:19",A301,6f6db310-75e6-4dc3-b490-31f70dfa2fc7
201087,22,22.6,89,86,"2021-09-07 22:11:56",A302,6f6db310-75e6-4dc3-b490-31f70dfa2fc7
201092,22,21.9,122,0,"2021-09-07 22:15:39",A303,6f6db310-75e6-4dc3-b490-31f70dfa2fc7
201108,25,23.3,106,86,"2021-09-07 22:38:39",A301,6f6db310-75e6-4dc3-b490-31f70dfa2fc7
201110,22,22.4,89,86,"2021-09-07 22:42:20",A302,6f6db310-75e6-4dc3-b490-31f70dfa2fc7
201115,22,21.8,122,0,"2021-09-07 22:46:03",A303,6f6db310-75e6-4dc3-b490-31f70dfa2fc7
201131,25,23.2,106,86,"2021-09-07 23:08:57",A301,6f6db310-75e6-4dc3-b490-31f70dfa2fc7
201133,22,22.3,90,86,"2021-09-07 23:12:44",A302,6f6db310-75e6-4dc3-b490-31f70dfa2fc7
201138,22,21.6,121,0,"2021-09-07 23:16:25",A303,6f6db310-75e6-4dc3-b490-31f70dfa2fc7
201153,25,23.2,106,86,"2021-09-07 23:39:16",A301,6f6db310-75e6-4dc3-b490-31f70dfa2fc7
201155,22,22.2,90,86,"2021-09-07 23:43:07",A302,6f6db310-75e6-4dc3-b490-31f70dfa2fc7
201160,22,21.5,121,0,"2021-09-07 23:46:49",A303,6f6db310-75e6-4dc3-b490-31f70dfa2fc7
201174,25,23.1,106,86,"2021-09-08 00:09:36",A301,6f6db310-75e6-4dc3-b490-31f70dfa2fc7
201176,22,22.1,90,86,"2021-09-08 00:13:31",A302,6f6db310-75e6-4dc3-b490-31f70dfa2fc7
201181,22,21.4,122,0,"2021-09-08 00:17:12",A303,6f6db310-75e6-4dc3-b490-31f70dfa2fc7
201196,25,23,105,86,"2021-09-08 00:39:55",A301,6f6db310-75e6-4dc3-b490-31f70dfa2fc7
201198,22,21.9,89,86,"2021-09-08 00:43:54",A302,6f6db310-75e6-4dc3-b490-31f70dfa2fc7
201216,25,22.9,106,86,"2021-09-08 01:10:14",A301,6f6db310-75e6-4dc3-b490-31f70dfa2fc7
201218,22,21.8,90,86,"2021-09-08 01:14:17",A302,6f6db310-75e6-4dc3-b490-31f70dfa2fc7
201223,22,21.12,121,0,"2021-09-08 01:17:57",A303,6f6db310-75e6-4dc3-b490-31f70dfa2fc7
201238,25,22.8,105,86,"2021-09-08 01:40:33",A301,6f6db310-75e6-4dc3-b490-31f70dfa2fc7
201241,22,21.7,89,86,"2021-09-08 01:44:40",A302,6f6db310-75e6-4dc3-b490-31f70dfa2fc7
201245,22,21,119,0,"2021-09-08 01:48:20",A303,6f6db310-75e6-4dc3-b490-31f70dfa2fc7
201259,25,22.7,106,86,"2021-09-08 02:10:52",A301,6f6db310-75e6-4dc3-b490-31f70dfa2fc7
201262,22,21.6,87,86,"2021-09-08 02:15:03",A302,6f6db310-75e6-4dc3-b490-31f70dfa2fc7
201266,22,20.9,119,0,"2021-09-08 02:18:43",A303,6f6db310-75e6-4dc3-b490-31f70dfa2fc7
201281,25,22.6,105,86,"2021-09-08 02:41:10",A301,6f6db310-75e6-4dc3-b490-31f70dfa2fc7
201285,22,21.5,89,86,"2021-09-08 02:45:26",A302,6f6db310-75e6-4dc3-b490-31f70dfa2fc7
201288,22,20.8,122,0,"2021-09-08 02:49:08",A303,6f6db310-75e6-4dc3-b490-31f70dfa2fc7
201302,25,22.5,106,86,"2021-09-08 03:11:30",A301,6f6db310-75e6-4dc3-b490-31f70dfa2fc7
201308,22,20.7,122,0,"2021-09-08 03:19:29",A303,6f6db310-75e6-4dc3-b490-31f70dfa2fc7
201321,25,22.42,106,86,"2021-09-08 03:41:49",A301,6f6db310-75e6-4dc3-b490-31f70dfa2fc7
201339,25,22.4,105,86,"2021-09-08 04:12:12",A301,6f6db310-75e6-4dc3-b490-31f70dfa2fc7
201344,22,20.6,121,0,"2021-09-08 04:20:14",A303,6f6db310-75e6-4dc3-b490-31f70dfa2fc7
201357,25,22.3,105,86,"2021-09-08 04:42:30",A301,6f6db310-75e6-4dc3-b490-31f70dfa2fc7
201362,22,20.5,121,0,"2021-09-08 04:50:39",A303,6f6db310-75e6-4dc3-b490-31f70dfa2fc7
201376,25,22.2,104,93,"2021-09-08 05:12:47",A301,6f6db310-75e6-4dc3-b490-31f70dfa2fc7
201380,22,20.4,121,0,"2021-09-08 05:21:07",A303,6f6db310-75e6-4dc3-b490-31f70dfa2fc7
201396,25,22.2,105,93,"2021-09-08 05:43:09",A301,6f6db310-75e6-4dc3-b490-31f70dfa2fc7
201401,22,20.4,120,0,"2021-09-08 05:51:27",A303,6f6db310-75e6-4dc3-b490-31f70dfa2fc7
201417,25,22.1,105,93,"2021-09-08 06:13:31",A301,6f6db310-75e6-4dc3-b490-31f70dfa2fc7
201422,22,20.6,120,8,"2021-09-08 06:21:54",A303,6f6db310-75e6-4dc3-b490-31f70dfa2fc7
201438,25,22.1,104,93,"2021-09-08 06:43:55",A301,6f6db310-75e6-4dc3-b490-31f70dfa2fc7
201443,22,20.8,120,8,"2021-09-08 06:52:21",A303,6f6db310-75e6-4dc3-b490-31f70dfa2fc7
201460,25,22.1,104,93,"2021-09-08 07:14:21",A301,6f6db310-75e6-4dc3-b490-31f70dfa2fc7
201464,22,21.1,119,8,"2021-09-08 07:22:49",A303,6f6db310-75e6-4dc3-b490-31f70dfa2fc7
201479,25,22.1,104,93,"2021-09-08 07:44:43",A301,6f6db310-75e6-4dc3-b490-31f70dfa2fc7
201483,22,21.4,119,22,"2021-09-08 07:53:18",A303,6f6db310-75e6-4dc3-b490-31f70dfa2fc7
201500,25,22.2,104,93,"2021-09-08 08:15:10",A301,6f6db310-75e6-4dc3-b490-31f70dfa2fc7
201504,22,21.7,120,15,"2021-09-08 08:23:48",A303,6f6db310-75e6-4dc3-b490-31f70dfa2fc7
201520,25,22.3,104,93,"2021-09-08 08:45:34",A301,6f6db310-75e6-4dc3-b490-31f70dfa2fc7
201524,22,21.9,119,8,"2021-09-08 08:54:15",A303,6f6db310-75e6-4dc3-b490-31f70dfa2fc7
201539,25,22.4,104,86,"2021-09-08 09:15:58",A301,6f6db310-75e6-4dc3-b490-31f70dfa2fc7
201542,22,22,119,0,"2021-09-08 09:24:41",A303,6f6db310-75e6-4dc3-b490-31f70dfa2fc7
201558,25,22.5,104,86,"2021-09-08 09:46:19",A301,6f6db310-75e6-4dc3-b490-31f70dfa2fc7
201562,22,22,119,0,"2021-09-08 09:55:07",A303,6f6db310-75e6-4dc3-b490-31f70dfa2fc7
201578,25,22.6,104,86,"2021-09-08 10:16:41",A301,6f6db310-75e6-4dc3-b490-31f70dfa2fc7
201582,22,21.9,120,0,"2021-09-08 10:25:32",A303,6f6db310-75e6-4dc3-b490-31f70dfa2fc7
201599,25,22.6,104,93,"2021-09-08 10:47:05",A301,6f6db310-75e6-4dc3-b490-31f70dfa2fc7
201603,22,21.9,119,8,"2021-09-08 10:55:59",A303,6f6db310-75e6-4dc3-b490-31f70dfa2fc7
201619,25,22.7,104,93,"2021-09-08 11:17:26",A301,6f6db310-75e6-4dc3-b490-31f70dfa2fc7
201623,21,21.9,120,15,"2021-09-08 11:26:26",A303,6f6db310-75e6-4dc3-b490-31f70dfa2fc7
201636,25,22.7,104,93,"2021-09-08 11:47:51",A301,6f6db310-75e6-4dc3-b490-31f70dfa2fc7
201639,21,22,119,15,"2021-09-08 11:56:55",A303,6f6db310-75e6-4dc3-b490-31f70dfa2fc7
201655,25,22.7,103,93,"2021-09-08 12:18:16",A301,6f6db310-75e6-4dc3-b490-31f70dfa2fc7
201658,21,22.1,120,15,"2021-09-08 12:27:22",A303,6f6db310-75e6-4dc3-b490-31f70dfa2fc7
201677,21,22.2,120,15,"2021-09-08 12:57:50",A303,6f6db310-75e6-4dc3-b490-31f70dfa2fc7
201692,25,22.8,103,93,"2021-09-08 13:19:03",A301,6f6db310-75e6-4dc3-b490-31f70dfa2fc7
201694,21,22.2,119,15,"2021-09-08 13:28:17",A303,6f6db310-75e6-4dc3-b490-31f70dfa2fc7
201708,25,22.8,103,93,"2021-09-08 13:49:28",A301,6f6db310-75e6-4dc3-b490-31f70dfa2fc7
201711,21,22.2,120,22,"2021-09-08 13:58:45",A303,6f6db310-75e6-4dc3-b490-31f70dfa2fc7
201726,25,22.9,103,86,"2021-09-08 14:19:53",A301,6f6db310-75e6-4dc3-b490-31f70dfa2fc7
201729,21,22.2,120,15,"2021-09-08 14:29:15",A303,6f6db310-75e6-4dc3-b490-31f70dfa2fc7
201746,25,22.9,103,86,"2021-09-08 14:50:17",A301,6f6db310-75e6-4dc3-b490-31f70dfa2fc7
201749,21,22.3,119,15,"2021-09-08 14:59:41",A303,6f6db310-75e6-4dc3-b490-31f70dfa2fc7
201765,25,22.9,103,86,"2021-09-08 15:20:41",A301,6f6db310-75e6-4dc3-b490-31f70dfa2fc7
201769,21,22.3,119,8,"2021-09-08 15:30:09",A303,6f6db310-75e6-4dc3-b490-31f70dfa2fc7
201785,25,23,103,86,"2021-09-08 15:51:04",A301,6f6db310-75e6-4dc3-b490-31f70dfa2fc7
201789,21,22.3,119,8,"2021-09-08 16:00:37",A303,6f6db310-75e6-4dc3-b490-31f70dfa2fc7
201804,25,23,103,86,"2021-09-08 16:25:15",A301,6f6db310-75e6-4dc3-b490-31f70dfa2fc7
201807,21,22.2,120,8,"2021-09-08 16:31:02",A303,6f6db310-75e6-4dc3-b490-31f70dfa2fc7
201820,25,23,102,86,"2021-09-08 16:55:38",A301,6f6db310-75e6-4dc3-b490-31f70dfa2fc7
201823,21,22.2,119,0,"2021-09-08 17:01:28",A303,6f6db310-75e6-4dc3-b490-31f70dfa2fc7
201835,25,23,103,86,"2021-09-08 17:26:01",A301,6f6db310-75e6-4dc3-b490-31f70dfa2fc7
201838,21,22.1,120,0,"2021-09-08 17:31:54",A303,6f6db310-75e6-4dc3-b490-31f70dfa2fc7
201850,21,22.1,119,0,"2021-09-08 18:02:19",A303,6f6db310-75e6-4dc3-b490-31f70dfa2fc7
201880,25,22.9,103,86,"2021-09-08 19:27:31",A301,6f6db310-75e6-4dc3-b490-31f70dfa2fc7
201884,21,21.9,120,0,"2021-09-08 19:33:35",A303,6f6db310-75e6-4dc3-b490-31f70dfa2fc7
201898,25,22.8,103,86,"2021-09-08 19:57:54",A301,6f6db310-75e6-4dc3-b490-31f70dfa2fc7
201901,21,21.8,120,0,"2021-09-08 20:04:00",A303,6f6db310-75e6-4dc3-b490-31f70dfa2fc7
201917,21,21.7,120,0,"2021-09-08 20:34:24",A303,6f6db310-75e6-4dc3-b490-31f70dfa2fc7
201931,25,22.8,103,86,"2021-09-08 20:58:35",A301,6f6db310-75e6-4dc3-b490-31f70dfa2fc7
201935,21,21.6,119,0,"2021-09-08 21:04:48",A303,6f6db310-75e6-4dc3-b490-31f70dfa2fc7
201950,25,22.7,103,86,"2021-09-08 21:28:57",A301,6f6db310-75e6-4dc3-b490-31f70dfa2fc7
201953,22,21.5,120,0,"2021-09-08 21:35:12",A303,6f6db310-75e6-4dc3-b490-31f70dfa2fc7
201968,25,22.7,103,86,"2021-09-08 21:59:18",A301,6f6db310-75e6-4dc3-b490-31f70dfa2fc7
201972,22,21.4,119,0,"2021-09-08 22:05:36",A303,6f6db310-75e6-4dc3-b490-31f70dfa2fc7
201988,25,22.6,103,86,"2021-09-08 22:29:39",A301,6f6db310-75e6-4dc3-b490-31f70dfa2fc7
201992,22,21.2,119,0,"2021-09-08 22:35:59",A303,6f6db310-75e6-4dc3-b490-31f70dfa2fc7
202009,25,22.5,102,86,"2021-09-08 22:59:58",A301,6f6db310-75e6-4dc3-b490-31f70dfa2fc7
202013,22,21.1,119,0,"2021-09-08 23:06:23",A303,6f6db310-75e6-4dc3-b490-31f70dfa2fc7
202029,25,22.46,103,86,"2021-09-08 23:30:20",A301,6f6db310-75e6-4dc3-b490-31f70dfa2fc7
202033,22,21,120,0,"2021-09-08 23:36:45",A303,6f6db310-75e6-4dc3-b490-31f70dfa2fc7
202049,25,22.4,102,86,"2021-09-09 00:00:39",A301,6f6db310-75e6-4dc3-b490-31f70dfa2fc7
202053,22,20.9,120,0,"2021-09-09 00:07:09",A303,6f6db310-75e6-4dc3-b490-31f70dfa2fc7
202069,25,22.3,103,86,"2021-09-09 00:31:00",A301,6f6db310-75e6-4dc3-b490-31f70dfa2fc7
202073,22,20.8,120,0,"2021-09-09 00:37:32",A303,6f6db310-75e6-4dc3-b490-31f70dfa2fc7
202089,25,22.2,103,86,"2021-09-09 01:01:20",A301,6f6db310-75e6-4dc3-b490-31f70dfa2fc7
202093,22,20.7,120,0,"2021-09-09 01:07:55",A303,6f6db310-75e6-4dc3-b490-31f70dfa2fc7
202109,25,22.2,103,86,"2021-09-09 01:31:40",A301,6f6db310-75e6-4dc3-b490-31f70dfa2fc7
202113,22,20.6,120,0,"2021-09-09 01:38:18",A303,6f6db310-75e6-4dc3-b490-31f70dfa2fc7
202129,25,22.1,103,86,"2021-09-09 02:02:01",A301,6f6db310-75e6-4dc3-b490-31f70dfa2fc7
202133,22,20.5,120,0,"2021-09-09 02:08:41",A303,6f6db310-75e6-4dc3-b490-31f70dfa2fc7
202150,25,22,102,86,"2021-09-09 02:32:20",A301,6f6db310-75e6-4dc3-b490-31f70dfa2fc7
202154,22,20.4,119,0,"2021-09-09 02:39:03",A303,6f6db310-75e6-4dc3-b490-31f70dfa2fc7
202170,25,22,102,86,"2021-09-09 03:02:41",A301,6f6db310-75e6-4dc3-b490-31f70dfa2fc7
202174,22,20.3,119,0,"2021-09-09 03:09:26",A303,6f6db310-75e6-4dc3-b490-31f70dfa2fc7
202189,25,21.9,101,86,"2021-09-09 03:32:59",A301,6f6db310-75e6-4dc3-b490-31f70dfa2fc7
202194,22,20.3,119,0,"2021-09-09 03:39:51",A303,6f6db310-75e6-4dc3-b490-31f70dfa2fc7
202209,25,21.8,100,86,"2021-09-09 04:03:19",A301,6f6db310-75e6-4dc3-b490-31f70dfa2fc7
202214,22,20.2,119,0,"2021-09-09 04:10:13",A303,6f6db310-75e6-4dc3-b490-31f70dfa2fc7
202229,25,21.8,102,86,"2021-09-09 04:33:40",A301,6f6db310-75e6-4dc3-b490-31f70dfa2fc7
202234,22,20.2,120,0,"2021-09-09 04:40:37",A303,6f6db310-75e6-4dc3-b490-31f70dfa2fc7
202250,25,21.7,102,86,"2021-09-09 05:04:00",A301,6f6db310-75e6-4dc3-b490-31f70dfa2fc7
202255,22,20.1,120,0,"2021-09-09 05:11:00",A303,6f6db310-75e6-4dc3-b490-31f70dfa2fc7
202270,25,21.7,102,86,"2021-09-09 05:34:20",A301,6f6db310-75e6-4dc3-b490-31f70dfa2fc7
202275,22,20.1,120,0,"2021-09-09 05:41:24",A303,6f6db310-75e6-4dc3-b490-31f70dfa2fc7
202290,25,21.6,102,86,"2021-09-09 06:04:41",A301,6f6db310-75e6-4dc3-b490-31f70dfa2fc7
202296,22,20.1,119,0,"2021-09-09 06:11:48",A303,6f6db310-75e6-4dc3-b490-31f70dfa2fc7
202311,25,21.6,102,93,"2021-09-09 06:35:05",A301,6f6db310-75e6-4dc3-b490-31f70dfa2fc7
202317,22,20.2,119,0,"2021-09-09 06:42:14",A303,6f6db310-75e6-4dc3-b490-31f70dfa2fc7
202334,25,21.6,102,93,"2021-09-09 07:05:31",A301,6f6db310-75e6-4dc3-b490-31f70dfa2fc7
202342,22,20.34,119,0,"2021-09-09 07:12:40",A303,6f6db310-75e6-4dc3-b490-31f70dfa2fc7
202360,25,21.6,102,93,"2021-09-09 07:35:52",A301,6f6db310-75e6-4dc3-b490-31f70dfa2fc7
202366,22,20.5,119,8,"2021-09-09 07:43:07",A303,6f6db310-75e6-4dc3-b490-31f70dfa2fc7
202382,25,21.6,101,93,"2021-09-09 08:06:16",A301,6f6db310-75e6-4dc3-b490-31f70dfa2fc7
202389,21,20.7,119,22,"2021-09-09 08:13:36",A303,6f6db310-75e6-4dc3-b490-31f70dfa2fc7
202405,25,21.6,100,93,"2021-09-09 08:36:44",A301,6f6db310-75e6-4dc3-b490-31f70dfa2fc7
202412,21,21.1,119,43,"2021-09-09 08:44:08",A303,6f6db310-75e6-4dc3-b490-31f70dfa2fc7
202429,25,21.7,99,93,"2021-09-09 09:07:19",A301,6f6db310-75e6-4dc3-b490-31f70dfa2fc7
202437,21,21.6,119,43,"2021-09-09 09:14:40",A303,6f6db310-75e6-4dc3-b490-31f70dfa2fc7
202455,25,21.8,99,100,"2021-09-09 09:37:42",A301,6f6db310-75e6-4dc3-b490-31f70dfa2fc7
202464,21,22.1,118,58,"2021-09-09 09:45:12",A303,6f6db310-75e6-4dc3-b490-31f70dfa2fc7
202482,25,22,98,100,"2021-09-09 10:08:12",A301,6f6db310-75e6-4dc3-b490-31f70dfa2fc7
202490,21,22.6,118,72,"2021-09-09 10:15:45",A303,6f6db310-75e6-4dc3-b490-31f70dfa2fc7
202506,24,22.3,98,93,"2021-09-09 10:38:43",A301,6f6db310-75e6-4dc3-b490-31f70dfa2fc7
202514,21,23.1,118,72,"2021-09-09 10:46:20",A303,6f6db310-75e6-4dc3-b490-31f70dfa2fc7
202531,24,22.6,98,93,"2021-09-09 11:09:10",A301,6f6db310-75e6-4dc3-b490-31f70dfa2fc7
202538,21,23.6,118,0,"2021-09-09 11:16:49",A303,6f6db310-75e6-4dc3-b490-31f70dfa2fc7
202557,24,22.9,98,93,"2021-09-09 11:39:31",A301,6f6db310-75e6-4dc3-b490-31f70dfa2fc7
202566,21,23.7,118,0,"2021-09-09 11:47:13",A303,6f6db310-75e6-4dc3-b490-31f70dfa2fc7
202585,24,23.2,99,86,"2021-09-09 12:09:52",A301,6f6db310-75e6-4dc3-b490-31f70dfa2fc7
202594,21,23.6,118,0,"2021-09-09 12:17:36",A303,6f6db310-75e6-4dc3-b490-31f70dfa2fc7
202613,24,23.4,98,86,"2021-09-09 12:40:14",A301,6f6db310-75e6-4dc3-b490-31f70dfa2fc7
202622,21,23.4,117,0,"2021-09-09 12:48:02",A303,6f6db310-75e6-4dc3-b490-31f70dfa2fc7
202640,24,23.5,98,86,"2021-09-09 13:10:36",A301,6f6db310-75e6-4dc3-b490-31f70dfa2fc7
202668,24,23.6,99,93,"2021-09-09 13:40:59",A301,6f6db310-75e6-4dc3-b490-31f70dfa2fc7
202676,21,23.1,119,0,"2021-09-09 13:48:51",A303,6f6db310-75e6-4dc3-b490-31f70dfa2fc7
202695,24,23.5,99,86,"2021-09-09 14:11:21",A301,6f6db310-75e6-4dc3-b490-31f70dfa2fc7
202704,21,23,119,0,"2021-09-09 14:19:17",A303,6f6db310-75e6-4dc3-b490-31f70dfa2fc7
202724,24,23.5,99,86,"2021-09-09 14:41:43",A301,6f6db310-75e6-4dc3-b490-31f70dfa2fc7
202733,21,22.9,119,0,"2021-09-09 14:49:43",A303,6f6db310-75e6-4dc3-b490-31f70dfa2fc7
202750,24,23.5,98,86,"2021-09-09 15:12:06",A301,6f6db310-75e6-4dc3-b490-31f70dfa2fc7
202776,24,23.4,99,86,"2021-09-09 15:42:29",A301,6f6db310-75e6-4dc3-b490-31f70dfa2fc7
202786,21,22.8,119,0,"2021-09-09 15:50:35",A303,6f6db310-75e6-4dc3-b490-31f70dfa2fc7
202805,24,23.4,99,86,"2021-09-09 16:12:54",A301,6f6db310-75e6-4dc3-b490-31f70dfa2fc7
202815,21,22.8,119,0,"2021-09-09 16:21:01",A303,6f6db310-75e6-4dc3-b490-31f70dfa2fc7
202833,24,23.4,98,86,"2021-09-09 16:43:15",A301,6f6db310-75e6-4dc3-b490-31f70dfa2fc7
202843,21,22.7,119,0,"2021-09-09 16:51:27",A303,6f6db310-75e6-4dc3-b490-31f70dfa2fc7
202865,21,22.6,119,0,"2021-09-09 17:21:52",A303,6f6db310-75e6-4dc3-b490-31f70dfa2fc7
202879,21,22.5,120,0,"2021-09-09 17:52:16",A303,6f6db310-75e6-4dc3-b490-31f70dfa2fc7
202891,21,22.4,118,0,"2021-09-09 18:22:43",A303,6f6db310-75e6-4dc3-b490-31f70dfa2fc7
202900,21,22.3,118,0,"2021-09-09 18:53:07",A303,6f6db310-75e6-4dc3-b490-31f70dfa2fc7
202914,21,22.2,119,0,"2021-09-09 19:23:31",A303,6f6db310-75e6-4dc3-b490-31f70dfa2fc7
202932,24,23,99,86,"2021-09-09 19:45:25",A301,6f6db310-75e6-4dc3-b490-31f70dfa2fc7
202941,21,22.1,119,0,"2021-09-09 19:53:55",A303,6f6db310-75e6-4dc3-b490-31f70dfa2fc7
202963,24,23,99,86,"2021-09-09 20:15:49",A301,6f6db310-75e6-4dc3-b490-31f70dfa2fc7
202971,21,22,119,0,"2021-09-09 20:24:20",A303,6f6db310-75e6-4dc3-b490-31f70dfa2fc7
202991,24,22.9,99,86,"2021-09-09 20:46:10",A301,6f6db310-75e6-4dc3-b490-31f70dfa2fc7
202999,21,21.9,119,0,"2021-09-09 20:54:44",A303,6f6db310-75e6-4dc3-b490-31f70dfa2fc7
203020,24,22.8,99,86,"2021-09-09 21:16:32",A301,6f6db310-75e6-4dc3-b490-31f70dfa2fc7
203048,24,22.8,100,86,"2021-09-09 21:46:52",A301,6f6db310-75e6-4dc3-b490-31f70dfa2fc7
203056,21,21.7,118,0,"2021-09-09 21:55:34",A303,6f6db310-75e6-4dc3-b490-31f70dfa2fc7
203077,24,22.7,99,86,"2021-09-09 22:17:15",A301,6f6db310-75e6-4dc3-b490-31f70dfa2fc7
203085,21,21.6,120,0,"2021-09-09 22:25:59",A303,6f6db310-75e6-4dc3-b490-31f70dfa2fc7
203107,24,22.6,100,86,"2021-09-09 22:47:36",A301,6f6db310-75e6-4dc3-b490-31f70dfa2fc7
203115,21,21.5,119,0,"2021-09-09 22:56:23",A303,6f6db310-75e6-4dc3-b490-31f70dfa2fc7
203137,24,22.6,99,86,"2021-09-09 23:18:01",A301,6f6db310-75e6-4dc3-b490-31f70dfa2fc7
203145,21,21.5,119,0,"2021-09-09 23:26:47",A303,6f6db310-75e6-4dc3-b490-31f70dfa2fc7
203167,24,22.5,99,86,"2021-09-09 23:48:21",A301,6f6db310-75e6-4dc3-b490-31f70dfa2fc7
203176,21,21.4,119,0,"2021-09-09 23:58:28",A303,6f6db310-75e6-4dc3-b490-31f70dfa2fc7
203197,24,22.42,100,86,"2021-09-10 00:18:39",A301,6f6db310-75e6-4dc3-b490-31f70dfa2fc7
203206,21,21.3,119,0,"2021-09-10 00:28:48",A303,6f6db310-75e6-4dc3-b490-31f70dfa2fc7
203226,25,22.4,99,86,"2021-09-10 00:49:02",A301,6f6db310-75e6-4dc3-b490-31f70dfa2fc7
203235,21,21.3,119,0,"2021-09-10 00:59:12",A303,6f6db310-75e6-4dc3-b490-31f70dfa2fc7
203254,25,22.3,99,86,"2021-09-10 01:19:22",A301,6f6db310-75e6-4dc3-b490-31f70dfa2fc7
203263,21,21.2,119,0,"2021-09-10 01:29:35",A303,6f6db310-75e6-4dc3-b490-31f70dfa2fc7
203283,25,22.3,100,86,"2021-09-10 01:49:43",A301,6f6db310-75e6-4dc3-b490-31f70dfa2fc7
203292,21,21.1,119,0,"2021-09-10 01:59:59",A303,6f6db310-75e6-4dc3-b490-31f70dfa2fc7
203312,24,22.2,99,86,"2021-09-10 02:20:05",A301,6f6db310-75e6-4dc3-b490-31f70dfa2fc7
203321,21,21.1,119,0,"2021-09-10 02:30:22",A303,6f6db310-75e6-4dc3-b490-31f70dfa2fc7
203342,25,22.2,99,86,"2021-09-10 02:50:26",A301,6f6db310-75e6-4dc3-b490-31f70dfa2fc7
203351,21,21,119,0,"2021-09-10 03:00:46",A303,6f6db310-75e6-4dc3-b490-31f70dfa2fc7
203371,25,22.1,99,86,"2021-09-10 03:20:49",A301,6f6db310-75e6-4dc3-b490-31f70dfa2fc7
203380,21,21,119,0,"2021-09-10 03:31:10",A303,6f6db310-75e6-4dc3-b490-31f70dfa2fc7
203406,21,20.9,119,0,"2021-09-10 04:01:33",A303,6f6db310-75e6-4dc3-b490-31f70dfa2fc7
203426,25,22.1,99,86,"2021-09-10 04:21:38",A301,6f6db310-75e6-4dc3-b490-31f70dfa2fc7
203435,21,20.9,119,0,"2021-09-10 04:31:57",A303,6f6db310-75e6-4dc3-b490-31f70dfa2fc7
203455,25,22,99,86,"2021-09-10 04:51:51",A301,6f6db310-75e6-4dc3-b490-31f70dfa2fc7
203465,21,20.9,119,0,"2021-09-10 05:02:22",A303,6f6db310-75e6-4dc3-b490-31f70dfa2fc7
203484,25,22,99,86,"2021-09-10 05:22:16",A301,6f6db310-75e6-4dc3-b490-31f70dfa2fc7
203495,21,20.8,119,0,"2021-09-10 05:32:47",A303,6f6db310-75e6-4dc3-b490-31f70dfa2fc7
203513,25,21.9,98,93,"2021-09-10 05:52:35",A301,6f6db310-75e6-4dc3-b490-31f70dfa2fc7
203523,21,20.9,118,0,"2021-09-10 06:03:12",A303,6f6db310-75e6-4dc3-b490-31f70dfa2fc7
203539,25,21.9,98,93,"2021-09-10 06:22:59",A301,6f6db310-75e6-4dc3-b490-31f70dfa2fc7
203547,21,21,119,0,"2021-09-10 06:33:39",A303,6f6db310-75e6-4dc3-b490-31f70dfa2fc7
203566,25,21.9,98,93,"2021-09-10 06:53:27",A301,6f6db310-75e6-4dc3-b490-31f70dfa2fc7
203575,21,21.28,119,8,"2021-09-10 07:04:08",A303,6f6db310-75e6-4dc3-b490-31f70dfa2fc7
203602,21,21.6,117,15,"2021-09-10 07:34:38",A303,6f6db310-75e6-4dc3-b490-31f70dfa2fc7
203620,24,22,98,93,"2021-09-10 07:54:21",A301,6f6db310-75e6-4dc3-b490-31f70dfa2fc7
203629,21,22,117,15,"2021-09-10 08:05:08",A303,6f6db310-75e6-4dc3-b490-31f70dfa2fc7
203647,24,22.1,97,93,"2021-09-10 08:24:48",A301,6f6db310-75e6-4dc3-b490-31f70dfa2fc7
203657,21,22.3,119,15,"2021-09-10 08:35:36",A303,6f6db310-75e6-4dc3-b490-31f70dfa2fc7
203675,24,22.2,97,93,"2021-09-10 08:55:15",A301,6f6db310-75e6-4dc3-b490-31f70dfa2fc7
203684,21,22.5,118,15,"2021-09-10 09:06:04",A303,6f6db310-75e6-4dc3-b490-31f70dfa2fc7
203702,24,22.4,97,93,"2021-09-10 09:25:38",A301,6f6db310-75e6-4dc3-b490-31f70dfa2fc7
203713,21,22.6,118,8,"2021-09-10 09:36:31",A303,6f6db310-75e6-4dc3-b490-31f70dfa2fc7
203732,24,22.5,97,93,"2021-09-10 09:56:04",A301,6f6db310-75e6-4dc3-b490-31f70dfa2fc7
203743,21,22.6,119,8,"2021-09-10 10:06:58",A303,6f6db310-75e6-4dc3-b490-31f70dfa2fc7
203761,24,22.6,98,93,"2021-09-10 10:26:27",A301,6f6db310-75e6-4dc3-b490-31f70dfa2fc7
203772,21,22.7,119,8,"2021-09-10 10:37:25",A303,6f6db310-75e6-4dc3-b490-31f70dfa2fc7
203789,24,22.7,97,93,"2021-09-10 10:56:53",A301,6f6db310-75e6-4dc3-b490-31f70dfa2fc7
203800,21,22.7,119,8,"2021-09-10 11:07:52",A303,6f6db310-75e6-4dc3-b490-31f70dfa2fc7
203818,24,22.8,97,93,"2021-09-10 11:27:17",A301,6f6db310-75e6-4dc3-b490-31f70dfa2fc7
203831,21,22.8,119,15,"2021-09-10 11:38:23",A303,6f6db310-75e6-4dc3-b490-31f70dfa2fc7
203846,24,22.8,97,93,"2021-09-10 11:57:42",A301,6f6db310-75e6-4dc3-b490-31f70dfa2fc7
203858,21,22.9,119,8,"2021-09-10 12:08:47",A303,6f6db310-75e6-4dc3-b490-31f70dfa2fc7
203862,23,23,88,93,"2021-09-10 12:12:27",A302,6f6db310-75e6-4dc3-b490-31f70dfa2fc7
203876,24,22.9,97,93,"2021-09-10 12:28:05",A301,6f6db310-75e6-4dc3-b490-31f70dfa2fc7
203888,21,22.9,119,8,"2021-09-10 12:39:13",A303,6f6db310-75e6-4dc3-b490-31f70dfa2fc7
203892,23,23.1,88,100,"2021-09-10 12:42:46",A302,6f6db310-75e6-4dc3-b490-31f70dfa2fc7
203917,21,22.9,119,29,"2021-09-10 13:09:43",A303,6f6db310-75e6-4dc3-b490-31f70dfa2fc7
203921,23,23.1,89,100,"2021-09-10 13:13:12",A302,6f6db310-75e6-4dc3-b490-31f70dfa2fc7
203937,24,23,97,93,"2021-09-10 13:28:58",A301,6f6db310-75e6-4dc3-b490-31f70dfa2fc7
203949,21,23,119,50,"2021-09-10 13:40:14",A303,6f6db310-75e6-4dc3-b490-31f70dfa2fc7
203953,23,23.2,89,93,"2021-09-10 13:43:40",A302,6f6db310-75e6-4dc3-b490-31f70dfa2fc7
203967,24,23,96,93,"2021-09-10 13:59:27",A301,6f6db310-75e6-4dc3-b490-31f70dfa2fc7
203979,21,23.1,119,43,"2021-09-10 14:10:44",A303,6f6db310-75e6-4dc3-b490-31f70dfa2fc7
203983,23,23.4,89,93,"2021-09-10 14:14:08",A302,6f6db310-75e6-4dc3-b490-31f70dfa2fc7
203997,24,23.1,96,93,"2021-09-10 14:29:56",A301,6f6db310-75e6-4dc3-b490-31f70dfa2fc7
204009,21,23.2,119,50,"2021-09-10 14:41:14",A303,6f6db310-75e6-4dc3-b490-31f70dfa2fc7
204013,23,23.5,89,93,"2021-09-10 14:44:37",A302,6f6db310-75e6-4dc3-b490-31f70dfa2fc7
204026,24,23.1,97,86,"2021-09-10 15:00:23",A301,6f6db310-75e6-4dc3-b490-31f70dfa2fc7
204038,21,23.2,119,29,"2021-09-10 15:11:44",A303,6f6db310-75e6-4dc3-b490-31f70dfa2fc7
204043,23,23.7,89,93,"2021-09-10 15:15:03",A302,6f6db310-75e6-4dc3-b490-31f70dfa2fc7
204058,24,23.2,96,86,"2021-09-10 15:30:47",A301,6f6db310-75e6-4dc3-b490-31f70dfa2fc7
204070,21,23.2,118,22,"2021-09-10 15:42:12",A303,6f6db310-75e6-4dc3-b490-31f70dfa2fc7
204075,23,23.7,89,93,"2021-09-10 15:45:28",A302,6f6db310-75e6-4dc3-b490-31f70dfa2fc7
204088,24,23.2,96,86,"2021-09-10 16:01:11",A301,6f6db310-75e6-4dc3-b490-31f70dfa2fc7
204099,21,23.2,119,8,"2021-09-10 16:12:38",A303,6f6db310-75e6-4dc3-b490-31f70dfa2fc7
204104,23,23.7,89,86,"2021-09-10 16:15:50",A302,6f6db310-75e6-4dc3-b490-31f70dfa2fc7
204118,24,23.2,97,86,"2021-09-10 16:31:35",A301,6f6db310-75e6-4dc3-b490-31f70dfa2fc7
204131,21,23.1,119,8,"2021-09-10 16:43:04",A303,6f6db310-75e6-4dc3-b490-31f70dfa2fc7
204135,23,23.7,89,86,"2021-09-10 16:46:15",A302,6f6db310-75e6-4dc3-b490-31f70dfa2fc7
204150,24,23.2,97,86,"2021-09-10 17:01:58",A301,6f6db310-75e6-4dc3-b490-31f70dfa2fc7
204160,21,23,119,8,"2021-09-10 17:13:54",A303,6f6db310-75e6-4dc3-b490-31f70dfa2fc7
204161,23,23.6,89,86,"2021-09-10 17:16:33",A302,6f6db310-75e6-4dc3-b490-31f70dfa2fc7
204177,21,22.8,119,8,"2021-09-10 17:43:54",A303,6f6db310-75e6-4dc3-b490-31f70dfa2fc7
204190,21,22.7,119,8,"2021-09-10 18:14:18",A303,6f6db310-75e6-4dc3-b490-31f70dfa2fc7
204192,23,23.3,90,86,"2021-09-10 18:17:18",A302,6f6db310-75e6-4dc3-b490-31f70dfa2fc7
204201,21,22.5,119,0,"2021-09-10 18:44:43",A303,6f6db310-75e6-4dc3-b490-31f70dfa2fc7
204205,23,23.2,90,86,"2021-09-10 18:47:34",A302,6f6db310-75e6-4dc3-b490-31f70dfa2fc7
204216,24,23.1,97,86,"2021-09-10 19:07:14",A301,6f6db310-75e6-4dc3-b490-31f70dfa2fc7
204220,21,22.4,119,0,"2021-09-10 19:15:07",A303,6f6db310-75e6-4dc3-b490-31f70dfa2fc7
204239,24,23,97,86,"2021-09-10 19:37:37",A301,6f6db310-75e6-4dc3-b490-31f70dfa2fc7
204245,21,22.3,119,0,"2021-09-10 19:45:31",A303,6f6db310-75e6-4dc3-b490-31f70dfa2fc7
204249,23,22.9,90,86,"2021-09-10 19:48:13",A302,6f6db310-75e6-4dc3-b490-31f70dfa2fc7
204266,24,22.9,97,86,"2021-09-10 20:08:01",A301,6f6db310-75e6-4dc3-b490-31f70dfa2fc7
204274,21,22.1,120,0,"2021-09-10 20:15:55",A303,6f6db310-75e6-4dc3-b490-31f70dfa2fc7
204278,23,22.7,90,86,"2021-09-10 20:18:29",A302,6f6db310-75e6-4dc3-b490-31f70dfa2fc7
204299,24,22.8,97,86,"2021-09-10 20:38:24",A301,6f6db310-75e6-4dc3-b490-31f70dfa2fc7
204306,21,22,119,0,"2021-09-10 20:46:18",A303,6f6db310-75e6-4dc3-b490-31f70dfa2fc7
204311,23,22.6,90,86,"2021-09-10 20:48:48",A302,6f6db310-75e6-4dc3-b490-31f70dfa2fc7
204330,24,22.8,96,86,"2021-09-10 21:08:46",A301,6f6db310-75e6-4dc3-b490-31f70dfa2fc7
204337,21,21.9,119,0,"2021-09-10 21:16:41",A303,6f6db310-75e6-4dc3-b490-31f70dfa2fc7
204342,23,22.42,90,86,"2021-09-10 21:19:08",A302,6f6db310-75e6-4dc3-b490-31f70dfa2fc7
204358,24,22.7,97,86,"2021-09-10 21:39:08",A301,6f6db310-75e6-4dc3-b490-31f70dfa2fc7
204364,21,21.7,119,0,"2021-09-10 21:47:04",A303,6f6db310-75e6-4dc3-b490-31f70dfa2fc7
204369,23,22.3,91,86,"2021-09-10 21:49:24",A302,6f6db310-75e6-4dc3-b490-31f70dfa2fc7
204387,24,22.6,96,86,"2021-09-10 22:09:31",A301,6f6db310-75e6-4dc3-b490-31f70dfa2fc7
204395,21,21.6,118,0,"2021-09-10 22:17:25",A303,6f6db310-75e6-4dc3-b490-31f70dfa2fc7
204399,23,22.2,90,86,"2021-09-10 22:19:39",A302,6f6db310-75e6-4dc3-b490-31f70dfa2fc7
204417,24,22.5,96,86,"2021-09-10 22:39:54",A301,6f6db310-75e6-4dc3-b490-31f70dfa2fc7
204426,21,21.4,119,0,"2021-09-10 22:47:48",A303,6f6db310-75e6-4dc3-b490-31f70dfa2fc7
204430,23,22,90,86,"2021-09-10 22:49:57",A302,6f6db310-75e6-4dc3-b490-31f70dfa2fc7
204447,24,22.4,96,86,"2021-09-10 23:10:15",A301,6f6db310-75e6-4dc3-b490-31f70dfa2fc7
204456,21,21.3,119,0,"2021-09-10 23:18:11",A303,6f6db310-75e6-4dc3-b490-31f70dfa2fc7
204460,23,21.9,90,86,"2021-09-10 23:20:14",A302,6f6db310-75e6-4dc3-b490-31f70dfa2fc7
204478,24,22.3,96,86,"2021-09-10 23:40:38",A301,6f6db310-75e6-4dc3-b490-31f70dfa2fc7
204488,21,21.1,120,0,"2021-09-10 23:48:34",A303,6f6db310-75e6-4dc3-b490-31f70dfa2fc7
204491,23,21.8,90,86,"2021-09-10 23:50:31",A302,6f6db310-75e6-4dc3-b490-31f70dfa2fc7
204509,24,22.3,96,86,"2021-09-11 00:10:59",A301,6f6db310-75e6-4dc3-b490-31f70dfa2fc7
204519,21,21,120,0,"2021-09-11 00:18:57",A303,6f6db310-75e6-4dc3-b490-31f70dfa2fc7
204522,23,21.6,90,86,"2021-09-11 00:20:50",A302,6f6db310-75e6-4dc3-b490-31f70dfa2fc7
204540,24,22.2,96,86,"2021-09-11 00:41:22",A301,6f6db310-75e6-4dc3-b490-31f70dfa2fc7
204550,21,20.9,120,0,"2021-09-11 00:49:20",A303,6f6db310-75e6-4dc3-b490-31f70dfa2fc7
204553,23,21.5,91,86,"2021-09-11 00:51:06",A302,6f6db310-75e6-4dc3-b490-31f70dfa2fc7
204572,24,22.1,96,86,"2021-09-11 01:11:45",A301,6f6db310-75e6-4dc3-b490-31f70dfa2fc7
204582,21,20.8,119,0,"2021-09-11 01:19:42",A303,6f6db310-75e6-4dc3-b490-31f70dfa2fc7
204585,23,21.4,90,86,"2021-09-11 01:21:23",A302,6f6db310-75e6-4dc3-b490-31f70dfa2fc7
204604,24,22,96,86,"2021-09-11 01:42:08",A301,6f6db310-75e6-4dc3-b490-31f70dfa2fc7
204614,21,20.8,120,0,"2021-09-11 01:50:04",A303,6f6db310-75e6-4dc3-b490-31f70dfa2fc7
204617,23,21.4,90,86,"2021-09-11 01:51:41",A302,6f6db310-75e6-4dc3-b490-31f70dfa2fc7
204636,24,21.9,96,86,"2021-09-11 02:12:30",A301,6f6db310-75e6-4dc3-b490-31f70dfa2fc7
204646,21,20.7,119,0,"2021-09-11 02:20:27",A303,6f6db310-75e6-4dc3-b490-31f70dfa2fc7
204648,23,21.3,90,86,"2021-09-11 02:22:01",A302,6f6db310-75e6-4dc3-b490-31f70dfa2fc7
204668,24,21.9,96,86,"2021-09-11 02:42:52",A301,6f6db310-75e6-4dc3-b490-31f70dfa2fc7
204678,21,20.6,120,0,"2021-09-11 02:50:50",A303,6f6db310-75e6-4dc3-b490-31f70dfa2fc7
204680,23,21.2,90,86,"2021-09-11 02:52:14",A302,6f6db310-75e6-4dc3-b490-31f70dfa2fc7
204697,24,21.8,95,86,"2021-09-11 03:13:14",A301,6f6db310-75e6-4dc3-b490-31f70dfa2fc7
204707,21,20.5,119,0,"2021-09-11 03:21:12",A303,6f6db310-75e6-4dc3-b490-31f70dfa2fc7
204709,23,21.1,90,86,"2021-09-11 03:22:32",A302,6f6db310-75e6-4dc3-b490-31f70dfa2fc7
204737,21,20.5,119,0,"2021-09-11 03:51:35",A303,6f6db310-75e6-4dc3-b490-31f70dfa2fc7
204739,23,21,90,86,"2021-09-11 03:52:47",A302,6f6db310-75e6-4dc3-b490-31f70dfa2fc7
204758,24,21.7,95,86,"2021-09-11 04:14:00",A301,6f6db310-75e6-4dc3-b490-31f70dfa2fc7
204767,21,20.4,119,0,"2021-09-11 04:21:57",A303,6f6db310-75e6-4dc3-b490-31f70dfa2fc7
204769,23,21,90,86,"2021-09-11 04:23:07",A302,6f6db310-75e6-4dc3-b490-31f70dfa2fc7
204796,21,20.3,119,0,"2021-09-11 04:52:21",A303,6f6db310-75e6-4dc3-b490-31f70dfa2fc7
204798,23,20.9,90,86,"2021-09-11 04:53:23",A302,6f6db310-75e6-4dc3-b490-31f70dfa2fc7
204817,24,21.6,95,93,"2021-09-11 05:14:45",A301,6f6db310-75e6-4dc3-b490-31f70dfa2fc7
204826,21,20.3,119,0,"2021-09-11 05:22:46",A303,6f6db310-75e6-4dc3-b490-31f70dfa2fc7
204828,23,20.9,90,93,"2021-09-11 05:23:44",A302,6f6db310-75e6-4dc3-b490-31f70dfa2fc7
204848,24,21.5,95,93,"2021-09-11 05:45:10",A301,6f6db310-75e6-4dc3-b490-31f70dfa2fc7
204856,21,20.3,119,8,"2021-09-11 05:53:11",A303,6f6db310-75e6-4dc3-b490-31f70dfa2fc7
204858,23,20.8,90,93,"2021-09-11 05:54:06",A302,6f6db310-75e6-4dc3-b490-31f70dfa2fc7
204876,24,21.5,95,93,"2021-09-11 06:15:38",A301,6f6db310-75e6-4dc3-b490-31f70dfa2fc7
204884,21,20.5,119,15,"2021-09-11 06:23:38",A303,6f6db310-75e6-4dc3-b490-31f70dfa2fc7
204886,23,20.8,90,93,"2021-09-11 06:24:29",A302,6f6db310-75e6-4dc3-b490-31f70dfa2fc7
204905,24,21.5,94,93,"2021-09-11 06:46:04",A301,6f6db310-75e6-4dc3-b490-31f70dfa2fc7
204914,21,20.8,119,43,"2021-09-11 06:54:10",A303,6f6db310-75e6-4dc3-b490-31f70dfa2fc7
204916,23,20.9,89,93,"2021-09-11 06:54:55",A302,6f6db310-75e6-4dc3-b490-31f70dfa2fc7
204932,24,21.5,93,93,"2021-09-11 07:16:32",A301,6f6db310-75e6-4dc3-b490-31f70dfa2fc7
204940,21,21.1,119,50,"2021-09-11 07:24:35",A303,6f6db310-75e6-4dc3-b490-31f70dfa2fc7
204942,23,21.1,89,93,"2021-09-11 07:25:20",A302,6f6db310-75e6-4dc3-b490-31f70dfa2fc7
204960,24,21.6,93,100,"2021-09-11 07:47:01",A301,6f6db310-75e6-4dc3-b490-31f70dfa2fc7
204969,21,21.4,119,65,"2021-09-11 07:55:04",A303,6f6db310-75e6-4dc3-b490-31f70dfa2fc7
204970,23,21.3,89,100,"2021-09-11 07:55:45",A302,6f6db310-75e6-4dc3-b490-31f70dfa2fc7
204996,21,21.8,117,65,"2021-09-11 08:25:33",A303,6f6db310-75e6-4dc3-b490-31f70dfa2fc7
204997,23,21.5,89,100,"2021-09-11 08:26:11",A302,6f6db310-75e6-4dc3-b490-31f70dfa2fc7
205016,24,21.9,92,100,"2021-09-11 08:47:58",A301,6f6db310-75e6-4dc3-b490-31f70dfa2fc7
205024,21,22.2,118,72,"2021-09-11 08:56:02",A303,6f6db310-75e6-4dc3-b490-31f70dfa2fc7
205025,23,21.9,89,100,"2021-09-11 08:56:38",A302,6f6db310-75e6-4dc3-b490-31f70dfa2fc7
205045,24,22.1,92,100,"2021-09-11 09:18:30",A301,6f6db310-75e6-4dc3-b490-31f70dfa2fc7
205053,21,22.5,118,79,"2021-09-11 09:26:33",A303,6f6db310-75e6-4dc3-b490-31f70dfa2fc7
205055,23,22.2,89,100,"2021-09-11 09:27:06",A302,6f6db310-75e6-4dc3-b490-31f70dfa2fc7
205074,24,22.3,92,100,"2021-09-11 09:48:57",A301,6f6db310-75e6-4dc3-b490-31f70dfa2fc7
205081,21,23,118,79,"2021-09-11 09:57:02",A303,6f6db310-75e6-4dc3-b490-31f70dfa2fc7
205083,23,22.7,89,100,"2021-09-11 09:57:33",A302,6f6db310-75e6-4dc3-b490-31f70dfa2fc7
205102,24,22.5,92,93,"2021-09-11 10:19:26",A301,6f6db310-75e6-4dc3-b490-31f70dfa2fc7
205110,21,23.4,118,79,"2021-09-11 10:27:33",A303,6f6db310-75e6-4dc3-b490-31f70dfa2fc7
205111,23,23.2,88,93,"2021-09-11 10:28:02",A302,6f6db310-75e6-4dc3-b490-31f70dfa2fc7
205129,24,22.8,91,93,"2021-09-11 10:49:57",A301,6f6db310-75e6-4dc3-b490-31f70dfa2fc7
205138,23,23.6,89,93,"2021-09-11 10:58:30",A302,6f6db310-75e6-4dc3-b490-31f70dfa2fc7
205155,24,23.1,92,93,"2021-09-11 11:20:25",A301,6f6db310-75e6-4dc3-b490-31f70dfa2fc7
205163,23,24,88,93,"2021-09-11 11:28:56",A302,6f6db310-75e6-4dc3-b490-31f70dfa2fc7
205181,24,23.3,92,93,"2021-09-11 11:50:53",A301,6f6db310-75e6-4dc3-b490-31f70dfa2fc7
205188,21,24.1,117,86,"2021-09-11 11:59:00",A303,6f6db310-75e6-4dc3-b490-31f70dfa2fc7
205189,23,24.2,88,93,"2021-09-11 11:59:26",A302,6f6db310-75e6-4dc3-b490-31f70dfa2fc7
205207,24,23.56,92,100,"2021-09-11 12:21:23",A301,6f6db310-75e6-4dc3-b490-31f70dfa2fc7
205216,21,24.1,117,86,"2021-09-11 12:29:30",A303,6f6db310-75e6-4dc3-b490-31f70dfa2fc7
205217,23,24.3,89,100,"2021-09-11 12:29:48",A302,6f6db310-75e6-4dc3-b490-31f70dfa2fc7
205235,24,23.7,91,100,"2021-09-11 12:51:54",A301,6f6db310-75e6-4dc3-b490-31f70dfa2fc7
205242,21,24.2,118,86,"2021-09-11 13:00:00",A303,6f6db310-75e6-4dc3-b490-31f70dfa2fc7
205243,23,24.4,89,93,"2021-09-11 13:00:16",A302,6f6db310-75e6-4dc3-b490-31f70dfa2fc7
205261,24,23.8,92,100,"2021-09-11 13:22:23",A301,6f6db310-75e6-4dc3-b490-31f70dfa2fc7
205270,21,24.3,118,86,"2021-09-11 13:30:31",A303,6f6db310-75e6-4dc3-b490-31f70dfa2fc7
205271,23,24.5,90,100,"2021-09-11 13:30:47",A302,6f6db310-75e6-4dc3-b490-31f70dfa2fc7
205298,21,24.3,118,93,"2021-09-11 14:01:02",A303,6f6db310-75e6-4dc3-b490-31f70dfa2fc7
205299,23,24.6,90,100,"2021-09-11 14:01:13",A302,6f6db310-75e6-4dc3-b490-31f70dfa2fc7
205318,24,24,91,93,"2021-09-11 14:23:27",A301,6f6db310-75e6-4dc3-b490-31f70dfa2fc7
205327,21,24.4,118,93,"2021-09-11 14:31:33",A303,6f6db310-75e6-4dc3-b490-31f70dfa2fc7
205328,23,24.7,90,93,"2021-09-11 14:31:42",A302,6f6db310-75e6-4dc3-b490-31f70dfa2fc7
205345,24,24.1,91,86,"2021-09-11 14:53:55",A301,6f6db310-75e6-4dc3-b490-31f70dfa2fc7
205355,21,24.4,117,93,"2021-09-11 15:02:04",A303,6f6db310-75e6-4dc3-b490-31f70dfa2fc7
205356,23,24.8,90,93,"2021-09-11 15:02:10",A302,6f6db310-75e6-4dc3-b490-31f70dfa2fc7
205373,24,24.1,91,86,"2021-09-11 15:24:24",A301,6f6db310-75e6-4dc3-b490-31f70dfa2fc7
205382,21,24.4,118,93,"2021-09-11 15:32:33",A303,6f6db310-75e6-4dc3-b490-31f70dfa2fc7
205383,23,24.9,90,93,"2021-09-11 15:32:37",A302,6f6db310-75e6-4dc3-b490-31f70dfa2fc7
205399,24,24.1,92,86,"2021-09-11 15:54:54",A301,6f6db310-75e6-4dc3-b490-31f70dfa2fc7
205409,21,24.3,118,65,"2021-09-11 16:03:01",A303,6f6db310-75e6-4dc3-b490-31f70dfa2fc7
205410,23,24.9,91,86,"2021-09-11 16:03:02",A302,6f6db310-75e6-4dc3-b490-31f70dfa2fc7
205425,24,24.2,92,86,"2021-09-11 16:25:19",A301,6f6db310-75e6-4dc3-b490-31f70dfa2fc7
205434,23,24.9,91,86,"2021-09-11 16:33:26",A302,6f6db310-75e6-4dc3-b490-31f70dfa2fc7
205435,21,24.2,118,36,"2021-09-11 16:33:27",A303,6f6db310-75e6-4dc3-b490-31f70dfa2fc7
205451,24,24.2,92,86,"2021-09-11 16:55:45",A301,6f6db310-75e6-4dc3-b490-31f70dfa2fc7
205461,23,24.7,91,86,"2021-09-11 17:03:46",A302,6f6db310-75e6-4dc3-b490-31f70dfa2fc7
205463,21,24.1,117,29,"2021-09-11 17:03:53",A303,6f6db310-75e6-4dc3-b490-31f70dfa2fc7
205473,24,24.1,92,86,"2021-09-11 17:26:09",A301,6f6db310-75e6-4dc3-b490-31f70dfa2fc7
205480,23,24.6,91,86,"2021-09-11 17:34:05",A302,6f6db310-75e6-4dc3-b490-31f70dfa2fc7
205481,21,23.9,118,29,"2021-09-11 17:34:22",A303,6f6db310-75e6-4dc3-b490-31f70dfa2fc7
205491,24,24.1,92,86,"2021-09-11 17:56:34",A301,6f6db310-75e6-4dc3-b490-31f70dfa2fc7
205498,21,23.7,118,15,"2021-09-11 18:04:43",A303,6f6db310-75e6-4dc3-b490-31f70dfa2fc7
205510,21,23.5,117,15,"2021-09-11 18:35:08",A303,6f6db310-75e6-4dc3-b490-31f70dfa2fc7
205520,24,23.9,92,86,"2021-09-11 18:57:21",A301,6f6db310-75e6-4dc3-b490-31f70dfa2fc7
205528,21,23.3,118,15,"2021-09-11 19:05:33",A303,6f6db310-75e6-4dc3-b490-31f70dfa2fc7
205540,24,23.9,92,86,"2021-09-11 19:27:48",A301,6f6db310-75e6-4dc3-b490-31f70dfa2fc7
205549,23,23.8,92,86,"2021-09-11 19:35:23",A302,6f6db310-75e6-4dc3-b490-31f70dfa2fc7
205551,21,23.1,119,15,"2021-09-11 19:35:56",A303,6f6db310-75e6-4dc3-b490-31f70dfa2fc7
205568,24,23.8,92,86,"2021-09-11 19:58:11",A301,6f6db310-75e6-4dc3-b490-31f70dfa2fc7
205578,23,23.6,91,86,"2021-09-11 20:05:42",A302,6f6db310-75e6-4dc3-b490-31f70dfa2fc7
205580,21,22.9,119,15,"2021-09-11 20:06:21",A303,6f6db310-75e6-4dc3-b490-31f70dfa2fc7
205595,24,23.7,92,86,"2021-09-11 20:28:32",A301,6f6db310-75e6-4dc3-b490-31f70dfa2fc7
205605,23,23.4,92,86,"2021-09-11 20:36:01",A302,6f6db310-75e6-4dc3-b490-31f70dfa2fc7
205607,21,22.8,119,8,"2021-09-11 20:36:45",A303,6f6db310-75e6-4dc3-b490-31f70dfa2fc7
205623,24,23.6,92,86,"2021-09-11 20:58:58",A301,6f6db310-75e6-4dc3-b490-31f70dfa2fc7
205632,23,23.2,92,86,"2021-09-11 21:06:20",A302,6f6db310-75e6-4dc3-b490-31f70dfa2fc7
205634,21,22.6,119,8,"2021-09-11 21:07:10",A303,6f6db310-75e6-4dc3-b490-31f70dfa2fc7
205649,24,23.4,92,86,"2021-09-11 21:29:20",A301,6f6db310-75e6-4dc3-b490-31f70dfa2fc7
205658,23,23.1,92,86,"2021-09-11 21:36:41",A302,6f6db310-75e6-4dc3-b490-31f70dfa2fc7
205660,21,22.5,119,0,"2021-09-11 21:37:34",A303,6f6db310-75e6-4dc3-b490-31f70dfa2fc7
205676,24,23.4,92,86,"2021-09-11 21:59:44",A301,6f6db310-75e6-4dc3-b490-31f70dfa2fc7
205684,23,23,92,86,"2021-09-11 22:06:59",A302,6f6db310-75e6-4dc3-b490-31f70dfa2fc7
205686,21,22.4,118,0,"2021-09-11 22:07:58",A303,6f6db310-75e6-4dc3-b490-31f70dfa2fc7
205702,24,23.3,91,86,"2021-09-11 22:30:07",A301,6f6db310-75e6-4dc3-b490-31f70dfa2fc7
205710,23,22.9,92,86,"2021-09-11 22:37:17",A302,6f6db310-75e6-4dc3-b490-31f70dfa2fc7
205712,21,22.3,118,0,"2021-09-11 22:38:21",A303,6f6db310-75e6-4dc3-b490-31f70dfa2fc7
205727,24,23.2,92,86,"2021-09-11 23:00:31",A301,6f6db310-75e6-4dc3-b490-31f70dfa2fc7
205735,23,22.74,91,86,"2021-09-11 23:07:35",A302,6f6db310-75e6-4dc3-b490-31f70dfa2fc7
205737,21,22.2,119,0,"2021-09-11 23:08:45",A303,6f6db310-75e6-4dc3-b490-31f70dfa2fc7
205754,24,23.1,92,86,"2021-09-11 23:30:54",A301,6f6db310-75e6-4dc3-b490-31f70dfa2fc7
205763,23,22.6,91,86,"2021-09-11 23:37:53",A302,6f6db310-75e6-4dc3-b490-31f70dfa2fc7
205765,21,22.1,119,0,"2021-09-11 23:39:08",A303,6f6db310-75e6-4dc3-b490-31f70dfa2fc7
205779,24,23,92,86,"2021-09-12 00:01:19",A301,6f6db310-75e6-4dc3-b490-31f70dfa2fc7
205788,23,22.5,92,86,"2021-09-12 00:08:13",A302,6f6db310-75e6-4dc3-b490-31f70dfa2fc7
205790,21,22,119,0,"2021-09-12 00:09:32",A303,6f6db310-75e6-4dc3-b490-31f70dfa2fc7
205806,24,23,91,86,"2021-09-12 00:31:42",A301,6f6db310-75e6-4dc3-b490-31f70dfa2fc7
205814,23,22.4,91,86,"2021-09-12 00:38:31",A302,6f6db310-75e6-4dc3-b490-31f70dfa2fc7
205816,21,21.9,117,0,"2021-09-12 00:39:55",A303,6f6db310-75e6-4dc3-b490-31f70dfa2fc7
205832,24,22.9,91,86,"2021-09-12 01:02:04",A301,6f6db310-75e6-4dc3-b490-31f70dfa2fc7
205841,23,22.4,92,86,"2021-09-12 01:08:50",A302,6f6db310-75e6-4dc3-b490-31f70dfa2fc7
205843,21,21.9,118,0,"2021-09-12 01:10:19",A303,6f6db310-75e6-4dc3-b490-31f70dfa2fc7
205858,24,22.8,91,86,"2021-09-12 01:32:28",A301,6f6db310-75e6-4dc3-b490-31f70dfa2fc7
205866,23,22.3,92,86,"2021-09-12 01:39:09",A302,6f6db310-75e6-4dc3-b490-31f70dfa2fc7
205868,21,21.8,118,0,"2021-09-12 01:40:43",A303,6f6db310-75e6-4dc3-b490-31f70dfa2fc7
205884,24,22.8,91,86,"2021-09-12 02:02:51",A301,6f6db310-75e6-4dc3-b490-31f70dfa2fc7
205893,23,22.2,92,86,"2021-09-12 02:09:26",A302,6f6db310-75e6-4dc3-b490-31f70dfa2fc7
205895,21,21.7,118,0,"2021-09-12 02:11:06",A303,6f6db310-75e6-4dc3-b490-31f70dfa2fc7
205911,24,22.7,91,86,"2021-09-12 02:33:13",A301,6f6db310-75e6-4dc3-b490-31f70dfa2fc7
205933,24,22.6,91,86,"2021-09-12 03:03:36",A301,6f6db310-75e6-4dc3-b490-31f70dfa2fc7
205942,23,22,92,86,"2021-09-12 03:10:02",A302,6f6db310-75e6-4dc3-b490-31f70dfa2fc7
205945,21,21.5,118,0,"2021-09-12 03:13:06",A303,6f6db310-75e6-4dc3-b490-31f70dfa2fc7
205960,24,22.6,91,86,"2021-09-12 03:34:00",A301,6f6db310-75e6-4dc3-b490-31f70dfa2fc7
205968,23,22,92,86,"2021-09-12 03:40:21",A302,6f6db310-75e6-4dc3-b490-31f70dfa2fc7
205971,21,21.4,119,0,"2021-09-12 03:43:30",A303,6f6db310-75e6-4dc3-b490-31f70dfa2fc7
205986,24,22.5,91,86,"2021-09-12 04:04:23",A301,6f6db310-75e6-4dc3-b490-31f70dfa2fc7
205996,23,21.9,92,86,"2021-09-12 04:10:38",A302,6f6db310-75e6-4dc3-b490-31f70dfa2fc7
205998,21,21.4,119,0,"2021-09-12 04:13:54",A303,6f6db310-75e6-4dc3-b490-31f70dfa2fc7
206014,24,22.42,91,86,"2021-09-12 04:34:45",A301,6f6db310-75e6-4dc3-b490-31f70dfa2fc7
206024,23,21.8,92,86,"2021-09-12 04:40:56",A302,6f6db310-75e6-4dc3-b490-31f70dfa2fc7
206025,21,21.3,119,0,"2021-09-12 04:44:18",A303,6f6db310-75e6-4dc3-b490-31f70dfa2fc7
206039,24,22.4,91,86,"2021-09-12 05:05:10",A301,6f6db310-75e6-4dc3-b490-31f70dfa2fc7
206049,23,21.7,92,86,"2021-09-12 05:11:14",A302,6f6db310-75e6-4dc3-b490-31f70dfa2fc7
206051,21,21.2,119,0,"2021-09-12 05:14:42",A303,6f6db310-75e6-4dc3-b490-31f70dfa2fc7
206066,24,22.3,91,86,"2021-09-12 05:35:32",A301,6f6db310-75e6-4dc3-b490-31f70dfa2fc7
206076,23,21.7,92,86,"2021-09-12 05:41:33",A302,6f6db310-75e6-4dc3-b490-31f70dfa2fc7
206078,21,21.2,119,0,"2021-09-12 05:45:07",A303,6f6db310-75e6-4dc3-b490-31f70dfa2fc7
206093,24,22.3,91,86,"2021-09-12 06:05:57",A301,6f6db310-75e6-4dc3-b490-31f70dfa2fc7
206103,23,21.6,92,93,"2021-09-12 06:11:53",A302,6f6db310-75e6-4dc3-b490-31f70dfa2fc7
206105,21,21.2,118,8,"2021-09-12 06:15:32",A303,6f6db310-75e6-4dc3-b490-31f70dfa2fc7
206119,24,22.2,90,93,"2021-09-12 06:36:22",A301,6f6db310-75e6-4dc3-b490-31f70dfa2fc7
206129,23,21.6,92,93,"2021-09-12 06:42:17",A302,6f6db310-75e6-4dc3-b490-31f70dfa2fc7
206132,21,21.2,119,29,"2021-09-12 06:46:00",A303,6f6db310-75e6-4dc3-b490-31f70dfa2fc7
206144,24,22.2,90,93,"2021-09-12 07:06:51",A301,6f6db310-75e6-4dc3-b490-31f70dfa2fc7
206154,23,21.7,92,93,"2021-09-12 07:12:44",A302,6f6db310-75e6-4dc3-b490-31f70dfa2fc7
206157,21,21.42,119,58,"2021-09-12 07:16:31",A303,6f6db310-75e6-4dc3-b490-31f70dfa2fc7
206170,24,22.2,89,93,"2021-09-12 07:37:21",A301,6f6db310-75e6-4dc3-b490-31f70dfa2fc7
206178,23,21.8,91,100,"2021-09-12 07:43:11",A302,6f6db310-75e6-4dc3-b490-31f70dfa2fc7
206182,21,21.8,118,72,"2021-09-12 07:47:01",A303,6f6db310-75e6-4dc3-b490-31f70dfa2fc7
206195,24,22.2,89,100,"2021-09-12 08:07:50",A301,6f6db310-75e6-4dc3-b490-31f70dfa2fc7
206204,23,22.1,91,100,"2021-09-12 08:13:39",A302,6f6db310-75e6-4dc3-b490-31f70dfa2fc7
206208,21,22.3,116,79,"2021-09-12 08:17:32",A303,6f6db310-75e6-4dc3-b490-31f70dfa2fc7
206222,24,22.4,89,100,"2021-09-12 08:38:20",A301,6f6db310-75e6-4dc3-b490-31f70dfa2fc7
206230,23,22.4,91,100,"2021-09-12 08:44:09",A302,6f6db310-75e6-4dc3-b490-31f70dfa2fc7
206234,20,22.8,118,79,"2021-09-12 08:48:05",A303,6f6db310-75e6-4dc3-b490-31f70dfa2fc7
206248,24,22.54,88,100,"2021-09-12 09:08:51",A301,6f6db310-75e6-4dc3-b490-31f70dfa2fc7
206255,23,22.9,91,100,"2021-09-12 09:14:38",A302,6f6db310-75e6-4dc3-b490-31f70dfa2fc7
206259,20,23.3,118,86,"2021-09-12 09:18:35",A303,6f6db310-75e6-4dc3-b490-31f70dfa2fc7
206273,24,22.8,87,100,"2021-09-12 09:39:25",A301,6f6db310-75e6-4dc3-b490-31f70dfa2fc7
206281,23,23.4,90,100,"2021-09-12 09:45:07",A302,6f6db310-75e6-4dc3-b490-31f70dfa2fc7
206285,20,23.8,117,86,"2021-09-12 09:49:19",A303,6f6db310-75e6-4dc3-b490-31f70dfa2fc7
206297,24,23.1,87,100,"2021-09-12 10:09:53",A301,6f6db310-75e6-4dc3-b490-31f70dfa2fc7
206306,23,23.9,90,100,"2021-09-12 10:15:37",A302,6f6db310-75e6-4dc3-b490-31f70dfa2fc7
206309,20,24.3,117,93,"2021-09-12 10:19:39",A303,6f6db310-75e6-4dc3-b490-31f70dfa2fc7
206322,24,23.4,86,100,"2021-09-12 10:40:26",A301,6f6db310-75e6-4dc3-b490-31f70dfa2fc7
206331,23,24.5,91,100,"2021-09-12 10:46:08",A302,6f6db310-75e6-4dc3-b490-31f70dfa2fc7
206334,20,24.9,117,93,"2021-09-12 10:50:12",A303,6f6db310-75e6-4dc3-b490-31f70dfa2fc7
206347,24,23.7,86,100,"2021-09-12 11:10:59",A301,6f6db310-75e6-4dc3-b490-31f70dfa2fc7
206356,23,25,91,100,"2021-09-12 11:16:39",A302,6f6db310-75e6-4dc3-b490-31f70dfa2fc7
206359,20,25.4,117,93,"2021-09-12 11:20:56",A303,6f6db310-75e6-4dc3-b490-31f70dfa2fc7
206373,23,24,86,100,"2021-09-12 11:41:30",A301,6f6db310-75e6-4dc3-b490-31f70dfa2fc7
206381,23,25.5,91,100,"2021-09-12 11:47:10",A302,6f6db310-75e6-4dc3-b490-31f70dfa2fc7
206397,23,24.3,85,100,"2021-09-12 12:12:03",A301,6f6db310-75e6-4dc3-b490-31f70dfa2fc7
206406,23,26.1,91,100,"2021-09-12 12:17:44",A302,6f6db310-75e6-4dc3-b490-31f70dfa2fc7
206409,20,26.1,116,93,"2021-09-12 12:21:53",A303,6f6db310-75e6-4dc3-b490-31f70dfa2fc7
206431,23,26.5,91,100,"2021-09-12 12:48:15",A302,6f6db310-75e6-4dc3-b490-31f70dfa2fc7
206434,20,26.4,117,93,"2021-09-12 12:52:27",A303,6f6db310-75e6-4dc3-b490-31f70dfa2fc7
206446,23,24.8,85,100,"2021-09-12 13:13:08",A301,6f6db310-75e6-4dc3-b490-31f70dfa2fc7
206456,23,26.8,91,100,"2021-09-12 13:18:46",A302,6f6db310-75e6-4dc3-b490-31f70dfa2fc7
206459,20,26.6,117,93,"2021-09-12 13:23:01",A303,6f6db310-75e6-4dc3-b490-31f70dfa2fc7
206473,23,25,85,100,"2021-09-12 13:43:42",A301,6f6db310-75e6-4dc3-b490-31f70dfa2fc7
206482,23,27.1,92,93,"2021-09-12 13:49:19",A302,6f6db310-75e6-4dc3-b490-31f70dfa2fc7
206486,20,26.8,117,100,"2021-09-12 13:53:35",A303,6f6db310-75e6-4dc3-b490-31f70dfa2fc7
206501,23,25.2,85,93,"2021-09-12 14:14:11",A301,6f6db310-75e6-4dc3-b490-31f70dfa2fc7
206512,23,27.3,92,100,"2021-09-12 14:19:47",A302,6f6db310-75e6-4dc3-b490-31f70dfa2fc7
206516,20,26.8,117,100,"2021-09-12 14:24:08",A303,6f6db310-75e6-4dc3-b490-31f70dfa2fc7
206533,23,25.4,85,86,"2021-09-12 14:44:44",A301,6f6db310-75e6-4dc3-b490-31f70dfa2fc7
206544,23,27.4,93,93,"2021-09-12 14:50:18",A302,6f6db310-75e6-4dc3-b490-31f70dfa2fc7
206548,20,26.8,117,100,"2021-09-12 14:54:40",A303,6f6db310-75e6-4dc3-b490-31f70dfa2fc7
206563,23,25.5,85,86,"2021-09-12 15:15:14",A301,6f6db310-75e6-4dc3-b490-31f70dfa2fc7
206574,23,27.4,92,93,"2021-09-12 15:20:49",A302,6f6db310-75e6-4dc3-b490-31f70dfa2fc7
206578,20,26.8,117,93,"2021-09-12 15:25:11",A303,6f6db310-75e6-4dc3-b490-31f70dfa2fc7
206594,23,25.6,85,86,"2021-09-12 15:45:43",A301,6f6db310-75e6-4dc3-b490-31f70dfa2fc7
206603,23,27.4,94,86,"2021-09-12 15:51:11",A302,6f6db310-75e6-4dc3-b490-31f70dfa2fc7
206607,20,26.7,117,58,"2021-09-12 15:55:41",A303,6f6db310-75e6-4dc3-b490-31f70dfa2fc7
206626,23,25.6,85,86,"2021-09-12 16:16:13",A301,6f6db310-75e6-4dc3-b490-31f70dfa2fc7
206636,23,27.2,94,86,"2021-09-12 16:21:33",A302,6f6db310-75e6-4dc3-b490-31f70dfa2fc7
206640,20,26.5,117,29,"2021-09-12 16:26:10",A303,6f6db310-75e6-4dc3-b490-31f70dfa2fc7
206659,23,25.6,85,86,"2021-09-12 16:46:39",A301,6f6db310-75e6-4dc3-b490-31f70dfa2fc7
206667,23,27,95,86,"2021-09-12 16:51:47",A302,6f6db310-75e6-4dc3-b490-31f70dfa2fc7
206690,23,25.6,86,86,"2021-09-12 17:17:03",A301,6f6db310-75e6-4dc3-b490-31f70dfa2fc7
206697,23,26.8,94,86,"2021-09-12 17:21:59",A302,6f6db310-75e6-4dc3-b490-31f70dfa2fc7
206703,20,26.1,117,22,"2021-09-12 17:27:03",A303,6f6db310-75e6-4dc3-b490-31f70dfa2fc7
206718,23,25.5,86,86,"2021-09-12 17:47:30",A301,6f6db310-75e6-4dc3-b490-31f70dfa2fc7
206722,23,26.6,95,86,"2021-09-12 17:52:16",A302,6f6db310-75e6-4dc3-b490-31f70dfa2fc7
206740,23,26.3,95,86,"2021-09-12 18:22:30",A302,6f6db310-75e6-4dc3-b490-31f70dfa2fc7
206743,20,25.6,118,8,"2021-09-12 18:27:53",A303,6f6db310-75e6-4dc3-b490-31f70dfa2fc7
206761,23,26.1,95,86,"2021-09-12 18:52:45",A302,6f6db310-75e6-4dc3-b490-31f70dfa2fc7
206765,20,25.4,118,8,"2021-09-12 18:58:18",A303,6f6db310-75e6-4dc3-b490-31f70dfa2fc7
206786,20,25.2,117,8,"2021-09-12 19:28:43",A303,6f6db310-75e6-4dc3-b490-31f70dfa2fc7
206805,23,25.2,86,86,"2021-09-12 19:49:07",A301,6f6db310-75e6-4dc3-b490-31f70dfa2fc7
206811,23,25.6,95,86,"2021-09-12 19:53:13",A302,6f6db310-75e6-4dc3-b490-31f70dfa2fc7
206818,20,24.98,118,8,"2021-09-12 19:59:07",A303,6f6db310-75e6-4dc3-b490-31f70dfa2fc7
206837,23,25.1,86,86,"2021-09-12 20:19:30",A301,6f6db310-75e6-4dc3-b490-31f70dfa2fc7
206843,23,25.4,96,86,"2021-09-12 20:23:23",A302,6f6db310-75e6-4dc3-b490-31f70dfa2fc7
206850,20,24.7,117,0,"2021-09-12 20:29:32",A303,6f6db310-75e6-4dc3-b490-31f70dfa2fc7
206869,23,25,86,86,"2021-09-12 20:49:54",A301,6f6db310-75e6-4dc3-b490-31f70dfa2fc7
206875,23,25.1,96,86,"2021-09-12 20:53:34",A302,6f6db310-75e6-4dc3-b490-31f70dfa2fc7
206882,20,24.5,117,0,"2021-09-12 20:59:55",A303,6f6db310-75e6-4dc3-b490-31f70dfa2fc7
206902,23,24.9,86,86,"2021-09-12 21:20:16",A301,6f6db310-75e6-4dc3-b490-31f70dfa2fc7
206907,23,24.9,96,86,"2021-09-12 21:23:47",A302,6f6db310-75e6-4dc3-b490-31f70dfa2fc7
206913,20,24.3,117,0,"2021-09-12 21:30:20",A303,6f6db310-75e6-4dc3-b490-31f70dfa2fc7
206936,23,24.7,96,86,"2021-09-12 21:53:58",A302,6f6db310-75e6-4dc3-b490-31f70dfa2fc7
206937,23,24.7,86,86,"2021-09-12 21:54:24",A301,6f6db310-75e6-4dc3-b490-31f70dfa2fc7
206944,20,24.1,117,0,"2021-09-12 22:00:43",A303,6f6db310-75e6-4dc3-b490-31f70dfa2fc7
206969,23,24.5,96,86,"2021-09-12 22:24:11",A302,6f6db310-75e6-4dc3-b490-31f70dfa2fc7
206970,23,24.6,86,86,"2021-09-12 22:24:48",A301,6f6db310-75e6-4dc3-b490-31f70dfa2fc7
206977,20,23.9,118,0,"2021-09-12 22:31:06",A303,6f6db310-75e6-4dc3-b490-31f70dfa2fc7
206999,23,24.3,96,86,"2021-09-12 22:54:21",A302,6f6db310-75e6-4dc3-b490-31f70dfa2fc7
207000,23,24.5,86,86,"2021-09-12 22:55:11",A301,6f6db310-75e6-4dc3-b490-31f70dfa2fc7
207006,20,23.7,118,0,"2021-09-12 23:01:29",A303,6f6db310-75e6-4dc3-b490-31f70dfa2fc7
207031,23,24.1,96,86,"2021-09-12 23:24:32",A302,6f6db310-75e6-4dc3-b490-31f70dfa2fc7
207032,23,24.4,86,86,"2021-09-12 23:25:34",A301,6f6db310-75e6-4dc3-b490-31f70dfa2fc7
207038,20,23.5,118,0,"2021-09-12 23:31:51",A303,6f6db310-75e6-4dc3-b490-31f70dfa2fc7
207060,23,23.9,96,86,"2021-09-12 23:54:41",A302,6f6db310-75e6-4dc3-b490-31f70dfa2fc7
207061,23,24.2,86,86,"2021-09-12 23:55:56",A301,6f6db310-75e6-4dc3-b490-31f70dfa2fc7
207067,20,23.3,118,0,"2021-09-13 00:02:14",A303,6f6db310-75e6-4dc3-b490-31f70dfa2fc7
207091,23,23.7,95,86,"2021-09-13 00:24:50",A302,6f6db310-75e6-4dc3-b490-31f70dfa2fc7
207092,23,24.1,86,86,"2021-09-13 00:26:19",A301,6f6db310-75e6-4dc3-b490-31f70dfa2fc7
207098,20,23.1,117,0,"2021-09-13 00:32:37",A303,6f6db310-75e6-4dc3-b490-31f70dfa2fc7
207121,23,23.6,96,86,"2021-09-13 00:54:59",A302,6f6db310-75e6-4dc3-b490-31f70dfa2fc7
207122,23,24,86,86,"2021-09-13 00:56:44",A301,6f6db310-75e6-4dc3-b490-31f70dfa2fc7
207127,20,22.9,117,0,"2021-09-13 01:03:00",A303,6f6db310-75e6-4dc3-b490-31f70dfa2fc7
207150,23,23.4,96,86,"2021-09-13 01:25:09",A302,6f6db310-75e6-4dc3-b490-31f70dfa2fc7
207151,23,23.9,86,86,"2021-09-13 01:27:03",A301,6f6db310-75e6-4dc3-b490-31f70dfa2fc7
207156,20,22.7,118,0,"2021-09-13 01:33:21",A303,6f6db310-75e6-4dc3-b490-31f70dfa2fc7
207179,23,23.2,96,86,"2021-09-13 01:55:18",A302,6f6db310-75e6-4dc3-b490-31f70dfa2fc7
207180,23,23.8,86,86,"2021-09-13 01:57:26",A301,6f6db310-75e6-4dc3-b490-31f70dfa2fc7
207184,20,22.6,118,0,"2021-09-13 02:03:43",A303,6f6db310-75e6-4dc3-b490-31f70dfa2fc7
207208,23,23.6,86,86,"2021-09-13 02:27:49",A301,6f6db310-75e6-4dc3-b490-31f70dfa2fc7
207212,20,22.4,117,0,"2021-09-13 02:34:06",A303,6f6db310-75e6-4dc3-b490-31f70dfa2fc7
207237,23,23.5,86,86,"2021-09-13 02:58:11",A301,6f6db310-75e6-4dc3-b490-31f70dfa2fc7
207242,20,22.3,116,0,"2021-09-13 03:04:29",A303,6f6db310-75e6-4dc3-b490-31f70dfa2fc7
207266,23,23.4,86,86,"2021-09-13 03:28:35",A301,6f6db310-75e6-4dc3-b490-31f70dfa2fc7
207271,20,22.1,118,0,"2021-09-13 03:34:51",A303,6f6db310-75e6-4dc3-b490-31f70dfa2fc7
207294,23,23.3,86,86,"2021-09-13 03:58:57",A301,6f6db310-75e6-4dc3-b490-31f70dfa2fc7
207299,20,22,118,0,"2021-09-13 04:05:14",A303,6f6db310-75e6-4dc3-b490-31f70dfa2fc7
207321,23,23.2,85,86,"2021-09-13 04:29:19",A301,6f6db310-75e6-4dc3-b490-31f70dfa2fc7
207327,20,21.9,118,0,"2021-09-13 04:35:36",A303,6f6db310-75e6-4dc3-b490-31f70dfa2fc7
207350,23,23.1,85,93,"2021-09-13 04:59:43",A301,6f6db310-75e6-4dc3-b490-31f70dfa2fc7
207356,20,21.8,117,0,"2021-09-13 05:06:01",A303,6f6db310-75e6-4dc3-b490-31f70dfa2fc7
207377,23,22.3,95,93,"2021-09-13 05:26:31",A302,6f6db310-75e6-4dc3-b490-31f70dfa2fc7
207381,23,23,85,93,"2021-09-13 05:30:10",A301,6f6db310-75e6-4dc3-b490-31f70dfa2fc7
207387,20,21.7,117,8,"2021-09-13 05:36:26",A303,6f6db310-75e6-4dc3-b490-31f70dfa2fc7
207406,23,22.2,95,93,"2021-09-13 05:56:50",A302,6f6db310-75e6-4dc3-b490-31f70dfa2fc7
207410,23,22.9,85,93,"2021-09-13 06:00:36",A301,6f6db310-75e6-4dc3-b490-31f70dfa2fc7
207416,20,21.7,117,15,"2021-09-13 06:06:53",A303,6f6db310-75e6-4dc3-b490-31f70dfa2fc7
207435,23,22.2,95,93,"2021-09-13 06:27:05",A302,6f6db310-75e6-4dc3-b490-31f70dfa2fc7
207440,23,22.9,84,93,"2021-09-13 06:31:04",A301,6f6db310-75e6-4dc3-b490-31f70dfa2fc7
207445,20,21.9,117,29,"2021-09-13 06:37:23",A303,6f6db310-75e6-4dc3-b490-31f70dfa2fc7
207468,23,22.8,84,93,"2021-09-13 07:01:34",A301,6f6db310-75e6-4dc3-b490-31f70dfa2fc7
207474,20,22.2,117,43,"2021-09-13 07:07:53",A303,6f6db310-75e6-4dc3-b490-31f70dfa2fc7
207493,23,22.3,95,100,"2021-09-13 07:27:47",A302,6f6db310-75e6-4dc3-b490-31f70dfa2fc7
207498,23,22.9,84,100,"2021-09-13 07:32:06",A301,6f6db310-75e6-4dc3-b490-31f70dfa2fc7
207504,20,22.5,116,43,"2021-09-13 07:38:24",A303,6f6db310-75e6-4dc3-b490-31f70dfa2fc7
207522,23,22.6,95,100,"2021-09-13 07:58:11",A302,6f6db310-75e6-4dc3-b490-31f70dfa2fc7
207527,23,23,83,100,"2021-09-13 08:02:37",A301,6f6db310-75e6-4dc3-b490-31f70dfa2fc7
207532,20,23,115,58,"2021-09-13 08:08:56",A303,6f6db310-75e6-4dc3-b490-31f70dfa2fc7
207556,23,23.1,83,100,"2021-09-13 08:33:12",A301,6f6db310-75e6-4dc3-b490-31f70dfa2fc7
207562,20,23.5,115,65,"2021-09-13 08:39:29",A303,6f6db310-75e6-4dc3-b490-31f70dfa2fc7
207581,23,23.3,94,100,"2021-09-13 08:58:59",A302,6f6db310-75e6-4dc3-b490-31f70dfa2fc7
207586,23,23.3,83,100,"2021-09-13 09:03:44",A301,6f6db310-75e6-4dc3-b490-31f70dfa2fc7
207591,20,23.9,116,65,"2021-09-13 09:10:00",A303,6f6db310-75e6-4dc3-b490-31f70dfa2fc7
207609,23,23.7,94,100,"2021-09-13 09:29:11",A302,6f6db310-75e6-4dc3-b490-31f70dfa2fc7
207615,23,23.5,82,100,"2021-09-13 09:34:14",A301,6f6db310-75e6-4dc3-b490-31f70dfa2fc7
207621,20,24.5,116,72,"2021-09-13 09:40:33",A303,6f6db310-75e6-4dc3-b490-31f70dfa2fc7
207639,23,24,94,100,"2021-09-13 09:59:33",A302,6f6db310-75e6-4dc3-b490-31f70dfa2fc7
207645,23,23.8,82,100,"2021-09-13 10:04:48",A301,6f6db310-75e6-4dc3-b490-31f70dfa2fc7
207650,19,25,113,79,"2021-09-13 10:11:05",A303,6f6db310-75e6-4dc3-b490-31f70dfa2fc7
207672,23,24.1,81,100,"2021-09-13 10:35:19",A301,6f6db310-75e6-4dc3-b490-31f70dfa2fc7
207677,19,25.6,115,79,"2021-09-13 10:41:40",A303,6f6db310-75e6-4dc3-b490-31f70dfa2fc7
207696,23,24.8,94,100,"2021-09-13 11:00:30",A302,6f6db310-75e6-4dc3-b490-31f70dfa2fc7
207703,23,24.4,81,100,"2021-09-13 11:05:53",A301,6f6db310-75e6-4dc3-b490-31f70dfa2fc7
207709,19,26.2,114,79,"2021-09-13 11:12:12",A303,6f6db310-75e6-4dc3-b490-31f70dfa2fc7
207726,23,25.2,94,100,"2021-09-13 11:30:45",A302,6f6db310-75e6-4dc3-b490-31f70dfa2fc7
207733,23,24.7,81,100,"2021-09-13 11:36:29",A301,6f6db310-75e6-4dc3-b490-31f70dfa2fc7
207738,19,26.7,115,86,"2021-09-13 11:42:49",A303,6f6db310-75e6-4dc3-b490-31f70dfa2fc7
207761,23,25,81,100,"2021-09-13 12:07:04",A301,6f6db310-75e6-4dc3-b490-31f70dfa2fc7
207766,19,27.2,114,72,"2021-09-13 12:13:28",A303,6f6db310-75e6-4dc3-b490-31f70dfa2fc7
207783,23,26.26,94,93,"2021-09-13 12:31:32",A302,6f6db310-75e6-4dc3-b490-31f70dfa2fc7
207790,23,25.3,80,93,"2021-09-13 12:37:35",A301,6f6db310-75e6-4dc3-b490-31f70dfa2fc7
207796,19,27.5,114,15,"2021-09-13 12:43:52",A303,6f6db310-75e6-4dc3-b490-31f70dfa2fc7
207815,23,26.6,94,93,"2021-09-13 13:01:48",A302,6f6db310-75e6-4dc3-b490-31f70dfa2fc7
207822,23,25.6,81,100,"2021-09-13 13:08:01",A301,6f6db310-75e6-4dc3-b490-31f70dfa2fc7
207827,19,27.6,115,8,"2021-09-13 13:14:19",A303,6f6db310-75e6-4dc3-b490-31f70dfa2fc7
207844,23,26.7,95,100,"2021-09-13 13:32:10",A302,6f6db310-75e6-4dc3-b490-31f70dfa2fc7
207851,23,25.9,81,100,"2021-09-13 13:38:28",A301,6f6db310-75e6-4dc3-b490-31f70dfa2fc7
207857,19,27.5,115,22,"2021-09-13 13:44:46",A303,6f6db310-75e6-4dc3-b490-31f70dfa2fc7
207874,23,26.7,96,100,"2021-09-13 14:02:21",A302,6f6db310-75e6-4dc3-b490-31f70dfa2fc7
207880,23,26,81,93,"2021-09-13 14:08:56",A301,6f6db310-75e6-4dc3-b490-31f70dfa2fc7
207885,19,27.4,115,29,"2021-09-13 14:15:13",A303,6f6db310-75e6-4dc3-b490-31f70dfa2fc7
207900,23,26.6,96,93,"2021-09-13 14:32:39",A302,6f6db310-75e6-4dc3-b490-31f70dfa2fc7
207907,23,26.1,81,86,"2021-09-13 14:39:24",A301,6f6db310-75e6-4dc3-b490-31f70dfa2fc7
207929,23,26.4,96,93,"2021-09-13 15:02:57",A302,6f6db310-75e6-4dc3-b490-31f70dfa2fc7
207936,23,26.2,81,86,"2021-09-13 15:09:53",A301,6f6db310-75e6-4dc3-b490-31f70dfa2fc7
207940,19,27.1,115,8,"2021-09-13 15:16:07",A303,6f6db310-75e6-4dc3-b490-31f70dfa2fc7
207956,23,26.3,96,86,"2021-09-13 15:33:13",A302,6f6db310-75e6-4dc3-b490-31f70dfa2fc7
207964,23,26.2,81,86,"2021-09-13 15:40:19",A301,6f6db310-75e6-4dc3-b490-31f70dfa2fc7
207970,19,26.8,116,8,"2021-09-13 15:46:33",A303,6f6db310-75e6-4dc3-b490-31f70dfa2fc7
207986,23,26.2,96,86,"2021-09-13 16:03:29",A302,6f6db310-75e6-4dc3-b490-31f70dfa2fc7
207994,23,26.2,81,86,"2021-09-13 16:10:46",A301,6f6db310-75e6-4dc3-b490-31f70dfa2fc7
207999,19,26.5,116,8,"2021-09-13 16:16:58",A303,6f6db310-75e6-4dc3-b490-31f70dfa2fc7
208016,23,26,97,86,"2021-09-13 16:33:46",A302,6f6db310-75e6-4dc3-b490-31f70dfa2fc7
208023,23,26.1,82,86,"2021-09-13 16:41:12",A301,6f6db310-75e6-4dc3-b490-31f70dfa2fc7
208037,23,25.8,97,86,"2021-09-13 17:03:58",A302,6f6db310-75e6-4dc3-b490-31f70dfa2fc7
208048,23,25.6,97,86,"2021-09-13 17:34:13",A302,6f6db310-75e6-4dc3-b490-31f70dfa2fc7
208083,23,24.8,97,86,"2021-09-13 19:35:03",A302,6f6db310-75e6-4dc3-b490-31f70dfa2fc7
208089,23,25.6,81,86,"2021-09-13 19:43:42",A301,6f6db310-75e6-4dc3-b490-31f70dfa2fc7
208104,23,24.6,97,86,"2021-09-13 20:05:13",A302,6f6db310-75e6-4dc3-b490-31f70dfa2fc7
208113,23,25.5,82,86,"2021-09-13 20:14:06",A301,6f6db310-75e6-4dc3-b490-31f70dfa2fc7
208117,19,24.3,116,0,"2021-09-13 20:20:14",A303,6f6db310-75e6-4dc3-b490-31f70dfa2fc7
208133,23,24.4,97,86,"2021-09-13 20:35:24",A302,6f6db310-75e6-4dc3-b490-31f70dfa2fc7
208143,23,25.4,82,86,"2021-09-13 20:44:29",A301,6f6db310-75e6-4dc3-b490-31f70dfa2fc7
208162,23,24.2,97,86,"2021-09-13 21:05:35",A302,6f6db310-75e6-4dc3-b490-31f70dfa2fc7
208172,23,25.2,82,86,"2021-09-13 21:14:53",A301,6f6db310-75e6-4dc3-b490-31f70dfa2fc7
208176,19,23.8,116,0,"2021-09-13 21:21:05",A303,6f6db310-75e6-4dc3-b490-31f70dfa2fc7
208191,23,24,98,86,"2021-09-13 21:35:44",A302,6f6db310-75e6-4dc3-b490-31f70dfa2fc7
208201,23,25.1,82,86,"2021-09-13 21:45:15",A301,6f6db310-75e6-4dc3-b490-31f70dfa2fc7
208207,19,23.6,116,0,"2021-09-13 21:51:25",A303,6f6db310-75e6-4dc3-b490-31f70dfa2fc7
208221,23,23.8,97,86,"2021-09-13 22:05:54",A302,6f6db310-75e6-4dc3-b490-31f70dfa2fc7
208231,23,25,82,86,"2021-09-13 22:15:39",A301,6f6db310-75e6-4dc3-b490-31f70dfa2fc7
208248,23,23.6,98,86,"2021-09-13 22:36:05",A302,6f6db310-75e6-4dc3-b490-31f70dfa2fc7
208258,23,24.9,82,86,"2021-09-13 22:46:00",A301,6f6db310-75e6-4dc3-b490-31f70dfa2fc7
208263,19,23.1,116,0,"2021-09-13 22:52:08",A303,6f6db310-75e6-4dc3-b490-31f70dfa2fc7
208274,23,23.4,97,86,"2021-09-13 23:06:13",A302,6f6db310-75e6-4dc3-b490-31f70dfa2fc7
208286,23,24.7,81,86,"2021-09-13 23:16:22",A301,6f6db310-75e6-4dc3-b490-31f70dfa2fc7
208291,19,22.9,116,0,"2021-09-13 23:22:28",A303,6f6db310-75e6-4dc3-b490-31f70dfa2fc7
208302,23,23.28,97,86,"2021-09-13 23:36:22",A302,6f6db310-75e6-4dc3-b490-31f70dfa2fc7
208315,23,24.6,82,86,"2021-09-13 23:46:45",A301,6f6db310-75e6-4dc3-b490-31f70dfa2fc7
208320,19,22.7,115,0,"2021-09-13 23:52:50",A303,6f6db310-75e6-4dc3-b490-31f70dfa2fc7
208331,23,23.1,97,86,"2021-09-14 00:06:31",A302,6f6db310-75e6-4dc3-b490-31f70dfa2fc7
208344,23,24.5,82,86,"2021-09-14 00:17:06",A301,6f6db310-75e6-4dc3-b490-31f70dfa2fc7
208349,19,22.5,116,0,"2021-09-14 00:23:14",A303,6f6db310-75e6-4dc3-b490-31f70dfa2fc7
208361,23,22.9,97,86,"2021-09-14 00:36:40",A302,6f6db310-75e6-4dc3-b490-31f70dfa2fc7
208374,23,24.3,82,86,"2021-09-14 00:47:28",A301,6f6db310-75e6-4dc3-b490-31f70dfa2fc7
208379,19,22.3,116,0,"2021-09-14 00:53:35",A303,6f6db310-75e6-4dc3-b490-31f70dfa2fc7
208390,23,22.7,98,86,"2021-09-14 01:06:50",A302,6f6db310-75e6-4dc3-b490-31f70dfa2fc7
208403,23,24.2,82,86,"2021-09-14 01:17:51",A301,6f6db310-75e6-4dc3-b490-31f70dfa2fc7
208408,19,22.1,116,0,"2021-09-14 01:23:56",A303,6f6db310-75e6-4dc3-b490-31f70dfa2fc7
208419,23,22.6,97,86,"2021-09-14 01:36:58",A302,6f6db310-75e6-4dc3-b490-31f70dfa2fc7
208432,23,24.1,82,86,"2021-09-14 01:48:13",A301,6f6db310-75e6-4dc3-b490-31f70dfa2fc7
208437,19,22,115,0,"2021-09-14 01:54:18",A303,6f6db310-75e6-4dc3-b490-31f70dfa2fc7
208448,23,22.4,97,86,"2021-09-14 02:07:07",A302,6f6db310-75e6-4dc3-b490-31f70dfa2fc7
208461,23,23.9,82,86,"2021-09-14 02:18:34",A301,6f6db310-75e6-4dc3-b490-31f70dfa2fc7
208466,19,21.8,115,0,"2021-09-14 02:24:41",A303,6f6db310-75e6-4dc3-b490-31f70dfa2fc7
208479,23,22.3,97,86,"2021-09-14 02:37:16",A302,6f6db310-75e6-4dc3-b490-31f70dfa2fc7
208491,23,23.8,81,86,"2021-09-14 02:48:56",A301,6f6db310-75e6-4dc3-b490-31f70dfa2fc7
208496,19,21.6,115,0,"2021-09-14 02:55:02",A303,6f6db310-75e6-4dc3-b490-31f70dfa2fc7
208507,23,22.1,97,86,"2021-09-14 03:07:25",A302,6f6db310-75e6-4dc3-b490-31f70dfa2fc7
208520,23,23.7,82,86,"2021-09-14 03:19:19",A301,6f6db310-75e6-4dc3-b490-31f70dfa2fc7
208525,20,21.5,116,0,"2021-09-14 03:25:23",A303,6f6db310-75e6-4dc3-b490-31f70dfa2fc7
208538,23,22,97,86,"2021-09-14 03:37:32",A302,6f6db310-75e6-4dc3-b490-31f70dfa2fc7
208551,23,23.6,81,86,"2021-09-14 03:49:40",A301,6f6db310-75e6-4dc3-b490-31f70dfa2fc7
208556,20,21.3,115,0,"2021-09-14 03:55:44",A303,6f6db310-75e6-4dc3-b490-31f70dfa2fc7
208569,23,21.9,97,86,"2021-09-14 04:07:40",A302,6f6db310-75e6-4dc3-b490-31f70dfa2fc7
208581,23,23.5,82,86,"2021-09-14 04:20:03",A301,6f6db310-75e6-4dc3-b490-31f70dfa2fc7
208586,20,21.1,116,0,"2021-09-14 04:26:10",A303,6f6db310-75e6-4dc3-b490-31f70dfa2fc7
208598,23,21.7,97,86,"2021-09-14 04:37:49",A302,6f6db310-75e6-4dc3-b490-31f70dfa2fc7
208617,23,23.4,81,86,"2021-09-14 04:50:25",A301,6f6db310-75e6-4dc3-b490-31f70dfa2fc7
208622,20,21,116,0,"2021-09-14 04:56:27",A303,6f6db310-75e6-4dc3-b490-31f70dfa2fc7
208635,23,21.6,97,93,"2021-09-14 05:07:58",A302,6f6db310-75e6-4dc3-b490-31f70dfa2fc7
208646,23,23.3,81,93,"2021-09-14 05:20:46",A301,6f6db310-75e6-4dc3-b490-31f70dfa2fc7
208652,20,20.9,115,0,"2021-09-14 05:28:05",A303,6f6db310-75e6-4dc3-b490-31f70dfa2fc7
208663,23,21.5,97,93,"2021-09-14 05:38:09",A302,6f6db310-75e6-4dc3-b490-31f70dfa2fc7
208675,23,23.2,81,93,"2021-09-14 05:51:11",A301,6f6db310-75e6-4dc3-b490-31f70dfa2fc7
208681,20,20.9,115,8,"2021-09-14 05:58:32",A303,6f6db310-75e6-4dc3-b490-31f70dfa2fc7
208692,23,21.4,96,93,"2021-09-14 06:08:23",A302,6f6db310-75e6-4dc3-b490-31f70dfa2fc7
208704,23,23.1,81,93,"2021-09-14 06:21:37",A301,6f6db310-75e6-4dc3-b490-31f70dfa2fc7
208710,20,21,115,22,"2021-09-14 06:28:58",A303,6f6db310-75e6-4dc3-b490-31f70dfa2fc7
208721,23,21.4,96,93,"2021-09-14 06:38:40",A302,6f6db310-75e6-4dc3-b490-31f70dfa2fc7
208733,23,23,81,93,"2021-09-14 06:52:07",A301,6f6db310-75e6-4dc3-b490-31f70dfa2fc7
208739,20,21.2,115,22,"2021-09-14 06:59:28",A303,6f6db310-75e6-4dc3-b490-31f70dfa2fc7
208750,23,21.5,96,100,"2021-09-14 07:09:01",A302,6f6db310-75e6-4dc3-b490-31f70dfa2fc7
208762,23,23,80,100,"2021-09-14 07:22:38",A301,6f6db310-75e6-4dc3-b490-31f70dfa2fc7
208769,20,21.6,115,43,"2021-09-14 07:29:59",A303,6f6db310-75e6-4dc3-b490-31f70dfa2fc7
208779,23,21.7,96,100,"2021-09-14 07:39:22",A302,6f6db310-75e6-4dc3-b490-31f70dfa2fc7
208790,23,23.1,80,100,"2021-09-14 07:53:10",A301,6f6db310-75e6-4dc3-b490-31f70dfa2fc7
208797,19,22,115,50,"2021-09-14 08:00:31",A303,6f6db310-75e6-4dc3-b490-31f70dfa2fc7
208808,23,22.1,96,100,"2021-09-14 08:09:46",A302,6f6db310-75e6-4dc3-b490-31f70dfa2fc7
208819,23,23.2,79,100,"2021-09-14 08:23:43",A301,6f6db310-75e6-4dc3-b490-31f70dfa2fc7
208826,19,22.5,114,65,"2021-09-14 08:31:07",A303,6f6db310-75e6-4dc3-b490-31f70dfa2fc7
208838,23,22.5,95,100,"2021-09-14 08:40:10",A302,6f6db310-75e6-4dc3-b490-31f70dfa2fc7
208850,23,23.4,79,100,"2021-09-14 08:54:18",A301,6f6db310-75e6-4dc3-b490-31f70dfa2fc7
208857,19,23.1,114,79,"2021-09-14 09:01:39",A303,6f6db310-75e6-4dc3-b490-31f70dfa2fc7
208868,23,23,95,100,"2021-09-14 09:10:35",A302,6f6db310-75e6-4dc3-b490-31f70dfa2fc7
208879,23,23.6,79,100,"2021-09-14 09:24:51",A301,6f6db310-75e6-4dc3-b490-31f70dfa2fc7
208886,19,23.6,114,79,"2021-09-14 09:32:13",A303,6f6db310-75e6-4dc3-b490-31f70dfa2fc7
208898,23,23.5,95,100,"2021-09-14 09:41:01",A302,6f6db310-75e6-4dc3-b490-31f70dfa2fc7
208910,23,23.9,78,100,"2021-09-14 09:55:24",A301,6f6db310-75e6-4dc3-b490-31f70dfa2fc7
208915,19,24.1,114,72,"2021-09-14 10:02:46",A303,6f6db310-75e6-4dc3-b490-31f70dfa2fc7
208928,23,24.1,95,100,"2021-09-14 10:11:24",A302,6f6db310-75e6-4dc3-b490-31f70dfa2fc7
208940,23,24.3,78,100,"2021-09-14 10:25:58",A301,6f6db310-75e6-4dc3-b490-31f70dfa2fc7
208946,19,24.6,113,79,"2021-09-14 10:33:18",A303,6f6db310-75e6-4dc3-b490-31f70dfa2fc7
208956,23,24.7,94,100,"2021-09-14 10:41:48",A302,6f6db310-75e6-4dc3-b490-31f70dfa2fc7
208969,23,24.6,78,100,"2021-09-14 10:56:32",A301,6f6db310-75e6-4dc3-b490-31f70dfa2fc7
208976,19,25,114,79,"2021-09-14 11:03:53",A303,6f6db310-75e6-4dc3-b490-31f70dfa2fc7
208985,23,25.3,94,100,"2021-09-14 11:12:16",A302,6f6db310-75e6-4dc3-b490-31f70dfa2fc7
208999,23,24.9,78,100,"2021-09-14 11:27:06",A301,6f6db310-75e6-4dc3-b490-31f70dfa2fc7
209005,19,25.4,113,86,"2021-09-14 11:34:31",A303,6f6db310-75e6-4dc3-b490-31f70dfa2fc7
209016,23,25.9,95,100,"2021-09-14 11:42:44",A302,6f6db310-75e6-4dc3-b490-31f70dfa2fc7
209035,19,25.8,114,86,"2021-09-14 12:05:05",A303,6f6db310-75e6-4dc3-b490-31f70dfa2fc7
209045,23,26.6,95,100,"2021-09-14 12:13:12",A302,6f6db310-75e6-4dc3-b490-31f70dfa2fc7
209059,22,25.6,77,100,"2021-09-14 12:28:17",A301,6f6db310-75e6-4dc3-b490-31f70dfa2fc7
209065,19,26.2,113,86,"2021-09-14 12:35:42",A303,6f6db310-75e6-4dc3-b490-31f70dfa2fc7
209076,23,27.1,95,100,"2021-09-14 12:43:41",A302,6f6db310-75e6-4dc3-b490-31f70dfa2fc7
209090,22,25.9,77,100,"2021-09-14 12:58:55",A301,6f6db310-75e6-4dc3-b490-31f70dfa2fc7
209096,19,26.5,112,86,"2021-09-14 13:06:20",A303,6f6db310-75e6-4dc3-b490-31f70dfa2fc7
209106,23,27.6,95,100,"2021-09-14 13:14:14",A302,6f6db310-75e6-4dc3-b490-31f70dfa2fc7
209118,22,26.1,77,100,"2021-09-14 13:29:33",A301,6f6db310-75e6-4dc3-b490-31f70dfa2fc7
209124,19,26.8,113,86,"2021-09-14 13:36:58",A303,6f6db310-75e6-4dc3-b490-31f70dfa2fc7
209132,23,28,94,100,"2021-09-14 13:44:42",A302,6f6db310-75e6-4dc3-b490-31f70dfa2fc7
209144,22,26.4,76,93,"2021-09-14 14:00:08",A301,6f6db310-75e6-4dc3-b490-31f70dfa2fc7
209151,19,27.08,113,93,"2021-09-14 14:07:32",A303,6f6db310-75e6-4dc3-b490-31f70dfa2fc7
209161,23,28.3,96,100,"2021-09-14 14:15:06",A302,6f6db310-75e6-4dc3-b490-31f70dfa2fc7
209176,22,26.6,76,93,"2021-09-14 14:30:42",A301,6f6db310-75e6-4dc3-b490-31f70dfa2fc7
209181,19,27.2,113,93,"2021-09-14 14:38:09",A303,6f6db310-75e6-4dc3-b490-31f70dfa2fc7
209192,23,28.5,96,93,"2021-09-14 14:45:33",A302,6f6db310-75e6-4dc3-b490-31f70dfa2fc7
209205,22,26.7,77,86,"2021-09-14 15:01:17",A301,6f6db310-75e6-4dc3-b490-31f70dfa2fc7
209213,19,27.2,113,93,"2021-09-14 15:08:44",A303,6f6db310-75e6-4dc3-b490-31f70dfa2fc7
209222,23,28.5,97,93,"2021-09-14 15:15:58",A302,6f6db310-75e6-4dc3-b490-31f70dfa2fc7
209236,22,26.9,77,86,"2021-09-14 15:31:52",A301,6f6db310-75e6-4dc3-b490-31f70dfa2fc7
209244,19,27.2,113,93,"2021-09-14 15:39:18",A303,6f6db310-75e6-4dc3-b490-31f70dfa2fc7
209253,23,28.5,97,86,"2021-09-14 15:46:23",A302,6f6db310-75e6-4dc3-b490-31f70dfa2fc7
209267,22,26.9,77,86,"2021-09-14 16:02:24",A301,6f6db310-75e6-4dc3-b490-31f70dfa2fc7
209274,19,27,114,72,"2021-09-14 16:09:48",A303,6f6db310-75e6-4dc3-b490-31f70dfa2fc7
209283,23,28.4,98,86,"2021-09-14 16:16:44",A302,6f6db310-75e6-4dc3-b490-31f70dfa2fc7
209297,22,27,77,86,"2021-09-14 16:32:52",A301,6f6db310-75e6-4dc3-b490-31f70dfa2fc7
209304,19,26.9,114,50,"2021-09-14 16:40:17",A303,6f6db310-75e6-4dc3-b490-31f70dfa2fc7
209312,23,28.2,98,86,"2021-09-14 16:47:02",A302,6f6db310-75e6-4dc3-b490-31f70dfa2fc7
209323,22,27,77,86,"2021-09-14 17:03:22",A301,6f6db310-75e6-4dc3-b490-31f70dfa2fc7
209329,19,26.7,114,43,"2021-09-14 17:10:47",A303,6f6db310-75e6-4dc3-b490-31f70dfa2fc7
209345,22,27,77,86,"2021-09-14 17:33:51",A301,6f6db310-75e6-4dc3-b490-31f70dfa2fc7
209350,19,26.4,114,29,"2021-09-14 17:41:14",A303,6f6db310-75e6-4dc3-b490-31f70dfa2fc7
209358,22,26.9,77,86,"2021-09-14 18:04:19",A301,6f6db310-75e6-4dc3-b490-31f70dfa2fc7
209363,19,26.2,114,36,"2021-09-14 18:11:42",A303,6f6db310-75e6-4dc3-b490-31f70dfa2fc7
209387,19,25.5,114,8,"2021-09-14 19:43:04",A303,6f6db310-75e6-4dc3-b490-31f70dfa2fc7
209390,23,26.7,99,86,"2021-09-14 19:49:12",A302,6f6db310-75e6-4dc3-b490-31f70dfa2fc7
209406,22,26.5,77,86,"2021-09-14 20:06:05",A301,6f6db310-75e6-4dc3-b490-31f70dfa2fc7
209413,19,25.3,114,8,"2021-09-14 20:13:32",A303,6f6db310-75e6-4dc3-b490-31f70dfa2fc7
209419,23,26.5,99,86,"2021-09-14 20:19:35",A302,6f6db310-75e6-4dc3-b490-31f70dfa2fc7
209436,22,26.4,77,86,"2021-09-14 20:36:30",A301,6f6db310-75e6-4dc3-b490-31f70dfa2fc7
209441,19,25.1,113,0,"2021-09-14 20:43:57",A303,6f6db310-75e6-4dc3-b490-31f70dfa2fc7
209447,23,26.3,100,86,"2021-09-14 20:49:48",A302,6f6db310-75e6-4dc3-b490-31f70dfa2fc7
209465,22,26.3,77,86,"2021-09-14 21:06:55",A301,6f6db310-75e6-4dc3-b490-31f70dfa2fc7
209472,19,24.9,114,0,"2021-09-14 21:14:22",A303,6f6db310-75e6-4dc3-b490-31f70dfa2fc7
209479,23,26,100,86,"2021-09-14 21:20:08",A302,6f6db310-75e6-4dc3-b490-31f70dfa2fc7
209495,22,26.2,78,86,"2021-09-14 21:37:20",A301,6f6db310-75e6-4dc3-b490-31f70dfa2fc7
209501,19,24.7,115,0,"2021-09-14 21:44:47",A303,6f6db310-75e6-4dc3-b490-31f70dfa2fc7
209509,23,25.8,100,86,"2021-09-14 21:50:24",A302,6f6db310-75e6-4dc3-b490-31f70dfa2fc7
209525,22,26,78,86,"2021-09-14 22:07:45",A301,6f6db310-75e6-4dc3-b490-31f70dfa2fc7
209531,19,24.5,114,0,"2021-09-14 22:15:12",A303,6f6db310-75e6-4dc3-b490-31f70dfa2fc7
209539,23,25.6,99,86,"2021-09-14 22:20:43",A302,6f6db310-75e6-4dc3-b490-31f70dfa2fc7
209571,19,24.3,115,0,"2021-09-14 22:45:38",A303,6f6db310-75e6-4dc3-b490-31f70dfa2fc7
209579,23,25.4,98,86,"2021-09-14 22:51:01",A302,6f6db310-75e6-4dc3-b490-31f70dfa2fc7
209592,22,25.8,77,86,"2021-09-14 23:08:34",A301,6f6db310-75e6-4dc3-b490-31f70dfa2fc7
209598,19,24.1,114,0,"2021-09-14 23:16:03",A303,6f6db310-75e6-4dc3-b490-31f70dfa2fc7
209606,23,25.2,100,86,"2021-09-14 23:21:17",A302,6f6db310-75e6-4dc3-b490-31f70dfa2fc7
209620,22,25.7,77,86,"2021-09-14 23:38:59",A301,6f6db310-75e6-4dc3-b490-31f70dfa2fc7
209626,19,23.9,114,0,"2021-09-14 23:46:28",A303,6f6db310-75e6-4dc3-b490-31f70dfa2fc7
209634,23,25,100,86,"2021-09-14 23:51:34",A302,6f6db310-75e6-4dc3-b490-31f70dfa2fc7
209650,22,25.5,77,86,"2021-09-15 00:09:24",A301,6f6db310-75e6-4dc3-b490-31f70dfa2fc7
209656,19,23.7,115,0,"2021-09-15 00:16:51",A303,6f6db310-75e6-4dc3-b490-31f70dfa2fc7
209664,23,24.8,100,86,"2021-09-15 00:21:50",A302,6f6db310-75e6-4dc3-b490-31f70dfa2fc7
209680,22,25.4,77,86,"2021-09-15 00:43:28",A301,6f6db310-75e6-4dc3-b490-31f70dfa2fc7
209684,19,23.5,113,0,"2021-09-15 00:47:16",A303,6f6db310-75e6-4dc3-b490-31f70dfa2fc7
209692,23,24.7,100,86,"2021-09-15 00:52:07",A302,6f6db310-75e6-4dc3-b490-31f70dfa2fc7
209711,23,25.3,77,86,"2021-09-15 01:13:54",A301,6f6db310-75e6-4dc3-b490-31f70dfa2fc7
209714,19,23.4,113,0,"2021-09-15 01:17:40",A303,6f6db310-75e6-4dc3-b490-31f70dfa2fc7
209722,23,24.5,100,86,"2021-09-15 01:22:22",A302,6f6db310-75e6-4dc3-b490-31f70dfa2fc7
209739,23,25.2,77,86,"2021-09-15 01:44:15",A301,6f6db310-75e6-4dc3-b490-31f70dfa2fc7
209742,19,23.2,114,0,"2021-09-15 01:48:05",A303,6f6db310-75e6-4dc3-b490-31f70dfa2fc7
209750,23,24.3,100,86,"2021-09-15 01:52:37",A302,6f6db310-75e6-4dc3-b490-31f70dfa2fc7
209768,23,25.1,77,86,"2021-09-15 02:14:42",A301,6f6db310-75e6-4dc3-b490-31f70dfa2fc7
209771,19,23,114,0,"2021-09-15 02:18:29",A303,6f6db310-75e6-4dc3-b490-31f70dfa2fc7
209779,23,24.1,100,86,"2021-09-15 02:22:52",A302,6f6db310-75e6-4dc3-b490-31f70dfa2fc7
209797,23,24.9,77,86,"2021-09-15 02:45:05",A301,6f6db310-75e6-4dc3-b490-31f70dfa2fc7
209799,19,22.9,115,0,"2021-09-15 02:48:54",A303,6f6db310-75e6-4dc3-b490-31f70dfa2fc7
209808,23,24,100,86,"2021-09-15 02:53:10",A302,6f6db310-75e6-4dc3-b490-31f70dfa2fc7
209827,23,24.8,77,86,"2021-09-15 03:15:27",A301,6f6db310-75e6-4dc3-b490-31f70dfa2fc7
209829,19,22.7,114,0,"2021-09-15 03:19:16",A303,6f6db310-75e6-4dc3-b490-31f70dfa2fc7
209838,23,23.8,100,86,"2021-09-15 03:23:26",A302,6f6db310-75e6-4dc3-b490-31f70dfa2fc7
209857,23,24.7,77,86,"2021-09-15 03:45:52",A301,6f6db310-75e6-4dc3-b490-31f70dfa2fc7
209859,19,22.6,115,0,"2021-09-15 03:49:41",A303,6f6db310-75e6-4dc3-b490-31f70dfa2fc7
209868,23,23.7,100,86,"2021-09-15 03:53:40",A302,6f6db310-75e6-4dc3-b490-31f70dfa2fc7
209886,23,24.6,77,86,"2021-09-15 04:16:15",A301,6f6db310-75e6-4dc3-b490-31f70dfa2fc7
209888,19,22.5,114,0,"2021-09-15 04:20:05",A303,6f6db310-75e6-4dc3-b490-31f70dfa2fc7
209896,23,23.6,99,86,"2021-09-15 04:23:58",A302,6f6db310-75e6-4dc3-b490-31f70dfa2fc7
209915,23,24.5,77,86,"2021-09-15 04:46:40",A301,6f6db310-75e6-4dc3-b490-31f70dfa2fc7
209916,19,22.3,113,0,"2021-09-15 04:50:29",A303,6f6db310-75e6-4dc3-b490-31f70dfa2fc7
209924,23,23.4,100,86,"2021-09-15 04:54:13",A302,6f6db310-75e6-4dc3-b490-31f70dfa2fc7
209944,23,24.4,77,93,"2021-09-15 05:17:05",A301,6f6db310-75e6-4dc3-b490-31f70dfa2fc7
209945,19,22.2,114,0,"2021-09-15 05:20:53",A303,6f6db310-75e6-4dc3-b490-31f70dfa2fc7
209952,23,23.3,100,93,"2021-09-15 05:24:31",A302,6f6db310-75e6-4dc3-b490-31f70dfa2fc7
209971,23,24.3,77,93,"2021-09-15 05:47:32",A301,6f6db310-75e6-4dc3-b490-31f70dfa2fc7
209972,19,22.2,114,8,"2021-09-15 05:51:21",A303,6f6db310-75e6-4dc3-b490-31f70dfa2fc7
209980,23,23.2,99,93,"2021-09-15 05:54:51",A302,6f6db310-75e6-4dc3-b490-31f70dfa2fc7
210000,23,24.2,76,93,"2021-09-15 06:18:00",A301,6f6db310-75e6-4dc3-b490-31f70dfa2fc7
210001,19,22.3,114,8,"2021-09-15 06:22:00",A303,6f6db310-75e6-4dc3-b490-31f70dfa2fc7
210009,23,23.2,100,93,"2021-09-15 06:25:15",A302,6f6db310-75e6-4dc3-b490-31f70dfa2fc7
210030,23,24.2,76,93,"2021-09-15 06:48:31",A301,6f6db310-75e6-4dc3-b490-31f70dfa2fc7
210031,19,22.5,112,15,"2021-09-15 06:52:22",A303,6f6db310-75e6-4dc3-b490-31f70dfa2fc7
210039,23,23.2,99,93,"2021-09-15 06:55:40",A302,6f6db310-75e6-4dc3-b490-31f70dfa2fc7
210059,23,24.2,76,93,"2021-09-15 07:19:00",A301,6f6db310-75e6-4dc3-b490-31f70dfa2fc7
210060,19,22.8,113,29,"2021-09-15 07:22:53",A303,6f6db310-75e6-4dc3-b490-31f70dfa2fc7
210069,23,23.4,99,100,"2021-09-15 07:26:06",A302,6f6db310-75e6-4dc3-b490-31f70dfa2fc7
210088,23,24.2,75,93,"2021-09-15 07:49:34",A301,6f6db310-75e6-4dc3-b490-31f70dfa2fc7
210091,19,23.3,113,36,"2021-09-15 07:53:26",A303,6f6db310-75e6-4dc3-b490-31f70dfa2fc7
210097,23,23.6,98,100,"2021-09-15 07:56:35",A302,6f6db310-75e6-4dc3-b490-31f70dfa2fc7
210117,19,23.7,113,43,"2021-09-15 08:24:01",A303,6f6db310-75e6-4dc3-b490-31f70dfa2fc7
210123,23,23.9,98,93,"2021-09-15 08:27:04",A302,6f6db310-75e6-4dc3-b490-31f70dfa2fc7
210144,22,24.5,75,100,"2021-09-15 08:50:43",A301,6f6db310-75e6-4dc3-b490-31f70dfa2fc7
210147,19,24.3,112,50,"2021-09-15 08:54:34",A303,6f6db310-75e6-4dc3-b490-31f70dfa2fc7
210153,23,24.2,98,100,"2021-09-15 08:57:34",A302,6f6db310-75e6-4dc3-b490-31f70dfa2fc7
210172,22,24.7,74,100,"2021-09-15 09:21:16",A301,6f6db310-75e6-4dc3-b490-31f70dfa2fc7
210175,19,24.8,112,50,"2021-09-15 09:25:08",A303,6f6db310-75e6-4dc3-b490-31f70dfa2fc7
210180,23,24.7,98,100,"2021-09-15 09:28:03",A302,6f6db310-75e6-4dc3-b490-31f70dfa2fc7
210201,22,24.9,74,100,"2021-09-15 09:51:50",A301,6f6db310-75e6-4dc3-b490-31f70dfa2fc7
210203,19,25.3,113,58,"2021-09-15 09:55:43",A303,6f6db310-75e6-4dc3-b490-31f70dfa2fc7
210228,19,25.7,112,65,"2021-09-15 10:26:17",A303,6f6db310-75e6-4dc3-b490-31f70dfa2fc7
210250,22,25.4,73,100,"2021-09-15 10:53:01",A301,6f6db310-75e6-4dc3-b490-31f70dfa2fc7
210256,23,26,98,100,"2021-09-15 10:59:37",A302,6f6db310-75e6-4dc3-b490-31f70dfa2fc7
210276,22,25.6,73,100,"2021-09-15 11:23:36",A301,6f6db310-75e6-4dc3-b490-31f70dfa2fc7
210279,19,26.3,112,58,"2021-09-15 11:27:20",A303,6f6db310-75e6-4dc3-b490-31f70dfa2fc7
210284,23,26.5,96,100,"2021-09-15 11:30:09",A302,6f6db310-75e6-4dc3-b490-31f70dfa2fc7
210308,19,26.4,113,72,"2021-09-15 11:57:55",A303,6f6db310-75e6-4dc3-b490-31f70dfa2fc7
210313,23,26.9,98,100,"2021-09-15 12:00:40",A302,6f6db310-75e6-4dc3-b490-31f70dfa2fc7
210334,22,26.1,72,100,"2021-09-15 12:24:46",A301,6f6db310-75e6-4dc3-b490-31f70dfa2fc7
210339,19,26.5,112,79,"2021-09-15 12:28:30",A303,6f6db310-75e6-4dc3-b490-31f70dfa2fc7
210360,22,26.3,72,100,"2021-09-15 12:55:26",A301,6f6db310-75e6-4dc3-b490-31f70dfa2fc7
210365,19,26.6,113,86,"2021-09-15 12:59:08",A303,6f6db310-75e6-4dc3-b490-31f70dfa2fc7
210388,22,26.5,72,86,"2021-09-15 13:26:01",A301,6f6db310-75e6-4dc3-b490-31f70dfa2fc7
210393,19,26.7,112,79,"2021-09-15 13:29:42",A303,6f6db310-75e6-4dc3-b490-31f70dfa2fc7
210415,22,26.7,72,86,"2021-09-15 13:56:34",A301,6f6db310-75e6-4dc3-b490-31f70dfa2fc7
210419,19,26.7,112,65,"2021-09-15 14:00:15",A303,6f6db310-75e6-4dc3-b490-31f70dfa2fc7
210422,23,28.3,98,93,"2021-09-15 14:02:47",A302,6f6db310-75e6-4dc3-b490-31f70dfa2fc7
210442,22,26.8,72,86,"2021-09-15 14:27:05",A301,6f6db310-75e6-4dc3-b490-31f70dfa2fc7
210446,19,26.6,114,50,"2021-09-15 14:30:47",A303,6f6db310-75e6-4dc3-b490-31f70dfa2fc7
210449,23,28.4,98,93,"2021-09-15 14:33:14",A302,6f6db310-75e6-4dc3-b490-31f70dfa2fc7
210469,22,26.9,72,86,"2021-09-15 14:57:37",A301,6f6db310-75e6-4dc3-b490-31f70dfa2fc7
210474,19,26.4,113,58,"2021-09-15 15:01:19",A303,6f6db310-75e6-4dc3-b490-31f70dfa2fc7
210476,23,28.4,100,86,"2021-09-15 15:03:41",A302,6f6db310-75e6-4dc3-b490-31f70dfa2fc7
210496,22,27,72,86,"2021-09-15 15:28:09",A301,6f6db310-75e6-4dc3-b490-31f70dfa2fc7
210500,19,26.2,113,29,"2021-09-15 15:31:49",A303,6f6db310-75e6-4dc3-b490-31f70dfa2fc7
210502,23,28.3,100,86,"2021-09-15 15:34:06",A302,6f6db310-75e6-4dc3-b490-31f70dfa2fc7
210521,22,27.1,72,86,"2021-09-15 15:58:38",A301,6f6db310-75e6-4dc3-b490-31f70dfa2fc7
210525,19,25.9,114,29,"2021-09-15 16:02:26",A303,6f6db310-75e6-4dc3-b490-31f70dfa2fc7
210528,23,28.1,101,86,"2021-09-15 16:04:29",A302,6f6db310-75e6-4dc3-b490-31f70dfa2fc7
210547,22,27.1,73,86,"2021-09-15 16:29:08",A301,6f6db310-75e6-4dc3-b490-31f70dfa2fc7
210551,19,25.7,114,22,"2021-09-15 16:32:48",A303,6f6db310-75e6-4dc3-b490-31f70dfa2fc7
210555,23,28,101,86,"2021-09-15 16:34:54",A302,6f6db310-75e6-4dc3-b490-31f70dfa2fc7
210574,22,27.1,73,86,"2021-09-15 16:59:37",A301,6f6db310-75e6-4dc3-b490-31f70dfa2fc7
210591,19,25.2,114,0,"2021-09-15 17:33:46",A303,6f6db310-75e6-4dc3-b490-31f70dfa2fc7
210608,19,25,115,0,"2021-09-15 18:04:33",A303,6f6db310-75e6-4dc3-b490-31f70dfa2fc7
210610,23,27.4,102,86,"2021-09-15 18:05:55",A302,6f6db310-75e6-4dc3-b490-31f70dfa2fc7
210620,23,27.1,102,86,"2021-09-15 18:36:14",A302,6f6db310-75e6-4dc3-b490-31f70dfa2fc7
210643,19,24.3,114,0,"2021-09-15 19:35:28",A303,6f6db310-75e6-4dc3-b490-31f70dfa2fc7
210662,22,26.6,73,86,"2021-09-15 20:02:17",A301,6f6db310-75e6-4dc3-b490-31f70dfa2fc7
210668,19,24.2,114,0,"2021-09-15 20:05:54",A303,6f6db310-75e6-4dc3-b490-31f70dfa2fc7
210669,23,26.4,102,86,"2021-09-15 20:07:11",A302,6f6db310-75e6-4dc3-b490-31f70dfa2fc7
210689,22,26.4,73,86,"2021-09-15 20:32:42",A301,6f6db310-75e6-4dc3-b490-31f70dfa2fc7
210695,19,24,115,0,"2021-09-15 20:36:20",A303,6f6db310-75e6-4dc3-b490-31f70dfa2fc7
210698,23,26.1,102,86,"2021-09-15 20:37:31",A302,6f6db310-75e6-4dc3-b490-31f70dfa2fc7
210719,22,26.3,73,86,"2021-09-15 21:03:07",A301,6f6db310-75e6-4dc3-b490-31f70dfa2fc7
210725,19,23.9,115,0,"2021-09-15 21:06:46",A303,6f6db310-75e6-4dc3-b490-31f70dfa2fc7
210727,23,25.9,102,86,"2021-09-15 21:07:47",A302,6f6db310-75e6-4dc3-b490-31f70dfa2fc7
210749,22,26.1,73,86,"2021-09-15 21:33:33",A301,6f6db310-75e6-4dc3-b490-31f70dfa2fc7
210754,19,23.7,115,0,"2021-09-15 21:37:11",A303,6f6db310-75e6-4dc3-b490-31f70dfa2fc7
210756,23,25.7,101,86,"2021-09-15 21:38:05",A302,6f6db310-75e6-4dc3-b490-31f70dfa2fc7
210779,22,26,72,86,"2021-09-15 22:03:57",A301,6f6db310-75e6-4dc3-b490-31f70dfa2fc7
210784,19,23.5,115,0,"2021-09-15 22:07:37",A303,6f6db310-75e6-4dc3-b490-31f70dfa2fc7
210786,23,25.5,102,86,"2021-09-15 22:08:22",A302,6f6db310-75e6-4dc3-b490-31f70dfa2fc7
210809,22,25.9,72,86,"2021-09-15 22:34:22",A301,6f6db310-75e6-4dc3-b490-31f70dfa2fc7
210813,19,23.4,114,0,"2021-09-15 22:38:02",A303,6f6db310-75e6-4dc3-b490-31f70dfa2fc7
210815,23,25.2,102,86,"2021-09-15 22:38:41",A302,6f6db310-75e6-4dc3-b490-31f70dfa2fc7
210838,22,25.7,72,86,"2021-09-15 23:04:48",A301,6f6db310-75e6-4dc3-b490-31f70dfa2fc7
210842,19,23.2,114,0,"2021-09-15 23:08:26",A303,6f6db310-75e6-4dc3-b490-31f70dfa2fc7
210844,23,25,102,86,"2021-09-15 23:08:57",A302,6f6db310-75e6-4dc3-b490-31f70dfa2fc7
210868,22,25.6,73,86,"2021-09-15 23:35:11",A301,6f6db310-75e6-4dc3-b490-31f70dfa2fc7
210872,19,23,114,0,"2021-09-15 23:38:53",A303,6f6db310-75e6-4dc3-b490-31f70dfa2fc7
210874,23,24.9,102,86,"2021-09-15 23:39:15",A302,6f6db310-75e6-4dc3-b490-31f70dfa2fc7
210896,22,25.5,73,86,"2021-09-16 00:05:35",A301,6f6db310-75e6-4dc3-b490-31f70dfa2fc7
210900,19,22.9,115,0,"2021-09-16 00:09:15",A303,6f6db310-75e6-4dc3-b490-31f70dfa2fc7
210902,23,24.7,101,86,"2021-09-16 00:09:31",A302,6f6db310-75e6-4dc3-b490-31f70dfa2fc7
210925,22,25.3,73,86,"2021-09-16 00:36:01",A301,6f6db310-75e6-4dc3-b490-31f70dfa2fc7
210929,19,22.7,115,0,"2021-09-16 00:39:41",A303,6f6db310-75e6-4dc3-b490-31f70dfa2fc7
210931,23,24.5,102,86,"2021-09-16 00:39:47",A302,6f6db310-75e6-4dc3-b490-31f70dfa2fc7
210954,22,25.2,73,86,"2021-09-16 01:06:25",A301,6f6db310-75e6-4dc3-b490-31f70dfa2fc7
210959,23,24.3,102,86,"2021-09-16 01:10:05",A302,6f6db310-75e6-4dc3-b490-31f70dfa2fc7
210960,19,22.6,115,0,"2021-09-16 01:10:05",A303,6f6db310-75e6-4dc3-b490-31f70dfa2fc7
210984,22,25.1,73,86,"2021-09-16 01:36:49",A301,6f6db310-75e6-4dc3-b490-31f70dfa2fc7
210988,23,24.1,101,86,"2021-09-16 01:40:20",A302,6f6db310-75e6-4dc3-b490-31f70dfa2fc7
210991,19,22.4,115,0,"2021-09-16 01:40:28",A303,6f6db310-75e6-4dc3-b490-31f70dfa2fc7
211013,22,24.9,73,86,"2021-09-16 02:07:12",A301,6f6db310-75e6-4dc3-b490-31f70dfa2fc7
211017,23,23.9,101,86,"2021-09-16 02:10:37",A302,6f6db310-75e6-4dc3-b490-31f70dfa2fc7
211040,22,24.8,73,86,"2021-09-16 02:37:37",A301,6f6db310-75e6-4dc3-b490-31f70dfa2fc7
211044,23,23.8,102,86,"2021-09-16 02:40:52",A302,6f6db310-75e6-4dc3-b490-31f70dfa2fc7
211047,19,22.1,114,0,"2021-09-16 02:41:22",A303,6f6db310-75e6-4dc3-b490-31f70dfa2fc7
211069,22,24.7,73,86,"2021-09-16 03:08:01",A301,6f6db310-75e6-4dc3-b490-31f70dfa2fc7
211073,23,23.6,102,86,"2021-09-16 03:11:08",A302,6f6db310-75e6-4dc3-b490-31f70dfa2fc7
211092,22,24.6,73,86,"2021-09-16 03:38:26",A301,6f6db310-75e6-4dc3-b490-31f70dfa2fc7
211095,23,23.5,102,86,"2021-09-16 03:41:24",A302,6f6db310-75e6-4dc3-b490-31f70dfa2fc7
211119,22,24.4,73,86,"2021-09-16 04:08:49",A301,6f6db310-75e6-4dc3-b490-31f70dfa2fc7
211122,23,23.4,101,86,"2021-09-16 04:11:40",A302,6f6db310-75e6-4dc3-b490-31f70dfa2fc7
211149,22,24.3,73,86,"2021-09-16 04:39:13",A301,6f6db310-75e6-4dc3-b490-31f70dfa2fc7
211152,23,23.2,101,86,"2021-09-16 04:41:56",A302,6f6db310-75e6-4dc3-b490-31f70dfa2fc7
211176,22,24.2,72,86,"2021-09-16 05:09:37",A301,6f6db310-75e6-4dc3-b490-31f70dfa2fc7
211179,23,23.1,101,93,"2021-09-16 05:12:14",A302,6f6db310-75e6-4dc3-b490-31f70dfa2fc7
211205,22,24.1,72,93,"2021-09-16 05:40:03",A301,6f6db310-75e6-4dc3-b490-31f70dfa2fc7
211207,23,23,101,93,"2021-09-16 05:42:30",A302,6f6db310-75e6-4dc3-b490-31f70dfa2fc7
211234,22,24,72,93,"2021-09-16 06:10:29",A301,6f6db310-75e6-4dc3-b490-31f70dfa2fc7
211236,23,22.9,101,93,"2021-09-16 06:12:55",A302,6f6db310-75e6-4dc3-b490-31f70dfa2fc7
211241,20,21.5,114,0,"2021-09-16 06:14:10",A303,6f6db310-75e6-4dc3-b490-31f70dfa2fc7
211264,22,23.9,72,93,"2021-09-16 06:40:57",A301,6f6db310-75e6-4dc3-b490-31f70dfa2fc7
211266,23,22.9,101,93,"2021-09-16 06:43:14",A302,6f6db310-75e6-4dc3-b490-31f70dfa2fc7
211271,20,21.7,113,8,"2021-09-16 06:44:42",A303,6f6db310-75e6-4dc3-b490-31f70dfa2fc7
211292,22,23.9,72,93,"2021-09-16 07:11:28",A301,6f6db310-75e6-4dc3-b490-31f70dfa2fc7
211294,23,23,100,93,"2021-09-16 07:13:39",A302,6f6db310-75e6-4dc3-b490-31f70dfa2fc7
211300,20,22,114,15,"2021-09-16 07:15:10",A303,6f6db310-75e6-4dc3-b490-31f70dfa2fc7
211316,22,23.9,72,100,"2021-09-16 07:41:59",A301,6f6db310-75e6-4dc3-b490-31f70dfa2fc7
211317,23,23.1,100,100,"2021-09-16 07:44:04",A302,6f6db310-75e6-4dc3-b490-31f70dfa2fc7
211324,20,22.4,115,22,"2021-09-16 07:45:42",A303,6f6db310-75e6-4dc3-b490-31f70dfa2fc7
211344,22,24,71,100,"2021-09-16 08:12:31",A301,6f6db310-75e6-4dc3-b490-31f70dfa2fc7
211345,23,23.4,100,100,"2021-09-16 08:14:31",A302,6f6db310-75e6-4dc3-b490-31f70dfa2fc7
211352,19,22.9,114,36,"2021-09-16 08:17:32",A303,6f6db310-75e6-4dc3-b490-31f70dfa2fc7
211372,22,24.1,71,100,"2021-09-16 08:43:07",A301,6f6db310-75e6-4dc3-b490-31f70dfa2fc7
211374,23,23.7,100,100,"2021-09-16 08:45:01",A302,6f6db310-75e6-4dc3-b490-31f70dfa2fc7
211380,19,23.5,113,50,"2021-09-16 08:47:55",A303,6f6db310-75e6-4dc3-b490-31f70dfa2fc7
211401,22,24.3,71,100,"2021-09-16 09:13:42",A301,6f6db310-75e6-4dc3-b490-31f70dfa2fc7
211403,23,24.2,99,100,"2021-09-16 09:15:30",A302,6f6db310-75e6-4dc3-b490-31f70dfa2fc7
211409,19,24,113,58,"2021-09-16 09:18:16",A303,6f6db310-75e6-4dc3-b490-31f70dfa2fc7
211430,22,24.5,70,100,"2021-09-16 09:44:18",A301,6f6db310-75e6-4dc3-b490-31f70dfa2fc7
211432,23,24.7,99,100,"2021-09-16 09:46:02",A302,6f6db310-75e6-4dc3-b490-31f70dfa2fc7
211438,19,24.5,113,58,"2021-09-16 09:48:41",A303,6f6db310-75e6-4dc3-b490-31f70dfa2fc7
211459,22,24.8,70,100,"2021-09-16 10:14:48",A301,6f6db310-75e6-4dc3-b490-31f70dfa2fc7
211461,23,25.2,99,100,"2021-09-16 10:16:32",A302,6f6db310-75e6-4dc3-b490-31f70dfa2fc7
211467,19,25,114,72,"2021-09-16 10:19:06",A303,6f6db310-75e6-4dc3-b490-31f70dfa2fc7
211487,22,25.1,70,100,"2021-09-16 10:45:25",A301,6f6db310-75e6-4dc3-b490-31f70dfa2fc7
211489,23,25.8,98,100,"2021-09-16 10:47:02",A302,6f6db310-75e6-4dc3-b490-31f70dfa2fc7
211494,19,25.3,114,65,"2021-09-16 10:49:32",A303,6f6db310-75e6-4dc3-b490-31f70dfa2fc7
211513,22,25.4,70,100,"2021-09-16 11:15:58",A301,6f6db310-75e6-4dc3-b490-31f70dfa2fc7
211516,23,26.2,98,100,"2021-09-16 11:17:35",A302,6f6db310-75e6-4dc3-b490-31f70dfa2fc7
211521,19,25.5,113,65,"2021-09-16 11:19:55",A303,6f6db310-75e6-4dc3-b490-31f70dfa2fc7
211541,22,25.7,70,93,"2021-09-16 11:46:33",A301,6f6db310-75e6-4dc3-b490-31f70dfa2fc7
211543,23,26.6,98,93,"2021-09-16 11:48:03",A302,6f6db310-75e6-4dc3-b490-31f70dfa2fc7
211547,19,25.7,112,43,"2021-09-16 11:50:18",A303,6f6db310-75e6-4dc3-b490-31f70dfa2fc7
211569,22,26,70,93,"2021-09-16 12:17:02",A301,6f6db310-75e6-4dc3-b490-31f70dfa2fc7
211571,23,26.9,98,93,"2021-09-16 12:18:27",A302,6f6db310-75e6-4dc3-b490-31f70dfa2fc7
211574,19,25.8,112,22,"2021-09-16 12:20:39",A303,6f6db310-75e6-4dc3-b490-31f70dfa2fc7
211597,22,26.2,70,86,"2021-09-16 12:47:31",A301,6f6db310-75e6-4dc3-b490-31f70dfa2fc7
211600,23,27,100,93,"2021-09-16 12:48:50",A302,6f6db310-75e6-4dc3-b490-31f70dfa2fc7
211604,19,25.7,113,22,"2021-09-16 12:50:56",A303,6f6db310-75e6-4dc3-b490-31f70dfa2fc7
211629,22,26.3,70,86,"2021-09-16 13:18:00",A301,6f6db310-75e6-4dc3-b490-31f70dfa2fc7
211632,23,27,100,93,"2021-09-16 13:19:13",A302,6f6db310-75e6-4dc3-b490-31f70dfa2fc7
211634,19,25.5,111,15,"2021-09-16 13:21:14",A303,6f6db310-75e6-4dc3-b490-31f70dfa2fc7
211657,22,26.4,70,86,"2021-09-16 13:48:28",A301,6f6db310-75e6-4dc3-b490-31f70dfa2fc7
211659,23,26.9,100,86,"2021-09-16 13:49:35",A302,6f6db310-75e6-4dc3-b490-31f70dfa2fc7
211662,19,25.3,114,8,"2021-09-16 13:51:33",A303,6f6db310-75e6-4dc3-b490-31f70dfa2fc7
211686,22,26.4,70,86,"2021-09-16 14:18:57",A301,6f6db310-75e6-4dc3-b490-31f70dfa2fc7
211690,23,26.7,101,86,"2021-09-16 14:19:58",A302,6f6db310-75e6-4dc3-b490-31f70dfa2fc7
211716,22,26.4,70,86,"2021-09-16 14:49:21",A301,6f6db310-75e6-4dc3-b490-31f70dfa2fc7
211720,23,26.5,101,86,"2021-09-16 14:50:12",A302,6f6db310-75e6-4dc3-b490-31f70dfa2fc7
211744,22,26.3,70,86,"2021-09-16 15:19:49",A301,6f6db310-75e6-4dc3-b490-31f70dfa2fc7
211748,23,26.3,101,86,"2021-09-16 15:20:31",A302,6f6db310-75e6-4dc3-b490-31f70dfa2fc7
211774,22,26.2,70,86,"2021-09-16 15:50:14",A301,6f6db310-75e6-4dc3-b490-31f70dfa2fc7
211778,23,26.1,101,86,"2021-09-16 15:50:50",A302,6f6db310-75e6-4dc3-b490-31f70dfa2fc7
211803,22,26.1,70,86,"2021-09-16 16:20:38",A301,6f6db310-75e6-4dc3-b490-31f70dfa2fc7
211807,23,25.9,101,86,"2021-09-16 16:21:08",A302,6f6db310-75e6-4dc3-b490-31f70dfa2fc7
211833,22,26,70,86,"2021-09-16 16:51:05",A301,6f6db310-75e6-4dc3-b490-31f70dfa2fc7
211834,23,25.6,102,86,"2021-09-16 16:51:25",A302,6f6db310-75e6-4dc3-b490-31f70dfa2fc7
211836,23,24,120,0,"2021-09-16 16:53:13",A303,6f6db310-75e6-4dc3-b490-31f70dfa2fc7
211855,23,25.4,102,86,"2021-09-16 17:21:45",A302,6f6db310-75e6-4dc3-b490-31f70dfa2fc7
211867,23,23.6,121,0,"2021-09-16 17:53:35",A303,6f6db310-75e6-4dc3-b490-31f70dfa2fc7
211883,23,23.3,122,0,"2021-09-16 18:54:06",A303,6f6db310-75e6-4dc3-b490-31f70dfa2fc7
211896,23,24.7,101,86,"2021-09-16 19:22:56",A302,6f6db310-75e6-4dc3-b490-31f70dfa2fc7
211898,23,23.2,122,0,"2021-09-16 19:24:22",A303,6f6db310-75e6-4dc3-b490-31f70dfa2fc7
211922,23,24.5,101,86,"2021-09-16 19:53:13",A302,6f6db310-75e6-4dc3-b490-31f70dfa2fc7
211924,22,25.3,70,86,"2021-09-16 19:53:36",A301,6f6db310-75e6-4dc3-b490-31f70dfa2fc7
211926,23,23.1,123,0,"2021-09-16 19:54:39",A303,6f6db310-75e6-4dc3-b490-31f70dfa2fc7
211952,23,24.4,101,86,"2021-09-16 20:23:36",A302,6f6db310-75e6-4dc3-b490-31f70dfa2fc7
211954,22,25.1,70,86,"2021-09-16 20:24:01",A301,6f6db310-75e6-4dc3-b490-31f70dfa2fc7
211956,23,23,123,0,"2021-09-16 20:24:52",A303,6f6db310-75e6-4dc3-b490-31f70dfa2fc7
211982,23,24.2,102,86,"2021-09-16 20:54:00",A302,6f6db310-75e6-4dc3-b490-31f70dfa2fc7
211983,22,25,70,86,"2021-09-16 20:54:27",A301,6f6db310-75e6-4dc3-b490-31f70dfa2fc7
211986,23,22.9,123,0,"2021-09-16 20:55:07",A303,6f6db310-75e6-4dc3-b490-31f70dfa2fc7
212012,23,24.1,101,86,"2021-09-16 21:24:28",A302,6f6db310-75e6-4dc3-b490-31f70dfa2fc7
212014,22,24.9,70,86,"2021-09-16 21:24:51",A301,6f6db310-75e6-4dc3-b490-31f70dfa2fc7
212016,23,22.8,124,0,"2021-09-16 21:25:23",A303,6f6db310-75e6-4dc3-b490-31f70dfa2fc7
212043,23,24,102,86,"2021-09-16 21:54:46",A302,6f6db310-75e6-4dc3-b490-31f70dfa2fc7
212046,22,24.8,70,86,"2021-09-16 21:55:17",A301,6f6db310-75e6-4dc3-b490-31f70dfa2fc7
212047,23,22.6,124,0,"2021-09-16 21:55:38",A303,6f6db310-75e6-4dc3-b490-31f70dfa2fc7
212073,23,23.8,102,86,"2021-09-16 22:25:09",A302,6f6db310-75e6-4dc3-b490-31f70dfa2fc7
212076,22,24.7,69,86,"2021-09-16 22:25:42",A301,6f6db310-75e6-4dc3-b490-31f70dfa2fc7
212077,23,22.5,123,0,"2021-09-16 22:25:52",A303,6f6db310-75e6-4dc3-b490-31f70dfa2fc7
212101,23,23.7,101,86,"2021-09-16 22:55:32",A302,6f6db310-75e6-4dc3-b490-31f70dfa2fc7
212104,22,24.6,70,86,"2021-09-16 22:56:07",A301,6f6db310-75e6-4dc3-b490-31f70dfa2fc7
212105,23,22.4,124,0,"2021-09-16 22:56:08",A303,6f6db310-75e6-4dc3-b490-31f70dfa2fc7
212131,23,23.6,102,86,"2021-09-16 23:25:55",A302,6f6db310-75e6-4dc3-b490-31f70dfa2fc7
212133,23,22.3,124,0,"2021-09-16 23:26:22",A303,6f6db310-75e6-4dc3-b490-31f70dfa2fc7
212134,22,24.5,69,86,"2021-09-16 23:26:31",A301,6f6db310-75e6-4dc3-b490-31f70dfa2fc7
212158,23,23.5,101,86,"2021-09-16 23:56:19",A302,6f6db310-75e6-4dc3-b490-31f70dfa2fc7
212160,23,22.28,125,0,"2021-09-16 23:56:38",A303,6f6db310-75e6-4dc3-b490-31f70dfa2fc7
212162,22,24.4,69,86,"2021-09-16 23:56:57",A301,6f6db310-75e6-4dc3-b490-31f70dfa2fc7
212189,23,23.4,101,86,"2021-09-17 00:26:43",A302,6f6db310-75e6-4dc3-b490-31f70dfa2fc7
212190,23,22.2,124,0,"2021-09-17 00:26:53",A303,6f6db310-75e6-4dc3-b490-31f70dfa2fc7
212192,22,24.3,70,86,"2021-09-17 00:27:21",A301,6f6db310-75e6-4dc3-b490-31f70dfa2fc7
212218,23,23.3,101,86,"2021-09-17 00:57:03",A302,6f6db310-75e6-4dc3-b490-31f70dfa2fc7
212219,23,22.1,124,0,"2021-09-17 00:57:05",A303,6f6db310-75e6-4dc3-b490-31f70dfa2fc7
212222,22,24.3,69,86,"2021-09-17 00:57:48",A301,6f6db310-75e6-4dc3-b490-31f70dfa2fc7
212247,23,22,124,0,"2021-09-17 01:27:19",A303,6f6db310-75e6-4dc3-b490-31f70dfa2fc7
212248,23,23.2,100,86,"2021-09-17 01:27:26",A302,6f6db310-75e6-4dc3-b490-31f70dfa2fc7
212250,22,24.2,69,86,"2021-09-17 01:28:10",A301,6f6db310-75e6-4dc3-b490-31f70dfa2fc7
212275,23,21.9,124,0,"2021-09-17 01:57:38",A303,6f6db310-75e6-4dc3-b490-31f70dfa2fc7
212276,23,23.1,101,86,"2021-09-17 01:57:49",A302,6f6db310-75e6-4dc3-b490-31f70dfa2fc7
212278,22,24.1,69,86,"2021-09-17 01:58:35",A301,6f6db310-75e6-4dc3-b490-31f70dfa2fc7
212293,23,21.8,124,0,"2021-09-17 02:27:49",A303,6f6db310-75e6-4dc3-b490-31f70dfa2fc7
212295,22,24,69,86,"2021-09-17 02:28:59",A301,6f6db310-75e6-4dc3-b490-31f70dfa2fc7
212308,23,21.8,125,0,"2021-09-17 02:58:04",A303,6f6db310-75e6-4dc3-b490-31f70dfa2fc7
212309,23,22.9,101,86,"2021-09-17 02:58:35",A302,6f6db310-75e6-4dc3-b490-31f70dfa2fc7
212310,22,23.9,69,86,"2021-09-17 02:59:24",A301,6f6db310-75e6-4dc3-b490-31f70dfa2fc7
212321,23,21.7,124,0,"2021-09-17 03:28:19",A303,6f6db310-75e6-4dc3-b490-31f70dfa2fc7
212322,23,22.8,101,86,"2021-09-17 03:28:59",A302,6f6db310-75e6-4dc3-b490-31f70dfa2fc7
212325,22,23.8,69,86,"2021-09-17 03:33:30",A301,6f6db310-75e6-4dc3-b490-31f70dfa2fc7
212337,23,21.6,125,0,"2021-09-17 03:58:34",A303,6f6db310-75e6-4dc3-b490-31f70dfa2fc7
212340,22,23.8,69,86,"2021-09-17 04:03:54",A301,6f6db310-75e6-4dc3-b490-31f70dfa2fc7
212350,23,21.6,124,0,"2021-09-17 04:28:47",A303,6f6db310-75e6-4dc3-b490-31f70dfa2fc7
212351,23,22.7,101,86,"2021-09-17 04:29:41",A302,6f6db310-75e6-4dc3-b490-31f70dfa2fc7
212354,22,23.7,69,86,"2021-09-17 04:34:19",A301,6f6db310-75e6-4dc3-b490-31f70dfa2fc7
212367,23,21.5,125,0,"2021-09-17 04:59:03",A303,6f6db310-75e6-4dc3-b490-31f70dfa2fc7
212368,23,22.6,100,86,"2021-09-17 05:00:05",A302,6f6db310-75e6-4dc3-b490-31f70dfa2fc7
212371,22,23.6,69,86,"2021-09-17 05:04:43",A301,6f6db310-75e6-4dc3-b490-31f70dfa2fc7
212385,23,22.6,101,86,"2021-09-17 05:30:32",A302,6f6db310-75e6-4dc3-b490-31f70dfa2fc7
212388,22,23.6,69,86,"2021-09-17 05:35:07",A301,6f6db310-75e6-4dc3-b490-31f70dfa2fc7
212401,23,22.5,100,86,"2021-09-17 06:00:51",A302,6f6db310-75e6-4dc3-b490-31f70dfa2fc7
212404,22,23.5,69,86,"2021-09-17 06:05:32",A301,6f6db310-75e6-4dc3-b490-31f70dfa2fc7
212417,23,21.4,126,0,"2021-09-17 06:29:48",A303,6f6db310-75e6-4dc3-b490-31f70dfa2fc7
212418,23,22.5,101,86,"2021-09-17 06:31:16",A302,6f6db310-75e6-4dc3-b490-31f70dfa2fc7
212421,22,23.4,69,86,"2021-09-17 06:36:00",A301,6f6db310-75e6-4dc3-b490-31f70dfa2fc7
212431,23,22.42,99,93,"2021-09-17 07:01:48",A302,6f6db310-75e6-4dc3-b490-31f70dfa2fc7
212434,22,23.4,69,93,"2021-09-17 07:06:24",A301,6f6db310-75e6-4dc3-b490-31f70dfa2fc7
212445,23,21.5,125,8,"2021-09-17 07:30:23",A303,6f6db310-75e6-4dc3-b490-31f70dfa2fc7
212448,22,23.4,68,93,"2021-09-17 07:36:53",A301,6f6db310-75e6-4dc3-b490-31f70dfa2fc7
212462,23,21.8,124,15,"2021-09-17 08:00:44",A303,6f6db310-75e6-4dc3-b490-31f70dfa2fc7
212464,23,22.6,99,93,"2021-09-17 08:02:43",A302,6f6db310-75e6-4dc3-b490-31f70dfa2fc7
212467,22,23.4,68,93,"2021-09-17 08:07:25",A301,6f6db310-75e6-4dc3-b490-31f70dfa2fc7
212478,23,22.3,125,36,"2021-09-17 08:31:08",A303,6f6db310-75e6-4dc3-b490-31f70dfa2fc7
212480,23,22.8,99,93,"2021-09-17 08:33:17",A302,6f6db310-75e6-4dc3-b490-31f70dfa2fc7
212483,22,23.4,68,93,"2021-09-17 08:37:57",A301,6f6db310-75e6-4dc3-b490-31f70dfa2fc7
212496,23,22.8,125,36,"2021-09-17 09:01:30",A303,6f6db310-75e6-4dc3-b490-31f70dfa2fc7
212498,23,23.2,98,100,"2021-09-17 09:03:50",A302,6f6db310-75e6-4dc3-b490-31f70dfa2fc7
212501,22,23.5,68,100,"2021-09-17 09:08:28",A301,6f6db310-75e6-4dc3-b490-31f70dfa2fc7
212516,23,23.2,125,36,"2021-09-17 09:31:53",A303,6f6db310-75e6-4dc3-b490-31f70dfa2fc7
212518,23,23.6,99,100,"2021-09-17 09:34:26",A302,6f6db310-75e6-4dc3-b490-31f70dfa2fc7
212521,22,23.7,67,100,"2021-09-17 09:39:03",A301,6f6db310-75e6-4dc3-b490-31f70dfa2fc7
212535,23,23.6,125,50,"2021-09-17 10:02:17",A303,6f6db310-75e6-4dc3-b490-31f70dfa2fc7
212537,23,24.1,99,100,"2021-09-17 10:05:00",A302,6f6db310-75e6-4dc3-b490-31f70dfa2fc7
212540,22,24,67,100,"2021-09-17 10:09:34",A301,6f6db310-75e6-4dc3-b490-31f70dfa2fc7
212553,23,24.08,125,65,"2021-09-17 10:32:40",A303,6f6db310-75e6-4dc3-b490-31f70dfa2fc7
212555,23,24.6,98,100,"2021-09-17 10:35:36",A302,6f6db310-75e6-4dc3-b490-31f70dfa2fc7
212558,22,24.3,67,100,"2021-09-17 10:40:09",A301,6f6db310-75e6-4dc3-b490-31f70dfa2fc7
212572,23,24.5,125,72,"2021-09-17 11:03:02",A303,6f6db310-75e6-4dc3-b490-31f70dfa2fc7
212574,23,25.2,98,100,"2021-09-17 11:06:12",A302,6f6db310-75e6-4dc3-b490-31f70dfa2fc7
212577,22,24.6,66,100,"2021-09-17 11:10:41",A301,6f6db310-75e6-4dc3-b490-31f70dfa2fc7
212592,23,24.8,125,72,"2021-09-17 11:33:28",A303,6f6db310-75e6-4dc3-b490-31f70dfa2fc7
212594,23,25.9,98,100,"2021-09-17 11:36:48",A302,6f6db310-75e6-4dc3-b490-31f70dfa2fc7
212597,22,24.9,87,93,"2021-09-17 11:41:17",A301,6f6db310-75e6-4dc3-b490-31f70dfa2fc7
212612,23,25.1,124,79,"2021-09-17 12:03:53",A303,6f6db310-75e6-4dc3-b490-31f70dfa2fc7
212614,23,26.6,98,100,"2021-09-17 12:07:26",A302,6f6db310-75e6-4dc3-b490-31f70dfa2fc7
212616,25,25.3,112,100,"2021-09-17 12:11:42",A301,6f6db310-75e6-4dc3-b490-31f70dfa2fc7
212631,22,25.4,125,86,"2021-09-17 12:34:16",A303,6f6db310-75e6-4dc3-b490-31f70dfa2fc7
212635,25,25.5,109,100,"2021-09-17 12:42:21",A301,6f6db310-75e6-4dc3-b490-31f70dfa2fc7
212649,22,25.6,124,86,"2021-09-17 13:04:43",A303,6f6db310-75e6-4dc3-b490-31f70dfa2fc7
212651,25,25.7,107,100,"2021-09-17 13:12:49",A301,6f6db310-75e6-4dc3-b490-31f70dfa2fc7
212663,22,25.7,125,86,"2021-09-17 13:35:11",A303,6f6db310-75e6-4dc3-b490-31f70dfa2fc7
212666,25,25.8,105,100,"2021-09-17 13:43:23",A301,6f6db310-75e6-4dc3-b490-31f70dfa2fc7
212680,22,25.8,125,86,"2021-09-17 14:05:35",A303,6f6db310-75e6-4dc3-b490-31f70dfa2fc7
212683,25,25.9,104,100,"2021-09-17 14:13:59",A301,6f6db310-75e6-4dc3-b490-31f70dfa2fc7
212698,22,25.9,125,65,"2021-09-17 14:35:58",A303,6f6db310-75e6-4dc3-b490-31f70dfa2fc7
212701,25,25.9,101,86,"2021-09-17 14:44:30",A301,6f6db310-75e6-4dc3-b490-31f70dfa2fc7
212717,25,26,101,86,"2021-09-17 15:15:02",A301,6f6db310-75e6-4dc3-b490-31f70dfa2fc7
212730,22,25.7,125,36,"2021-09-17 15:36:39",A303,6f6db310-75e6-4dc3-b490-31f70dfa2fc7
212734,23,28.5,101,86,"2021-09-17 15:41:35",A302,6f6db310-75e6-4dc3-b490-31f70dfa2fc7
212735,25,26,101,86,"2021-09-17 15:45:29",A301,6f6db310-75e6-4dc3-b490-31f70dfa2fc7
212748,22,25.6,125,22,"2021-09-17 16:06:58",A303,6f6db310-75e6-4dc3-b490-31f70dfa2fc7
212752,23,28.3,101,86,"2021-09-17 16:12:06",A302,6f6db310-75e6-4dc3-b490-31f70dfa2fc7
212753,25,25.9,99,86,"2021-09-17 16:15:57",A301,6f6db310-75e6-4dc3-b490-31f70dfa2fc7
212767,22,25.4,125,15,"2021-09-17 16:37:17",A303,6f6db310-75e6-4dc3-b490-31f70dfa2fc7
212771,25,25.9,98,86,"2021-09-17 16:46:26",A301,6f6db310-75e6-4dc3-b490-31f70dfa2fc7
212784,22,25.2,125,8,"2021-09-17 17:07:34",A303,6f6db310-75e6-4dc3-b490-31f70dfa2fc7
212788,25,25.8,98,86,"2021-09-17 17:16:52",A301,6f6db310-75e6-4dc3-b490-31f70dfa2fc7
212806,25,25.6,97,86,"2021-09-17 18:17:47",A301,6f6db310-75e6-4dc3-b490-31f70dfa2fc7
212815,22,24.7,124,15,"2021-09-17 18:38:29",A303,6f6db310-75e6-4dc3-b490-31f70dfa2fc7
212822,22,24.6,124,15,"2021-09-17 19:08:46",A303,6f6db310-75e6-4dc3-b490-31f70dfa2fc7
212824,23,27,103,86,"2021-09-17 19:14:55",A302,6f6db310-75e6-4dc3-b490-31f70dfa2fc7
212831,22,24.4,124,8,"2021-09-17 19:39:03",A303,6f6db310-75e6-4dc3-b490-31f70dfa2fc7
212836,25,25.3,95,86,"2021-09-17 19:49:11",A301,6f6db310-75e6-4dc3-b490-31f70dfa2fc7
212848,22,24.2,125,8,"2021-09-17 20:09:21",A303,6f6db310-75e6-4dc3-b490-31f70dfa2fc7
212854,25,25.2,95,86,"2021-09-17 20:19:35",A301,6f6db310-75e6-4dc3-b490-31f70dfa2fc7
212865,22,24.1,126,8,"2021-09-17 20:39:40",A303,6f6db310-75e6-4dc3-b490-31f70dfa2fc7
212871,25,25.1,94,86,"2021-09-17 20:50:01",A301,6f6db310-75e6-4dc3-b490-31f70dfa2fc7
212883,22,23.9,126,0,"2021-09-17 21:09:53",A303,6f6db310-75e6-4dc3-b490-31f70dfa2fc7
212888,25,25,94,86,"2021-09-17 21:20:26",A301,6f6db310-75e6-4dc3-b490-31f70dfa2fc7
212899,22,23.7,126,0,"2021-09-17 21:40:10",A303,6f6db310-75e6-4dc3-b490-31f70dfa2fc7
212904,25,24.9,93,86,"2021-09-17 21:50:52",A301,6f6db310-75e6-4dc3-b490-31f70dfa2fc7
212917,22,23.6,125,0,"2021-09-17 22:10:24",A303,6f6db310-75e6-4dc3-b490-31f70dfa2fc7
212921,25,24.8,93,86,"2021-09-17 22:21:18",A301,6f6db310-75e6-4dc3-b490-31f70dfa2fc7
212932,22,23.4,126,0,"2021-09-17 22:40:42",A303,6f6db310-75e6-4dc3-b490-31f70dfa2fc7
212936,25,24.7,92,86,"2021-09-17 22:51:41",A301,6f6db310-75e6-4dc3-b490-31f70dfa2fc7
212947,22,23.3,126,0,"2021-09-17 23:10:55",A303,6f6db310-75e6-4dc3-b490-31f70dfa2fc7
212952,25,24.6,92,86,"2021-09-17 23:22:07",A301,6f6db310-75e6-4dc3-b490-31f70dfa2fc7
212963,22,23.1,125,0,"2021-09-17 23:41:11",A303,6f6db310-75e6-4dc3-b490-31f70dfa2fc7
212968,25,24.5,90,86,"2021-09-17 23:52:32",A301,6f6db310-75e6-4dc3-b490-31f70dfa2fc7
212978,22,23,126,0,"2021-09-18 00:11:27",A303,6f6db310-75e6-4dc3-b490-31f70dfa2fc7
212983,25,24.4,91,86,"2021-09-18 00:22:55",A301,6f6db310-75e6-4dc3-b490-31f70dfa2fc7
212993,22,22.8,125,0,"2021-09-18 00:41:39",A303,6f6db310-75e6-4dc3-b490-31f70dfa2fc7
212998,25,24.3,90,86,"2021-09-18 00:53:18",A301,6f6db310-75e6-4dc3-b490-31f70dfa2fc7
213009,22,22.7,124,0,"2021-09-18 01:11:54",A303,6f6db310-75e6-4dc3-b490-31f70dfa2fc7
213015,25,24.1,89,86,"2021-09-18 01:23:43",A301,6f6db310-75e6-4dc3-b490-31f70dfa2fc7
213024,22,22.6,125,0,"2021-09-18 01:42:10",A303,6f6db310-75e6-4dc3-b490-31f70dfa2fc7
213030,25,24,90,86,"2021-09-18 01:54:06",A301,6f6db310-75e6-4dc3-b490-31f70dfa2fc7
213040,22,22.5,125,0,"2021-09-18 02:12:23",A303,6f6db310-75e6-4dc3-b490-31f70dfa2fc7
213046,25,23.9,89,86,"2021-09-18 02:24:30",A301,6f6db310-75e6-4dc3-b490-31f70dfa2fc7
213056,22,22.4,125,0,"2021-09-18 02:42:37",A303,6f6db310-75e6-4dc3-b490-31f70dfa2fc7
213062,25,23.8,89,86,"2021-09-18 02:54:54",A301,6f6db310-75e6-4dc3-b490-31f70dfa2fc7
213070,22,22.3,125,0,"2021-09-18 03:12:52",A303,6f6db310-75e6-4dc3-b490-31f70dfa2fc7
213076,25,23.7,89,86,"2021-09-18 03:25:20",A301,6f6db310-75e6-4dc3-b490-31f70dfa2fc7
213085,22,22.2,125,0,"2021-09-18 03:43:06",A303,6f6db310-75e6-4dc3-b490-31f70dfa2fc7
213091,25,23.7,88,86,"2021-09-18 03:55:46",A301,6f6db310-75e6-4dc3-b490-31f70dfa2fc7
213100,22,22.1,125,0,"2021-09-18 04:13:21",A303,6f6db310-75e6-4dc3-b490-31f70dfa2fc7
213106,25,23.6,88,86,"2021-09-18 04:26:07",A301,6f6db310-75e6-4dc3-b490-31f70dfa2fc7
213115,22,22,125,0,"2021-09-18 04:43:38",A303,6f6db310-75e6-4dc3-b490-31f70dfa2fc7
213120,23,23.9,102,86,"2021-09-18 04:52:16",A302,6f6db310-75e6-4dc3-b490-31f70dfa2fc7
213122,24,23.5,88,86,"2021-09-18 04:56:31",A301,6f6db310-75e6-4dc3-b490-31f70dfa2fc7
213133,22,21.9,125,0,"2021-09-18 05:13:52",A303,6f6db310-75e6-4dc3-b490-31f70dfa2fc7
213138,23,23.8,102,86,"2021-09-18 05:22:40",A302,6f6db310-75e6-4dc3-b490-31f70dfa2fc7
213141,24,23.4,88,86,"2021-09-18 05:26:55",A301,6f6db310-75e6-4dc3-b490-31f70dfa2fc7
213149,22,21.8,125,0,"2021-09-18 05:44:05",A303,6f6db310-75e6-4dc3-b490-31f70dfa2fc7
213153,23,23.7,101,86,"2021-09-18 05:53:03",A302,6f6db310-75e6-4dc3-b490-31f70dfa2fc7
213156,25,23.3,88,86,"2021-09-18 05:57:21",A301,6f6db310-75e6-4dc3-b490-31f70dfa2fc7
213164,23,21.7,126,0,"2021-09-18 06:14:21",A303,6f6db310-75e6-4dc3-b490-31f70dfa2fc7
213171,25,23.2,87,86,"2021-09-18 06:27:45",A301,6f6db310-75e6-4dc3-b490-31f70dfa2fc7
213181,24,21.7,129,0,"2021-09-18 06:44:35",A303,6f6db310-75e6-4dc3-b490-31f70dfa2fc7
213185,23,23.5,102,86,"2021-09-18 06:53:53",A302,6f6db310-75e6-4dc3-b490-31f70dfa2fc7
213188,25,23.2,87,86,"2021-09-18 06:58:10",A301,6f6db310-75e6-4dc3-b490-31f70dfa2fc7
213199,25,21.7,131,0,"2021-09-18 07:14:52",A303,6f6db310-75e6-4dc3-b490-31f70dfa2fc7
213203,23,23.5,102,86,"2021-09-18 07:24:15",A302,6f6db310-75e6-4dc3-b490-31f70dfa2fc7
213206,25,23.1,89,86,"2021-09-18 07:28:38",A301,6f6db310-75e6-4dc3-b490-31f70dfa2fc7
213215,25,21.8,131,0,"2021-09-18 07:45:09",A303,6f6db310-75e6-4dc3-b490-31f70dfa2fc7
213219,23,23.4,102,86,"2021-09-18 07:54:40",A302,6f6db310-75e6-4dc3-b490-31f70dfa2fc7
213222,26,23,92,86,"2021-09-18 07:59:01",A301,6f6db310-75e6-4dc3-b490-31f70dfa2fc7
213233,25,21.8,132,0,"2021-09-18 08:15:25",A303,6f6db310-75e6-4dc3-b490-31f70dfa2fc7
213236,23,23.4,102,93,"2021-09-18 08:25:07",A302,6f6db310-75e6-4dc3-b490-31f70dfa2fc7
213239,26,23,93,93,"2021-09-18 08:29:29",A301,6f6db310-75e6-4dc3-b490-31f70dfa2fc7
213246,25,21.9,132,8,"2021-09-18 08:45:44",A303,6f6db310-75e6-4dc3-b490-31f70dfa2fc7
213250,23,23.5,102,93,"2021-09-18 08:55:37",A302,6f6db310-75e6-4dc3-b490-31f70dfa2fc7
213253,26,23,94,93,"2021-09-18 08:59:57",A301,6f6db310-75e6-4dc3-b490-31f70dfa2fc7
213262,24,22.2,133,8,"2021-09-18 09:16:03",A303,6f6db310-75e6-4dc3-b490-31f70dfa2fc7
213266,23,23.6,102,93,"2021-09-18 09:26:05",A302,6f6db310-75e6-4dc3-b490-31f70dfa2fc7
213268,26,23,94,93,"2021-09-18 09:30:25",A301,6f6db310-75e6-4dc3-b490-31f70dfa2fc7
213278,24,22.42,132,8,"2021-09-18 09:46:23",A303,6f6db310-75e6-4dc3-b490-31f70dfa2fc7
213283,23,23.7,101,93,"2021-09-18 09:56:37",A302,6f6db310-75e6-4dc3-b490-31f70dfa2fc7
213286,26,23,95,93,"2021-09-18 10:00:56",A301,6f6db310-75e6-4dc3-b490-31f70dfa2fc7
213295,24,22.8,133,15,"2021-09-18 10:16:46",A303,6f6db310-75e6-4dc3-b490-31f70dfa2fc7
213300,23,23.9,101,93,"2021-09-18 10:27:06",A302,6f6db310-75e6-4dc3-b490-31f70dfa2fc7
213303,26,23.1,94,93,"2021-09-18 10:31:25",A301,6f6db310-75e6-4dc3-b490-31f70dfa2fc7
213313,24,23.1,133,29,"2021-09-18 10:48:31",A303,6f6db310-75e6-4dc3-b490-31f70dfa2fc7
213319,26,23.2,94,93,"2021-09-18 11:01:55",A301,6f6db310-75e6-4dc3-b490-31f70dfa2fc7
213325,24,23.4,133,29,"2021-09-18 11:18:52",A303,6f6db310-75e6-4dc3-b490-31f70dfa2fc7
213331,26,23.4,94,93,"2021-09-18 11:32:25",A301,6f6db310-75e6-4dc3-b490-31f70dfa2fc7
213339,24,23.7,131,22,"2021-09-18 11:49:16",A303,6f6db310-75e6-4dc3-b490-31f70dfa2fc7
213344,23,24.6,100,93,"2021-09-18 11:58:37",A302,6f6db310-75e6-4dc3-b490-31f70dfa2fc7
213347,26,23.5,94,93,"2021-09-18 12:02:55",A301,6f6db310-75e6-4dc3-b490-31f70dfa2fc7
213356,24,23.9,132,22,"2021-09-18 12:19:38",A303,6f6db310-75e6-4dc3-b490-31f70dfa2fc7
213361,23,24.8,101,93,"2021-09-18 12:29:06",A302,6f6db310-75e6-4dc3-b490-31f70dfa2fc7
213364,26,23.7,94,93,"2021-09-18 12:33:25",A301,6f6db310-75e6-4dc3-b490-31f70dfa2fc7
213373,24,24,131,22,"2021-09-18 12:50:01",A303,6f6db310-75e6-4dc3-b490-31f70dfa2fc7
213379,23,24.9,100,93,"2021-09-18 12:59:35",A302,6f6db310-75e6-4dc3-b490-31f70dfa2fc7
213381,26,23.8,93,93,"2021-09-18 13:03:54",A301,6f6db310-75e6-4dc3-b490-31f70dfa2fc7
213390,24,24.1,133,15,"2021-09-18 13:20:23",A303,6f6db310-75e6-4dc3-b490-31f70dfa2fc7
213396,23,24.9,101,93,"2021-09-18 13:30:04",A302,6f6db310-75e6-4dc3-b490-31f70dfa2fc7
213398,26,23.9,93,93,"2021-09-18 13:34:24",A301,6f6db310-75e6-4dc3-b490-31f70dfa2fc7
213407,24,24.1,132,15,"2021-09-18 13:50:43",A303,6f6db310-75e6-4dc3-b490-31f70dfa2fc7
213413,23,24.9,99,93,"2021-09-18 14:00:36",A302,6f6db310-75e6-4dc3-b490-31f70dfa2fc7
213415,26,24.1,93,93,"2021-09-18 14:04:51",A301,6f6db310-75e6-4dc3-b490-31f70dfa2fc7
213429,23,24.9,101,93,"2021-09-18 14:31:04",A302,6f6db310-75e6-4dc3-b490-31f70dfa2fc7
213431,26,24.1,93,86,"2021-09-18 14:35:20",A301,6f6db310-75e6-4dc3-b490-31f70dfa2fc7
213441,23,24,131,8,"2021-09-18 14:51:25",A303,6f6db310-75e6-4dc3-b490-31f70dfa2fc7
213447,26,24.2,93,86,"2021-09-18 15:05:48",A301,6f6db310-75e6-4dc3-b490-31f70dfa2fc7
213456,23,24,131,0,"2021-09-18 15:21:45",A303,6f6db310-75e6-4dc3-b490-31f70dfa2fc7
213463,23,24.9,100,86,"2021-09-18 15:31:57",A302,6f6db310-75e6-4dc3-b490-31f70dfa2fc7
213464,26,24.2,92,86,"2021-09-18 15:36:14",A301,6f6db310-75e6-4dc3-b490-31f70dfa2fc7
213474,23,23.9,132,0,"2021-09-18 15:52:05",A303,6f6db310-75e6-4dc3-b490-31f70dfa2fc7
213480,23,24.8,100,86,"2021-09-18 16:02:22",A302,6f6db310-75e6-4dc3-b490-31f70dfa2fc7
213481,26,24.2,91,86,"2021-09-18 16:06:41",A301,6f6db310-75e6-4dc3-b490-31f70dfa2fc7
213491,24,23.8,132,0,"2021-09-18 16:22:22",A303,6f6db310-75e6-4dc3-b490-31f70dfa2fc7
213498,23,24.7,100,86,"2021-09-18 16:32:47",A302,6f6db310-75e6-4dc3-b490-31f70dfa2fc7
213499,26,24.2,92,86,"2021-09-18 16:37:05",A301,6f6db310-75e6-4dc3-b490-31f70dfa2fc7
213508,23,23.6,132,0,"2021-09-18 16:52:41",A303,6f6db310-75e6-4dc3-b490-31f70dfa2fc7
213515,23,24.5,102,86,"2021-09-18 17:03:13",A302,6f6db310-75e6-4dc3-b490-31f70dfa2fc7
213516,26,24.2,92,86,"2021-09-18 17:07:31",A301,6f6db310-75e6-4dc3-b490-31f70dfa2fc7
213524,24,23.5,132,0,"2021-09-18 17:23:01",A303,6f6db310-75e6-4dc3-b490-31f70dfa2fc7
213529,23,24.4,102,86,"2021-09-18 17:33:36",A302,6f6db310-75e6-4dc3-b490-31f70dfa2fc7
213534,24,23.4,132,0,"2021-09-18 17:53:17",A303,6f6db310-75e6-4dc3-b490-31f70dfa2fc7
213540,23,24.3,102,86,"2021-09-18 18:04:01",A302,6f6db310-75e6-4dc3-b490-31f70dfa2fc7
213553,24,23.1,133,0,"2021-09-18 18:53:52",A303,6f6db310-75e6-4dc3-b490-31f70dfa2fc7
213556,23,24,102,86,"2021-09-18 19:04:50",A302,6f6db310-75e6-4dc3-b490-31f70dfa2fc7
213562,24,23,132,0,"2021-09-18 19:24:11",A303,6f6db310-75e6-4dc3-b490-31f70dfa2fc7
213570,23,23.9,102,86,"2021-09-18 19:35:13",A302,6f6db310-75e6-4dc3-b490-31f70dfa2fc7
213571,26,23.9,90,86,"2021-09-18 19:39:37",A301,6f6db310-75e6-4dc3-b490-31f70dfa2fc7
213578,24,22.8,133,0,"2021-09-18 19:54:28",A303,6f6db310-75e6-4dc3-b490-31f70dfa2fc7
213587,23,23.7,102,86,"2021-09-18 20:05:37",A302,6f6db310-75e6-4dc3-b490-31f70dfa2fc7
213588,26,23.8,90,86,"2021-09-18 20:10:01",A301,6f6db310-75e6-4dc3-b490-31f70dfa2fc7
213593,24,22.7,133,0,"2021-09-18 20:24:50",A303,6f6db310-75e6-4dc3-b490-31f70dfa2fc7
213602,23,23.6,102,86,"2021-09-18 20:36:00",A302,6f6db310-75e6-4dc3-b490-31f70dfa2fc7
213603,26,23.7,91,86,"2021-09-18 20:40:27",A301,6f6db310-75e6-4dc3-b490-31f70dfa2fc7
213611,24,22.6,133,0,"2021-09-18 20:55:01",A303,6f6db310-75e6-4dc3-b490-31f70dfa2fc7
213620,23,23.5,102,86,"2021-09-18 21:06:22",A302,6f6db310-75e6-4dc3-b490-31f70dfa2fc7
213621,26,23.7,91,86,"2021-09-18 21:10:50",A301,6f6db310-75e6-4dc3-b490-31f70dfa2fc7
213630,24,22.4,132,0,"2021-09-18 21:25:18",A303,6f6db310-75e6-4dc3-b490-31f70dfa2fc7
213638,23,23.3,102,86,"2021-09-18 21:36:57",A302,6f6db310-75e6-4dc3-b490-31f70dfa2fc7
213639,26,23.6,91,86,"2021-09-18 21:41:15",A301,6f6db310-75e6-4dc3-b490-31f70dfa2fc7
213647,24,22.3,134,0,"2021-09-18 21:55:35",A303,6f6db310-75e6-4dc3-b490-31f70dfa2fc7
213656,23,23.2,101,86,"2021-09-18 22:07:10",A302,6f6db310-75e6-4dc3-b490-31f70dfa2fc7
213657,26,23.5,90,86,"2021-09-18 22:11:37",A301,6f6db310-75e6-4dc3-b490-31f70dfa2fc7
213665,24,22.2,134,0,"2021-09-18 22:25:52",A303,6f6db310-75e6-4dc3-b490-31f70dfa2fc7
213674,23,23.1,102,86,"2021-09-18 22:37:31",A302,6f6db310-75e6-4dc3-b490-31f70dfa2fc7
213675,26,23.4,90,86,"2021-09-18 22:42:02",A301,6f6db310-75e6-4dc3-b490-31f70dfa2fc7
213684,24,22.1,133,0,"2021-09-18 22:56:09",A303,6f6db310-75e6-4dc3-b490-31f70dfa2fc7
213691,23,22.9,101,86,"2021-09-18 23:07:51",A302,6f6db310-75e6-4dc3-b490-31f70dfa2fc7
213692,26,23.3,90,86,"2021-09-18 23:12:27",A301,6f6db310-75e6-4dc3-b490-31f70dfa2fc7
213701,24,21.9,132,0,"2021-09-18 23:26:24",A303,6f6db310-75e6-4dc3-b490-31f70dfa2fc7
213710,23,22.8,102,86,"2021-09-18 23:38:16",A302,6f6db310-75e6-4dc3-b490-31f70dfa2fc7
213711,26,23.2,90,86,"2021-09-18 23:42:50",A301,6f6db310-75e6-4dc3-b490-31f70dfa2fc7
213720,24,21.9,131,0,"2021-09-18 23:56:41",A303,6f6db310-75e6-4dc3-b490-31f70dfa2fc7
213729,23,22.7,102,86,"2021-09-19 00:08:38",A302,6f6db310-75e6-4dc3-b490-31f70dfa2fc7
213730,26,23.1,90,86,"2021-09-19 00:13:17",A301,6f6db310-75e6-4dc3-b490-31f70dfa2fc7
213744,23,22.6,102,86,"2021-09-19 00:39:04",A302,6f6db310-75e6-4dc3-b490-31f70dfa2fc7
213746,28,23,121,86,"2021-09-19 00:43:37",A301,6f6db310-75e6-4dc3-b490-31f70dfa2fc7
213760,23,22.5,102,86,"2021-09-19 01:09:25",A302,6f6db310-75e6-4dc3-b490-31f70dfa2fc7
213762,29,22.9,120,86,"2021-09-19 01:14:01",A301,6f6db310-75e6-4dc3-b490-31f70dfa2fc7
213777,23,22.4,102,86,"2021-09-19 01:39:49",A302,6f6db310-75e6-4dc3-b490-31f70dfa2fc7
213779,29,22.8,119,86,"2021-09-19 01:44:25",A301,6f6db310-75e6-4dc3-b490-31f70dfa2fc7
213795,24,22.22,102,86,"2021-09-19 02:10:12",A302,6f6db310-75e6-4dc3-b490-31f70dfa2fc7
213797,29,22.7,115,86,"2021-09-19 02:14:47",A301,6f6db310-75e6-4dc3-b490-31f70dfa2fc7
213810,24,22.2,103,86,"2021-09-19 02:40:35",A302,6f6db310-75e6-4dc3-b490-31f70dfa2fc7
213812,28,22.6,115,86,"2021-09-19 02:45:12",A301,6f6db310-75e6-4dc3-b490-31f70dfa2fc7
213829,25,22.1,104,86,"2021-09-19 03:10:59",A302,6f6db310-75e6-4dc3-b490-31f70dfa2fc7
213831,28,22.54,113,86,"2021-09-19 03:15:35",A301,6f6db310-75e6-4dc3-b490-31f70dfa2fc7
213847,25,22,106,86,"2021-09-19 03:41:22",A302,6f6db310-75e6-4dc3-b490-31f70dfa2fc7
213849,28,22.5,112,86,"2021-09-19 03:46:00",A301,6f6db310-75e6-4dc3-b490-31f70dfa2fc7
213865,25,21.9,109,86,"2021-09-19 04:11:44",A302,6f6db310-75e6-4dc3-b490-31f70dfa2fc7
213867,28,22.4,111,86,"2021-09-19 04:16:25",A301,6f6db310-75e6-4dc3-b490-31f70dfa2fc7
213882,25,21.8,111,86,"2021-09-19 04:42:16",A302,6f6db310-75e6-4dc3-b490-31f70dfa2fc7
213883,28,22.3,110,86,"2021-09-19 04:46:52",A301,6f6db310-75e6-4dc3-b490-31f70dfa2fc7
213898,25,21.7,114,86,"2021-09-19 05:12:33",A302,6f6db310-75e6-4dc3-b490-31f70dfa2fc7
213900,28,22.3,110,86,"2021-09-19 05:17:11",A301,6f6db310-75e6-4dc3-b490-31f70dfa2fc7
213917,26,21.7,116,93,"2021-09-19 05:42:58",A302,6f6db310-75e6-4dc3-b490-31f70dfa2fc7
213919,28,22.2,109,93,"2021-09-19 05:47:37",A301,6f6db310-75e6-4dc3-b490-31f70dfa2fc7
213926,25,20.9,148,0,"2021-09-19 06:00:02",A303,6f6db310-75e6-4dc3-b490-31f70dfa2fc7
213935,26,21.7,118,93,"2021-09-19 06:13:25",A302,6f6db310-75e6-4dc3-b490-31f70dfa2fc7
213938,28,22.2,108,93,"2021-09-19 06:21:47",A301,6f6db310-75e6-4dc3-b490-31f70dfa2fc7
213942,25,21,147,8,"2021-09-19 06:30:24",A303,6f6db310-75e6-4dc3-b490-31f70dfa2fc7
213951,26,21.7,120,93,"2021-09-19 06:43:57",A302,6f6db310-75e6-4dc3-b490-31f70dfa2fc7
213955,28,22.2,106,93,"2021-09-19 06:52:12",A301,6f6db310-75e6-4dc3-b490-31f70dfa2fc7
213958,25,21.3,146,15,"2021-09-19 07:00:44",A303,6f6db310-75e6-4dc3-b490-31f70dfa2fc7
213967,26,21.9,121,100,"2021-09-19 07:14:25",A302,6f6db310-75e6-4dc3-b490-31f70dfa2fc7
213972,28,22.2,106,100,"2021-09-19 07:22:38",A301,6f6db310-75e6-4dc3-b490-31f70dfa2fc7
213976,25,21.6,145,22,"2021-09-19 07:31:07",A303,6f6db310-75e6-4dc3-b490-31f70dfa2fc7
213985,26,22.1,124,100,"2021-09-19 07:44:57",A302,6f6db310-75e6-4dc3-b490-31f70dfa2fc7
213988,28,22.2,106,100,"2021-09-19 07:53:05",A301,6f6db310-75e6-4dc3-b490-31f70dfa2fc7
213992,25,22.1,145,22,"2021-09-19 08:01:29",A303,6f6db310-75e6-4dc3-b490-31f70dfa2fc7
214002,26,22.4,125,100,"2021-09-19 08:15:28",A302,6f6db310-75e6-4dc3-b490-31f70dfa2fc7
214005,28,22.4,105,100,"2021-09-19 08:23:32",A301,6f6db310-75e6-4dc3-b490-31f70dfa2fc7
214008,25,22.6,145,22,"2021-09-19 08:31:52",A303,6f6db310-75e6-4dc3-b490-31f70dfa2fc7
214016,26,23.1,127,100,"2021-09-19 09:16:33",A302,6f6db310-75e6-4dc3-b490-31f70dfa2fc7
214020,28,22.8,105,100,"2021-09-19 09:24:25",A301,6f6db310-75e6-4dc3-b490-31f70dfa2fc7
214026,24,23.6,144,29,"2021-09-19 09:32:38",A303,6f6db310-75e6-4dc3-b490-31f70dfa2fc7
214035,26,23.5,129,100,"2021-09-19 09:47:05",A302,6f6db310-75e6-4dc3-b490-31f70dfa2fc7
214039,28,23,104,100,"2021-09-19 09:54:52",A301,6f6db310-75e6-4dc3-b490-31f70dfa2fc7
214044,24,24,143,29,"2021-09-19 10:03:02",A303,6f6db310-75e6-4dc3-b490-31f70dfa2fc7
214053,26,23.9,132,100,"2021-09-19 10:17:40",A302,6f6db310-75e6-4dc3-b490-31f70dfa2fc7
214058,28,23.3,103,93,"2021-09-19 10:25:22",A301,6f6db310-75e6-4dc3-b490-31f70dfa2fc7
214062,24,24.4,142,36,"2021-09-19 10:33:25",A303,6f6db310-75e6-4dc3-b490-31f70dfa2fc7
214071,26,24.3,133,100,"2021-09-19 10:48:12",A302,6f6db310-75e6-4dc3-b490-31f70dfa2fc7
214075,27,23.5,103,100,"2021-09-19 10:55:48",A301,6f6db310-75e6-4dc3-b490-31f70dfa2fc7
214080,24,24.6,143,36,"2021-09-19 11:03:49",A303,6f6db310-75e6-4dc3-b490-31f70dfa2fc7
214088,26,24.7,135,100,"2021-09-19 11:18:48",A302,6f6db310-75e6-4dc3-b490-31f70dfa2fc7
214092,27,23.8,103,100,"2021-09-19 11:26:15",A301,6f6db310-75e6-4dc3-b490-31f70dfa2fc7
214098,24,24.7,142,43,"2021-09-19 11:34:15",A303,6f6db310-75e6-4dc3-b490-31f70dfa2fc7
214107,26,24.9,136,100,"2021-09-19 11:49:22",A302,6f6db310-75e6-4dc3-b490-31f70dfa2fc7
214111,27,24,102,100,"2021-09-19 11:56:46",A301,6f6db310-75e6-4dc3-b490-31f70dfa2fc7
214116,24,24.9,141,65,"2021-09-19 12:04:45",A303,6f6db310-75e6-4dc3-b490-31f70dfa2fc7
214125,26,25.1,138,100,"2021-09-19 12:20:00",A302,6f6db310-75e6-4dc3-b490-31f70dfa2fc7
214129,27,24.2,101,100,"2021-09-19 12:27:15",A301,6f6db310-75e6-4dc3-b490-31f70dfa2fc7
214134,24,25.2,141,58,"2021-09-19 12:35:08",A303,6f6db310-75e6-4dc3-b490-31f70dfa2fc7
214142,26,25.4,140,100,"2021-09-19 12:50:36",A302,6f6db310-75e6-4dc3-b490-31f70dfa2fc7
214146,27,24.3,101,100,"2021-09-19 12:57:45",A301,6f6db310-75e6-4dc3-b490-31f70dfa2fc7
214150,24,25.3,142,65,"2021-09-19 13:05:36",A303,6f6db310-75e6-4dc3-b490-31f70dfa2fc7
214159,26,25.7,140,100,"2021-09-19 13:21:14",A302,6f6db310-75e6-4dc3-b490-31f70dfa2fc7
214163,27,24.5,101,100,"2021-09-19 13:28:16",A301,6f6db310-75e6-4dc3-b490-31f70dfa2fc7
214175,26,25.9,142,100,"2021-09-19 13:51:49",A302,6f6db310-75e6-4dc3-b490-31f70dfa2fc7
214179,27,24.6,101,93,"2021-09-19 13:58:45",A301,6f6db310-75e6-4dc3-b490-31f70dfa2fc7
214183,24,25.5,141,50,"2021-09-19 14:06:25",A303,6f6db310-75e6-4dc3-b490-31f70dfa2fc7
214190,26,26,143,100,"2021-09-19 14:22:26",A302,6f6db310-75e6-4dc3-b490-31f70dfa2fc7
214193,27,24.8,100,93,"2021-09-19 14:29:13",A301,6f6db310-75e6-4dc3-b490-31f70dfa2fc7
214199,24,25.5,140,29,"2021-09-19 14:36:49",A303,6f6db310-75e6-4dc3-b490-31f70dfa2fc7
214208,26,26.1,144,93,"2021-09-19 14:52:56",A302,6f6db310-75e6-4dc3-b490-31f70dfa2fc7
214212,27,24.9,100,93,"2021-09-19 14:59:37",A301,6f6db310-75e6-4dc3-b490-31f70dfa2fc7
214218,24,25.4,139,22,"2021-09-19 15:07:10",A303,6f6db310-75e6-4dc3-b490-31f70dfa2fc7
214227,26,26,145,93,"2021-09-19 15:23:27",A302,6f6db310-75e6-4dc3-b490-31f70dfa2fc7
214231,27,24.9,100,86,"2021-09-19 15:30:03",A301,6f6db310-75e6-4dc3-b490-31f70dfa2fc7
214237,24,25.3,142,22,"2021-09-19 15:37:32",A303,6f6db310-75e6-4dc3-b490-31f70dfa2fc7
214246,26,25.9,146,86,"2021-09-19 15:53:56",A302,6f6db310-75e6-4dc3-b490-31f70dfa2fc7
214250,27,25,99,86,"2021-09-19 16:00:27",A301,6f6db310-75e6-4dc3-b490-31f70dfa2fc7
214254,24,25.1,142,8,"2021-09-19 16:07:52",A303,6f6db310-75e6-4dc3-b490-31f70dfa2fc7
214263,26,25.8,148,86,"2021-09-19 16:24:26",A302,6f6db310-75e6-4dc3-b490-31f70dfa2fc7
214267,27,25,99,86,"2021-09-19 16:30:52",A301,6f6db310-75e6-4dc3-b490-31f70dfa2fc7
214272,24,25,141,8,"2021-09-19 16:38:12",A303,6f6db310-75e6-4dc3-b490-31f70dfa2fc7
214281,26,25.7,149,86,"2021-09-19 16:54:56",A302,6f6db310-75e6-4dc3-b490-31f70dfa2fc7
214285,27,25,99,86,"2021-09-19 17:01:15",A301,6f6db310-75e6-4dc3-b490-31f70dfa2fc7
214290,24,24.8,141,0,"2021-09-19 17:08:32",A303,6f6db310-75e6-4dc3-b490-31f70dfa2fc7
214299,26,25.5,149,86,"2021-09-19 17:25:18",A302,6f6db310-75e6-4dc3-b490-31f70dfa2fc7
214302,27,24.9,99,86,"2021-09-19 17:31:38",A301,6f6db310-75e6-4dc3-b490-31f70dfa2fc7
214307,24,24.6,141,0,"2021-09-19 17:38:49",A303,6f6db310-75e6-4dc3-b490-31f70dfa2fc7
214316,26,25.3,150,86,"2021-09-19 17:55:45",A302,6f6db310-75e6-4dc3-b490-31f70dfa2fc7
214320,27,24.9,99,86,"2021-09-19 18:02:00",A301,6f6db310-75e6-4dc3-b490-31f70dfa2fc7
214325,24,24.4,142,0,"2021-09-19 18:09:11",A303,6f6db310-75e6-4dc3-b490-31f70dfa2fc7
214334,26,25.1,150,86,"2021-09-19 18:26:12",A302,6f6db310-75e6-4dc3-b490-31f70dfa2fc7
214337,27,24.8,98,86,"2021-09-19 18:32:22",A301,6f6db310-75e6-4dc3-b490-31f70dfa2fc7
214342,24,24.3,139,0,"2021-09-19 18:39:27",A303,6f6db310-75e6-4dc3-b490-31f70dfa2fc7
214351,26,24.9,151,86,"2021-09-19 18:56:38",A302,6f6db310-75e6-4dc3-b490-31f70dfa2fc7
214355,27,24.7,97,86,"2021-09-19 19:02:43",A301,6f6db310-75e6-4dc3-b490-31f70dfa2fc7
214359,24,24.1,138,0,"2021-09-19 19:09:45",A303,6f6db310-75e6-4dc3-b490-31f70dfa2fc7
214369,26,24.8,151,86,"2021-09-19 19:27:03",A302,6f6db310-75e6-4dc3-b490-31f70dfa2fc7
214373,27,24.6,97,86,"2021-09-19 19:33:06",A301,6f6db310-75e6-4dc3-b490-31f70dfa2fc7
214376,24,23.9,141,0,"2021-09-19 19:40:04",A303,6f6db310-75e6-4dc3-b490-31f70dfa2fc7
214385,26,24.6,151,86,"2021-09-19 19:57:31",A302,6f6db310-75e6-4dc3-b490-31f70dfa2fc7
214389,27,24.5,96,86,"2021-09-19 20:03:28",A301,6f6db310-75e6-4dc3-b490-31f70dfa2fc7
214393,24,23.8,141,0,"2021-09-19 20:10:22",A303,6f6db310-75e6-4dc3-b490-31f70dfa2fc7
214404,26,24.5,151,86,"2021-09-19 20:27:58",A302,6f6db310-75e6-4dc3-b490-31f70dfa2fc7
214408,27,24.4,97,86,"2021-09-19 20:33:51",A301,6f6db310-75e6-4dc3-b490-31f70dfa2fc7
214410,24,23.7,141,0,"2021-09-19 20:40:41",A303,6f6db310-75e6-4dc3-b490-31f70dfa2fc7
214421,26,24.3,152,86,"2021-09-19 20:58:24",A302,6f6db310-75e6-4dc3-b490-31f70dfa2fc7
214424,27,24.36,97,86,"2021-09-19 21:04:13",A301,6f6db310-75e6-4dc3-b490-31f70dfa2fc7
214427,24,23.6,141,0,"2021-09-19 21:11:02",A303,6f6db310-75e6-4dc3-b490-31f70dfa2fc7
214440,27,24.3,97,86,"2021-09-19 21:34:36",A301,6f6db310-75e6-4dc3-b490-31f70dfa2fc7
214443,24,23.5,140,0,"2021-09-19 21:41:16",A303,6f6db310-75e6-4dc3-b490-31f70dfa2fc7
214454,26,24.1,151,86,"2021-09-19 21:59:15",A302,6f6db310-75e6-4dc3-b490-31f70dfa2fc7
214457,27,24.2,96,86,"2021-09-19 22:04:58",A301,6f6db310-75e6-4dc3-b490-31f70dfa2fc7
214461,24,23.4,140,0,"2021-09-19 22:11:36",A303,6f6db310-75e6-4dc3-b490-31f70dfa2fc7
214472,26,24,150,86,"2021-09-19 22:29:41",A302,6f6db310-75e6-4dc3-b490-31f70dfa2fc7
214475,27,24.1,96,86,"2021-09-19 22:35:20",A301,6f6db310-75e6-4dc3-b490-31f70dfa2fc7
214489,26,23.9,151,86,"2021-09-19 23:00:06",A302,6f6db310-75e6-4dc3-b490-31f70dfa2fc7
214492,27,24,96,86,"2021-09-19 23:05:40",A301,6f6db310-75e6-4dc3-b490-31f70dfa2fc7
214496,24,23.1,140,0,"2021-09-19 23:12:11",A303,6f6db310-75e6-4dc3-b490-31f70dfa2fc7
214507,26,23.7,151,86,"2021-09-19 23:30:32",A302,6f6db310-75e6-4dc3-b490-31f70dfa2fc7
214510,27,23.9,95,86,"2021-09-19 23:36:06",A301,6f6db310-75e6-4dc3-b490-31f70dfa2fc7
214514,24,23,141,0,"2021-09-19 23:42:29",A303,6f6db310-75e6-4dc3-b490-31f70dfa2fc7
214523,26,23.6,151,86,"2021-09-20 00:00:58",A302,6f6db310-75e6-4dc3-b490-31f70dfa2fc7
214529,24,22.9,139,0,"2021-09-20 00:12:47",A303,6f6db310-75e6-4dc3-b490-31f70dfa2fc7
214542,27,23.8,95,86,"2021-09-20 00:36:46",A301,6f6db310-75e6-4dc3-b490-31f70dfa2fc7
214546,23,22.8,138,0,"2021-09-20 00:43:05",A303,6f6db310-75e6-4dc3-b490-31f70dfa2fc7
214556,26,23.4,152,86,"2021-09-20 01:01:47",A302,6f6db310-75e6-4dc3-b490-31f70dfa2fc7
214559,27,23.7,95,86,"2021-09-20 01:07:08",A301,6f6db310-75e6-4dc3-b490-31f70dfa2fc7
214563,24,22.7,139,0,"2021-09-20 01:13:23",A303,6f6db310-75e6-4dc3-b490-31f70dfa2fc7
214573,26,23.3,152,86,"2021-09-20 01:32:13",A302,6f6db310-75e6-4dc3-b490-31f70dfa2fc7
214576,27,23.6,95,86,"2021-09-20 01:37:29",A301,6f6db310-75e6-4dc3-b490-31f70dfa2fc7
214579,23,22.6,139,0,"2021-09-20 01:43:40",A303,6f6db310-75e6-4dc3-b490-31f70dfa2fc7
214591,26,23.2,153,86,"2021-09-20 02:02:37",A302,6f6db310-75e6-4dc3-b490-31f70dfa2fc7
214594,27,23.6,94,86,"2021-09-20 02:07:52",A301,6f6db310-75e6-4dc3-b490-31f70dfa2fc7
214597,23,22.6,140,0,"2021-09-20 02:13:56",A303,6f6db310-75e6-4dc3-b490-31f70dfa2fc7
214609,26,23.1,152,86,"2021-09-20 02:33:02",A302,6f6db310-75e6-4dc3-b490-31f70dfa2fc7
214611,27,23.5,94,86,"2021-09-20 02:38:11",A301,6f6db310-75e6-4dc3-b490-31f70dfa2fc7
214614,23,22.5,140,0,"2021-09-20 02:44:15",A303,6f6db310-75e6-4dc3-b490-31f70dfa2fc7
214626,26,23,152,86,"2021-09-20 03:03:27",A302,6f6db310-75e6-4dc3-b490-31f70dfa2fc7
214629,27,23.4,94,86,"2021-09-20 03:08:32",A301,6f6db310-75e6-4dc3-b490-31f70dfa2fc7
214632,23,22.4,140,0,"2021-09-20 03:14:32",A303,6f6db310-75e6-4dc3-b490-31f70dfa2fc7
214644,26,23,153,86,"2021-09-20 03:33:51",A302,6f6db310-75e6-4dc3-b490-31f70dfa2fc7
214648,23,22.3,139,0,"2021-09-20 03:44:49",A303,6f6db310-75e6-4dc3-b490-31f70dfa2fc7
214659,26,22.9,153,86,"2021-09-20 04:04:17",A302,6f6db310-75e6-4dc3-b490-31f70dfa2fc7
214661,27,23.3,94,86,"2021-09-20 04:09:15",A301,6f6db310-75e6-4dc3-b490-31f70dfa2fc7
214664,23,22.3,139,0,"2021-09-20 04:15:06",A303,6f6db310-75e6-4dc3-b490-31f70dfa2fc7
214676,26,22.8,152,86,"2021-09-20 04:34:42",A302,6f6db310-75e6-4dc3-b490-31f70dfa2fc7
214679,27,23.2,94,86,"2021-09-20 04:39:38",A301,6f6db310-75e6-4dc3-b490-31f70dfa2fc7
214682,23,22.2,139,0,"2021-09-20 04:45:24",A303,6f6db310-75e6-4dc3-b490-31f70dfa2fc7
214694,26,22.8,152,86,"2021-09-20 05:05:06",A302,6f6db310-75e6-4dc3-b490-31f70dfa2fc7
214697,27,23.2,93,86,"2021-09-20 05:09:59",A301,6f6db310-75e6-4dc3-b490-31f70dfa2fc7
214700,23,22.1,138,0,"2021-09-20 05:15:42",A303,6f6db310-75e6-4dc3-b490-31f70dfa2fc7
214712,26,22.7,153,93,"2021-09-20 05:35:35",A302,6f6db310-75e6-4dc3-b490-31f70dfa2fc7
214715,27,23.1,93,93,"2021-09-20 05:40:22",A301,6f6db310-75e6-4dc3-b490-31f70dfa2fc7
214716,23,22.1,138,8,"2021-09-20 05:46:03",A303,6f6db310-75e6-4dc3-b490-31f70dfa2fc7
214728,26,22.7,153,93,"2021-09-20 06:06:05",A302,6f6db310-75e6-4dc3-b490-31f70dfa2fc7
214731,27,23.1,92,93,"2021-09-20 06:10:48",A301,6f6db310-75e6-4dc3-b490-31f70dfa2fc7
214734,23,22.2,138,8,"2021-09-20 06:16:27",A303,6f6db310-75e6-4dc3-b490-31f70dfa2fc7
214745,26,22.7,151,93,"2021-09-20 06:36:38",A302,6f6db310-75e6-4dc3-b490-31f70dfa2fc7
214748,27,23.1,91,93,"2021-09-20 06:41:15",A301,6f6db310-75e6-4dc3-b490-31f70dfa2fc7
214751,23,22.4,139,22,"2021-09-20 06:46:48",A303,6f6db310-75e6-4dc3-b490-31f70dfa2fc7
214763,26,22.8,153,93,"2021-09-20 07:07:13",A302,6f6db310-75e6-4dc3-b490-31f70dfa2fc7
214766,27,23.1,92,93,"2021-09-20 07:11:44",A301,6f6db310-75e6-4dc3-b490-31f70dfa2fc7
214769,23,22.8,138,22,"2021-09-20 07:17:14",A303,6f6db310-75e6-4dc3-b490-31f70dfa2fc7
214780,26,23.1,152,100,"2021-09-20 07:37:48",A302,6f6db310-75e6-4dc3-b490-31f70dfa2fc7
214783,27,23.1,91,100,"2021-09-20 07:42:12",A301,6f6db310-75e6-4dc3-b490-31f70dfa2fc7
214785,23,23.2,137,29,"2021-09-20 07:47:38",A303,6f6db310-75e6-4dc3-b490-31f70dfa2fc7
214798,27,23.3,91,100,"2021-09-20 08:12:42",A301,6f6db310-75e6-4dc3-b490-31f70dfa2fc7
214801,23,23.7,139,36,"2021-09-20 08:18:03",A303,6f6db310-75e6-4dc3-b490-31f70dfa2fc7
214811,26,23.8,152,100,"2021-09-20 08:38:59",A302,6f6db310-75e6-4dc3-b490-31f70dfa2fc7
214814,27,23.4,91,100,"2021-09-20 08:43:11",A301,6f6db310-75e6-4dc3-b490-31f70dfa2fc7
214817,23,24.2,138,50,"2021-09-20 08:48:29",A303,6f6db310-75e6-4dc3-b490-31f70dfa2fc7
214827,26,24.2,152,100,"2021-09-20 09:09:35",A302,6f6db310-75e6-4dc3-b490-31f70dfa2fc7
214830,27,23.7,90,93,"2021-09-20 09:13:41",A301,6f6db310-75e6-4dc3-b490-31f70dfa2fc7
214833,23,24.7,138,58,"2021-09-20 09:18:53",A303,6f6db310-75e6-4dc3-b490-31f70dfa2fc7
214846,26,24.6,152,100,"2021-09-20 09:40:11",A302,6f6db310-75e6-4dc3-b490-31f70dfa2fc7
214849,26,23.9,89,100,"2021-09-20 09:44:10",A301,6f6db310-75e6-4dc3-b490-31f70dfa2fc7
214852,23,25.1,135,79,"2021-09-20 09:49:19",A303,6f6db310-75e6-4dc3-b490-31f70dfa2fc7
214866,26,25.1,152,100,"2021-09-20 10:10:47",A302,6f6db310-75e6-4dc3-b490-31f70dfa2fc7
214869,26,24.2,89,100,"2021-09-20 10:14:40",A301,6f6db310-75e6-4dc3-b490-31f70dfa2fc7
214872,23,25.3,137,79,"2021-09-20 10:19:45",A303,6f6db310-75e6-4dc3-b490-31f70dfa2fc7
214889,25,25.6,151,100,"2021-09-20 10:41:23",A302,6f6db310-75e6-4dc3-b490-31f70dfa2fc7
214892,26,24.5,89,100,"2021-09-20 10:45:09",A301,6f6db310-75e6-4dc3-b490-31f70dfa2fc7
214895,23,25.6,137,79,"2021-09-20 10:50:13",A303,6f6db310-75e6-4dc3-b490-31f70dfa2fc7
214911,25,26.1,153,100,"2021-09-20 11:12:00",A302,6f6db310-75e6-4dc3-b490-31f70dfa2fc7
214914,26,24.9,88,100,"2021-09-20 11:15:38",A301,6f6db310-75e6-4dc3-b490-31f70dfa2fc7
214917,23,25.9,138,86,"2021-09-20 11:20:38",A303,6f6db310-75e6-4dc3-b490-31f70dfa2fc7
214936,26,25.1,88,100,"2021-09-20 11:46:09",A301,6f6db310-75e6-4dc3-b490-31f70dfa2fc7
214940,23,26.3,137,86,"2021-09-20 11:51:06",A303,6f6db310-75e6-4dc3-b490-31f70dfa2fc7
214952,25,27.3,152,100,"2021-09-20 12:13:15",A302,6f6db310-75e6-4dc3-b490-31f70dfa2fc7
214954,26,25.4,88,100,"2021-09-20 12:16:39",A301,6f6db310-75e6-4dc3-b490-31f70dfa2fc7
214957,23,26.6,136,86,"2021-09-20 12:21:31",A303,6f6db310-75e6-4dc3-b490-31f70dfa2fc7
214975,26,25.7,88,100,"2021-09-20 12:47:08",A301,6f6db310-75e6-4dc3-b490-31f70dfa2fc7
214978,23,26.7,137,86,"2021-09-20 12:51:56",A303,6f6db310-75e6-4dc3-b490-31f70dfa2fc7
214995,25,27.9,153,100,"2021-09-20 13:14:25",A302,6f6db310-75e6-4dc3-b490-31f70dfa2fc7
214997,26,26,88,100,"2021-09-20 13:17:38",A301,6f6db310-75e6-4dc3-b490-31f70dfa2fc7
215019,25,27.9,153,100,"2021-09-20 13:45:02",A302,6f6db310-75e6-4dc3-b490-31f70dfa2fc7
215021,26,26.1,87,100,"2021-09-20 13:48:08",A301,6f6db310-75e6-4dc3-b490-31f70dfa2fc7
215025,23,26.6,137,86,"2021-09-20 13:54:06",A303,6f6db310-75e6-4dc3-b490-31f70dfa2fc7
215049,26,26.3,87,100,"2021-09-20 14:18:38",A301,6f6db310-75e6-4dc3-b490-31f70dfa2fc7
215053,23,26.6,137,86,"2021-09-20 14:24:31",A303,6f6db310-75e6-4dc3-b490-31f70dfa2fc7
215074,25,28,156,93,"2021-09-20 14:46:29",A302,6f6db310-75e6-4dc3-b490-31f70dfa2fc7
215075,26,26.4,87,93,"2021-09-20 14:49:08",A301,6f6db310-75e6-4dc3-b490-31f70dfa2fc7
215078,23,26.5,137,86,"2021-09-20 14:54:54",A303,6f6db310-75e6-4dc3-b490-31f70dfa2fc7
215099,26,26.4,87,86,"2021-09-20 15:19:37",A301,6f6db310-75e6-4dc3-b490-31f70dfa2fc7
215103,23,26.5,137,72,"2021-09-20 15:25:18",A303,6f6db310-75e6-4dc3-b490-31f70dfa2fc7
215122,25,28,156,86,"2021-09-20 15:47:26",A302,6f6db310-75e6-4dc3-b490-31f70dfa2fc7
215127,23,26.4,137,36,"2021-09-20 15:55:36",A303,6f6db310-75e6-4dc3-b490-31f70dfa2fc7
215149,25,27.9,157,86,"2021-09-20 16:17:56",A302,6f6db310-75e6-4dc3-b490-31f70dfa2fc7
215150,26,26.5,87,86,"2021-09-20 16:20:29",A301,6f6db310-75e6-4dc3-b490-31f70dfa2fc7
215155,23,26.2,137,15,"2021-09-20 16:25:55",A303,6f6db310-75e6-4dc3-b490-31f70dfa2fc7
215179,25,27.7,156,86,"2021-09-20 16:48:26",A302,6f6db310-75e6-4dc3-b490-31f70dfa2fc7
215180,26,26.5,87,86,"2021-09-20 16:50:57",A301,6f6db310-75e6-4dc3-b490-31f70dfa2fc7
215184,23,25.9,137,8,"2021-09-20 16:56:13",A303,6f6db310-75e6-4dc3-b490-31f70dfa2fc7
215206,26,26.4,87,86,"2021-09-20 17:21:17",A301,6f6db310-75e6-4dc3-b490-31f70dfa2fc7
215211,23,25.7,137,0,"2021-09-20 17:26:30",A303,6f6db310-75e6-4dc3-b490-31f70dfa2fc7
215233,26,26.4,87,86,"2021-09-20 17:51:39",A301,6f6db310-75e6-4dc3-b490-31f70dfa2fc7
215238,23,25.5,138,0,"2021-09-20 17:56:47",A303,6f6db310-75e6-4dc3-b490-31f70dfa2fc7
215258,26,26.3,86,86,"2021-09-20 18:22:02",A301,6f6db310-75e6-4dc3-b490-31f70dfa2fc7
215263,23,25.3,136,0,"2021-09-20 18:27:03",A303,6f6db310-75e6-4dc3-b490-31f70dfa2fc7
215283,25,26.7,157,86,"2021-09-20 18:50:14",A302,6f6db310-75e6-4dc3-b490-31f70dfa2fc7
215285,26,26.2,87,86,"2021-09-20 18:52:24",A301,6f6db310-75e6-4dc3-b490-31f70dfa2fc7
215290,23,25.1,138,0,"2021-09-20 18:57:19",A303,6f6db310-75e6-4dc3-b490-31f70dfa2fc7
215311,25,26.5,157,86,"2021-09-20 19:20:39",A302,6f6db310-75e6-4dc3-b490-31f70dfa2fc7
215313,26,26.1,87,86,"2021-09-20 19:22:46",A301,6f6db310-75e6-4dc3-b490-31f70dfa2fc7
215318,23,24.9,138,0,"2021-09-20 19:27:34",A303,6f6db310-75e6-4dc3-b490-31f70dfa2fc7
215339,25,26.26,157,86,"2021-09-20 19:51:04",A302,6f6db310-75e6-4dc3-b490-31f70dfa2fc7
215341,26,25.9,87,86,"2021-09-20 19:53:11",A301,6f6db310-75e6-4dc3-b490-31f70dfa2fc7
215346,23,24.7,137,0,"2021-09-20 19:57:49",A303,6f6db310-75e6-4dc3-b490-31f70dfa2fc7
215367,25,26,158,86,"2021-09-20 20:21:31",A302,6f6db310-75e6-4dc3-b490-31f70dfa2fc7
215369,26,25.8,87,86,"2021-09-20 20:23:31",A301,6f6db310-75e6-4dc3-b490-31f70dfa2fc7
215392,25,25.8,158,86,"2021-09-20 20:51:57",A302,6f6db310-75e6-4dc3-b490-31f70dfa2fc7
215394,26,25.7,86,86,"2021-09-20 20:53:56",A301,6f6db310-75e6-4dc3-b490-31f70dfa2fc7
215398,23,24.4,137,0,"2021-09-20 20:58:21",A303,6f6db310-75e6-4dc3-b490-31f70dfa2fc7
215420,25,25.6,158,86,"2021-09-20 21:22:22",A302,6f6db310-75e6-4dc3-b490-31f70dfa2fc7
215421,26,25.5,87,86,"2021-09-20 21:24:14",A301,6f6db310-75e6-4dc3-b490-31f70dfa2fc7
215425,23,24.2,137,0,"2021-09-20 21:28:36",A303,6f6db310-75e6-4dc3-b490-31f70dfa2fc7
215448,26,25.4,86,86,"2021-09-20 21:54:36",A301,6f6db310-75e6-4dc3-b490-31f70dfa2fc7
215451,23,24.1,137,0,"2021-09-20 21:58:52",A303,6f6db310-75e6-4dc3-b490-31f70dfa2fc7
215474,25,25.2,157,86,"2021-09-20 22:23:14",A302,6f6db310-75e6-4dc3-b490-31f70dfa2fc7
215477,26,25.3,87,86,"2021-09-20 22:25:00",A301,6f6db310-75e6-4dc3-b490-31f70dfa2fc7
215479,23,24,136,0,"2021-09-20 22:29:07",A303,6f6db310-75e6-4dc3-b490-31f70dfa2fc7
215502,25,25.1,157,86,"2021-09-20 22:53:39",A302,6f6db310-75e6-4dc3-b490-31f70dfa2fc7
215505,26,25.2,87,86,"2021-09-20 22:55:20",A301,6f6db310-75e6-4dc3-b490-31f70dfa2fc7
215507,23,23.9,136,0,"2021-09-20 22:59:24",A303,6f6db310-75e6-4dc3-b490-31f70dfa2fc7
215530,25,25,157,86,"2021-09-20 23:24:06",A302,6f6db310-75e6-4dc3-b490-31f70dfa2fc7
215533,26,25.1,87,86,"2021-09-20 23:25:43",A301,6f6db310-75e6-4dc3-b490-31f70dfa2fc7
215535,23,23.7,137,0,"2021-09-20 23:29:40",A303,6f6db310-75e6-4dc3-b490-31f70dfa2fc7
215558,25,24.8,158,86,"2021-09-20 23:54:33",A302,6f6db310-75e6-4dc3-b490-31f70dfa2fc7
215561,26,25,86,86,"2021-09-20 23:56:04",A301,6f6db310-75e6-4dc3-b490-31f70dfa2fc7
215563,23,23.6,137,0,"2021-09-20 23:59:55",A303,6f6db310-75e6-4dc3-b490-31f70dfa2fc7
215586,25,24.7,158,86,"2021-09-21 00:24:57",A302,6f6db310-75e6-4dc3-b490-31f70dfa2fc7
215589,26,24.9,86,86,"2021-09-21 00:26:26",A301,6f6db310-75e6-4dc3-b490-31f70dfa2fc7
215591,23,23.5,136,0,"2021-09-21 00:30:12",A303,6f6db310-75e6-4dc3-b490-31f70dfa2fc7
215614,25,24.6,158,86,"2021-09-21 00:55:23",A302,6f6db310-75e6-4dc3-b490-31f70dfa2fc7
215617,26,24.8,86,86,"2021-09-21 00:56:47",A301,6f6db310-75e6-4dc3-b490-31f70dfa2fc7
215619,23,23.4,136,0,"2021-09-21 01:00:26",A303,6f6db310-75e6-4dc3-b490-31f70dfa2fc7
215642,25,24.5,158,86,"2021-09-21 01:25:50",A302,6f6db310-75e6-4dc3-b490-31f70dfa2fc7
215645,26,24.7,86,86,"2021-09-21 01:27:12",A301,6f6db310-75e6-4dc3-b490-31f70dfa2fc7
215648,23,23.4,137,0,"2021-09-21 01:30:41",A303,6f6db310-75e6-4dc3-b490-31f70dfa2fc7
215671,25,24.4,157,86,"2021-09-21 01:56:10",A302,6f6db310-75e6-4dc3-b490-31f70dfa2fc7
215673,26,24.6,86,86,"2021-09-21 01:57:31",A301,6f6db310-75e6-4dc3-b490-31f70dfa2fc7
215676,23,23.3,137,0,"2021-09-21 02:00:57",A303,6f6db310-75e6-4dc3-b490-31f70dfa2fc7
215697,25,24.3,156,86,"2021-09-21 02:26:32",A302,6f6db310-75e6-4dc3-b490-31f70dfa2fc7
215699,26,24.5,86,86,"2021-09-21 02:27:52",A301,6f6db310-75e6-4dc3-b490-31f70dfa2fc7
215702,23,23.2,137,0,"2021-09-21 02:31:11",A303,6f6db310-75e6-4dc3-b490-31f70dfa2fc7
215724,25,24.2,156,86,"2021-09-21 02:56:56",A302,6f6db310-75e6-4dc3-b490-31f70dfa2fc7
215726,26,24.46,86,86,"2021-09-21 02:58:12",A301,6f6db310-75e6-4dc3-b490-31f70dfa2fc7
215728,23,23.1,136,0,"2021-09-21 03:01:27",A303,6f6db310-75e6-4dc3-b490-31f70dfa2fc7
215752,25,24,156,86,"2021-09-21 03:27:16",A302,6f6db310-75e6-4dc3-b490-31f70dfa2fc7
215754,26,24.4,86,86,"2021-09-21 03:28:33",A301,6f6db310-75e6-4dc3-b490-31f70dfa2fc7
215756,23,23,136,0,"2021-09-21 03:31:40",A303,6f6db310-75e6-4dc3-b490-31f70dfa2fc7
215780,25,23.9,156,86,"2021-09-21 03:57:39",A302,6f6db310-75e6-4dc3-b490-31f70dfa2fc7
215782,26,24.3,85,86,"2021-09-21 03:58:54",A301,6f6db310-75e6-4dc3-b490-31f70dfa2fc7
215784,23,22.8,137,0,"2021-09-21 04:01:54",A303,6f6db310-75e6-4dc3-b490-31f70dfa2fc7
215806,25,23.8,156,86,"2021-09-21 04:28:00",A302,6f6db310-75e6-4dc3-b490-31f70dfa2fc7
215808,26,24.2,85,86,"2021-09-21 04:29:13",A301,6f6db310-75e6-4dc3-b490-31f70dfa2fc7
215810,23,22.7,136,0,"2021-09-21 04:32:07",A303,6f6db310-75e6-4dc3-b490-31f70dfa2fc7
215832,25,23.6,157,93,"2021-09-21 04:58:23",A302,6f6db310-75e6-4dc3-b490-31f70dfa2fc7
215834,26,24.1,85,93,"2021-09-21 04:59:40",A301,6f6db310-75e6-4dc3-b490-31f70dfa2fc7
215836,23,22.6,134,0,"2021-09-21 05:02:27",A303,6f6db310-75e6-4dc3-b490-31f70dfa2fc7
215861,25,23.5,157,93,"2021-09-21 05:28:49",A302,6f6db310-75e6-4dc3-b490-31f70dfa2fc7
215863,26,24,86,93,"2021-09-21 05:29:57",A301,6f6db310-75e6-4dc3-b490-31f70dfa2fc7
215865,23,22.5,136,8,"2021-09-21 05:32:42",A303,6f6db310-75e6-4dc3-b490-31f70dfa2fc7
215890,25,23.4,157,93,"2021-09-21 05:59:17",A302,6f6db310-75e6-4dc3-b490-31f70dfa2fc7
215892,26,23.9,85,93,"2021-09-21 06:00:22",A301,6f6db310-75e6-4dc3-b490-31f70dfa2fc7
215894,23,22.6,134,8,"2021-09-21 06:02:59",A303,6f6db310-75e6-4dc3-b490-31f70dfa2fc7
215918,26,23.9,84,93,"2021-09-21 06:30:47",A301,6f6db310-75e6-4dc3-b490-31f70dfa2fc7
215920,23,22.6,134,8,"2021-09-21 06:33:18",A303,6f6db310-75e6-4dc3-b490-31f70dfa2fc7
215944,26,23.9,84,93,"2021-09-21 07:01:13",A301,6f6db310-75e6-4dc3-b490-31f70dfa2fc7
215946,23,22.8,135,22,"2021-09-21 07:03:37",A303,6f6db310-75e6-4dc3-b490-31f70dfa2fc7
215972,26,23.9,84,100,"2021-09-21 07:31:41",A301,6f6db310-75e6-4dc3-b490-31f70dfa2fc7
215974,22,23.1,136,29,"2021-09-21 07:33:59",A303,6f6db310-75e6-4dc3-b490-31f70dfa2fc7
215999,26,23.9,84,100,"2021-09-21 08:02:12",A301,6f6db310-75e6-4dc3-b490-31f70dfa2fc7
216001,22,23.6,134,50,"2021-09-21 08:04:20",A303,6f6db310-75e6-4dc3-b490-31f70dfa2fc7
216026,26,24.1,84,100,"2021-09-21 08:32:39",A301,6f6db310-75e6-4dc3-b490-31f70dfa2fc7
216028,22,24.2,135,65,"2021-09-21 08:34:45",A303,6f6db310-75e6-4dc3-b490-31f70dfa2fc7
216053,22,24.8,134,72,"2021-09-21 09:05:08",A303,6f6db310-75e6-4dc3-b490-31f70dfa2fc7
216055,26,24.3,83,100,"2021-09-21 09:06:58",A301,6f6db310-75e6-4dc3-b490-31f70dfa2fc7
216076,25,25,155,100,"2021-09-21 09:33:00",A302,6f6db310-75e6-4dc3-b490-31f70dfa2fc7
216079,22,25.3,135,72,"2021-09-21 09:35:31",A303,6f6db310-75e6-4dc3-b490-31f70dfa2fc7
216081,26,24.5,82,100,"2021-09-21 09:37:21",A301,6f6db310-75e6-4dc3-b490-31f70dfa2fc7
216103,25,25.6,155,100,"2021-09-21 10:03:35",A302,6f6db310-75e6-4dc3-b490-31f70dfa2fc7
216107,25,24.9,82,100,"2021-09-21 10:07:44",A301,6f6db310-75e6-4dc3-b490-31f70dfa2fc7
216129,25,26.18,153,100,"2021-09-21 10:34:10",A302,6f6db310-75e6-4dc3-b490-31f70dfa2fc7
216133,25,25.2,82,100,"2021-09-21 10:38:07",A301,6f6db310-75e6-4dc3-b490-31f70dfa2fc7
216155,25,26.8,154,100,"2021-09-21 11:04:48",A302,6f6db310-75e6-4dc3-b490-31f70dfa2fc7
216158,22,26.3,136,58,"2021-09-21 11:06:36",A303,6f6db310-75e6-4dc3-b490-31f70dfa2fc7
216181,25,27.5,154,100,"2021-09-21 11:35:26",A302,6f6db310-75e6-4dc3-b490-31f70dfa2fc7
216183,22,26.7,136,65,"2021-09-21 11:36:59",A303,6f6db310-75e6-4dc3-b490-31f70dfa2fc7
216185,25,25.9,80,100,"2021-09-21 11:38:56",A301,6f6db310-75e6-4dc3-b490-31f70dfa2fc7
216207,25,28.1,154,100,"2021-09-21 12:06:05",A302,6f6db310-75e6-4dc3-b490-31f70dfa2fc7
216210,22,27,136,79,"2021-09-21 12:07:26",A303,6f6db310-75e6-4dc3-b490-31f70dfa2fc7
216212,25,26.2,80,100,"2021-09-21 12:09:23",A301,6f6db310-75e6-4dc3-b490-31f70dfa2fc7
216233,25,28.7,155,100,"2021-09-21 12:36:44",A302,6f6db310-75e6-4dc3-b490-31f70dfa2fc7
216236,22,27.3,133,72,"2021-09-21 12:37:52",A303,6f6db310-75e6-4dc3-b490-31f70dfa2fc7
216238,25,26.5,80,100,"2021-09-21 12:39:47",A301,6f6db310-75e6-4dc3-b490-31f70dfa2fc7
216262,22,27.4,136,79,"2021-09-21 13:08:20",A303,6f6db310-75e6-4dc3-b490-31f70dfa2fc7
216264,25,26.8,79,100,"2021-09-21 13:10:14",A301,6f6db310-75e6-4dc3-b490-31f70dfa2fc7
216285,25,29.6,162,100,"2021-09-21 13:38:04",A302,6f6db310-75e6-4dc3-b490-31f70dfa2fc7
216288,22,27.4,136,79,"2021-09-21 13:38:47",A303,6f6db310-75e6-4dc3-b490-31f70dfa2fc7
216291,25,27.1,79,100,"2021-09-21 13:40:41",A301,6f6db310-75e6-4dc3-b490-31f70dfa2fc7
216313,25,30,163,100,"2021-09-21 14:08:46",A302,6f6db310-75e6-4dc3-b490-31f70dfa2fc7
216315,22,27.4,136,79,"2021-09-21 14:09:15",A303,6f6db310-75e6-4dc3-b490-31f70dfa2fc7
216317,25,27.3,79,100,"2021-09-21 14:11:08",A301,6f6db310-75e6-4dc3-b490-31f70dfa2fc7
216341,25,30.2,164,100,"2021-09-21 14:39:28",A302,6f6db310-75e6-4dc3-b490-31f70dfa2fc7
216342,22,27.3,135,86,"2021-09-21 14:39:46",A303,6f6db310-75e6-4dc3-b490-31f70dfa2fc7
216345,25,27.5,78,93,"2021-09-21 14:41:35",A301,6f6db310-75e6-4dc3-b490-31f70dfa2fc7
216368,25,30.3,164,93,"2021-09-21 15:10:04",A302,6f6db310-75e6-4dc3-b490-31f70dfa2fc7
216369,22,27.2,135,86,"2021-09-21 15:10:10",A303,6f6db310-75e6-4dc3-b490-31f70dfa2fc7
216372,25,27.6,79,86,"2021-09-21 15:12:02",A301,6f6db310-75e6-4dc3-b490-31f70dfa2fc7
216395,22,27,135,86,"2021-09-21 15:40:36",A303,6f6db310-75e6-4dc3-b490-31f70dfa2fc7
216396,25,30.3,165,86,"2021-09-21 15:40:42",A302,6f6db310-75e6-4dc3-b490-31f70dfa2fc7
216398,24,27.74,78,86,"2021-09-21 15:42:26",A301,6f6db310-75e6-4dc3-b490-31f70dfa2fc7
216420,22,26.9,137,50,"2021-09-21 16:10:56",A303,6f6db310-75e6-4dc3-b490-31f70dfa2fc7
216422,25,30.2,165,86,"2021-09-21 16:11:15",A302,6f6db310-75e6-4dc3-b490-31f70dfa2fc7
216424,24,27.8,79,86,"2021-09-21 16:12:46",A301,6f6db310-75e6-4dc3-b490-31f70dfa2fc7
216447,22,26.7,136,50,"2021-09-21 16:41:18",A303,6f6db310-75e6-4dc3-b490-31f70dfa2fc7
216449,25,30,166,86,"2021-09-21 16:41:45",A302,6f6db310-75e6-4dc3-b490-31f70dfa2fc7
216451,24,27.9,79,86,"2021-09-21 16:43:07",A301,6f6db310-75e6-4dc3-b490-31f70dfa2fc7
216475,25,29.7,166,86,"2021-09-21 17:12:15",A302,6f6db310-75e6-4dc3-b490-31f70dfa2fc7
216477,24,27.9,79,86,"2021-09-21 17:13:25",A301,6f6db310-75e6-4dc3-b490-31f70dfa2fc7
216501,22,26.3,136,29,"2021-09-21 17:41:57",A303,6f6db310-75e6-4dc3-b490-31f70dfa2fc7
216503,25,29.5,167,86,"2021-09-21 17:42:42",A302,6f6db310-75e6-4dc3-b490-31f70dfa2fc7
216505,24,27.8,79,86,"2021-09-21 17:43:44",A301,6f6db310-75e6-4dc3-b490-31f70dfa2fc7
216529,22,26,136,15,"2021-09-21 18:12:14",A303,6f6db310-75e6-4dc3-b490-31f70dfa2fc7
216531,25,29.2,166,86,"2021-09-21 18:13:10",A302,6f6db310-75e6-4dc3-b490-31f70dfa2fc7
216533,24,27.8,80,86,"2021-09-21 18:14:01",A301,6f6db310-75e6-4dc3-b490-31f70dfa2fc7
216556,22,25.8,136,8,"2021-09-21 18:42:30",A303,6f6db310-75e6-4dc3-b490-31f70dfa2fc7
216558,25,28.9,167,86,"2021-09-21 18:43:36",A302,6f6db310-75e6-4dc3-b490-31f70dfa2fc7
216560,24,27.7,80,86,"2021-09-21 18:44:17",A301,6f6db310-75e6-4dc3-b490-31f70dfa2fc7
216582,22,25.5,134,8,"2021-09-21 19:12:47",A303,6f6db310-75e6-4dc3-b490-31f70dfa2fc7
216584,25,28.6,165,86,"2021-09-21 19:13:59",A302,6f6db310-75e6-4dc3-b490-31f70dfa2fc7
216586,24,27.6,79,86,"2021-09-21 19:14:34",A301,6f6db310-75e6-4dc3-b490-31f70dfa2fc7
216609,22,25.3,137,8,"2021-09-21 19:43:05",A303,6f6db310-75e6-4dc3-b490-31f70dfa2fc7
216611,25,28.3,166,86,"2021-09-21 19:44:25",A302,6f6db310-75e6-4dc3-b490-31f70dfa2fc7
216613,24,27.5,79,86,"2021-09-21 19:44:50",A301,6f6db310-75e6-4dc3-b490-31f70dfa2fc7
216635,22,25,137,0,"2021-09-21 20:13:21",A303,6f6db310-75e6-4dc3-b490-31f70dfa2fc7
216638,25,28,166,86,"2021-09-21 20:14:51",A302,6f6db310-75e6-4dc3-b490-31f70dfa2fc7
216639,24,27.3,79,86,"2021-09-21 20:15:06",A301,6f6db310-75e6-4dc3-b490-31f70dfa2fc7
216663,22,24.86,136,0,"2021-09-21 20:43:37",A303,6f6db310-75e6-4dc3-b490-31f70dfa2fc7
216666,25,27.8,166,86,"2021-09-21 20:45:16",A302,6f6db310-75e6-4dc3-b490-31f70dfa2fc7
216667,24,27.2,79,86,"2021-09-21 20:45:21",A301,6f6db310-75e6-4dc3-b490-31f70dfa2fc7
216688,22,24.7,137,0,"2021-09-21 21:13:53",A303,6f6db310-75e6-4dc3-b490-31f70dfa2fc7
216691,24,27.1,79,86,"2021-09-21 21:15:36",A301,6f6db310-75e6-4dc3-b490-31f70dfa2fc7
216692,25,27.5,165,86,"2021-09-21 21:15:40",A302,6f6db310-75e6-4dc3-b490-31f70dfa2fc7
216714,22,24.5,137,0,"2021-09-21 21:44:09",A303,6f6db310-75e6-4dc3-b490-31f70dfa2fc7
216716,24,26.9,79,86,"2021-09-21 21:45:53",A301,6f6db310-75e6-4dc3-b490-31f70dfa2fc7
216717,25,27.3,165,86,"2021-09-21 21:46:02",A302,6f6db310-75e6-4dc3-b490-31f70dfa2fc7
216740,22,24.3,137,0,"2021-09-21 22:14:24",A303,6f6db310-75e6-4dc3-b490-31f70dfa2fc7
216743,24,26.8,80,86,"2021-09-21 22:16:06",A301,6f6db310-75e6-4dc3-b490-31f70dfa2fc7
216744,25,27,166,86,"2021-09-21 22:16:26",A302,6f6db310-75e6-4dc3-b490-31f70dfa2fc7
216767,22,24.1,136,0,"2021-09-21 22:44:41",A303,6f6db310-75e6-4dc3-b490-31f70dfa2fc7
216770,24,26.7,79,86,"2021-09-21 22:46:21",A301,6f6db310-75e6-4dc3-b490-31f70dfa2fc7
216771,25,26.8,165,86,"2021-09-21 22:46:49",A302,6f6db310-75e6-4dc3-b490-31f70dfa2fc7
216793,22,23.9,135,0,"2021-09-21 23:14:54",A303,6f6db310-75e6-4dc3-b490-31f70dfa2fc7
216796,25,26.5,79,86,"2021-09-21 23:16:35",A301,6f6db310-75e6-4dc3-b490-31f70dfa2fc7
216798,25,26.6,166,86,"2021-09-21 23:17:11",A302,6f6db310-75e6-4dc3-b490-31f70dfa2fc7
216820,22,23.8,136,0,"2021-09-21 23:45:08",A303,6f6db310-75e6-4dc3-b490-31f70dfa2fc7
216822,25,26.4,79,86,"2021-09-21 23:46:49",A301,6f6db310-75e6-4dc3-b490-31f70dfa2fc7
216825,25,26.4,165,86,"2021-09-21 23:47:35",A302,6f6db310-75e6-4dc3-b490-31f70dfa2fc7
216847,22,23.6,136,0,"2021-09-22 00:15:24",A303,6f6db310-75e6-4dc3-b490-31f70dfa2fc7
216849,25,26.3,80,86,"2021-09-22 00:17:02",A301,6f6db310-75e6-4dc3-b490-31f70dfa2fc7
216852,25,26.2,164,86,"2021-09-22 00:17:55",A302,6f6db310-75e6-4dc3-b490-31f70dfa2fc7
216875,25,26.1,79,86,"2021-09-22 00:47:17",A301,6f6db310-75e6-4dc3-b490-31f70dfa2fc7
216877,25,26,164,86,"2021-09-22 00:48:18",A302,6f6db310-75e6-4dc3-b490-31f70dfa2fc7
216898,22,23.4,135,0,"2021-09-22 01:15:52",A303,6f6db310-75e6-4dc3-b490-31f70dfa2fc7
216901,25,26,79,86,"2021-09-22 01:17:31",A301,6f6db310-75e6-4dc3-b490-31f70dfa2fc7
216904,25,25.8,165,86,"2021-09-22 01:18:42",A302,6f6db310-75e6-4dc3-b490-31f70dfa2fc7
216925,22,23.2,136,0,"2021-09-22 01:46:07",A303,6f6db310-75e6-4dc3-b490-31f70dfa2fc7
216928,25,25.9,79,86,"2021-09-22 01:47:45",A301,6f6db310-75e6-4dc3-b490-31f70dfa2fc7
216931,25,25.6,165,86,"2021-09-22 01:49:03",A302,6f6db310-75e6-4dc3-b490-31f70dfa2fc7
216952,22,23.1,136,0,"2021-09-22 02:16:21",A303,6f6db310-75e6-4dc3-b490-31f70dfa2fc7
216956,25,25.7,79,86,"2021-09-22 02:17:58",A301,6f6db310-75e6-4dc3-b490-31f70dfa2fc7
216958,25,25.4,165,86,"2021-09-22 02:19:24",A302,6f6db310-75e6-4dc3-b490-31f70dfa2fc7
216980,22,22.9,135,0,"2021-09-22 02:46:36",A303,6f6db310-75e6-4dc3-b490-31f70dfa2fc7
216984,25,25.6,79,86,"2021-09-22 02:48:12",A301,6f6db310-75e6-4dc3-b490-31f70dfa2fc7
216986,25,25.3,164,86,"2021-09-22 02:49:45",A302,6f6db310-75e6-4dc3-b490-31f70dfa2fc7
217005,22,22.8,134,0,"2021-09-22 03:16:50",A303,6f6db310-75e6-4dc3-b490-31f70dfa2fc7
217010,25,25.5,79,86,"2021-09-22 03:18:27",A301,6f6db310-75e6-4dc3-b490-31f70dfa2fc7
217012,25,25.1,163,86,"2021-09-22 03:20:07",A302,6f6db310-75e6-4dc3-b490-31f70dfa2fc7
217031,22,22.7,134,0,"2021-09-22 03:47:04",A303,6f6db310-75e6-4dc3-b490-31f70dfa2fc7
217037,25,25.4,79,86,"2021-09-22 03:48:41",A301,6f6db310-75e6-4dc3-b490-31f70dfa2fc7
217040,25,25,162,86,"2021-09-22 03:50:30",A302,6f6db310-75e6-4dc3-b490-31f70dfa2fc7
217057,22,22.6,135,0,"2021-09-22 04:17:18",A303,6f6db310-75e6-4dc3-b490-31f70dfa2fc7
217063,25,25.3,79,86,"2021-09-22 04:18:55",A301,6f6db310-75e6-4dc3-b490-31f70dfa2fc7
217066,25,24.9,164,86,"2021-09-22 04:20:52",A302,6f6db310-75e6-4dc3-b490-31f70dfa2fc7
217083,22,22.6,135,0,"2021-09-22 04:47:33",A303,6f6db310-75e6-4dc3-b490-31f70dfa2fc7
217089,25,25.2,79,86,"2021-09-22 04:49:06",A301,6f6db310-75e6-4dc3-b490-31f70dfa2fc7
217092,25,24.7,162,86,"2021-09-22 04:51:16",A302,6f6db310-75e6-4dc3-b490-31f70dfa2fc7
217110,22,22.5,135,0,"2021-09-22 05:17:50",A303,6f6db310-75e6-4dc3-b490-31f70dfa2fc7
217116,25,25.1,79,86,"2021-09-22 05:19:21",A301,6f6db310-75e6-4dc3-b490-31f70dfa2fc7
217119,25,24.6,163,86,"2021-09-22 05:21:38",A302,6f6db310-75e6-4dc3-b490-31f70dfa2fc7
217137,22,22.5,134,0,"2021-09-22 05:48:05",A303,6f6db310-75e6-4dc3-b490-31f70dfa2fc7
217143,25,25,78,86,"2021-09-22 05:49:38",A301,6f6db310-75e6-4dc3-b490-31f70dfa2fc7
217146,25,24.5,164,86,"2021-09-22 05:52:01",A302,6f6db310-75e6-4dc3-b490-31f70dfa2fc7
217164,22,22.4,134,0,"2021-09-22 06:18:20",A303,6f6db310-75e6-4dc3-b490-31f70dfa2fc7
217170,25,24.9,78,86,"2021-09-22 06:19:52",A301,6f6db310-75e6-4dc3-b490-31f70dfa2fc7
217173,25,24.5,163,86,"2021-09-22 06:22:25",A302,6f6db310-75e6-4dc3-b490-31f70dfa2fc7
217190,22,22.4,134,0,"2021-09-22 06:48:36",A303,6f6db310-75e6-4dc3-b490-31f70dfa2fc7
217194,25,24.8,78,86,"2021-09-22 06:50:07",A301,6f6db310-75e6-4dc3-b490-31f70dfa2fc7
217197,25,24.4,163,86,"2021-09-22 06:52:49",A302,6f6db310-75e6-4dc3-b490-31f70dfa2fc7
217215,22,22.4,134,0,"2021-09-22 07:18:50",A303,6f6db310-75e6-4dc3-b490-31f70dfa2fc7
217219,25,24.7,78,86,"2021-09-22 07:20:22",A301,6f6db310-75e6-4dc3-b490-31f70dfa2fc7
217222,25,24.4,163,86,"2021-09-22 07:23:11",A302,6f6db310-75e6-4dc3-b490-31f70dfa2fc7
217239,22,22.4,133,0,"2021-09-22 07:49:06",A303,6f6db310-75e6-4dc3-b490-31f70dfa2fc7
217244,27,24.7,114,86,"2021-09-22 07:50:36",A301,6f6db310-75e6-4dc3-b490-31f70dfa2fc7
217247,25,24.3,161,86,"2021-09-22 07:53:35",A302,6f6db310-75e6-4dc3-b490-31f70dfa2fc7
217263,22,22.3,135,0,"2021-09-22 08:19:21",A303,6f6db310-75e6-4dc3-b490-31f70dfa2fc7
217270,25,24.3,161,86,"2021-09-22 08:23:58",A302,6f6db310-75e6-4dc3-b490-31f70dfa2fc7
217288,22,22.3,134,0,"2021-09-22 08:49:38",A303,6f6db310-75e6-4dc3-b490-31f70dfa2fc7
217292,29,24.5,109,86,"2021-09-22 08:51:05",A301,6f6db310-75e6-4dc3-b490-31f70dfa2fc7
217295,25,24.2,160,93,"2021-09-22 08:54:22",A302,6f6db310-75e6-4dc3-b490-31f70dfa2fc7
217312,22,22.3,134,0,"2021-09-22 09:19:54",A303,6f6db310-75e6-4dc3-b490-31f70dfa2fc7
217316,28,24.4,105,93,"2021-09-22 09:21:20",A301,6f6db310-75e6-4dc3-b490-31f70dfa2fc7
217320,25,24.2,161,93,"2021-09-22 09:24:48",A302,6f6db310-75e6-4dc3-b490-31f70dfa2fc7
217337,22,22.4,134,8,"2021-09-22 09:50:12",A303,6f6db310-75e6-4dc3-b490-31f70dfa2fc7
217341,28,24.4,102,93,"2021-09-22 09:51:37",A301,6f6db310-75e6-4dc3-b490-31f70dfa2fc7
217345,25,24.2,160,93,"2021-09-22 09:55:14",A302,6f6db310-75e6-4dc3-b490-31f70dfa2fc7
217365,22,22.5,133,8,"2021-09-22 10:20:31",A303,6f6db310-75e6-4dc3-b490-31f70dfa2fc7
217368,28,24.3,101,93,"2021-09-22 10:21:54",A301,6f6db310-75e6-4dc3-b490-31f70dfa2fc7
217372,25,24.3,160,93,"2021-09-22 10:25:43",A302,6f6db310-75e6-4dc3-b490-31f70dfa2fc7
217393,22,22.7,133,8,"2021-09-22 10:50:52",A303,6f6db310-75e6-4dc3-b490-31f70dfa2fc7
217395,28,24.3,100,93,"2021-09-22 10:52:11",A301,6f6db310-75e6-4dc3-b490-31f70dfa2fc7
217401,25,24.4,161,93,"2021-09-22 10:56:12",A302,6f6db310-75e6-4dc3-b490-31f70dfa2fc7
217420,22,22.9,134,15,"2021-09-22 11:21:11",A303,6f6db310-75e6-4dc3-b490-31f70dfa2fc7
217422,28,24.3,99,93,"2021-09-22 11:22:30",A301,6f6db310-75e6-4dc3-b490-31f70dfa2fc7
217428,25,24.5,159,93,"2021-09-22 11:26:42",A302,6f6db310-75e6-4dc3-b490-31f70dfa2fc7
217448,22,23.1,133,15,"2021-09-22 11:51:28",A303,6f6db310-75e6-4dc3-b490-31f70dfa2fc7
217450,28,24.3,97,93,"2021-09-22 11:52:49",A301,6f6db310-75e6-4dc3-b490-31f70dfa2fc7
217455,25,24.7,161,93,"2021-09-22 11:57:09",A302,6f6db310-75e6-4dc3-b490-31f70dfa2fc7
217475,22,23.3,133,36,"2021-09-22 12:21:49",A303,6f6db310-75e6-4dc3-b490-31f70dfa2fc7
217477,28,24.4,97,93,"2021-09-22 12:23:08",A301,6f6db310-75e6-4dc3-b490-31f70dfa2fc7
217483,25,25,161,93,"2021-09-22 12:27:41",A302,6f6db310-75e6-4dc3-b490-31f70dfa2fc7
217502,22,23.5,134,36,"2021-09-22 12:52:14",A303,6f6db310-75e6-4dc3-b490-31f70dfa2fc7
217504,28,24.5,96,93,"2021-09-22 12:53:29",A301,6f6db310-75e6-4dc3-b490-31f70dfa2fc7
217530,22,23.7,133,36,"2021-09-22 13:22:35",A303,6f6db310-75e6-4dc3-b490-31f70dfa2fc7
217532,28,24.5,95,93,"2021-09-22 13:23:51",A301,6f6db310-75e6-4dc3-b490-31f70dfa2fc7
217538,25,25.5,161,93,"2021-09-22 13:28:40",A302,6f6db310-75e6-4dc3-b490-31f70dfa2fc7
217559,22,23.8,134,50,"2021-09-22 13:52:58",A303,6f6db310-75e6-4dc3-b490-31f70dfa2fc7
217562,28,24.6,94,93,"2021-09-22 13:54:12",A301,6f6db310-75e6-4dc3-b490-31f70dfa2fc7
217569,25,25.7,161,93,"2021-09-22 13:59:15",A302,6f6db310-75e6-4dc3-b490-31f70dfa2fc7
217589,22,23.9,134,65,"2021-09-22 14:23:22",A303,6f6db310-75e6-4dc3-b490-31f70dfa2fc7
217593,27,24.7,94,86,"2021-09-22 14:24:35",A301,6f6db310-75e6-4dc3-b490-31f70dfa2fc7
217622,27,24.8,93,86,"2021-09-22 14:54:54",A301,6f6db310-75e6-4dc3-b490-31f70dfa2fc7
217630,25,26,160,93,"2021-09-22 15:00:19",A302,6f6db310-75e6-4dc3-b490-31f70dfa2fc7
217650,22,23.9,134,8,"2021-09-22 15:24:04",A303,6f6db310-75e6-4dc3-b490-31f70dfa2fc7
217661,25,26,161,93,"2021-09-22 15:30:47",A302,6f6db310-75e6-4dc3-b490-31f70dfa2fc7
217682,27,24.9,93,86,"2021-09-22 15:55:31",A301,6f6db310-75e6-4dc3-b490-31f70dfa2fc7
217683,22,23.9,134,8,"2021-09-22 15:55:44",A303,6f6db310-75e6-4dc3-b490-31f70dfa2fc7
217692,25,26,161,86,"2021-09-22 16:01:13",A302,6f6db310-75e6-4dc3-b490-31f70dfa2fc7
217713,27,24.9,92,86,"2021-09-22 16:25:47",A301,6f6db310-75e6-4dc3-b490-31f70dfa2fc7
217714,22,23.8,133,0,"2021-09-22 16:26:06",A303,6f6db310-75e6-4dc3-b490-31f70dfa2fc7
217723,25,25.8,161,86,"2021-09-22 16:31:38",A302,6f6db310-75e6-4dc3-b490-31f70dfa2fc7
217744,27,24.9,92,86,"2021-09-22 16:56:01",A301,6f6db310-75e6-4dc3-b490-31f70dfa2fc7
217746,22,23.7,134,0,"2021-09-22 16:56:30",A303,6f6db310-75e6-4dc3-b490-31f70dfa2fc7
217754,25,25.7,161,86,"2021-09-22 17:02:02",A302,6f6db310-75e6-4dc3-b490-31f70dfa2fc7
217775,27,24.9,91,86,"2021-09-22 17:26:15",A301,6f6db310-75e6-4dc3-b490-31f70dfa2fc7
217777,22,23.5,132,0,"2021-09-22 17:26:49",A303,6f6db310-75e6-4dc3-b490-31f70dfa2fc7
217784,25,25.5,162,86,"2021-09-22 17:32:27",A302,6f6db310-75e6-4dc3-b490-31f70dfa2fc7
217805,27,24.8,91,86,"2021-09-22 17:56:30",A301,6f6db310-75e6-4dc3-b490-31f70dfa2fc7
217807,22,23.4,132,0,"2021-09-22 17:57:11",A303,6f6db310-75e6-4dc3-b490-31f70dfa2fc7
217815,25,25.3,162,86,"2021-09-22 18:02:50",A302,6f6db310-75e6-4dc3-b490-31f70dfa2fc7
217836,27,24.7,91,86,"2021-09-22 18:26:47",A301,6f6db310-75e6-4dc3-b490-31f70dfa2fc7
217838,22,23.3,133,0,"2021-09-22 18:27:33",A303,6f6db310-75e6-4dc3-b490-31f70dfa2fc7
217847,25,25.1,162,86,"2021-09-22 18:33:15",A302,6f6db310-75e6-4dc3-b490-31f70dfa2fc7
217868,27,24.7,90,86,"2021-09-22 18:57:01",A301,6f6db310-75e6-4dc3-b490-31f70dfa2fc7
217870,22,23.2,133,0,"2021-09-22 18:57:55",A303,6f6db310-75e6-4dc3-b490-31f70dfa2fc7
217879,25,25,161,86,"2021-09-22 19:03:37",A302,6f6db310-75e6-4dc3-b490-31f70dfa2fc7
217900,27,24.6,90,86,"2021-09-22 19:27:17",A301,6f6db310-75e6-4dc3-b490-31f70dfa2fc7
217902,22,23.1,134,0,"2021-09-22 19:28:15",A303,6f6db310-75e6-4dc3-b490-31f70dfa2fc7
217911,25,24.8,162,86,"2021-09-22 19:34:01",A302,6f6db310-75e6-4dc3-b490-31f70dfa2fc7
217932,27,24.5,89,86,"2021-09-22 19:57:34",A301,6f6db310-75e6-4dc3-b490-31f70dfa2fc7
217934,22,23,134,0,"2021-09-22 19:58:36",A303,6f6db310-75e6-4dc3-b490-31f70dfa2fc7
217942,25,24.7,162,86,"2021-09-22 20:04:25",A302,6f6db310-75e6-4dc3-b490-31f70dfa2fc7
217961,27,24.5,89,86,"2021-09-22 20:27:45",A301,6f6db310-75e6-4dc3-b490-31f70dfa2fc7
217964,22,22.9,134,0,"2021-09-22 20:28:59",A303,6f6db310-75e6-4dc3-b490-31f70dfa2fc7
217972,25,24.5,161,86,"2021-09-22 20:34:49",A302,6f6db310-75e6-4dc3-b490-31f70dfa2fc7
217993,27,24.4,88,86,"2021-09-22 20:57:59",A301,6f6db310-75e6-4dc3-b490-31f70dfa2fc7
217995,22,22.8,132,0,"2021-09-22 20:59:20",A303,6f6db310-75e6-4dc3-b490-31f70dfa2fc7
218004,25,24.4,159,86,"2021-09-22 21:05:12",A302,6f6db310-75e6-4dc3-b490-31f70dfa2fc7
218023,27,24.3,88,86,"2021-09-22 21:28:14",A301,6f6db310-75e6-4dc3-b490-31f70dfa2fc7
218027,22,22.8,132,0,"2021-09-22 21:29:40",A303,6f6db310-75e6-4dc3-b490-31f70dfa2fc7
218035,25,24.3,161,86,"2021-09-22 21:35:35",A302,6f6db310-75e6-4dc3-b490-31f70dfa2fc7
218054,27,24.2,89,86,"2021-09-22 21:58:31",A301,6f6db310-75e6-4dc3-b490-31f70dfa2fc7
218058,22,22.7,133,0,"2021-09-22 22:00:03",A303,6f6db310-75e6-4dc3-b490-31f70dfa2fc7
218066,25,24.2,161,86,"2021-09-22 22:05:59",A302,6f6db310-75e6-4dc3-b490-31f70dfa2fc7
218085,27,24.1,89,86,"2021-09-22 22:28:43",A301,6f6db310-75e6-4dc3-b490-31f70dfa2fc7
218089,22,22.6,132,0,"2021-09-22 22:30:24",A303,6f6db310-75e6-4dc3-b490-31f70dfa2fc7
218097,25,24.1,161,86,"2021-09-22 22:36:22",A302,6f6db310-75e6-4dc3-b490-31f70dfa2fc7
218116,27,24.1,88,86,"2021-09-22 22:58:58",A301,6f6db310-75e6-4dc3-b490-31f70dfa2fc7
218120,22,22.5,133,0,"2021-09-22 23:00:44",A303,6f6db310-75e6-4dc3-b490-31f70dfa2fc7
218128,25,24,159,86,"2021-09-22 23:06:44",A302,6f6db310-75e6-4dc3-b490-31f70dfa2fc7
218148,27,24,88,86,"2021-09-22 23:29:12",A301,6f6db310-75e6-4dc3-b490-31f70dfa2fc7
218152,22,22.42,133,0,"2021-09-22 23:31:05",A303,6f6db310-75e6-4dc3-b490-31f70dfa2fc7
218160,25,23.9,160,86,"2021-09-22 23:37:07",A302,6f6db310-75e6-4dc3-b490-31f70dfa2fc7
218180,27,23.9,88,86,"2021-09-22 23:59:26",A301,6f6db310-75e6-4dc3-b490-31f70dfa2fc7
218184,22,22.4,133,0,"2021-09-23 00:01:27",A303,6f6db310-75e6-4dc3-b490-31f70dfa2fc7
218191,25,23.8,160,86,"2021-09-23 00:07:29",A302,6f6db310-75e6-4dc3-b490-31f70dfa2fc7
218209,27,23.9,88,86,"2021-09-23 00:29:39",A301,6f6db310-75e6-4dc3-b490-31f70dfa2fc7
218213,22,22.3,134,0,"2021-09-23 00:31:45",A303,6f6db310-75e6-4dc3-b490-31f70dfa2fc7
218221,25,23.7,162,86,"2021-09-23 00:37:51",A302,6f6db310-75e6-4dc3-b490-31f70dfa2fc7
218241,27,23.8,88,86,"2021-09-23 00:59:54",A301,6f6db310-75e6-4dc3-b490-31f70dfa2fc7
218246,22,22.2,134,0,"2021-09-23 01:02:06",A303,6f6db310-75e6-4dc3-b490-31f70dfa2fc7
218253,25,23.6,161,86,"2021-09-23 01:08:14",A302,6f6db310-75e6-4dc3-b490-31f70dfa2fc7
218271,27,23.7,88,86,"2021-09-23 01:30:07",A301,6f6db310-75e6-4dc3-b490-31f70dfa2fc7
218277,22,22.2,132,0,"2021-09-23 01:32:29",A303,6f6db310-75e6-4dc3-b490-31f70dfa2fc7
218284,25,23.5,161,86,"2021-09-23 01:38:36",A302,6f6db310-75e6-4dc3-b490-31f70dfa2fc7
218303,27,23.7,87,86,"2021-09-23 02:00:21",A301,6f6db310-75e6-4dc3-b490-31f70dfa2fc7
218309,22,22.1,132,0,"2021-09-23 02:02:48",A303,6f6db310-75e6-4dc3-b490-31f70dfa2fc7
218316,25,23.4,161,86,"2021-09-23 02:08:59",A302,6f6db310-75e6-4dc3-b490-31f70dfa2fc7
218335,27,23.6,87,86,"2021-09-23 02:30:35",A301,6f6db310-75e6-4dc3-b490-31f70dfa2fc7
218341,22,22,131,0,"2021-09-23 02:33:07",A303,6f6db310-75e6-4dc3-b490-31f70dfa2fc7
218348,25,23.3,160,86,"2021-09-23 02:39:21",A302,6f6db310-75e6-4dc3-b490-31f70dfa2fc7
218365,27,23.5,87,86,"2021-09-23 03:00:52",A301,6f6db310-75e6-4dc3-b490-31f70dfa2fc7
218370,22,22,132,0,"2021-09-23 03:03:27",A303,6f6db310-75e6-4dc3-b490-31f70dfa2fc7
218376,25,23.2,160,86,"2021-09-23 03:09:46",A302,6f6db310-75e6-4dc3-b490-31f70dfa2fc7
218394,27,23.5,87,86,"2021-09-23 03:31:06",A301,6f6db310-75e6-4dc3-b490-31f70dfa2fc7
218400,22,21.9,133,0,"2021-09-23 03:33:48",A303,6f6db310-75e6-4dc3-b490-31f70dfa2fc7
218407,25,23.1,158,79,"2021-09-23 03:40:06",A302,6f6db310-75e6-4dc3-b490-31f70dfa2fc7
218425,27,23.4,87,86,"2021-09-23 04:01:18",A301,6f6db310-75e6-4dc3-b490-31f70dfa2fc7
218432,22,21.86,132,0,"2021-09-23 04:04:08",A303,6f6db310-75e6-4dc3-b490-31f70dfa2fc7
218438,25,23.1,159,79,"2021-09-23 04:10:28",A302,6f6db310-75e6-4dc3-b490-31f70dfa2fc7
218456,27,23.3,87,86,"2021-09-23 04:31:31",A301,6f6db310-75e6-4dc3-b490-31f70dfa2fc7
218462,22,21.8,132,0,"2021-09-23 04:34:29",A303,6f6db310-75e6-4dc3-b490-31f70dfa2fc7
218487,27,23.3,86,93,"2021-09-23 05:01:48",A301,6f6db310-75e6-4dc3-b490-31f70dfa2fc7
218493,22,21.8,132,0,"2021-09-23 05:04:53",A303,6f6db310-75e6-4dc3-b490-31f70dfa2fc7
218499,25,22.9,159,93,"2021-09-23 05:11:19",A302,6f6db310-75e6-4dc3-b490-31f70dfa2fc7
218518,27,23.2,86,93,"2021-09-23 05:32:05",A301,6f6db310-75e6-4dc3-b490-31f70dfa2fc7
218524,22,21.8,131,8,"2021-09-23 05:35:17",A303,6f6db310-75e6-4dc3-b490-31f70dfa2fc7
218530,25,22.9,160,93,"2021-09-23 05:41:45",A302,6f6db310-75e6-4dc3-b490-31f70dfa2fc7
218547,27,23.2,86,93,"2021-09-23 06:02:23",A301,6f6db310-75e6-4dc3-b490-31f70dfa2fc7
218559,25,22.9,160,93,"2021-09-23 06:12:15",A302,6f6db310-75e6-4dc3-b490-31f70dfa2fc7
218574,27,23.2,85,93,"2021-09-23 06:32:41",A301,6f6db310-75e6-4dc3-b490-31f70dfa2fc7
218582,22,22,131,8,"2021-09-23 06:36:08",A303,6f6db310-75e6-4dc3-b490-31f70dfa2fc7
218589,25,22.9,159,93,"2021-09-23 06:42:43",A302,6f6db310-75e6-4dc3-b490-31f70dfa2fc7
218605,27,23.2,85,93,"2021-09-23 07:03:00",A301,6f6db310-75e6-4dc3-b490-31f70dfa2fc7
218613,22,22.1,132,15,"2021-09-23 07:06:35",A303,6f6db310-75e6-4dc3-b490-31f70dfa2fc7
218635,27,23.2,85,93,"2021-09-23 07:33:21",A301,6f6db310-75e6-4dc3-b490-31f70dfa2fc7
218643,22,22.4,130,29,"2021-09-23 07:37:02",A303,6f6db310-75e6-4dc3-b490-31f70dfa2fc7
218650,25,23.2,159,100,"2021-09-23 07:43:45",A302,6f6db310-75e6-4dc3-b490-31f70dfa2fc7
218667,27,23.3,85,100,"2021-09-23 08:03:43",A301,6f6db310-75e6-4dc3-b490-31f70dfa2fc7
218674,22,22.9,130,43,"2021-09-23 08:07:32",A303,6f6db310-75e6-4dc3-b490-31f70dfa2fc7
218681,25,23.5,157,100,"2021-09-23 08:14:15",A302,6f6db310-75e6-4dc3-b490-31f70dfa2fc7
218698,27,23.4,85,100,"2021-09-23 08:34:05",A301,6f6db310-75e6-4dc3-b490-31f70dfa2fc7
218705,22,23.4,131,43,"2021-09-23 08:38:00",A303,6f6db310-75e6-4dc3-b490-31f70dfa2fc7
218710,25,23.8,159,100,"2021-09-23 08:44:46",A302,6f6db310-75e6-4dc3-b490-31f70dfa2fc7
218727,27,23.6,84,93,"2021-09-23 09:04:26",A301,6f6db310-75e6-4dc3-b490-31f70dfa2fc7
218734,22,24,131,50,"2021-09-23 09:08:28",A303,6f6db310-75e6-4dc3-b490-31f70dfa2fc7
218741,25,24.1,159,100,"2021-09-23 09:15:16",A302,6f6db310-75e6-4dc3-b490-31f70dfa2fc7
218758,26,23.8,83,100,"2021-09-23 09:34:47",A301,6f6db310-75e6-4dc3-b490-31f70dfa2fc7
218765,22,24.5,131,50,"2021-09-23 09:38:56",A303,6f6db310-75e6-4dc3-b490-31f70dfa2fc7
218771,25,24.5,158,100,"2021-09-23 09:45:49",A302,6f6db310-75e6-4dc3-b490-31f70dfa2fc7
218788,26,24.1,83,100,"2021-09-23 10:05:09",A301,6f6db310-75e6-4dc3-b490-31f70dfa2fc7
218795,22,24.8,131,50,"2021-09-23 10:09:25",A303,6f6db310-75e6-4dc3-b490-31f70dfa2fc7
218801,25,24.9,158,100,"2021-09-23 10:16:21",A302,6f6db310-75e6-4dc3-b490-31f70dfa2fc7
218818,26,24.3,83,100,"2021-09-23 10:35:32",A301,6f6db310-75e6-4dc3-b490-31f70dfa2fc7
218824,22,25.1,129,58,"2021-09-23 10:39:55",A303,6f6db310-75e6-4dc3-b490-31f70dfa2fc7
218847,26,24.6,83,100,"2021-09-23 11:05:56",A301,6f6db310-75e6-4dc3-b490-31f70dfa2fc7
218855,22,25.5,130,58,"2021-09-23 11:10:25",A303,6f6db310-75e6-4dc3-b490-31f70dfa2fc7
218881,26,24.9,82,100,"2021-09-23 11:40:15",A301,6f6db310-75e6-4dc3-b490-31f70dfa2fc7
218884,21,25.9,129,65,"2021-09-23 11:40:55",A303,6f6db310-75e6-4dc3-b490-31f70dfa2fc7
218889,25,26.02,156,100,"2021-09-23 11:48:07",A302,6f6db310-75e6-4dc3-b490-31f70dfa2fc7
218910,26,25.1,81,100,"2021-09-23 12:10:39",A301,6f6db310-75e6-4dc3-b490-31f70dfa2fc7
218914,21,26.3,129,72,"2021-09-23 12:11:27",A303,6f6db310-75e6-4dc3-b490-31f70dfa2fc7
218920,25,26.4,157,100,"2021-09-23 12:18:45",A302,6f6db310-75e6-4dc3-b490-31f70dfa2fc7
218941,26,25.3,81,100,"2021-09-23 12:41:08",A301,6f6db310-75e6-4dc3-b490-31f70dfa2fc7
218945,21,26.6,131,72,"2021-09-23 12:42:00",A303,6f6db310-75e6-4dc3-b490-31f70dfa2fc7
218950,25,26.8,157,93,"2021-09-23 12:49:21",A302,6f6db310-75e6-4dc3-b490-31f70dfa2fc7
218970,26,25.6,81,93,"2021-09-23 13:11:22",A301,6f6db310-75e6-4dc3-b490-31f70dfa2fc7
218980,25,27.1,158,93,"2021-09-23 13:19:52",A302,6f6db310-75e6-4dc3-b490-31f70dfa2fc7
219000,26,25.8,81,93,"2021-09-23 13:41:39",A301,6f6db310-75e6-4dc3-b490-31f70dfa2fc7
219008,25,27.3,159,93,"2021-09-23 13:50:17",A302,6f6db310-75e6-4dc3-b490-31f70dfa2fc7
219028,26,25.94,81,86,"2021-09-23 14:11:56",A301,6f6db310-75e6-4dc3-b490-31f70dfa2fc7
219031,22,26.5,136,0,"2021-09-23 14:13:12",A303,6f6db310-75e6-4dc3-b490-31f70dfa2fc7
219040,25,27.3,159,93,"2021-09-23 14:20:43",A302,6f6db310-75e6-4dc3-b490-31f70dfa2fc7
219060,26,26.1,81,86,"2021-09-23 14:42:14",A301,6f6db310-75e6-4dc3-b490-31f70dfa2fc7
219070,25,27.2,159,93,"2021-09-23 14:51:10",A302,6f6db310-75e6-4dc3-b490-31f70dfa2fc7
219089,26,26.1,81,86,"2021-09-23 15:12:33",A301,6f6db310-75e6-4dc3-b490-31f70dfa2fc7
219092,22,26.1,136,0,"2021-09-23 15:14:02",A303,6f6db310-75e6-4dc3-b490-31f70dfa2fc7
219100,25,27,161,86,"2021-09-23 15:21:37",A302,6f6db310-75e6-4dc3-b490-31f70dfa2fc7
219119,26,26.1,81,86,"2021-09-23 15:42:49",A301,6f6db310-75e6-4dc3-b490-31f70dfa2fc7
219122,22,25.9,137,0,"2021-09-23 15:44:24",A303,6f6db310-75e6-4dc3-b490-31f70dfa2fc7
219130,25,26.8,161,86,"2021-09-23 15:52:05",A302,6f6db310-75e6-4dc3-b490-31f70dfa2fc7
219148,26,26.1,81,86,"2021-09-23 16:13:06",A301,6f6db310-75e6-4dc3-b490-31f70dfa2fc7
219152,22,25.7,137,0,"2021-09-23 16:14:48",A303,6f6db310-75e6-4dc3-b490-31f70dfa2fc7
219160,25,26.6,161,86,"2021-09-23 16:22:31",A302,6f6db310-75e6-4dc3-b490-31f70dfa2fc7
219179,26,26.1,81,86,"2021-09-23 16:43:21",A301,6f6db310-75e6-4dc3-b490-31f70dfa2fc7
219183,22,25.6,136,0,"2021-09-23 16:45:09",A303,6f6db310-75e6-4dc3-b490-31f70dfa2fc7
219190,25,26.4,161,86,"2021-09-23 16:52:57",A302,6f6db310-75e6-4dc3-b490-31f70dfa2fc7
219210,26,26,81,86,"2021-09-23 17:13:38",A301,6f6db310-75e6-4dc3-b490-31f70dfa2fc7
219214,23,25.4,136,0,"2021-09-23 17:15:33",A303,6f6db310-75e6-4dc3-b490-31f70dfa2fc7
219222,25,26.2,160,86,"2021-09-23 17:23:25",A302,6f6db310-75e6-4dc3-b490-31f70dfa2fc7
219241,26,25.9,81,86,"2021-09-23 17:43:55",A301,6f6db310-75e6-4dc3-b490-31f70dfa2fc7
219245,23,25.2,136,0,"2021-09-23 17:45:56",A303,6f6db310-75e6-4dc3-b490-31f70dfa2fc7
219272,23,25.1,136,0,"2021-09-23 18:16:19",A303,6f6db310-75e6-4dc3-b490-31f70dfa2fc7
219279,25,25.8,160,86,"2021-09-23 18:24:14",A302,6f6db310-75e6-4dc3-b490-31f70dfa2fc7
219298,23,24.9,136,0,"2021-09-23 18:46:40",A303,6f6db310-75e6-4dc3-b490-31f70dfa2fc7
219307,25,25.6,161,86,"2021-09-23 18:54:41",A302,6f6db310-75e6-4dc3-b490-31f70dfa2fc7
219326,23,24.7,136,0,"2021-09-23 19:17:02",A303,6f6db310-75e6-4dc3-b490-31f70dfa2fc7
219335,25,25.4,161,86,"2021-09-23 19:25:04",A302,6f6db310-75e6-4dc3-b490-31f70dfa2fc7
219354,23,24.6,136,0,"2021-09-23 19:47:24",A303,6f6db310-75e6-4dc3-b490-31f70dfa2fc7
219363,25,25.2,161,86,"2021-09-23 19:55:28",A302,6f6db310-75e6-4dc3-b490-31f70dfa2fc7
219381,23,24.4,134,0,"2021-09-23 20:17:46",A303,6f6db310-75e6-4dc3-b490-31f70dfa2fc7
219390,25,25,161,86,"2021-09-23 20:25:51",A302,6f6db310-75e6-4dc3-b490-31f70dfa2fc7
219408,23,24.2,134,0,"2021-09-23 20:48:07",A303,6f6db310-75e6-4dc3-b490-31f70dfa2fc7
219416,25,24.8,159,86,"2021-09-23 20:56:14",A302,6f6db310-75e6-4dc3-b490-31f70dfa2fc7
219433,23,24.1,135,0,"2021-09-23 21:18:29",A303,6f6db310-75e6-4dc3-b490-31f70dfa2fc7
219442,25,24.7,161,86,"2021-09-23 21:26:38",A302,6f6db310-75e6-4dc3-b490-31f70dfa2fc7
219460,23,23.9,135,0,"2021-09-23 21:48:49",A303,6f6db310-75e6-4dc3-b490-31f70dfa2fc7
219470,25,24.5,161,86,"2021-09-23 21:57:00",A302,6f6db310-75e6-4dc3-b490-31f70dfa2fc7
219488,23,23.8,134,0,"2021-09-23 22:19:11",A303,6f6db310-75e6-4dc3-b490-31f70dfa2fc7
219498,25,24.3,160,86,"2021-09-23 22:27:23",A302,6f6db310-75e6-4dc3-b490-31f70dfa2fc7
219515,23,23.6,134,0,"2021-09-23 22:49:29",A303,6f6db310-75e6-4dc3-b490-31f70dfa2fc7
219526,25,24.2,161,86,"2021-09-23 22:57:44",A302,6f6db310-75e6-4dc3-b490-31f70dfa2fc7
219543,23,23.5,135,0,"2021-09-23 23:19:50",A303,6f6db310-75e6-4dc3-b490-31f70dfa2fc7
219553,25,24,160,86,"2021-09-23 23:28:07",A302,6f6db310-75e6-4dc3-b490-31f70dfa2fc7
219570,23,23.3,135,0,"2021-09-23 23:50:10",A303,6f6db310-75e6-4dc3-b490-31f70dfa2fc7
219581,25,23.9,160,86,"2021-09-23 23:58:29",A302,6f6db310-75e6-4dc3-b490-31f70dfa2fc7
219598,23,23.2,135,0,"2021-09-24 00:20:30",A303,6f6db310-75e6-4dc3-b490-31f70dfa2fc7
219607,25,23.7,160,86,"2021-09-24 00:28:51",A302,6f6db310-75e6-4dc3-b490-31f70dfa2fc7
219647,23,22.9,133,0,"2021-09-24 01:21:11",A303,6f6db310-75e6-4dc3-b490-31f70dfa2fc7
219656,25,23.4,160,86,"2021-09-24 01:29:35",A302,6f6db310-75e6-4dc3-b490-31f70dfa2fc7
219674,23,22.8,135,0,"2021-09-24 01:51:32",A303,6f6db310-75e6-4dc3-b490-31f70dfa2fc7
219683,25,23.3,158,86,"2021-09-24 01:59:56",A302,6f6db310-75e6-4dc3-b490-31f70dfa2fc7
219701,23,22.6,135,0,"2021-09-24 02:21:49",A303,6f6db310-75e6-4dc3-b490-31f70dfa2fc7
219710,25,23.2,160,86,"2021-09-24 02:30:19",A302,6f6db310-75e6-4dc3-b490-31f70dfa2fc7
219727,23,22.5,135,0,"2021-09-24 02:52:08",A303,6f6db310-75e6-4dc3-b490-31f70dfa2fc7
219737,25,23,159,86,"2021-09-24 03:00:37",A302,6f6db310-75e6-4dc3-b490-31f70dfa2fc7
219754,23,22.4,134,0,"2021-09-24 03:22:28",A303,6f6db310-75e6-4dc3-b490-31f70dfa2fc7
219764,25,22.9,159,86,"2021-09-24 03:30:58",A302,6f6db310-75e6-4dc3-b490-31f70dfa2fc7
219780,23,22.3,134,0,"2021-09-24 03:52:49",A303,6f6db310-75e6-4dc3-b490-31f70dfa2fc7
219790,25,22.8,159,86,"2021-09-24 04:01:19",A302,6f6db310-75e6-4dc3-b490-31f70dfa2fc7
219807,23,22.2,134,0,"2021-09-24 04:23:08",A303,6f6db310-75e6-4dc3-b490-31f70dfa2fc7
219817,25,22.7,159,86,"2021-09-24 04:31:41",A302,6f6db310-75e6-4dc3-b490-31f70dfa2fc7
219834,23,22.1,134,0,"2021-09-24 04:53:29",A303,6f6db310-75e6-4dc3-b490-31f70dfa2fc7
219844,25,22.6,159,86,"2021-09-24 05:02:03",A302,6f6db310-75e6-4dc3-b490-31f70dfa2fc7
219861,23,22.1,134,0,"2021-09-24 05:23:49",A303,6f6db310-75e6-4dc3-b490-31f70dfa2fc7
219871,25,22.6,158,93,"2021-09-24 05:32:29",A302,6f6db310-75e6-4dc3-b490-31f70dfa2fc7
219888,23,22.1,134,0,"2021-09-24 05:54:14",A303,6f6db310-75e6-4dc3-b490-31f70dfa2fc7
219898,25,22.6,158,93,"2021-09-24 06:02:54",A302,6f6db310-75e6-4dc3-b490-31f70dfa2fc7
219915,23,22.2,134,8,"2021-09-24 06:24:36",A303,6f6db310-75e6-4dc3-b490-31f70dfa2fc7
219926,25,22.6,157,93,"2021-09-24 06:33:23",A302,6f6db310-75e6-4dc3-b490-31f70dfa2fc7
219943,23,22.3,134,0,"2021-09-24 06:54:59",A303,6f6db310-75e6-4dc3-b490-31f70dfa2fc7
219951,25,22.7,155,93,"2021-09-24 07:03:49",A302,6f6db310-75e6-4dc3-b490-31f70dfa2fc7
219969,23,22.42,133,8,"2021-09-24 07:25:24",A303,6f6db310-75e6-4dc3-b490-31f70dfa2fc7
219978,25,22.9,156,93,"2021-09-24 07:34:17",A302,6f6db310-75e6-4dc3-b490-31f70dfa2fc7
219996,23,22.7,133,22,"2021-09-24 07:55:52",A303,6f6db310-75e6-4dc3-b490-31f70dfa2fc7
220008,25,23.1,154,93,"2021-09-24 08:04:53",A302,6f6db310-75e6-4dc3-b490-31f70dfa2fc7
220025,23,23.1,130,36,"2021-09-24 08:26:21",A303,6f6db310-75e6-4dc3-b490-31f70dfa2fc7
220033,25,23.4,153,100,"2021-09-24 08:35:25",A302,6f6db310-75e6-4dc3-b490-31f70dfa2fc7
220049,23,23.5,131,43,"2021-09-24 08:56:49",A303,6f6db310-75e6-4dc3-b490-31f70dfa2fc7
220061,25,23.8,153,100,"2021-09-24 09:05:56",A302,6f6db310-75e6-4dc3-b490-31f70dfa2fc7
220077,23,23.9,133,50,"2021-09-24 09:27:17",A303,6f6db310-75e6-4dc3-b490-31f70dfa2fc7
220083,25,24.3,153,100,"2021-09-24 09:36:31",A302,6f6db310-75e6-4dc3-b490-31f70dfa2fc7
220100,23,24.2,133,50,"2021-09-24 09:57:46",A303,6f6db310-75e6-4dc3-b490-31f70dfa2fc7
220112,25,24.7,153,100,"2021-09-24 10:07:04",A302,6f6db310-75e6-4dc3-b490-31f70dfa2fc7
220129,23,24.46,132,65,"2021-09-24 10:28:15",A303,6f6db310-75e6-4dc3-b490-31f70dfa2fc7
220140,25,25.2,151,93,"2021-09-24 10:37:39",A302,6f6db310-75e6-4dc3-b490-31f70dfa2fc7
220156,22,24.7,131,22,"2021-09-24 10:58:42",A303,6f6db310-75e6-4dc3-b490-31f70dfa2fc7
220167,25,25.6,153,86,"2021-09-24 11:08:06",A302,6f6db310-75e6-4dc3-b490-31f70dfa2fc7
220183,23,24.7,131,0,"2021-09-24 11:29:04",A303,6f6db310-75e6-4dc3-b490-31f70dfa2fc7
220194,25,25.7,154,93,"2021-09-24 11:38:32",A302,6f6db310-75e6-4dc3-b490-31f70dfa2fc7
220211,23,24.6,132,0,"2021-09-24 11:59:32",A303,6f6db310-75e6-4dc3-b490-31f70dfa2fc7
220222,25,25.5,155,93,"2021-09-24 12:08:57",A302,6f6db310-75e6-4dc3-b490-31f70dfa2fc7
220239,24,24.3,134,0,"2021-09-24 12:29:46",A303,6f6db310-75e6-4dc3-b490-31f70dfa2fc7
220250,25,25.3,156,93,"2021-09-24 12:39:19",A302,6f6db310-75e6-4dc3-b490-31f70dfa2fc7
220266,25,24.1,135,0,"2021-09-24 13:00:09",A303,6f6db310-75e6-4dc3-b490-31f70dfa2fc7
220277,25,25.1,155,93,"2021-09-24 13:09:46",A302,6f6db310-75e6-4dc3-b490-31f70dfa2fc7
220294,25,24,138,0,"2021-09-24 13:30:32",A303,6f6db310-75e6-4dc3-b490-31f70dfa2fc7
220305,25,25,155,93,"2021-09-24 13:40:11",A302,6f6db310-75e6-4dc3-b490-31f70dfa2fc7
220320,25,23.9,139,0,"2021-09-24 14:00:54",A303,6f6db310-75e6-4dc3-b490-31f70dfa2fc7
220331,25,24.8,155,86,"2021-09-24 14:10:37",A302,6f6db310-75e6-4dc3-b490-31f70dfa2fc7
220346,25,23.9,138,0,"2021-09-24 14:31:17",A303,6f6db310-75e6-4dc3-b490-31f70dfa2fc7
220357,25,24.62,156,86,"2021-09-24 14:41:02",A302,6f6db310-75e6-4dc3-b490-31f70dfa2fc7
220370,25,23.8,139,0,"2021-09-24 15:01:39",A303,6f6db310-75e6-4dc3-b490-31f70dfa2fc7
220382,25,24.5,155,86,"2021-09-24 15:11:27",A302,6f6db310-75e6-4dc3-b490-31f70dfa2fc7
220394,25,23.7,139,0,"2021-09-24 15:32:03",A303,6f6db310-75e6-4dc3-b490-31f70dfa2fc7
220405,25,24.3,155,86,"2021-09-24 15:41:51",A302,6f6db310-75e6-4dc3-b490-31f70dfa2fc7
220419,25,23.6,140,0,"2021-09-24 16:02:23",A303,6f6db310-75e6-4dc3-b490-31f70dfa2fc7
220431,25,24.1,155,86,"2021-09-24 16:12:16",A302,6f6db310-75e6-4dc3-b490-31f70dfa2fc7
220444,24,23.5,139,0,"2021-09-24 16:32:44",A303,6f6db310-75e6-4dc3-b490-31f70dfa2fc7
220456,25,23.9,156,86,"2021-09-24 16:42:41",A302,6f6db310-75e6-4dc3-b490-31f70dfa2fc7
220469,24,23.4,140,0,"2021-09-24 17:03:06",A303,6f6db310-75e6-4dc3-b490-31f70dfa2fc7
220481,25,23.7,156,86,"2021-09-24 17:13:04",A302,6f6db310-75e6-4dc3-b490-31f70dfa2fc7
220493,24,23.2,140,0,"2021-09-24 17:33:28",A303,6f6db310-75e6-4dc3-b490-31f70dfa2fc7
220503,25,23.58,157,86,"2021-09-24 17:43:26",A302,6f6db310-75e6-4dc3-b490-31f70dfa2fc7
220517,24,23.1,138,0,"2021-09-24 18:03:49",A303,6f6db310-75e6-4dc3-b490-31f70dfa2fc7
220529,25,23.4,156,86,"2021-09-24 18:13:50",A302,6f6db310-75e6-4dc3-b490-31f70dfa2fc7
220543,24,23,137,0,"2021-09-24 18:35:27",A303,6f6db310-75e6-4dc3-b490-31f70dfa2fc7
220554,25,23.2,156,86,"2021-09-24 18:44:15",A302,6f6db310-75e6-4dc3-b490-31f70dfa2fc7
220568,24,22.9,138,0,"2021-09-24 19:05:55",A303,6f6db310-75e6-4dc3-b490-31f70dfa2fc7
220580,25,23.1,155,86,"2021-09-24 19:14:37",A302,6f6db310-75e6-4dc3-b490-31f70dfa2fc7
220594,24,22.8,137,0,"2021-09-24 19:36:14",A303,6f6db310-75e6-4dc3-b490-31f70dfa2fc7
220605,25,23,154,86,"2021-09-24 19:45:00",A302,6f6db310-75e6-4dc3-b490-31f70dfa2fc7
220619,24,22.8,138,0,"2021-09-24 20:06:40",A303,6f6db310-75e6-4dc3-b490-31f70dfa2fc7
220631,25,22.9,156,86,"2021-09-24 20:15:31",A302,6f6db310-75e6-4dc3-b490-31f70dfa2fc7
220644,24,22.7,139,0,"2021-09-24 20:37:01",A303,6f6db310-75e6-4dc3-b490-31f70dfa2fc7
220657,25,22.8,155,86,"2021-09-24 20:45:46",A302,6f6db310-75e6-4dc3-b490-31f70dfa2fc7
220670,24,22.6,138,0,"2021-09-24 21:07:24",A303,6f6db310-75e6-4dc3-b490-31f70dfa2fc7
220683,25,22.74,154,86,"2021-09-24 21:16:09",A302,6f6db310-75e6-4dc3-b490-31f70dfa2fc7
220708,25,22.7,154,86,"2021-09-24 21:46:32",A302,6f6db310-75e6-4dc3-b490-31f70dfa2fc7
220721,24,22.5,138,0,"2021-09-24 22:08:10",A303,6f6db310-75e6-4dc3-b490-31f70dfa2fc7
220733,25,22.6,154,86,"2021-09-24 22:16:54",A302,6f6db310-75e6-4dc3-b490-31f70dfa2fc7
220746,24,22.4,138,0,"2021-09-24 22:38:32",A303,6f6db310-75e6-4dc3-b490-31f70dfa2fc7
220757,25,22.5,155,86,"2021-09-24 22:47:17",A302,6f6db310-75e6-4dc3-b490-31f70dfa2fc7
220769,24,22.3,138,0,"2021-09-24 23:08:56",A303,6f6db310-75e6-4dc3-b490-31f70dfa2fc7
220781,25,22.42,155,86,"2021-09-24 23:17:43",A302,6f6db310-75e6-4dc3-b490-31f70dfa2fc7
220793,24,22.3,138,0,"2021-09-24 23:39:18",A303,6f6db310-75e6-4dc3-b490-31f70dfa2fc7
220806,25,22.4,154,86,"2021-09-24 23:48:03",A302,6f6db310-75e6-4dc3-b490-31f70dfa2fc7
220818,24,22.2,138,0,"2021-09-25 00:09:42",A303,6f6db310-75e6-4dc3-b490-31f70dfa2fc7
220831,25,22.3,154,86,"2021-09-25 00:18:25",A302,6f6db310-75e6-4dc3-b490-31f70dfa2fc7
220843,24,22.2,136,0,"2021-09-25 00:40:03",A303,6f6db310-75e6-4dc3-b490-31f70dfa2fc7
220856,25,22.2,154,86,"2021-09-25 00:48:47",A302,6f6db310-75e6-4dc3-b490-31f70dfa2fc7
220869,24,22.1,137,0,"2021-09-25 01:10:25",A303,6f6db310-75e6-4dc3-b490-31f70dfa2fc7
220882,25,22.2,155,86,"2021-09-25 01:19:10",A302,6f6db310-75e6-4dc3-b490-31f70dfa2fc7
220894,24,22,135,0,"2021-09-25 01:40:48",A303,6f6db310-75e6-4dc3-b490-31f70dfa2fc7
220907,25,22.1,154,86,"2021-09-25 01:49:31",A302,6f6db310-75e6-4dc3-b490-31f70dfa2fc7
220919,24,21.9,138,0,"2021-09-25 02:11:09",A303,6f6db310-75e6-4dc3-b490-31f70dfa2fc7
220932,25,22,153,86,"2021-09-25 02:19:52",A302,6f6db310-75e6-4dc3-b490-31f70dfa2fc7
220944,24,21.9,138,0,"2021-09-25 02:41:31",A303,6f6db310-75e6-4dc3-b490-31f70dfa2fc7
220957,25,21.9,152,86,"2021-09-25 02:50:14",A302,6f6db310-75e6-4dc3-b490-31f70dfa2fc7
220969,24,21.8,137,0,"2021-09-25 03:11:53",A303,6f6db310-75e6-4dc3-b490-31f70dfa2fc7
220981,25,21.8,152,86,"2021-09-25 03:20:34",A302,6f6db310-75e6-4dc3-b490-31f70dfa2fc7
220993,24,21.7,137,0,"2021-09-25 03:42:15",A303,6f6db310-75e6-4dc3-b490-31f70dfa2fc7
221005,25,21.7,153,86,"2021-09-25 03:50:57",A302,6f6db310-75e6-4dc3-b490-31f70dfa2fc7
221018,24,21.6,138,0,"2021-09-25 04:12:36",A303,6f6db310-75e6-4dc3-b490-31f70dfa2fc7
221031,25,21.6,154,86,"2021-09-25 04:21:17",A302,6f6db310-75e6-4dc3-b490-31f70dfa2fc7
221043,24,21.5,137,0,"2021-09-25 04:42:57",A303,6f6db310-75e6-4dc3-b490-31f70dfa2fc7
221056,25,21.5,154,93,"2021-09-25 04:51:37",A302,6f6db310-75e6-4dc3-b490-31f70dfa2fc7
221069,24,21.4,137,0,"2021-09-25 05:13:21",A303,6f6db310-75e6-4dc3-b490-31f70dfa2fc7
221081,25,21.4,153,93,"2021-09-25 05:22:01",A302,6f6db310-75e6-4dc3-b490-31f70dfa2fc7
221093,24,21.4,137,0,"2021-09-25 05:43:46",A303,6f6db310-75e6-4dc3-b490-31f70dfa2fc7
221106,25,21.4,153,93,"2021-09-25 05:52:28",A302,6f6db310-75e6-4dc3-b490-31f70dfa2fc7
221119,24,21.5,137,8,"2021-09-25 06:14:14",A303,6f6db310-75e6-4dc3-b490-31f70dfa2fc7
221131,25,21.5,153,93,"2021-09-25 06:22:57",A302,6f6db310-75e6-4dc3-b490-31f70dfa2fc7
221143,24,21.6,137,22,"2021-09-25 06:44:47",A303,6f6db310-75e6-4dc3-b490-31f70dfa2fc7
221154,25,21.8,152,93,"2021-09-25 06:53:29",A302,6f6db310-75e6-4dc3-b490-31f70dfa2fc7
221166,24,21.9,136,22,"2021-09-25 07:15:14",A303,6f6db310-75e6-4dc3-b490-31f70dfa2fc7
221178,25,22.2,151,100,"2021-09-25 07:24:00",A302,6f6db310-75e6-4dc3-b490-31f70dfa2fc7
221191,24,22.3,136,29,"2021-09-25 07:45:44",A303,6f6db310-75e6-4dc3-b490-31f70dfa2fc7
221203,25,22.6,151,93,"2021-09-25 07:54:26",A302,6f6db310-75e6-4dc3-b490-31f70dfa2fc7
221216,24,22.8,134,36,"2021-09-25 08:16:15",A303,6f6db310-75e6-4dc3-b490-31f70dfa2fc7
221228,25,23.2,152,100,"2021-09-25 08:24:51",A302,6f6db310-75e6-4dc3-b490-31f70dfa2fc7
221242,24,23.2,136,36,"2021-09-25 08:46:45",A303,6f6db310-75e6-4dc3-b490-31f70dfa2fc7
221253,25,23.7,152,100,"2021-09-25 08:55:13",A302,6f6db310-75e6-4dc3-b490-31f70dfa2fc7
221265,24,23.6,135,43,"2021-09-25 09:17:16",A303,6f6db310-75e6-4dc3-b490-31f70dfa2fc7
221277,25,24.1,152,100,"2021-09-25 09:25:37",A302,6f6db310-75e6-4dc3-b490-31f70dfa2fc7
221291,24,23.9,134,43,"2021-09-25 09:47:48",A303,6f6db310-75e6-4dc3-b490-31f70dfa2fc7
221302,25,24.7,152,100,"2021-09-25 09:56:02",A302,6f6db310-75e6-4dc3-b490-31f70dfa2fc7
221317,23,24.2,134,36,"2021-09-25 10:18:17",A303,6f6db310-75e6-4dc3-b490-31f70dfa2fc7
221327,25,25.3,152,100,"2021-09-25 10:26:23",A302,6f6db310-75e6-4dc3-b490-31f70dfa2fc7
221342,23,24.5,135,43,"2021-09-25 10:48:49",A303,6f6db310-75e6-4dc3-b490-31f70dfa2fc7
221352,25,25.9,152,100,"2021-09-25 10:56:48",A302,6f6db310-75e6-4dc3-b490-31f70dfa2fc7
221367,23,24.8,135,43,"2021-09-25 11:19:19",A303,6f6db310-75e6-4dc3-b490-31f70dfa2fc7
221378,25,26.4,152,93,"2021-09-25 11:27:10",A302,6f6db310-75e6-4dc3-b490-31f70dfa2fc7
221392,23,25,135,15,"2021-09-25 11:49:46",A303,6f6db310-75e6-4dc3-b490-31f70dfa2fc7
221403,25,26.6,152,93,"2021-09-25 11:57:28",A302,6f6db310-75e6-4dc3-b490-31f70dfa2fc7
221417,23,25,135,15,"2021-09-25 12:20:13",A303,6f6db310-75e6-4dc3-b490-31f70dfa2fc7
221428,25,26.5,154,93,"2021-09-25 12:27:45",A302,6f6db310-75e6-4dc3-b490-31f70dfa2fc7
221442,23,24.9,135,22,"2021-09-25 12:50:38",A303,6f6db310-75e6-4dc3-b490-31f70dfa2fc7
221452,25,26.3,155,100,"2021-09-25 12:58:03",A302,6f6db310-75e6-4dc3-b490-31f70dfa2fc7
221465,23,24.8,135,22,"2021-09-25 13:21:04",A303,6f6db310-75e6-4dc3-b490-31f70dfa2fc7
221475,25,26.1,155,100,"2021-09-25 13:28:22",A302,6f6db310-75e6-4dc3-b490-31f70dfa2fc7
221491,23,24.7,135,8,"2021-09-25 13:51:31",A303,6f6db310-75e6-4dc3-b490-31f70dfa2fc7
221500,25,26,156,93,"2021-09-25 13:58:40",A302,6f6db310-75e6-4dc3-b490-31f70dfa2fc7
221513,26,25.2,78,93,"2021-09-25 14:18:15",A301,6f6db310-75e6-4dc3-b490-31f70dfa2fc7
221518,23,24.6,134,8,"2021-09-25 14:21:56",A303,6f6db310-75e6-4dc3-b490-31f70dfa2fc7
221527,25,25.8,154,93,"2021-09-25 14:28:58",A302,6f6db310-75e6-4dc3-b490-31f70dfa2fc7
221552,25,25.6,154,93,"2021-09-25 14:59:11",A302,6f6db310-75e6-4dc3-b490-31f70dfa2fc7
221569,23,24.4,133,0,"2021-09-25 15:22:45",A303,6f6db310-75e6-4dc3-b490-31f70dfa2fc7
221577,25,25.4,154,86,"2021-09-25 15:29:27",A302,6f6db310-75e6-4dc3-b490-31f70dfa2fc7
221594,23,24.3,134,0,"2021-09-25 15:53:10",A303,6f6db310-75e6-4dc3-b490-31f70dfa2fc7
221601,25,25.2,157,86,"2021-09-25 15:59:43",A302,6f6db310-75e6-4dc3-b490-31f70dfa2fc7
221617,23,24.2,134,0,"2021-09-25 16:23:34",A303,6f6db310-75e6-4dc3-b490-31f70dfa2fc7
221624,25,24.9,157,86,"2021-09-25 16:29:58",A302,6f6db310-75e6-4dc3-b490-31f70dfa2fc7
221638,26,25.1,78,86,"2021-09-25 16:50:23",A301,6f6db310-75e6-4dc3-b490-31f70dfa2fc7
221642,23,24,134,0,"2021-09-25 16:54:00",A303,6f6db310-75e6-4dc3-b490-31f70dfa2fc7
221650,25,24.7,157,86,"2021-09-25 17:00:13",A302,6f6db310-75e6-4dc3-b490-31f70dfa2fc7
221667,23,23.9,135,0,"2021-09-25 17:24:21",A303,6f6db310-75e6-4dc3-b490-31f70dfa2fc7
221689,23,23.8,134,0,"2021-09-25 17:54:45",A303,6f6db310-75e6-4dc3-b490-31f70dfa2fc7
221710,23,23.6,135,0,"2021-09-25 18:25:10",A303,6f6db310-75e6-4dc3-b490-31f70dfa2fc7
221730,23,23.5,133,0,"2021-09-25 18:55:33",A303,6f6db310-75e6-4dc3-b490-31f70dfa2fc7
221752,23,23.4,131,0,"2021-09-25 19:25:56",A303,6f6db310-75e6-4dc3-b490-31f70dfa2fc7
221772,23,23.3,133,0,"2021-09-25 19:56:20",A303,6f6db310-75e6-4dc3-b490-31f70dfa2fc7
221793,23,23.2,133,0,"2021-09-25 20:26:44",A303,6f6db310-75e6-4dc3-b490-31f70dfa2fc7
221814,23,23.1,133,0,"2021-09-25 20:57:05",A303,6f6db310-75e6-4dc3-b490-31f70dfa2fc7
221835,23,23,134,0,"2021-09-25 21:27:27",A303,6f6db310-75e6-4dc3-b490-31f70dfa2fc7
221857,23,22.9,133,0,"2021-09-25 21:57:51",A303,6f6db310-75e6-4dc3-b490-31f70dfa2fc7
221879,23,22.8,133,0,"2021-09-25 22:28:13",A303,6f6db310-75e6-4dc3-b490-31f70dfa2fc7
221901,23,22.6,134,0,"2021-09-25 22:58:34",A303,6f6db310-75e6-4dc3-b490-31f70dfa2fc7
221923,23,22.5,133,0,"2021-09-25 23:28:57",A303,6f6db310-75e6-4dc3-b490-31f70dfa2fc7
221946,23,22.4,134,0,"2021-09-25 23:59:18",A303,6f6db310-75e6-4dc3-b490-31f70dfa2fc7
221967,23,22.3,133,0,"2021-09-26 00:29:40",A303,6f6db310-75e6-4dc3-b490-31f70dfa2fc7
221989,23,22.2,134,0,"2021-09-26 01:00:02",A303,6f6db310-75e6-4dc3-b490-31f70dfa2fc7
222012,23,22.1,132,0,"2021-09-26 01:30:23",A303,6f6db310-75e6-4dc3-b490-31f70dfa2fc7
222018,26,23.6,76,86,"2021-09-26 01:36:34",A301,6f6db310-75e6-4dc3-b490-31f70dfa2fc7
222034,23,22,132,0,"2021-09-26 02:00:44",A303,6f6db310-75e6-4dc3-b490-31f70dfa2fc7
222057,23,21.9,133,0,"2021-09-26 02:31:05",A303,6f6db310-75e6-4dc3-b490-31f70dfa2fc7
222070,26,23.4,76,86,"2021-09-26 02:41:04",A301,6f6db310-75e6-4dc3-b490-31f70dfa2fc7
222081,23,21.8,133,0,"2021-09-26 03:01:27",A303,6f6db310-75e6-4dc3-b490-31f70dfa2fc7
222103,23,21.7,132,0,"2021-09-26 03:31:48",A303,6f6db310-75e6-4dc3-b490-31f70dfa2fc7
222123,23,21.6,132,0,"2021-09-26 04:02:11",A303,6f6db310-75e6-4dc3-b490-31f70dfa2fc7
222145,23,21.5,133,0,"2021-09-26 04:32:31",A303,6f6db310-75e6-4dc3-b490-31f70dfa2fc7
222163,23,21.5,132,0,"2021-09-26 05:02:54",A303,6f6db310-75e6-4dc3-b490-31f70dfa2fc7
222186,23,21.4,132,0,"2021-09-26 05:33:20",A303,6f6db310-75e6-4dc3-b490-31f70dfa2fc7
222209,23,21.5,132,0,"2021-09-26 06:03:46",A303,6f6db310-75e6-4dc3-b490-31f70dfa2fc7
222230,23,21.6,132,8,"2021-09-26 06:34:13",A303,6f6db310-75e6-4dc3-b490-31f70dfa2fc7
222254,23,21.8,132,29,"2021-09-26 07:04:42",A303,6f6db310-75e6-4dc3-b490-31f70dfa2fc7
222278,23,22.2,130,43,"2021-09-26 07:35:13",A303,6f6db310-75e6-4dc3-b490-31f70dfa2fc7
222302,23,22.6,130,43,"2021-09-26 08:05:45",A303,6f6db310-75e6-4dc3-b490-31f70dfa2fc7
222327,23,23.1,131,50,"2021-09-26 08:36:16",A303,6f6db310-75e6-4dc3-b490-31f70dfa2fc7
222352,23,23.58,130,50,"2021-09-26 09:06:47",A303,6f6db310-75e6-4dc3-b490-31f70dfa2fc7
222377,23,24,129,50,"2021-09-26 09:37:17",A303,6f6db310-75e6-4dc3-b490-31f70dfa2fc7
222403,23,24.3,130,58,"2021-09-26 10:07:50",A303,6f6db310-75e6-4dc3-b490-31f70dfa2fc7
222429,22,24.6,130,58,"2021-09-26 10:38:20",A303,6f6db310-75e6-4dc3-b490-31f70dfa2fc7
222457,22,24.9,129,65,"2021-09-26 11:08:53",A303,6f6db310-75e6-4dc3-b490-31f70dfa2fc7
222463,25,27.5,150,86,"2021-09-26 11:14:19",A302,6f6db310-75e6-4dc3-b490-31f70dfa2fc7
222486,22,25.2,130,65,"2021-09-26 11:39:26",A303,6f6db310-75e6-4dc3-b490-31f70dfa2fc7
222491,25,28.2,151,100,"2021-09-26 11:44:54",A302,6f6db310-75e6-4dc3-b490-31f70dfa2fc7
222516,22,25.5,129,65,"2021-09-26 12:09:56",A303,6f6db310-75e6-4dc3-b490-31f70dfa2fc7
222521,25,28.7,151,100,"2021-09-26 12:15:16",A302,6f6db310-75e6-4dc3-b490-31f70dfa2fc7
222546,22,25.6,129,58,"2021-09-26 12:40:29",A303,6f6db310-75e6-4dc3-b490-31f70dfa2fc7
222550,25,28.9,153,93,"2021-09-26 12:45:38",A302,6f6db310-75e6-4dc3-b490-31f70dfa2fc7
222575,22,25.6,130,43,"2021-09-26 13:10:57",A303,6f6db310-75e6-4dc3-b490-31f70dfa2fc7
222603,22,25.6,129,22,"2021-09-26 13:41:23",A303,6f6db310-75e6-4dc3-b490-31f70dfa2fc7
222607,25,28.6,154,86,"2021-09-26 13:46:09",A302,6f6db310-75e6-4dc3-b490-31f70dfa2fc7
222634,22,25.4,130,0,"2021-09-26 14:11:48",A303,6f6db310-75e6-4dc3-b490-31f70dfa2fc7
222638,25,28.2,155,86,"2021-09-26 14:16:20",A302,6f6db310-75e6-4dc3-b490-31f70dfa2fc7
222662,22,25.2,130,0,"2021-09-26 14:42:13",A303,6f6db310-75e6-4dc3-b490-31f70dfa2fc7
222665,25,27.8,158,86,"2021-09-26 14:46:34",A302,6f6db310-75e6-4dc3-b490-31f70dfa2fc7
222691,22,25,130,0,"2021-09-26 15:12:37",A303,6f6db310-75e6-4dc3-b490-31f70dfa2fc7
222694,25,27.4,157,86,"2021-09-26 15:16:45",A302,6f6db310-75e6-4dc3-b490-31f70dfa2fc7
222721,22,24.9,129,0,"2021-09-26 15:43:03",A303,6f6db310-75e6-4dc3-b490-31f70dfa2fc7
222722,25,26.9,157,86,"2021-09-26 15:46:52",A302,6f6db310-75e6-4dc3-b490-31f70dfa2fc7
222749,22,24.7,128,0,"2021-09-26 16:13:27",A303,6f6db310-75e6-4dc3-b490-31f70dfa2fc7
222778,22,24.5,130,0,"2021-09-26 16:43:49",A303,6f6db310-75e6-4dc3-b490-31f70dfa2fc7
222780,25,26,158,86,"2021-09-26 16:47:11",A302,6f6db310-75e6-4dc3-b490-31f70dfa2fc7
222807,22,24.3,128,0,"2021-09-26 17:14:16",A303,6f6db310-75e6-4dc3-b490-31f70dfa2fc7
222809,25,25.6,156,86,"2021-09-26 17:17:22",A302,6f6db310-75e6-4dc3-b490-31f70dfa2fc7
222836,22,24.2,129,0,"2021-09-26 17:44:35",A303,6f6db310-75e6-4dc3-b490-31f70dfa2fc7
222838,25,25.3,158,86,"2021-09-26 17:47:31",A302,6f6db310-75e6-4dc3-b490-31f70dfa2fc7
222865,22,24,129,0,"2021-09-26 18:14:58",A303,6f6db310-75e6-4dc3-b490-31f70dfa2fc7
222867,25,25,158,86,"2021-09-26 18:17:39",A302,6f6db310-75e6-4dc3-b490-31f70dfa2fc7
222898,25,24.7,158,86,"2021-09-26 18:47:48",A302,6f6db310-75e6-4dc3-b490-31f70dfa2fc7
222929,22,23.7,130,0,"2021-09-26 19:15:45",A303,6f6db310-75e6-4dc3-b490-31f70dfa2fc7
222931,25,24.4,157,86,"2021-09-26 19:17:57",A302,6f6db310-75e6-4dc3-b490-31f70dfa2fc7
222961,22,23.6,130,0,"2021-09-26 19:46:06",A303,6f6db310-75e6-4dc3-b490-31f70dfa2fc7
222963,25,24.2,156,86,"2021-09-26 19:48:05",A302,6f6db310-75e6-4dc3-b490-31f70dfa2fc7
222993,22,23.4,128,0,"2021-09-26 20:16:28",A303,6f6db310-75e6-4dc3-b490-31f70dfa2fc7
222995,25,24,157,86,"2021-09-26 20:18:14",A302,6f6db310-75e6-4dc3-b490-31f70dfa2fc7
223022,22,23.3,128,0,"2021-09-26 20:46:50",A303,6f6db310-75e6-4dc3-b490-31f70dfa2fc7
223024,25,23.7,157,86,"2021-09-26 20:48:20",A302,6f6db310-75e6-4dc3-b490-31f70dfa2fc7
223053,22,23.1,129,0,"2021-09-26 21:18:28",A303,6f6db310-75e6-4dc3-b490-31f70dfa2fc7
223054,25,23.5,157,86,"2021-09-26 21:18:30",A302,6f6db310-75e6-4dc3-b490-31f70dfa2fc7
223084,25,23.3,157,86,"2021-09-26 21:48:39",A302,6f6db310-75e6-4dc3-b490-31f70dfa2fc7
223085,22,23,129,0,"2021-09-26 21:48:51",A303,6f6db310-75e6-4dc3-b490-31f70dfa2fc7
223114,25,23.1,157,86,"2021-09-26 22:18:48",A302,6f6db310-75e6-4dc3-b490-31f70dfa2fc7
223142,25,22.9,155,86,"2021-09-26 22:48:54",A302,6f6db310-75e6-4dc3-b490-31f70dfa2fc7
223144,22,22.7,129,0,"2021-09-26 22:49:37",A303,6f6db310-75e6-4dc3-b490-31f70dfa2fc7
223174,25,22.8,156,86,"2021-09-26 23:18:59",A302,6f6db310-75e6-4dc3-b490-31f70dfa2fc7
223176,22,22.6,129,0,"2021-09-26 23:20:00",A303,6f6db310-75e6-4dc3-b490-31f70dfa2fc7
223205,25,22.6,156,86,"2021-09-26 23:49:08",A302,6f6db310-75e6-4dc3-b490-31f70dfa2fc7
223207,22,22.42,129,0,"2021-09-26 23:50:23",A303,6f6db310-75e6-4dc3-b490-31f70dfa2fc7
223235,25,22.4,156,86,"2021-09-27 00:19:12",A302,6f6db310-75e6-4dc3-b490-31f70dfa2fc7
223237,22,22.3,129,0,"2021-09-27 00:20:45",A303,6f6db310-75e6-4dc3-b490-31f70dfa2fc7
223267,25,22.3,156,86,"2021-09-27 00:49:17",A302,6f6db310-75e6-4dc3-b490-31f70dfa2fc7
223296,25,22.1,155,86,"2021-09-27 01:19:24",A302,6f6db310-75e6-4dc3-b490-31f70dfa2fc7
223325,25,21.92,155,86,"2021-09-27 01:49:32",A302,6f6db310-75e6-4dc3-b490-31f70dfa2fc7
223327,22,21.9,129,0,"2021-09-27 01:51:52",A303,6f6db310-75e6-4dc3-b490-31f70dfa2fc7
223355,25,21.8,155,86,"2021-09-27 02:19:37",A302,6f6db310-75e6-4dc3-b490-31f70dfa2fc7
223357,22,21.8,128,0,"2021-09-27 02:22:14",A303,6f6db310-75e6-4dc3-b490-31f70dfa2fc7
223384,25,21.7,152,86,"2021-09-27 02:49:43",A302,6f6db310-75e6-4dc3-b490-31f70dfa2fc7
223386,22,21.7,128,0,"2021-09-27 02:52:38",A303,6f6db310-75e6-4dc3-b490-31f70dfa2fc7
223413,25,21.6,153,86,"2021-09-27 03:19:48",A302,6f6db310-75e6-4dc3-b490-31f70dfa2fc7
223417,22,21.6,128,0,"2021-09-27 03:23:01",A303,6f6db310-75e6-4dc3-b490-31f70dfa2fc7
223443,25,21.42,153,86,"2021-09-27 03:49:55",A302,6f6db310-75e6-4dc3-b490-31f70dfa2fc7
223447,22,21.5,128,0,"2021-09-27 03:53:22",A303,6f6db310-75e6-4dc3-b490-31f70dfa2fc7
223476,22,21.4,128,0,"2021-09-27 04:23:44",A303,6f6db310-75e6-4dc3-b490-31f70dfa2fc7
223502,25,21.3,154,86,"2021-09-27 04:50:08",A302,6f6db310-75e6-4dc3-b490-31f70dfa2fc7
223506,22,21.3,128,0,"2021-09-27 04:54:06",A303,6f6db310-75e6-4dc3-b490-31f70dfa2fc7
223533,25,21.3,154,93,"2021-09-27 05:20:18",A302,6f6db310-75e6-4dc3-b490-31f70dfa2fc7
223536,22,21.3,128,0,"2021-09-27 05:24:31",A303,6f6db310-75e6-4dc3-b490-31f70dfa2fc7
223564,25,21.3,154,93,"2021-09-27 05:50:26",A302,6f6db310-75e6-4dc3-b490-31f70dfa2fc7
223594,25,21.5,153,93,"2021-09-27 06:20:40",A302,6f6db310-75e6-4dc3-b490-31f70dfa2fc7
223597,22,21.4,127,8,"2021-09-27 06:25:25",A303,6f6db310-75e6-4dc3-b490-31f70dfa2fc7
223625,25,21.8,153,93,"2021-09-27 06:50:56",A302,6f6db310-75e6-4dc3-b490-31f70dfa2fc7
223627,22,21.7,127,15,"2021-09-27 06:55:55",A303,6f6db310-75e6-4dc3-b490-31f70dfa2fc7
223654,25,22.2,151,93,"2021-09-27 07:21:14",A302,6f6db310-75e6-4dc3-b490-31f70dfa2fc7
223656,22,22,127,29,"2021-09-27 07:26:28",A303,6f6db310-75e6-4dc3-b490-31f70dfa2fc7
223684,25,22.7,151,100,"2021-09-27 07:51:33",A302,6f6db310-75e6-4dc3-b490-31f70dfa2fc7
223686,22,22.4,126,36,"2021-09-27 07:57:00",A303,6f6db310-75e6-4dc3-b490-31f70dfa2fc7
223714,25,23.3,151,93,"2021-09-27 08:21:54",A302,6f6db310-75e6-4dc3-b490-31f70dfa2fc7
223716,22,22.8,126,43,"2021-09-27 08:27:35",A303,6f6db310-75e6-4dc3-b490-31f70dfa2fc7
223743,25,23.7,152,100,"2021-09-27 08:52:15",A302,6f6db310-75e6-4dc3-b490-31f70dfa2fc7
223772,25,24.2,152,100,"2021-09-27 09:22:35",A302,6f6db310-75e6-4dc3-b490-31f70dfa2fc7
223774,22,23.7,126,50,"2021-09-27 09:28:42",A303,6f6db310-75e6-4dc3-b490-31f70dfa2fc7
223801,25,24.9,153,93,"2021-09-27 09:52:57",A302,6f6db310-75e6-4dc3-b490-31f70dfa2fc7
223803,22,24.1,125,50,"2021-09-27 09:59:12",A303,6f6db310-75e6-4dc3-b490-31f70dfa2fc7
223831,25,25.3,152,93,"2021-09-27 10:23:14",A302,6f6db310-75e6-4dc3-b490-31f70dfa2fc7
223834,22,24.3,126,50,"2021-09-27 10:29:45",A303,6f6db310-75e6-4dc3-b490-31f70dfa2fc7
223861,25,25.5,152,100,"2021-09-27 10:53:31",A302,6f6db310-75e6-4dc3-b490-31f70dfa2fc7
223864,22,24.5,124,50,"2021-09-27 11:00:17",A303,6f6db310-75e6-4dc3-b490-31f70dfa2fc7
223889,25,25.6,154,100,"2021-09-27 11:23:47",A302,6f6db310-75e6-4dc3-b490-31f70dfa2fc7
223892,22,24.6,124,65,"2021-09-27 11:30:51",A303,6f6db310-75e6-4dc3-b490-31f70dfa2fc7
223917,25,26,154,93,"2021-09-27 11:54:07",A302,6f6db310-75e6-4dc3-b490-31f70dfa2fc7
223920,22,24.8,124,65,"2021-09-27 12:01:26",A303,6f6db310-75e6-4dc3-b490-31f70dfa2fc7
223945,25,26.4,155,93,"2021-09-27 12:24:28",A302,6f6db310-75e6-4dc3-b490-31f70dfa2fc7
223971,26,26.5,157,93,"2021-09-27 12:54:39",A302,6f6db310-75e6-4dc3-b490-31f70dfa2fc7
223998,27,26.3,170,93,"2021-09-27 13:24:51",A302,6f6db310-75e6-4dc3-b490-31f70dfa2fc7
224026,27,26,183,93,"2021-09-27 13:55:06",A302,6f6db310-75e6-4dc3-b490-31f70dfa2fc7
224030,25,24.7,129,0,"2021-09-27 14:03:20",A303,6f6db310-75e6-4dc3-b490-31f70dfa2fc7
224054,27,25.9,197,93,"2021-09-27 14:25:22",A302,6f6db310-75e6-4dc3-b490-31f70dfa2fc7
224058,24,24.6,128,0,"2021-09-27 14:33:50",A303,6f6db310-75e6-4dc3-b490-31f70dfa2fc7
224085,27,25.78,202,93,"2021-09-27 14:55:38",A302,6f6db310-75e6-4dc3-b490-31f70dfa2fc7
224114,27,25.7,206,86,"2021-09-27 15:25:53",A302,6f6db310-75e6-4dc3-b490-31f70dfa2fc7
224118,24,24.5,129,0,"2021-09-27 15:34:46",A303,6f6db310-75e6-4dc3-b490-31f70dfa2fc7
224143,27,25.5,207,86,"2021-09-27 15:56:07",A302,6f6db310-75e6-4dc3-b490-31f70dfa2fc7
224147,24,24.5,128,0,"2021-09-27 16:05:13",A303,6f6db310-75e6-4dc3-b490-31f70dfa2fc7
224173,27,25.3,209,86,"2021-09-27 16:26:19",A302,6f6db310-75e6-4dc3-b490-31f70dfa2fc7
224177,24,24.4,129,0,"2021-09-27 16:35:39",A303,6f6db310-75e6-4dc3-b490-31f70dfa2fc7
224202,27,25.1,209,86,"2021-09-27 16:56:39",A302,6f6db310-75e6-4dc3-b490-31f70dfa2fc7
224206,24,24.3,130,0,"2021-09-27 17:06:07",A303,6f6db310-75e6-4dc3-b490-31f70dfa2fc7
224231,27,25,209,86,"2021-09-27 17:26:45",A302,6f6db310-75e6-4dc3-b490-31f70dfa2fc7
224236,24,24.2,130,0,"2021-09-27 17:36:33",A303,6f6db310-75e6-4dc3-b490-31f70dfa2fc7
224262,27,24.8,211,86,"2021-09-27 17:57:00",A302,6f6db310-75e6-4dc3-b490-31f70dfa2fc7
224267,24,24.1,128,0,"2021-09-27 18:06:59",A303,6f6db310-75e6-4dc3-b490-31f70dfa2fc7
224293,27,24.6,210,86,"2021-09-27 18:27:08",A302,6f6db310-75e6-4dc3-b490-31f70dfa2fc7
224298,24,23.9,129,0,"2021-09-27 18:37:25",A303,6f6db310-75e6-4dc3-b490-31f70dfa2fc7
224320,27,24.4,210,86,"2021-09-27 18:57:18",A302,6f6db310-75e6-4dc3-b490-31f70dfa2fc7
224325,24,23.8,130,0,"2021-09-27 19:07:50",A303,6f6db310-75e6-4dc3-b490-31f70dfa2fc7
224348,27,24.2,209,86,"2021-09-27 19:27:29",A302,6f6db310-75e6-4dc3-b490-31f70dfa2fc7
224353,24,23.7,130,0,"2021-09-27 19:38:16",A303,6f6db310-75e6-4dc3-b490-31f70dfa2fc7
224377,27,24,210,86,"2021-09-27 19:57:38",A302,6f6db310-75e6-4dc3-b490-31f70dfa2fc7
224383,24,23.6,131,0,"2021-09-27 20:08:42",A303,6f6db310-75e6-4dc3-b490-31f70dfa2fc7
224408,27,23.8,210,86,"2021-09-27 20:27:51",A302,6f6db310-75e6-4dc3-b490-31f70dfa2fc7
224413,24,23.48,129,0,"2021-09-27 20:39:07",A303,6f6db310-75e6-4dc3-b490-31f70dfa2fc7
224437,27,23.7,212,86,"2021-09-27 20:58:00",A302,6f6db310-75e6-4dc3-b490-31f70dfa2fc7
224444,24,23.4,129,0,"2021-09-27 21:09:32",A303,6f6db310-75e6-4dc3-b490-31f70dfa2fc7
224466,27,23.5,212,86,"2021-09-27 21:28:11",A302,6f6db310-75e6-4dc3-b490-31f70dfa2fc7
224473,24,23.3,129,0,"2021-09-27 21:39:58",A303,6f6db310-75e6-4dc3-b490-31f70dfa2fc7
224496,27,23.4,211,86,"2021-09-27 21:58:21",A302,6f6db310-75e6-4dc3-b490-31f70dfa2fc7
224503,24,23.2,128,0,"2021-09-27 22:10:23",A303,6f6db310-75e6-4dc3-b490-31f70dfa2fc7
224524,27,23.3,211,86,"2021-09-27 22:28:35",A302,6f6db310-75e6-4dc3-b490-31f70dfa2fc7
224531,24,23.1,130,0,"2021-09-27 22:40:52",A303,6f6db310-75e6-4dc3-b490-31f70dfa2fc7
224553,27,23.1,210,86,"2021-09-27 22:58:39",A302,6f6db310-75e6-4dc3-b490-31f70dfa2fc7
224560,24,22.9,130,0,"2021-09-27 23:11:10",A303,6f6db310-75e6-4dc3-b490-31f70dfa2fc7
224582,27,23,209,86,"2021-09-27 23:28:48",A302,6f6db310-75e6-4dc3-b490-31f70dfa2fc7
224589,24,22.8,129,0,"2021-09-27 23:41:35",A303,6f6db310-75e6-4dc3-b490-31f70dfa2fc7
224610,27,22.8,209,86,"2021-09-27 23:58:55",A302,6f6db310-75e6-4dc3-b490-31f70dfa2fc7
224617,24,22.7,129,0,"2021-09-28 00:11:58",A303,6f6db310-75e6-4dc3-b490-31f70dfa2fc7
224639,27,22.7,210,86,"2021-09-28 00:29:04",A302,6f6db310-75e6-4dc3-b490-31f70dfa2fc7
224665,27,22.5,212,86,"2021-09-28 00:59:12",A302,6f6db310-75e6-4dc3-b490-31f70dfa2fc7
224673,24,22.5,129,0,"2021-09-28 01:12:46",A303,6f6db310-75e6-4dc3-b490-31f70dfa2fc7
224694,27,22.4,212,86,"2021-09-28 01:29:20",A302,6f6db310-75e6-4dc3-b490-31f70dfa2fc7
224703,24,22.4,129,0,"2021-09-28 01:43:09",A303,6f6db310-75e6-4dc3-b490-31f70dfa2fc7
224722,27,22.2,211,86,"2021-09-28 01:59:28",A302,6f6db310-75e6-4dc3-b490-31f70dfa2fc7
224731,23,22.3,129,0,"2021-09-28 02:13:32",A303,6f6db310-75e6-4dc3-b490-31f70dfa2fc7
224750,27,22.1,211,86,"2021-09-28 02:29:36",A302,6f6db310-75e6-4dc3-b490-31f70dfa2fc7
224759,24,22.2,129,0,"2021-09-28 02:43:55",A303,6f6db310-75e6-4dc3-b490-31f70dfa2fc7
224776,27,22,210,86,"2021-09-28 02:59:44",A302,6f6db310-75e6-4dc3-b490-31f70dfa2fc7
224786,24,22.1,129,0,"2021-09-28 03:14:18",A303,6f6db310-75e6-4dc3-b490-31f70dfa2fc7
224800,27,21.8,207,86,"2021-09-28 03:29:50",A302,6f6db310-75e6-4dc3-b490-31f70dfa2fc7
224811,23,21.9,129,0,"2021-09-28 03:44:42",A303,6f6db310-75e6-4dc3-b490-31f70dfa2fc7
224827,27,21.7,210,86,"2021-09-28 03:59:56",A302,6f6db310-75e6-4dc3-b490-31f70dfa2fc7
224838,23,21.8,129,0,"2021-09-28 04:15:09",A303,6f6db310-75e6-4dc3-b490-31f70dfa2fc7
224856,27,21.6,210,86,"2021-09-28 04:30:03",A302,6f6db310-75e6-4dc3-b490-31f70dfa2fc7
224866,23,21.7,128,0,"2021-09-28 04:45:28",A303,6f6db310-75e6-4dc3-b490-31f70dfa2fc7
224883,27,21.5,210,93,"2021-09-28 05:00:12",A302,6f6db310-75e6-4dc3-b490-31f70dfa2fc7
224894,23,21.7,128,0,"2021-09-28 05:15:52",A303,6f6db310-75e6-4dc3-b490-31f70dfa2fc7
224911,27,21.5,210,93,"2021-09-28 05:30:22",A302,6f6db310-75e6-4dc3-b490-31f70dfa2fc7
224923,23,21.6,128,0,"2021-09-28 05:46:19",A303,6f6db310-75e6-4dc3-b490-31f70dfa2fc7
224940,27,21.5,209,93,"2021-09-28 06:00:34",A302,6f6db310-75e6-4dc3-b490-31f70dfa2fc7
224953,23,21.7,128,0,"2021-09-28 06:16:45",A303,6f6db310-75e6-4dc3-b490-31f70dfa2fc7
224967,27,21.7,208,93,"2021-09-28 06:30:50",A302,6f6db310-75e6-4dc3-b490-31f70dfa2fc7
224979,23,21.8,128,8,"2021-09-28 06:47:15",A303,6f6db310-75e6-4dc3-b490-31f70dfa2fc7
224995,27,21.9,208,100,"2021-09-28 07:01:09",A302,6f6db310-75e6-4dc3-b490-31f70dfa2fc7
225008,23,22.1,125,29,"2021-09-28 07:17:48",A303,6f6db310-75e6-4dc3-b490-31f70dfa2fc7
225022,27,22.3,206,100,"2021-09-28 07:31:27",A302,6f6db310-75e6-4dc3-b490-31f70dfa2fc7
225037,23,22.4,128,36,"2021-09-28 07:48:21",A303,6f6db310-75e6-4dc3-b490-31f70dfa2fc7
225051,27,22.9,207,100,"2021-09-28 08:01:47",A302,6f6db310-75e6-4dc3-b490-31f70dfa2fc7
225066,23,22.8,127,36,"2021-09-28 08:18:55",A303,6f6db310-75e6-4dc3-b490-31f70dfa2fc7
225078,27,23.4,207,100,"2021-09-28 08:32:09",A302,6f6db310-75e6-4dc3-b490-31f70dfa2fc7
225093,23,23.2,127,43,"2021-09-28 08:49:32",A303,6f6db310-75e6-4dc3-b490-31f70dfa2fc7
225107,27,23.8,207,100,"2021-09-28 09:02:30",A302,6f6db310-75e6-4dc3-b490-31f70dfa2fc7
225122,23,23.6,126,43,"2021-09-28 09:20:01",A303,6f6db310-75e6-4dc3-b490-31f70dfa2fc7
225137,27,24.3,207,100,"2021-09-28 09:32:48",A302,6f6db310-75e6-4dc3-b490-31f70dfa2fc7
225152,23,23.8,126,43,"2021-09-28 09:50:33",A303,6f6db310-75e6-4dc3-b490-31f70dfa2fc7
225166,27,24.5,207,100,"2021-09-28 10:03:07",A302,6f6db310-75e6-4dc3-b490-31f70dfa2fc7
225181,23,24,126,50,"2021-09-28 10:21:07",A303,6f6db310-75e6-4dc3-b490-31f70dfa2fc7
225195,27,24.7,207,100,"2021-09-28 10:33:28",A302,6f6db310-75e6-4dc3-b490-31f70dfa2fc7
225210,23,24.1,124,65,"2021-09-28 10:51:38",A303,6f6db310-75e6-4dc3-b490-31f70dfa2fc7
225239,23,24.36,125,65,"2021-09-28 11:22:13",A303,6f6db310-75e6-4dc3-b490-31f70dfa2fc7
225253,27,25.6,205,100,"2021-09-28 11:34:11",A302,6f6db310-75e6-4dc3-b490-31f70dfa2fc7
225267,23,24.6,125,72,"2021-09-28 11:52:48",A303,6f6db310-75e6-4dc3-b490-31f70dfa2fc7
225281,27,26.2,205,100,"2021-09-28 12:04:35",A302,6f6db310-75e6-4dc3-b490-31f70dfa2fc7
225297,23,24.9,124,65,"2021-09-28 12:23:22",A303,6f6db310-75e6-4dc3-b490-31f70dfa2fc7
225311,27,26.7,203,100,"2021-09-28 12:34:58",A302,6f6db310-75e6-4dc3-b490-31f70dfa2fc7
225325,23,25,123,65,"2021-09-28 12:53:57",A303,6f6db310-75e6-4dc3-b490-31f70dfa2fc7
225339,26,27,204,100,"2021-09-28 13:05:20",A302,6f6db310-75e6-4dc3-b490-31f70dfa2fc7
225355,22,25.1,124,72,"2021-09-28 13:24:33",A303,6f6db310-75e6-4dc3-b490-31f70dfa2fc7
225368,26,27.1,205,100,"2021-09-28 13:35:43",A302,6f6db310-75e6-4dc3-b490-31f70dfa2fc7
225384,22,25.2,123,72,"2021-09-28 13:55:11",A303,6f6db310-75e6-4dc3-b490-31f70dfa2fc7
225397,26,27.2,205,100,"2021-09-28 14:06:22",A302,6f6db310-75e6-4dc3-b490-31f70dfa2fc7
225399,27,24.9,69,72,"2021-09-28 14:11:06",A301,6f6db310-75e6-4dc3-b490-31f70dfa2fc7
225427,26,27.1,204,93,"2021-09-28 14:36:38",A302,6f6db310-75e6-4dc3-b490-31f70dfa2fc7
225445,22,25.2,123,0,"2021-09-28 14:56:14",A303,6f6db310-75e6-4dc3-b490-31f70dfa2fc7
225461,26,26.9,206,86,"2021-09-28 15:06:52",A302,6f6db310-75e6-4dc3-b490-31f70dfa2fc7
225465,27,25.1,70,86,"2021-09-28 15:15:42",A301,6f6db310-75e6-4dc3-b490-31f70dfa2fc7
225477,22,25.1,123,8,"2021-09-28 15:26:44",A303,6f6db310-75e6-4dc3-b490-31f70dfa2fc7
225491,26,26.7,204,86,"2021-09-28 15:37:05",A302,6f6db310-75e6-4dc3-b490-31f70dfa2fc7
225496,27,25.2,69,86,"2021-09-28 15:46:04",A301,6f6db310-75e6-4dc3-b490-31f70dfa2fc7
225509,22,25,123,8,"2021-09-28 15:57:12",A303,6f6db310-75e6-4dc3-b490-31f70dfa2fc7
225521,26,26.5,204,86,"2021-09-28 16:07:17",A302,6f6db310-75e6-4dc3-b490-31f70dfa2fc7
225529,27,25.2,70,86,"2021-09-28 16:16:24",A301,6f6db310-75e6-4dc3-b490-31f70dfa2fc7
225542,22,24.9,123,0,"2021-09-28 16:27:40",A303,6f6db310-75e6-4dc3-b490-31f70dfa2fc7
225553,26,26.2,206,86,"2021-09-28 16:37:28",A302,6f6db310-75e6-4dc3-b490-31f70dfa2fc7
225561,27,25.2,70,86,"2021-09-28 16:47:12",A301,6f6db310-75e6-4dc3-b490-31f70dfa2fc7
225574,22,24.8,123,0,"2021-09-28 16:58:06",A303,6f6db310-75e6-4dc3-b490-31f70dfa2fc7
225585,26,25.9,206,86,"2021-09-28 17:07:43",A302,6f6db310-75e6-4dc3-b490-31f70dfa2fc7
225605,22,24.6,123,0,"2021-09-28 17:28:35",A303,6f6db310-75e6-4dc3-b490-31f70dfa2fc7
225616,26,25.6,203,86,"2021-09-28 17:37:48",A302,6f6db310-75e6-4dc3-b490-31f70dfa2fc7
225624,27,25.1,70,86,"2021-09-28 17:48:03",A301,6f6db310-75e6-4dc3-b490-31f70dfa2fc7
225637,22,24.5,124,0,"2021-09-28 17:59:00",A303,6f6db310-75e6-4dc3-b490-31f70dfa2fc7
225646,26,25.3,204,86,"2021-09-28 18:07:56",A302,6f6db310-75e6-4dc3-b490-31f70dfa2fc7
225669,22,24.3,124,0,"2021-09-28 18:29:25",A303,6f6db310-75e6-4dc3-b490-31f70dfa2fc7
225678,26,25.1,205,86,"2021-09-28 18:38:06",A302,6f6db310-75e6-4dc3-b490-31f70dfa2fc7
225700,22,24.2,125,0,"2021-09-28 18:59:51",A303,6f6db310-75e6-4dc3-b490-31f70dfa2fc7
225707,26,24.8,204,86,"2021-09-28 19:08:14",A302,6f6db310-75e6-4dc3-b490-31f70dfa2fc7
225719,27,24.9,69,86,"2021-09-28 19:18:21",A301,6f6db310-75e6-4dc3-b490-31f70dfa2fc7
225732,22,24,124,0,"2021-09-28 19:30:16",A303,6f6db310-75e6-4dc3-b490-31f70dfa2fc7
225739,26,24.6,201,86,"2021-09-28 19:38:24",A302,6f6db310-75e6-4dc3-b490-31f70dfa2fc7
225750,27,24.8,69,86,"2021-09-28 19:48:43",A301,6f6db310-75e6-4dc3-b490-31f70dfa2fc7
225763,22,23.9,124,0,"2021-09-28 20:00:42",A303,6f6db310-75e6-4dc3-b490-31f70dfa2fc7
225771,26,24.36,203,86,"2021-09-28 20:08:30",A302,6f6db310-75e6-4dc3-b490-31f70dfa2fc7
225783,27,24.7,69,86,"2021-09-28 20:19:01",A301,6f6db310-75e6-4dc3-b490-31f70dfa2fc7
225797,22,23.7,124,0,"2021-09-28 20:31:07",A303,6f6db310-75e6-4dc3-b490-31f70dfa2fc7
225803,26,24.1,204,86,"2021-09-28 20:38:38",A302,6f6db310-75e6-4dc3-b490-31f70dfa2fc7
225826,22,23.6,124,0,"2021-09-28 21:01:32",A303,6f6db310-75e6-4dc3-b490-31f70dfa2fc7
225832,26,23.9,203,86,"2021-09-28 21:08:45",A302,6f6db310-75e6-4dc3-b490-31f70dfa2fc7
225855,22,23.5,124,0,"2021-09-28 21:31:58",A303,6f6db310-75e6-4dc3-b490-31f70dfa2fc7
225861,26,23.7,201,86,"2021-09-28 21:38:52",A302,6f6db310-75e6-4dc3-b490-31f70dfa2fc7
225885,22,23.3,124,0,"2021-09-28 22:02:29",A303,6f6db310-75e6-4dc3-b490-31f70dfa2fc7
225891,26,23.5,201,86,"2021-09-28 22:08:58",A302,6f6db310-75e6-4dc3-b490-31f70dfa2fc7
225916,22,23.2,124,0,"2021-09-28 22:32:46",A303,6f6db310-75e6-4dc3-b490-31f70dfa2fc7
225922,26,23.3,202,86,"2021-09-28 22:39:05",A302,6f6db310-75e6-4dc3-b490-31f70dfa2fc7
225948,22,23.1,124,0,"2021-09-28 23:03:09",A303,6f6db310-75e6-4dc3-b490-31f70dfa2fc7
225954,26,23.1,201,86,"2021-09-28 23:09:11",A302,6f6db310-75e6-4dc3-b490-31f70dfa2fc7
225979,22,22.9,124,0,"2021-09-28 23:33:33",A303,6f6db310-75e6-4dc3-b490-31f70dfa2fc7
225985,26,22.9,202,86,"2021-09-28 23:39:15",A302,6f6db310-75e6-4dc3-b490-31f70dfa2fc7
226012,22,22.8,124,0,"2021-09-29 00:05:10",A303,6f6db310-75e6-4dc3-b490-31f70dfa2fc7
226017,26,22.8,199,86,"2021-09-29 00:09:22",A302,6f6db310-75e6-4dc3-b490-31f70dfa2fc7
226042,22,22.7,123,0,"2021-09-29 00:35:33",A303,6f6db310-75e6-4dc3-b490-31f70dfa2fc7
226046,26,22.6,199,86,"2021-09-29 00:39:26",A302,6f6db310-75e6-4dc3-b490-31f70dfa2fc7
226059,27,23.8,68,86,"2021-09-29 00:51:40",A301,6f6db310-75e6-4dc3-b490-31f70dfa2fc7
226075,22,22.5,122,0,"2021-09-29 01:05:56",A303,6f6db310-75e6-4dc3-b490-31f70dfa2fc7
226078,26,22.5,201,86,"2021-09-29 01:09:31",A302,6f6db310-75e6-4dc3-b490-31f70dfa2fc7
226090,27,23.7,68,86,"2021-09-29 01:21:51",A301,6f6db310-75e6-4dc3-b490-31f70dfa2fc7
226107,22,22.4,122,0,"2021-09-29 01:36:20",A303,6f6db310-75e6-4dc3-b490-31f70dfa2fc7
226110,26,22.3,200,86,"2021-09-29 01:39:35",A302,6f6db310-75e6-4dc3-b490-31f70dfa2fc7
226122,27,23.6,68,86,"2021-09-29 01:52:06",A301,6f6db310-75e6-4dc3-b490-31f70dfa2fc7
226139,22,22.3,123,0,"2021-09-29 02:06:43",A303,6f6db310-75e6-4dc3-b490-31f70dfa2fc7
226141,26,22.2,200,86,"2021-09-29 02:09:41",A302,6f6db310-75e6-4dc3-b490-31f70dfa2fc7
226153,27,23.5,68,86,"2021-09-29 02:22:25",A301,6f6db310-75e6-4dc3-b490-31f70dfa2fc7
226170,22,22.2,122,0,"2021-09-29 02:37:06",A303,6f6db310-75e6-4dc3-b490-31f70dfa2fc7
226172,26,22.1,200,86,"2021-09-29 02:39:44",A302,6f6db310-75e6-4dc3-b490-31f70dfa2fc7
226185,27,23.4,68,86,"2021-09-29 02:52:38",A301,6f6db310-75e6-4dc3-b490-31f70dfa2fc7
226203,26,22,199,86,"2021-09-29 03:09:48",A302,6f6db310-75e6-4dc3-b490-31f70dfa2fc7
226216,27,23.3,68,86,"2021-09-29 03:22:56",A301,6f6db310-75e6-4dc3-b490-31f70dfa2fc7
226232,22,22,122,0,"2021-09-29 03:37:52",A303,6f6db310-75e6-4dc3-b490-31f70dfa2fc7
226234,26,21.9,200,86,"2021-09-29 03:39:54",A302,6f6db310-75e6-4dc3-b490-31f70dfa2fc7
226248,27,23.2,68,86,"2021-09-29 03:53:11",A301,6f6db310-75e6-4dc3-b490-31f70dfa2fc7
226264,22,21.9,122,0,"2021-09-29 04:08:16",A303,6f6db310-75e6-4dc3-b490-31f70dfa2fc7
226266,26,21.7,198,86,"2021-09-29 04:09:58",A302,6f6db310-75e6-4dc3-b490-31f70dfa2fc7
226279,27,23.1,68,86,"2021-09-29 04:23:27",A301,6f6db310-75e6-4dc3-b490-31f70dfa2fc7
226295,22,21.8,123,0,"2021-09-29 04:38:39",A303,6f6db310-75e6-4dc3-b490-31f70dfa2fc7
226308,27,23,67,93,"2021-09-29 04:53:44",A301,6f6db310-75e6-4dc3-b490-31f70dfa2fc7
226324,22,21.7,122,0,"2021-09-29 05:09:04",A303,6f6db310-75e6-4dc3-b490-31f70dfa2fc7
226325,26,21.5,199,93,"2021-09-29 05:10:12",A302,6f6db310-75e6-4dc3-b490-31f70dfa2fc7
226354,22,21.7,122,0,"2021-09-29 05:39:30",A303,6f6db310-75e6-4dc3-b490-31f70dfa2fc7
226355,26,21.5,198,93,"2021-09-29 05:40:22",A302,6f6db310-75e6-4dc3-b490-31f70dfa2fc7
226369,27,22.8,67,93,"2021-09-29 05:54:24",A301,6f6db310-75e6-4dc3-b490-31f70dfa2fc7
226385,22,21.7,122,8,"2021-09-29 06:10:00",A303,6f6db310-75e6-4dc3-b490-31f70dfa2fc7
226386,26,21.6,198,93,"2021-09-29 06:10:34",A302,6f6db310-75e6-4dc3-b490-31f70dfa2fc7
226399,27,22.8,67,93,"2021-09-29 06:24:45",A301,6f6db310-75e6-4dc3-b490-31f70dfa2fc7
226415,22,21.8,122,8,"2021-09-29 06:40:29",A303,6f6db310-75e6-4dc3-b490-31f70dfa2fc7
226416,26,21.8,197,93,"2021-09-29 06:40:48",A302,6f6db310-75e6-4dc3-b490-31f70dfa2fc7
226430,27,22.8,67,93,"2021-09-29 06:55:10",A301,6f6db310-75e6-4dc3-b490-31f70dfa2fc7
226446,26,22.1,197,100,"2021-09-29 07:11:05",A302,6f6db310-75e6-4dc3-b490-31f70dfa2fc7
226447,22,22.1,121,22,"2021-09-29 07:11:05",A303,6f6db310-75e6-4dc3-b490-31f70dfa2fc7
226461,27,22.8,66,93,"2021-09-29 07:25:34",A301,6f6db310-75e6-4dc3-b490-31f70dfa2fc7
226477,26,22.6,193,100,"2021-09-29 07:41:21",A302,6f6db310-75e6-4dc3-b490-31f70dfa2fc7
226478,22,22.4,121,29,"2021-09-29 07:41:36",A303,6f6db310-75e6-4dc3-b490-31f70dfa2fc7
226493,27,22.9,67,100,"2021-09-29 07:56:01",A301,6f6db310-75e6-4dc3-b490-31f70dfa2fc7
226509,26,23.1,194,100,"2021-09-29 08:11:39",A302,6f6db310-75e6-4dc3-b490-31f70dfa2fc7
226510,22,22.8,119,36,"2021-09-29 08:12:07",A303,6f6db310-75e6-4dc3-b490-31f70dfa2fc7
226525,27,23.1,66,100,"2021-09-29 08:26:27",A301,6f6db310-75e6-4dc3-b490-31f70dfa2fc7
226541,26,23.5,195,100,"2021-09-29 08:41:57",A302,6f6db310-75e6-4dc3-b490-31f70dfa2fc7
226542,22,23.2,121,43,"2021-09-29 08:42:41",A303,6f6db310-75e6-4dc3-b490-31f70dfa2fc7
226555,27,23.3,66,100,"2021-09-29 08:56:53",A301,6f6db310-75e6-4dc3-b490-31f70dfa2fc7
226571,26,23.9,194,100,"2021-09-29 09:12:16",A302,6f6db310-75e6-4dc3-b490-31f70dfa2fc7
226572,22,23.7,120,43,"2021-09-29 09:13:15",A303,6f6db310-75e6-4dc3-b490-31f70dfa2fc7
226585,26,23.5,66,100,"2021-09-29 09:27:20",A301,6f6db310-75e6-4dc3-b490-31f70dfa2fc7
226600,22,24.1,121,50,"2021-09-29 09:43:50",A303,6f6db310-75e6-4dc3-b490-31f70dfa2fc7
226613,26,23.8,65,100,"2021-09-29 09:57:46",A301,6f6db310-75e6-4dc3-b490-31f70dfa2fc7
226628,22,24.4,120,58,"2021-09-29 10:14:23",A303,6f6db310-75e6-4dc3-b490-31f70dfa2fc7
226641,26,24,65,100,"2021-09-29 10:28:14",A301,6f6db310-75e6-4dc3-b490-31f70dfa2fc7
226655,26,25.9,191,100,"2021-09-29 10:43:11",A302,6f6db310-75e6-4dc3-b490-31f70dfa2fc7
226657,22,24.7,120,58,"2021-09-29 10:44:56",A303,6f6db310-75e6-4dc3-b490-31f70dfa2fc7
226671,26,24.3,65,100,"2021-09-29 10:58:41",A301,6f6db310-75e6-4dc3-b490-31f70dfa2fc7
226685,26,26.48,194,100,"2021-09-29 11:13:32",A302,6f6db310-75e6-4dc3-b490-31f70dfa2fc7
226687,22,25,120,65,"2021-09-29 11:15:31",A303,6f6db310-75e6-4dc3-b490-31f70dfa2fc7
226702,26,24.5,64,100,"2021-09-29 11:29:09",A301,6f6db310-75e6-4dc3-b490-31f70dfa2fc7
226717,26,27,195,100,"2021-09-29 11:43:56",A302,6f6db310-75e6-4dc3-b490-31f70dfa2fc7
226719,22,25.3,119,72,"2021-09-29 11:46:07",A303,6f6db310-75e6-4dc3-b490-31f70dfa2fc7
226733,26,24.8,64,100,"2021-09-29 11:59:35",A301,6f6db310-75e6-4dc3-b490-31f70dfa2fc7
226750,22,25.5,119,72,"2021-09-29 12:16:42",A303,6f6db310-75e6-4dc3-b490-31f70dfa2fc7
226766,26,25,63,100,"2021-09-29 12:30:05",A301,6f6db310-75e6-4dc3-b490-31f70dfa2fc7
226781,21,25.6,119,72,"2021-09-29 12:47:21",A303,6f6db310-75e6-4dc3-b490-31f70dfa2fc7
226794,26,25.1,63,100,"2021-09-29 13:00:35",A301,6f6db310-75e6-4dc3-b490-31f70dfa2fc7
226810,26,28.6,195,100,"2021-09-29 13:15:00",A302,6f6db310-75e6-4dc3-b490-31f70dfa2fc7
226812,21,25.7,119,79,"2021-09-29 13:17:56",A303,6f6db310-75e6-4dc3-b490-31f70dfa2fc7
226826,26,25.3,63,100,"2021-09-29 13:31:05",A301,6f6db310-75e6-4dc3-b490-31f70dfa2fc7
226842,26,28.8,194,100,"2021-09-29 13:45:24",A302,6f6db310-75e6-4dc3-b490-31f70dfa2fc7
226844,21,25.8,119,79,"2021-09-29 13:48:33",A303,6f6db310-75e6-4dc3-b490-31f70dfa2fc7
226858,25,25.5,63,100,"2021-09-29 14:01:34",A301,6f6db310-75e6-4dc3-b490-31f70dfa2fc7
226875,21,25.8,119,79,"2021-09-29 14:19:12",A303,6f6db310-75e6-4dc3-b490-31f70dfa2fc7
226888,25,25.6,63,93,"2021-09-29 14:32:04",A301,6f6db310-75e6-4dc3-b490-31f70dfa2fc7
226905,21,25.7,118,86,"2021-09-29 14:49:47",A303,6f6db310-75e6-4dc3-b490-31f70dfa2fc7
226932,26,28.7,198,86,"2021-09-29 15:16:27",A302,6f6db310-75e6-4dc3-b490-31f70dfa2fc7
226936,21,25.7,117,86,"2021-09-29 15:20:22",A303,6f6db310-75e6-4dc3-b490-31f70dfa2fc7
226947,25,25.8,62,86,"2021-09-29 15:32:58",A301,6f6db310-75e6-4dc3-b490-31f70dfa2fc7
226966,21,25.6,117,72,"2021-09-29 15:50:52",A303,6f6db310-75e6-4dc3-b490-31f70dfa2fc7
226975,25,25.9,62,86,"2021-09-29 16:03:20",A301,6f6db310-75e6-4dc3-b490-31f70dfa2fc7
226995,21,25.5,118,36,"2021-09-29 16:21:21",A303,6f6db310-75e6-4dc3-b490-31f70dfa2fc7
227005,25,25.9,62,86,"2021-09-29 16:33:43",A301,6f6db310-75e6-4dc3-b490-31f70dfa2fc7
227020,26,27.7,199,86,"2021-09-29 16:47:09",A302,6f6db310-75e6-4dc3-b490-31f70dfa2fc7
227027,21,25.3,117,22,"2021-09-29 16:51:50",A303,6f6db310-75e6-4dc3-b490-31f70dfa2fc7
227036,25,25.9,62,86,"2021-09-29 17:04:06",A301,6f6db310-75e6-4dc3-b490-31f70dfa2fc7
227051,26,27.4,198,86,"2021-09-29 17:17:20",A302,6f6db310-75e6-4dc3-b490-31f70dfa2fc7
227058,21,25.2,118,15,"2021-09-29 17:22:17",A303,6f6db310-75e6-4dc3-b490-31f70dfa2fc7
227070,25,25.9,62,86,"2021-09-29 17:34:25",A301,6f6db310-75e6-4dc3-b490-31f70dfa2fc7
227082,26,27,196,86,"2021-09-29 17:47:30",A302,6f6db310-75e6-4dc3-b490-31f70dfa2fc7
227089,21,25,117,15,"2021-09-29 17:52:44",A303,6f6db310-75e6-4dc3-b490-31f70dfa2fc7
227100,25,25.8,62,86,"2021-09-29 18:04:45",A301,6f6db310-75e6-4dc3-b490-31f70dfa2fc7
227112,26,26.7,198,86,"2021-09-29 18:17:40",A302,6f6db310-75e6-4dc3-b490-31f70dfa2fc7
227118,21,24.9,117,0,"2021-09-29 18:23:12",A303,6f6db310-75e6-4dc3-b490-31f70dfa2fc7
227130,25,25.7,62,86,"2021-09-29 18:35:03",A301,6f6db310-75e6-4dc3-b490-31f70dfa2fc7
227142,26,26.3,199,86,"2021-09-29 18:47:49",A302,6f6db310-75e6-4dc3-b490-31f70dfa2fc7
227150,21,24.7,116,0,"2021-09-29 18:53:37",A303,6f6db310-75e6-4dc3-b490-31f70dfa2fc7
227161,25,25.7,62,86,"2021-09-29 19:05:23",A301,6f6db310-75e6-4dc3-b490-31f70dfa2fc7
227174,26,26,197,86,"2021-09-29 19:17:58",A302,6f6db310-75e6-4dc3-b490-31f70dfa2fc7
227182,21,24.6,116,0,"2021-09-29 19:24:04",A303,6f6db310-75e6-4dc3-b490-31f70dfa2fc7
227192,25,25.6,62,86,"2021-09-29 19:35:44",A301,6f6db310-75e6-4dc3-b490-31f70dfa2fc7
227204,26,25.7,197,86,"2021-09-29 19:48:06",A302,6f6db310-75e6-4dc3-b490-31f70dfa2fc7
227211,21,24.4,116,0,"2021-09-29 19:54:29",A303,6f6db310-75e6-4dc3-b490-31f70dfa2fc7
227222,25,25.5,62,86,"2021-09-29 20:06:00",A301,6f6db310-75e6-4dc3-b490-31f70dfa2fc7
227235,26,25.5,197,86,"2021-09-29 20:18:14",A302,6f6db310-75e6-4dc3-b490-31f70dfa2fc7
227244,21,24.3,117,0,"2021-09-29 20:24:55",A303,6f6db310-75e6-4dc3-b490-31f70dfa2fc7
227255,25,25.4,62,86,"2021-09-29 20:36:19",A301,6f6db310-75e6-4dc3-b490-31f70dfa2fc7
227267,26,25.2,197,86,"2021-09-29 20:48:21",A302,6f6db310-75e6-4dc3-b490-31f70dfa2fc7
227273,21,24.1,117,0,"2021-09-29 20:55:19",A303,6f6db310-75e6-4dc3-b490-31f70dfa2fc7
227285,25,25.3,63,86,"2021-09-29 21:06:37",A301,6f6db310-75e6-4dc3-b490-31f70dfa2fc7
227296,26,25,193,86,"2021-09-29 21:18:27",A302,6f6db310-75e6-4dc3-b490-31f70dfa2fc7
227305,21,23.98,116,0,"2021-09-29 21:25:44",A303,6f6db310-75e6-4dc3-b490-31f70dfa2fc7
227317,25,25.1,62,86,"2021-09-29 21:36:55",A301,6f6db310-75e6-4dc3-b490-31f70dfa2fc7
227328,26,24.7,195,86,"2021-09-29 21:48:35",A302,6f6db310-75e6-4dc3-b490-31f70dfa2fc7
227336,21,23.8,117,0,"2021-09-29 21:56:10",A303,6f6db310-75e6-4dc3-b490-31f70dfa2fc7
227348,25,25,62,86,"2021-09-29 22:07:12",A301,6f6db310-75e6-4dc3-b490-31f70dfa2fc7
227365,21,23.7,116,0,"2021-09-29 22:26:33",A303,6f6db310-75e6-4dc3-b490-31f70dfa2fc7
227376,25,24.9,62,86,"2021-09-29 22:37:30",A301,6f6db310-75e6-4dc3-b490-31f70dfa2fc7
227389,26,24.3,196,86,"2021-09-29 22:48:52",A302,6f6db310-75e6-4dc3-b490-31f70dfa2fc7
227398,21,23.6,116,0,"2021-09-29 22:56:57",A303,6f6db310-75e6-4dc3-b490-31f70dfa2fc7
227419,26,24.1,192,86,"2021-09-29 23:18:53",A302,6f6db310-75e6-4dc3-b490-31f70dfa2fc7
227426,21,23.4,116,0,"2021-09-29 23:27:21",A303,6f6db310-75e6-4dc3-b490-31f70dfa2fc7
227436,25,24.7,62,86,"2021-09-29 23:38:04",A301,6f6db310-75e6-4dc3-b490-31f70dfa2fc7
227449,26,23.9,194,86,"2021-09-29 23:48:59",A302,6f6db310-75e6-4dc3-b490-31f70dfa2fc7
227458,21,23.3,116,0,"2021-09-29 23:57:44",A303,6f6db310-75e6-4dc3-b490-31f70dfa2fc7
227468,25,24.6,62,86,"2021-09-30 00:08:21",A301,6f6db310-75e6-4dc3-b490-31f70dfa2fc7
227480,26,23.7,194,86,"2021-09-30 00:19:03",A302,6f6db310-75e6-4dc3-b490-31f70dfa2fc7
227490,21,23.2,115,0,"2021-09-30 00:28:07",A303,6f6db310-75e6-4dc3-b490-31f70dfa2fc7
227501,25,24.5,62,86,"2021-09-30 00:38:37",A301,6f6db310-75e6-4dc3-b490-31f70dfa2fc7
227512,26,23.6,194,86,"2021-09-30 00:49:09",A302,6f6db310-75e6-4dc3-b490-31f70dfa2fc7
227522,21,23,116,0,"2021-09-30 00:58:31",A303,6f6db310-75e6-4dc3-b490-31f70dfa2fc7
227533,25,24.4,62,86,"2021-09-30 01:08:54",A301,6f6db310-75e6-4dc3-b490-31f70dfa2fc7
227544,26,23.4,195,86,"2021-09-30 01:19:15",A302,6f6db310-75e6-4dc3-b490-31f70dfa2fc7
227553,21,22.9,115,0,"2021-09-30 01:28:54",A303,6f6db310-75e6-4dc3-b490-31f70dfa2fc7
227564,25,24.3,62,86,"2021-09-30 01:39:10",A301,6f6db310-75e6-4dc3-b490-31f70dfa2fc7
227575,26,23.2,192,86,"2021-09-30 01:49:20",A302,6f6db310-75e6-4dc3-b490-31f70dfa2fc7
227584,21,22.8,116,0,"2021-09-30 01:59:18",A303,6f6db310-75e6-4dc3-b490-31f70dfa2fc7
227593,25,24.2,62,86,"2021-09-30 02:09:27",A301,6f6db310-75e6-4dc3-b490-31f70dfa2fc7
227606,26,23.1,193,86,"2021-09-30 02:19:23",A302,6f6db310-75e6-4dc3-b490-31f70dfa2fc7
227613,21,22.7,116,0,"2021-09-30 02:29:40",A303,6f6db310-75e6-4dc3-b490-31f70dfa2fc7
227623,25,24.1,62,86,"2021-09-30 02:39:44",A301,6f6db310-75e6-4dc3-b490-31f70dfa2fc7
227634,26,22.9,194,86,"2021-09-30 02:49:28",A302,6f6db310-75e6-4dc3-b490-31f70dfa2fc7
227642,21,22.6,115,0,"2021-09-30 03:00:04",A303,6f6db310-75e6-4dc3-b490-31f70dfa2fc7
227651,25,24,62,86,"2021-09-30 03:10:00",A301,6f6db310-75e6-4dc3-b490-31f70dfa2fc7
227663,26,22.8,193,86,"2021-09-30 03:19:34",A302,6f6db310-75e6-4dc3-b490-31f70dfa2fc7
227671,21,22.5,115,0,"2021-09-30 03:30:32",A303,6f6db310-75e6-4dc3-b490-31f70dfa2fc7
227679,25,23.9,62,86,"2021-09-30 03:40:15",A301,6f6db310-75e6-4dc3-b490-31f70dfa2fc7
227690,26,22.66,192,86,"2021-09-30 03:49:38",A302,6f6db310-75e6-4dc3-b490-31f70dfa2fc7
227700,21,22.4,115,0,"2021-09-30 04:00:50",A303,6f6db310-75e6-4dc3-b490-31f70dfa2fc7
227709,25,23.8,62,86,"2021-09-30 04:10:32",A301,6f6db310-75e6-4dc3-b490-31f70dfa2fc7
227720,26,22.5,193,86,"2021-09-30 04:19:43",A302,6f6db310-75e6-4dc3-b490-31f70dfa2fc7
227730,21,22.3,115,0,"2021-09-30 04:31:13",A303,6f6db310-75e6-4dc3-b490-31f70dfa2fc7
227737,25,23.7,62,86,"2021-09-30 04:40:48",A301,6f6db310-75e6-4dc3-b490-31f70dfa2fc7
227747,26,22.4,192,93,"2021-09-30 04:49:47",A302,6f6db310-75e6-4dc3-b490-31f70dfa2fc7
227759,21,22.2,115,0,"2021-09-30 05:01:38",A303,6f6db310-75e6-4dc3-b490-31f70dfa2fc7
227766,25,23.6,61,93,"2021-09-30 05:11:06",A301,6f6db310-75e6-4dc3-b490-31f70dfa2fc7
227776,26,22.3,190,93,"2021-09-30 05:19:53",A302,6f6db310-75e6-4dc3-b490-31f70dfa2fc7
227787,21,22.2,115,0,"2021-09-30 05:32:02",A303,6f6db310-75e6-4dc3-b490-31f70dfa2fc7
227795,25,23.5,61,93,"2021-09-30 05:41:25",A301,6f6db310-75e6-4dc3-b490-31f70dfa2fc7
227805,26,22.3,191,93,"2021-09-30 05:50:01",A302,6f6db310-75e6-4dc3-b490-31f70dfa2fc7
227816,21,22.1,115,0,"2021-09-30 06:02:30",A303,6f6db310-75e6-4dc3-b490-31f70dfa2fc7
227824,25,23.5,61,93,"2021-09-30 06:11:43",A301,6f6db310-75e6-4dc3-b490-31f70dfa2fc7
227834,26,22.36,190,93,"2021-09-30 06:20:13",A302,6f6db310-75e6-4dc3-b490-31f70dfa2fc7
227848,21,22.2,114,8,"2021-09-30 06:32:57",A303,6f6db310-75e6-4dc3-b490-31f70dfa2fc7
227856,25,23.4,61,93,"2021-09-30 06:42:06",A301,6f6db310-75e6-4dc3-b490-31f70dfa2fc7
227865,26,22.5,189,93,"2021-09-30 06:50:26",A302,6f6db310-75e6-4dc3-b490-31f70dfa2fc7
227879,21,22.3,114,22,"2021-09-30 07:03:29",A303,6f6db310-75e6-4dc3-b490-31f70dfa2fc7
227887,25,23.4,61,93,"2021-09-30 07:12:37",A301,6f6db310-75e6-4dc3-b490-31f70dfa2fc7
227896,26,22.8,190,93,"2021-09-30 07:20:43",A302,6f6db310-75e6-4dc3-b490-31f70dfa2fc7
227911,21,22.5,114,29,"2021-09-30 07:34:00",A303,6f6db310-75e6-4dc3-b490-31f70dfa2fc7
227917,25,23.4,60,93,"2021-09-30 07:42:55",A301,6f6db310-75e6-4dc3-b490-31f70dfa2fc7
227941,21,22.8,113,36,"2021-09-30 08:04:35",A303,6f6db310-75e6-4dc3-b490-31f70dfa2fc7
227947,25,23.5,60,93,"2021-09-30 08:13:21",A301,6f6db310-75e6-4dc3-b490-31f70dfa2fc7
227955,26,23.7,188,100,"2021-09-30 08:21:18",A302,6f6db310-75e6-4dc3-b490-31f70dfa2fc7
227970,21,23.2,113,36,"2021-09-30 08:35:08",A303,6f6db310-75e6-4dc3-b490-31f70dfa2fc7
227976,25,23.6,60,100,"2021-09-30 08:43:49",A301,6f6db310-75e6-4dc3-b490-31f70dfa2fc7
227986,26,24.2,187,100,"2021-09-30 08:51:37",A302,6f6db310-75e6-4dc3-b490-31f70dfa2fc7
228002,21,23.5,113,36,"2021-09-30 09:05:43",A303,6f6db310-75e6-4dc3-b490-31f70dfa2fc7
228008,25,23.8,60,93,"2021-09-30 09:14:14",A301,6f6db310-75e6-4dc3-b490-31f70dfa2fc7
228018,26,24.7,186,93,"2021-09-30 09:21:53",A302,6f6db310-75e6-4dc3-b490-31f70dfa2fc7
228032,21,23.9,113,0,"2021-09-30 09:36:12",A303,6f6db310-75e6-4dc3-b490-31f70dfa2fc7
228038,24,24,60,93,"2021-09-30 09:44:51",A301,6f6db310-75e6-4dc3-b490-31f70dfa2fc7
228049,26,25.1,188,93,"2021-09-30 09:52:03",A302,6f6db310-75e6-4dc3-b490-31f70dfa2fc7
228065,21,24,112,8,"2021-09-30 10:06:38",A303,6f6db310-75e6-4dc3-b490-31f70dfa2fc7
228070,24,24.3,60,93,"2021-09-30 10:14:56",A301,6f6db310-75e6-4dc3-b490-31f70dfa2fc7
228081,26,25.1,187,93,"2021-09-30 10:22:19",A302,6f6db310-75e6-4dc3-b490-31f70dfa2fc7
228096,21,24,112,0,"2021-09-30 10:37:06",A303,6f6db310-75e6-4dc3-b490-31f70dfa2fc7
228101,24,24.4,60,93,"2021-09-30 10:45:15",A301,6f6db310-75e6-4dc3-b490-31f70dfa2fc7
228111,26,25,188,93,"2021-09-30 10:52:21",A302,6f6db310-75e6-4dc3-b490-31f70dfa2fc7
228126,21,23.9,112,8,"2021-09-30 11:07:31",A303,6f6db310-75e6-4dc3-b490-31f70dfa2fc7
228132,24,24.56,60,93,"2021-09-30 11:15:36",A301,6f6db310-75e6-4dc3-b490-31f70dfa2fc7
228141,26,24.8,189,100,"2021-09-30 11:22:30",A302,6f6db310-75e6-4dc3-b490-31f70dfa2fc7
228155,21,23.8,113,8,"2021-09-30 11:37:58",A303,6f6db310-75e6-4dc3-b490-31f70dfa2fc7
228161,24,24.6,60,100,"2021-09-30 11:45:56",A301,6f6db310-75e6-4dc3-b490-31f70dfa2fc7
228171,26,24.6,190,100,"2021-09-30 11:52:42",A302,6f6db310-75e6-4dc3-b490-31f70dfa2fc7
228187,21,23.7,112,22,"2021-09-30 12:08:26",A303,6f6db310-75e6-4dc3-b490-31f70dfa2fc7
228193,24,24.6,60,100,"2021-09-30 12:16:18",A301,6f6db310-75e6-4dc3-b490-31f70dfa2fc7
228216,21,23.7,112,22,"2021-09-30 12:38:56",A303,6f6db310-75e6-4dc3-b490-31f70dfa2fc7
228222,24,24.6,59,100,"2021-09-30 12:46:39",A301,6f6db310-75e6-4dc3-b490-31f70dfa2fc7
228248,21,23.7,112,15,"2021-09-30 13:09:24",A303,6f6db310-75e6-4dc3-b490-31f70dfa2fc7
228254,24,24.6,60,100,"2021-09-30 13:17:00",A301,6f6db310-75e6-4dc3-b490-31f70dfa2fc7
228278,21,23.7,112,22,"2021-09-30 13:39:57",A303,6f6db310-75e6-4dc3-b490-31f70dfa2fc7
228283,24,24.6,59,100,"2021-09-30 13:47:23",A301,6f6db310-75e6-4dc3-b490-31f70dfa2fc7
228308,21,23.8,111,22,"2021-09-30 14:10:23",A303,6f6db310-75e6-4dc3-b490-31f70dfa2fc7
228313,24,24.6,59,93,"2021-09-30 14:17:44",A301,6f6db310-75e6-4dc3-b490-31f70dfa2fc7
228337,21,23.8,112,22,"2021-09-30 14:40:55",A303,6f6db310-75e6-4dc3-b490-31f70dfa2fc7
228342,24,24.6,59,86,"2021-09-30 14:48:07",A301,6f6db310-75e6-4dc3-b490-31f70dfa2fc7
228366,21,23.8,111,8,"2021-09-30 15:11:21",A303,6f6db310-75e6-4dc3-b490-31f70dfa2fc7
228370,24,24.6,59,86,"2021-09-30 15:18:27",A301,6f6db310-75e6-4dc3-b490-31f70dfa2fc7
228394,21,23.8,112,8,"2021-09-30 15:41:48",A303,6f6db310-75e6-4dc3-b490-31f70dfa2fc7
228398,24,24.6,59,86,"2021-09-30 15:48:48",A301,6f6db310-75e6-4dc3-b490-31f70dfa2fc7
228424,21,23.7,112,0,"2021-09-30 16:12:13",A303,6f6db310-75e6-4dc3-b490-31f70dfa2fc7
228428,24,24.6,59,86,"2021-09-30 16:19:10",A301,6f6db310-75e6-4dc3-b490-31f70dfa2fc7
228455,21,23.6,111,0,"2021-09-30 16:42:38",A303,6f6db310-75e6-4dc3-b490-31f70dfa2fc7
228459,24,24.6,59,86,"2021-09-30 16:49:25",A301,6f6db310-75e6-4dc3-b490-31f70dfa2fc7
228485,21,23.5,111,0,"2021-09-30 17:13:04",A303,6f6db310-75e6-4dc3-b490-31f70dfa2fc7
228495,24,24.6,59,86,"2021-09-30 17:23:34",A301,6f6db310-75e6-4dc3-b490-31f70dfa2fc7
228513,21,23.4,112,0,"2021-09-30 17:43:28",A303,6f6db310-75e6-4dc3-b490-31f70dfa2fc7
228523,24,24.5,59,86,"2021-09-30 17:53:58",A301,6f6db310-75e6-4dc3-b490-31f70dfa2fc7
228540,21,23.3,112,0,"2021-09-30 18:13:52",A303,6f6db310-75e6-4dc3-b490-31f70dfa2fc7
228550,24,24.5,59,86,"2021-09-30 18:24:21",A301,6f6db310-75e6-4dc3-b490-31f70dfa2fc7
228570,21,23.2,112,0,"2021-09-30 18:44:15",A303,6f6db310-75e6-4dc3-b490-31f70dfa2fc7
228580,24,24.4,59,86,"2021-09-30 18:54:41",A301,6f6db310-75e6-4dc3-b490-31f70dfa2fc7
228598,21,23,111,0,"2021-09-30 19:14:40",A303,6f6db310-75e6-4dc3-b490-31f70dfa2fc7
228608,24,24.3,59,86,"2021-09-30 19:25:05",A301,6f6db310-75e6-4dc3-b490-31f70dfa2fc7
228625,21,22.9,110,0,"2021-09-30 19:45:06",A303,6f6db310-75e6-4dc3-b490-31f70dfa2fc7
228635,24,24.2,59,86,"2021-09-30 19:55:28",A301,6f6db310-75e6-4dc3-b490-31f70dfa2fc7
228653,21,22.8,111,0,"2021-09-30 20:15:29",A303,6f6db310-75e6-4dc3-b490-31f70dfa2fc7
228663,24,24.1,59,86,"2021-09-30 20:25:50",A301,6f6db310-75e6-4dc3-b490-31f70dfa2fc7
228681,21,22.6,111,0,"2021-09-30 20:45:55",A303,6f6db310-75e6-4dc3-b490-31f70dfa2fc7
228691,24,24,59,86,"2021-09-30 20:56:13",A301,6f6db310-75e6-4dc3-b490-31f70dfa2fc7
228709,21,22.5,111,0,"2021-09-30 21:16:13",A303,6f6db310-75e6-4dc3-b490-31f70dfa2fc7
228719,24,23.9,59,86,"2021-09-30 21:26:37",A301,6f6db310-75e6-4dc3-b490-31f70dfa2fc7
228736,21,22.4,112,0,"2021-09-30 21:46:37",A303,6f6db310-75e6-4dc3-b490-31f70dfa2fc7
228746,24,23.8,59,86,"2021-09-30 21:56:57",A301,6f6db310-75e6-4dc3-b490-31f70dfa2fc7
228764,21,22.3,111,0,"2021-09-30 22:16:59",A303,6f6db310-75e6-4dc3-b490-31f70dfa2fc7
228774,24,23.7,59,86,"2021-09-30 22:27:20",A301,6f6db310-75e6-4dc3-b490-31f70dfa2fc7
228793,21,22.2,110,0,"2021-09-30 22:47:25",A303,6f6db310-75e6-4dc3-b490-31f70dfa2fc7
228803,24,23.7,59,86,"2021-09-30 22:57:41",A301,6f6db310-75e6-4dc3-b490-31f70dfa2fc7
228821,21,22.1,111,0,"2021-09-30 23:17:45",A303,6f6db310-75e6-4dc3-b490-31f70dfa2fc7
228830,24,23.6,58,86,"2021-09-30 23:28:02",A301,6f6db310-75e6-4dc3-b490-31f70dfa2fc7
228848,21,22,111,0,"2021-09-30 23:48:08",A303,6f6db310-75e6-4dc3-b490-31f70dfa2fc7
228857,24,23.5,58,86,"2021-09-30 23:58:26",A301,6f6db310-75e6-4dc3-b490-31f70dfa2fc7
228877,21,21.9,110,0,"2021-10-01 00:18:31",A303,6f6db310-75e6-4dc3-b490-31f70dfa2fc7
228885,24,23.4,58,86,"2021-10-01 00:28:46",A301,6f6db310-75e6-4dc3-b490-31f70dfa2fc7
228905,21,21.8,109,0,"2021-10-01 00:48:53",A303,6f6db310-75e6-4dc3-b490-31f70dfa2fc7
228913,24,23.3,58,86,"2021-10-01 00:59:08",A301,6f6db310-75e6-4dc3-b490-31f70dfa2fc7
228935,21,21.7,110,0,"2021-10-01 01:19:17",A303,6f6db310-75e6-4dc3-b490-31f70dfa2fc7
228943,24,23.2,58,86,"2021-10-01 01:29:30",A301,6f6db310-75e6-4dc3-b490-31f70dfa2fc7
228962,21,21.6,110,0,"2021-10-01 01:49:39",A303,6f6db310-75e6-4dc3-b490-31f70dfa2fc7
228969,24,23.1,58,86,"2021-10-01 01:59:51",A301,6f6db310-75e6-4dc3-b490-31f70dfa2fc7
228990,21,21.6,109,0,"2021-10-01 02:20:03",A303,6f6db310-75e6-4dc3-b490-31f70dfa2fc7
228997,24,23.1,58,86,"2021-10-01 02:30:14",A301,6f6db310-75e6-4dc3-b490-31f70dfa2fc7
229020,21,21.5,110,0,"2021-10-01 02:51:39",A303,6f6db310-75e6-4dc3-b490-31f70dfa2fc7
229025,24,23,58,86,"2021-10-01 03:00:35",A301,6f6db310-75e6-4dc3-b490-31f70dfa2fc7
229046,21,21.4,109,0,"2021-10-01 03:22:02",A303,6f6db310-75e6-4dc3-b490-31f70dfa2fc7
229052,24,22.9,58,86,"2021-10-01 03:30:57",A301,6f6db310-75e6-4dc3-b490-31f70dfa2fc7
229074,21,21.3,110,0,"2021-10-01 03:52:26",A303,6f6db310-75e6-4dc3-b490-31f70dfa2fc7
229079,24,22.8,58,86,"2021-10-01 04:01:23",A301,6f6db310-75e6-4dc3-b490-31f70dfa2fc7
229105,24,22.8,58,86,"2021-10-01 04:31:42",A301,6f6db310-75e6-4dc3-b490-31f70dfa2fc7
229128,21,21.2,110,0,"2021-10-01 04:53:13",A303,6f6db310-75e6-4dc3-b490-31f70dfa2fc7
229143,26,21.3,183,72,"2021-10-01 05:12:20",A302,6f6db310-75e6-4dc3-b490-31f70dfa2fc7
229157,21,21.1,110,0,"2021-10-01 05:23:38",A303,6f6db310-75e6-4dc3-b490-31f70dfa2fc7
229163,24,22.6,58,93,"2021-10-01 05:32:29",A301,6f6db310-75e6-4dc3-b490-31f70dfa2fc7
229173,26,21.3,182,93,"2021-10-01 05:42:40",A302,6f6db310-75e6-4dc3-b490-31f70dfa2fc7
229187,21,21.1,110,0,"2021-10-01 05:54:06",A303,6f6db310-75e6-4dc3-b490-31f70dfa2fc7
229193,24,22.6,58,93,"2021-10-01 06:02:49",A301,6f6db310-75e6-4dc3-b490-31f70dfa2fc7
229204,26,21.4,183,93,"2021-10-01 06:13:10",A302,6f6db310-75e6-4dc3-b490-31f70dfa2fc7
229217,20,21.2,110,0,"2021-10-01 06:24:34",A303,6f6db310-75e6-4dc3-b490-31f70dfa2fc7
229222,24,22.5,57,93,"2021-10-01 06:33:15",A301,6f6db310-75e6-4dc3-b490-31f70dfa2fc7
229232,26,21.5,181,93,"2021-10-01 06:43:37",A302,6f6db310-75e6-4dc3-b490-31f70dfa2fc7
229246,20,21.3,109,0,"2021-10-01 06:55:00",A303,6f6db310-75e6-4dc3-b490-31f70dfa2fc7
229251,24,22.5,58,93,"2021-10-01 07:03:44",A301,6f6db310-75e6-4dc3-b490-31f70dfa2fc7
229262,26,21.8,179,93,"2021-10-01 07:14:04",A302,6f6db310-75e6-4dc3-b490-31f70dfa2fc7
229276,20,21.5,109,15,"2021-10-01 07:25:32",A303,6f6db310-75e6-4dc3-b490-31f70dfa2fc7
229280,24,22.6,58,93,"2021-10-01 07:34:12",A301,6f6db310-75e6-4dc3-b490-31f70dfa2fc7
229290,26,22.2,180,93,"2021-10-01 07:44:40",A302,6f6db310-75e6-4dc3-b490-31f70dfa2fc7
229306,20,21.8,109,22,"2021-10-01 07:56:07",A303,6f6db310-75e6-4dc3-b490-31f70dfa2fc7
229310,24,22.6,58,100,"2021-10-01 08:04:44",A301,6f6db310-75e6-4dc3-b490-31f70dfa2fc7
229321,26,22.7,180,93,"2021-10-01 08:15:12",A302,6f6db310-75e6-4dc3-b490-31f70dfa2fc7
229336,20,22.1,107,29,"2021-10-01 08:26:39",A303,6f6db310-75e6-4dc3-b490-31f70dfa2fc7
229340,23,22.8,58,100,"2021-10-01 08:35:15",A301,6f6db310-75e6-4dc3-b490-31f70dfa2fc7
229351,26,23.2,180,100,"2021-10-01 08:45:48",A302,6f6db310-75e6-4dc3-b490-31f70dfa2fc7
229366,20,22.5,108,36,"2021-10-01 08:57:14",A303,6f6db310-75e6-4dc3-b490-31f70dfa2fc7
229370,23,23,57,100,"2021-10-01 09:05:47",A301,6f6db310-75e6-4dc3-b490-31f70dfa2fc7
229393,20,22.9,108,50,"2021-10-01 09:27:48",A303,6f6db310-75e6-4dc3-b490-31f70dfa2fc7
229397,23,23.2,57,100,"2021-10-01 09:36:20",A301,6f6db310-75e6-4dc3-b490-31f70dfa2fc7
229407,25,24.5,180,100,"2021-10-01 09:47:01",A302,6f6db310-75e6-4dc3-b490-31f70dfa2fc7
229423,20,23.3,107,58,"2021-10-01 09:58:23",A303,6f6db310-75e6-4dc3-b490-31f70dfa2fc7
229427,23,23.4,56,100,"2021-10-01 10:06:51",A301,6f6db310-75e6-4dc3-b490-31f70dfa2fc7
229437,25,25.3,179,100,"2021-10-01 10:17:37",A302,6f6db310-75e6-4dc3-b490-31f70dfa2fc7
229452,20,23.7,107,72,"2021-10-01 10:28:56",A303,6f6db310-75e6-4dc3-b490-31f70dfa2fc7
229456,23,23.7,56,100,"2021-10-01 10:37:25",A301,6f6db310-75e6-4dc3-b490-31f70dfa2fc7
229467,25,26.1,180,100,"2021-10-01 10:48:14",A302,6f6db310-75e6-4dc3-b490-31f70dfa2fc7
229482,20,24,106,72,"2021-10-01 10:59:32",A303,6f6db310-75e6-4dc3-b490-31f70dfa2fc7
229486,23,23.9,55,100,"2021-10-01 11:07:57",A301,6f6db310-75e6-4dc3-b490-31f70dfa2fc7
229511,20,24.3,107,79,"2021-10-01 11:30:08",A303,6f6db310-75e6-4dc3-b490-31f70dfa2fc7
229514,23,24.2,55,100,"2021-10-01 11:38:32",A301,6f6db310-75e6-4dc3-b490-31f70dfa2fc7
229541,19,24.6,105,79,"2021-10-01 12:00:43",A303,6f6db310-75e6-4dc3-b490-31f70dfa2fc7
229544,23,24.4,55,93,"2021-10-01 12:09:04",A301,6f6db310-75e6-4dc3-b490-31f70dfa2fc7
229568,19,24.8,106,79,"2021-10-01 12:31:17",A303,6f6db310-75e6-4dc3-b490-31f70dfa2fc7
229571,22,24.6,55,100,"2021-10-01 12:39:37",A301,6f6db310-75e6-4dc3-b490-31f70dfa2fc7
229583,25,28.4,181,100,"2021-10-01 12:50:46",A302,6f6db310-75e6-4dc3-b490-31f70dfa2fc7
229598,19,24.9,105,79,"2021-10-01 13:01:56",A303,6f6db310-75e6-4dc3-b490-31f70dfa2fc7
229601,22,24.8,54,93,"2021-10-01 13:10:08",A301,6f6db310-75e6-4dc3-b490-31f70dfa2fc7
229613,25,28.5,181,100,"2021-10-01 13:21:18",A302,6f6db310-75e6-4dc3-b490-31f70dfa2fc7
229628,19,24.9,105,79,"2021-10-01 13:32:26",A303,6f6db310-75e6-4dc3-b490-31f70dfa2fc7
229631,22,25,55,93,"2021-10-01 13:40:40",A301,6f6db310-75e6-4dc3-b490-31f70dfa2fc7
229642,25,28.4,181,100,"2021-10-01 13:51:53",A302,6f6db310-75e6-4dc3-b490-31f70dfa2fc7
229657,19,24.8,104,79,"2021-10-01 14:03:00",A303,6f6db310-75e6-4dc3-b490-31f70dfa2fc7
229660,22,25.1,54,100,"2021-10-01 14:11:12",A301,6f6db310-75e6-4dc3-b490-31f70dfa2fc7
229672,25,28.3,182,100,"2021-10-01 14:22:29",A302,6f6db310-75e6-4dc3-b490-31f70dfa2fc7
229686,19,24.8,104,79,"2021-10-01 14:33:37",A303,6f6db310-75e6-4dc3-b490-31f70dfa2fc7
229689,22,25.2,54,86,"2021-10-01 14:41:44",A301,6f6db310-75e6-4dc3-b490-31f70dfa2fc7
229701,25,28.1,181,93,"2021-10-01 14:53:08",A302,6f6db310-75e6-4dc3-b490-31f70dfa2fc7
229716,19,24.8,104,86,"2021-10-01 15:04:13",A303,6f6db310-75e6-4dc3-b490-31f70dfa2fc7
229719,22,25.3,54,86,"2021-10-01 15:12:17",A301,6f6db310-75e6-4dc3-b490-31f70dfa2fc7
229732,25,28,184,86,"2021-10-01 15:23:40",A302,6f6db310-75e6-4dc3-b490-31f70dfa2fc7
229746,19,24.7,104,72,"2021-10-01 15:34:44",A303,6f6db310-75e6-4dc3-b490-31f70dfa2fc7
229749,22,25.3,54,86,"2021-10-01 15:42:48",A301,6f6db310-75e6-4dc3-b490-31f70dfa2fc7
229761,25,27.7,183,86,"2021-10-01 15:54:14",A302,6f6db310-75e6-4dc3-b490-31f70dfa2fc7
229775,19,24.6,104,43,"2021-10-01 16:05:15",A303,6f6db310-75e6-4dc3-b490-31f70dfa2fc7
229778,22,25.4,54,86,"2021-10-01 16:13:15",A301,6f6db310-75e6-4dc3-b490-31f70dfa2fc7
229801,19,24.5,103,36,"2021-10-01 16:35:48",A303,6f6db310-75e6-4dc3-b490-31f70dfa2fc7
229805,22,25.4,54,86,"2021-10-01 16:43:44",A301,6f6db310-75e6-4dc3-b490-31f70dfa2fc7
229818,25,27.1,182,86,"2021-10-01 16:55:12",A302,6f6db310-75e6-4dc3-b490-31f70dfa2fc7
229830,19,24.4,103,29,"2021-10-01 17:06:15",A303,6f6db310-75e6-4dc3-b490-31f70dfa2fc7
229833,22,25.3,53,86,"2021-10-01 17:14:11",A301,6f6db310-75e6-4dc3-b490-31f70dfa2fc7
229846,25,26.8,184,86,"2021-10-01 17:25:41",A302,6f6db310-75e6-4dc3-b490-31f70dfa2fc7
229859,19,24.3,102,15,"2021-10-01 17:36:43",A303,6f6db310-75e6-4dc3-b490-31f70dfa2fc7
229873,25,26.4,184,86,"2021-10-01 17:56:10",A302,6f6db310-75e6-4dc3-b490-31f70dfa2fc7
229887,19,24.2,101,8,"2021-10-01 18:07:12",A303,6f6db310-75e6-4dc3-b490-31f70dfa2fc7
229890,22,25.2,53,86,"2021-10-01 18:15:04",A301,6f6db310-75e6-4dc3-b490-31f70dfa2fc7
229901,25,26.1,185,86,"2021-10-01 18:26:37",A302,6f6db310-75e6-4dc3-b490-31f70dfa2fc7
229916,19,24.1,103,8,"2021-10-01 18:37:40",A303,6f6db310-75e6-4dc3-b490-31f70dfa2fc7
229919,22,25.2,54,86,"2021-10-01 18:45:29",A301,6f6db310-75e6-4dc3-b490-31f70dfa2fc7
229931,25,25.9,185,86,"2021-10-01 18:57:05",A302,6f6db310-75e6-4dc3-b490-31f70dfa2fc7
229945,19,23.9,103,8,"2021-10-01 19:08:08",A303,6f6db310-75e6-4dc3-b490-31f70dfa2fc7
229948,22,25.1,54,86,"2021-10-01 19:15:54",A301,6f6db310-75e6-4dc3-b490-31f70dfa2fc7
229960,25,25.6,185,86,"2021-10-01 19:27:31",A302,6f6db310-75e6-4dc3-b490-31f70dfa2fc7
229975,19,23.8,104,0,"2021-10-01 19:38:36",A303,6f6db310-75e6-4dc3-b490-31f70dfa2fc7
229978,22,25,54,86,"2021-10-01 19:46:20",A301,6f6db310-75e6-4dc3-b490-31f70dfa2fc7
229989,25,25.3,183,86,"2021-10-01 19:57:56",A302,6f6db310-75e6-4dc3-b490-31f70dfa2fc7
230004,19,23.7,103,0,"2021-10-01 20:09:04",A303,6f6db310-75e6-4dc3-b490-31f70dfa2fc7
230017,25,25.1,184,86,"2021-10-01 20:28:21",A302,6f6db310-75e6-4dc3-b490-31f70dfa2fc7
230031,19,23.6,104,0,"2021-10-01 20:39:31",A303,6f6db310-75e6-4dc3-b490-31f70dfa2fc7
230034,22,24.9,54,86,"2021-10-01 20:47:10",A301,6f6db310-75e6-4dc3-b490-31f70dfa2fc7
230045,25,24.9,184,86,"2021-10-01 20:58:48",A302,6f6db310-75e6-4dc3-b490-31f70dfa2fc7
230060,19,23.5,104,0,"2021-10-01 21:09:55",A303,6f6db310-75e6-4dc3-b490-31f70dfa2fc7
230062,22,24.8,54,86,"2021-10-01 21:17:34",A301,6f6db310-75e6-4dc3-b490-31f70dfa2fc7
230073,25,24.7,184,86,"2021-10-01 21:29:14",A302,6f6db310-75e6-4dc3-b490-31f70dfa2fc7
230087,19,23.4,104,0,"2021-10-01 21:40:22",A303,6f6db310-75e6-4dc3-b490-31f70dfa2fc7
230090,22,24.7,54,86,"2021-10-01 21:47:57",A301,6f6db310-75e6-4dc3-b490-31f70dfa2fc7
230101,25,24.5,183,86,"2021-10-01 21:59:36",A302,6f6db310-75e6-4dc3-b490-31f70dfa2fc7
230113,19,23.3,103,0,"2021-10-01 22:10:47",A303,6f6db310-75e6-4dc3-b490-31f70dfa2fc7
230116,22,24.6,54,86,"2021-10-01 22:18:21",A301,6f6db310-75e6-4dc3-b490-31f70dfa2fc7
230126,25,24.3,181,86,"2021-10-01 22:30:01",A302,6f6db310-75e6-4dc3-b490-31f70dfa2fc7
230140,19,23.2,103,0,"2021-10-01 22:41:13",A303,6f6db310-75e6-4dc3-b490-31f70dfa2fc7
230143,22,24.5,54,86,"2021-10-01 22:48:46",A301,6f6db310-75e6-4dc3-b490-31f70dfa2fc7
230154,25,24.1,183,86,"2021-10-01 23:00:25",A302,6f6db310-75e6-4dc3-b490-31f70dfa2fc7
230168,19,23.1,103,0,"2021-10-01 23:11:39",A303,6f6db310-75e6-4dc3-b490-31f70dfa2fc7
230171,22,24.5,53,86,"2021-10-01 23:19:09",A301,6f6db310-75e6-4dc3-b490-31f70dfa2fc7
230182,25,23.9,182,86,"2021-10-01 23:30:50",A302,6f6db310-75e6-4dc3-b490-31f70dfa2fc7
230196,19,23,104,0,"2021-10-01 23:42:05",A303,6f6db310-75e6-4dc3-b490-31f70dfa2fc7
230199,22,24.4,53,86,"2021-10-01 23:49:32",A301,6f6db310-75e6-4dc3-b490-31f70dfa2fc7
230210,25,23.8,182,86,"2021-10-02 00:01:13",A302,6f6db310-75e6-4dc3-b490-31f70dfa2fc7
230225,19,22.9,103,0,"2021-10-02 00:12:30",A303,6f6db310-75e6-4dc3-b490-31f70dfa2fc7
230228,22,24.3,54,86,"2021-10-02 00:19:56",A301,6f6db310-75e6-4dc3-b490-31f70dfa2fc7
230239,25,23.6,181,86,"2021-10-02 00:31:38",A302,6f6db310-75e6-4dc3-b490-31f70dfa2fc7
230255,19,22.8,103,0,"2021-10-02 00:42:56",A303,6f6db310-75e6-4dc3-b490-31f70dfa2fc7
230259,22,24.2,53,86,"2021-10-02 00:50:20",A301,6f6db310-75e6-4dc3-b490-31f70dfa2fc7
230269,25,23.5,180,79,"2021-10-02 01:02:02",A302,6f6db310-75e6-4dc3-b490-31f70dfa2fc7
230284,19,22.7,103,0,"2021-10-02 01:13:21",A303,6f6db310-75e6-4dc3-b490-31f70dfa2fc7
230288,22,24.1,53,86,"2021-10-02 01:20:43",A301,6f6db310-75e6-4dc3-b490-31f70dfa2fc7
230298,25,23.3,180,72,"2021-10-02 01:32:24",A302,6f6db310-75e6-4dc3-b490-31f70dfa2fc7
230313,19,22.6,103,0,"2021-10-02 01:43:46",A303,6f6db310-75e6-4dc3-b490-31f70dfa2fc7
230317,22,24.04,53,86,"2021-10-02 01:51:05",A301,6f6db310-75e6-4dc3-b490-31f70dfa2fc7
230328,25,23.2,180,72,"2021-10-02 02:02:47",A302,6f6db310-75e6-4dc3-b490-31f70dfa2fc7
230342,19,22.5,103,0,"2021-10-02 02:14:10",A303,6f6db310-75e6-4dc3-b490-31f70dfa2fc7
230346,22,24,53,86,"2021-10-02 02:21:30",A301,6f6db310-75e6-4dc3-b490-31f70dfa2fc7
230355,25,23,180,72,"2021-10-02 02:33:10",A302,6f6db310-75e6-4dc3-b490-31f70dfa2fc7
230369,19,22.4,103,0,"2021-10-02 02:44:36",A303,6f6db310-75e6-4dc3-b490-31f70dfa2fc7
230373,22,23.9,53,86,"2021-10-02 02:51:51",A301,6f6db310-75e6-4dc3-b490-31f70dfa2fc7
230383,25,22.9,181,72,"2021-10-02 03:03:31",A302,6f6db310-75e6-4dc3-b490-31f70dfa2fc7
230397,19,22.3,102,0,"2021-10-02 03:14:59",A303,6f6db310-75e6-4dc3-b490-31f70dfa2fc7
230401,22,23.8,53,86,"2021-10-02 03:22:13",A301,6f6db310-75e6-4dc3-b490-31f70dfa2fc7
230411,25,22.7,180,72,"2021-10-02 03:33:53",A302,6f6db310-75e6-4dc3-b490-31f70dfa2fc7
230427,19,22.2,103,0,"2021-10-02 03:45:24",A303,6f6db310-75e6-4dc3-b490-31f70dfa2fc7
230432,22,23.7,53,86,"2021-10-02 03:52:35",A301,6f6db310-75e6-4dc3-b490-31f70dfa2fc7
230440,25,22.6,178,72,"2021-10-02 04:04:16",A302,6f6db310-75e6-4dc3-b490-31f70dfa2fc7
230454,19,22.1,103,0,"2021-10-02 04:15:48",A303,6f6db310-75e6-4dc3-b490-31f70dfa2fc7
230460,22,23.6,53,86,"2021-10-02 04:22:57",A301,6f6db310-75e6-4dc3-b490-31f70dfa2fc7
230468,25,22.42,179,72,"2021-10-02 04:34:38",A302,6f6db310-75e6-4dc3-b490-31f70dfa2fc7
230480,19,22,102,0,"2021-10-02 04:46:12",A303,6f6db310-75e6-4dc3-b490-31f70dfa2fc7
230486,22,23.6,53,86,"2021-10-02 04:53:19",A301,6f6db310-75e6-4dc3-b490-31f70dfa2fc7
230507,19,21.9,103,0,"2021-10-02 05:16:36",A303,6f6db310-75e6-4dc3-b490-31f70dfa2fc7
230513,22,23.5,53,86,"2021-10-02 05:23:41",A301,6f6db310-75e6-4dc3-b490-31f70dfa2fc7
230522,25,22.3,179,72,"2021-10-02 05:35:25",A302,6f6db310-75e6-4dc3-b490-31f70dfa2fc7
230537,19,21.9,103,0,"2021-10-02 05:47:02",A303,6f6db310-75e6-4dc3-b490-31f70dfa2fc7
230543,22,23.4,53,93,"2021-10-02 05:54:06",A301,6f6db310-75e6-4dc3-b490-31f70dfa2fc7
230550,25,22.3,178,93,"2021-10-02 06:05:50",A302,6f6db310-75e6-4dc3-b490-31f70dfa2fc7
230564,19,21.9,102,0,"2021-10-02 06:17:30",A303,6f6db310-75e6-4dc3-b490-31f70dfa2fc7
230569,22,23.3,53,93,"2021-10-02 06:24:33",A301,6f6db310-75e6-4dc3-b490-31f70dfa2fc7
230576,25,22.3,177,93,"2021-10-02 06:36:18",A302,6f6db310-75e6-4dc3-b490-31f70dfa2fc7
230591,19,21.9,103,8,"2021-10-02 06:47:59",A303,6f6db310-75e6-4dc3-b490-31f70dfa2fc7
230596,22,23.3,53,93,"2021-10-02 06:54:59",A301,6f6db310-75e6-4dc3-b490-31f70dfa2fc7
230603,25,22.42,176,93,"2021-10-02 07:06:46",A302,6f6db310-75e6-4dc3-b490-31f70dfa2fc7
230620,19,22,103,15,"2021-10-02 07:18:29",A303,6f6db310-75e6-4dc3-b490-31f70dfa2fc7
230625,22,23.3,53,93,"2021-10-02 07:25:27",A301,6f6db310-75e6-4dc3-b490-31f70dfa2fc7
230633,25,22.7,177,93,"2021-10-02 07:37:21",A302,6f6db310-75e6-4dc3-b490-31f70dfa2fc7
230647,19,22.1,102,22,"2021-10-02 07:49:00",A303,6f6db310-75e6-4dc3-b490-31f70dfa2fc7
230659,25,23,175,93,"2021-10-02 08:07:51",A302,6f6db310-75e6-4dc3-b490-31f70dfa2fc7
230674,19,22.3,102,36,"2021-10-02 08:19:34",A303,6f6db310-75e6-4dc3-b490-31f70dfa2fc7
230680,22,23.3,53,93,"2021-10-02 08:26:28",A301,6f6db310-75e6-4dc3-b490-31f70dfa2fc7
230687,25,23.4,173,100,"2021-10-02 08:38:27",A302,6f6db310-75e6-4dc3-b490-31f70dfa2fc7
230702,19,22.5,102,50,"2021-10-02 08:50:09",A303,6f6db310-75e6-4dc3-b490-31f70dfa2fc7
230707,22,23.4,52,100,"2021-10-02 08:56:58",A301,6f6db310-75e6-4dc3-b490-31f70dfa2fc7
230714,25,23.8,174,100,"2021-10-02 09:09:02",A302,6f6db310-75e6-4dc3-b490-31f70dfa2fc7
230728,19,22.7,101,50,"2021-10-02 09:20:43",A303,6f6db310-75e6-4dc3-b490-31f70dfa2fc7
230735,22,23.4,52,100,"2021-10-02 09:27:31",A301,6f6db310-75e6-4dc3-b490-31f70dfa2fc7
230742,25,24.4,174,100,"2021-10-02 09:39:38",A302,6f6db310-75e6-4dc3-b490-31f70dfa2fc7
230763,21,23.6,52,100,"2021-10-02 09:58:05",A301,6f6db310-75e6-4dc3-b490-31f70dfa2fc7
230770,25,25.1,171,100,"2021-10-02 10:10:18",A302,6f6db310-75e6-4dc3-b490-31f70dfa2fc7
230790,21,23.7,52,100,"2021-10-02 10:28:38",A301,6f6db310-75e6-4dc3-b490-31f70dfa2fc7
230797,25,25.7,174,100,"2021-10-02 10:40:54",A302,6f6db310-75e6-4dc3-b490-31f70dfa2fc7
230811,19,23.7,104,36,"2021-10-02 10:52:24",A303,6f6db310-75e6-4dc3-b490-31f70dfa2fc7
230818,21,23.9,51,100,"2021-10-02 10:59:12",A301,6f6db310-75e6-4dc3-b490-31f70dfa2fc7
230825,25,26.5,172,100,"2021-10-02 11:11:34",A302,6f6db310-75e6-4dc3-b490-31f70dfa2fc7
230838,19,23.9,104,50,"2021-10-02 11:22:59",A303,6f6db310-75e6-4dc3-b490-31f70dfa2fc7
230845,21,24.1,51,100,"2021-10-02 11:29:50",A301,6f6db310-75e6-4dc3-b490-31f70dfa2fc7
230851,25,27.2,174,100,"2021-10-02 11:42:10",A302,6f6db310-75e6-4dc3-b490-31f70dfa2fc7
230864,19,24.1,103,65,"2021-10-02 11:53:34",A303,6f6db310-75e6-4dc3-b490-31f70dfa2fc7
230871,21,24.3,51,100,"2021-10-02 12:00:18",A301,6f6db310-75e6-4dc3-b490-31f70dfa2fc7
230877,25,27.9,175,100,"2021-10-02 12:12:46",A302,6f6db310-75e6-4dc3-b490-31f70dfa2fc7
230891,19,24.3,103,72,"2021-10-02 12:24:06",A303,6f6db310-75e6-4dc3-b490-31f70dfa2fc7
230897,21,24.5,51,100,"2021-10-02 12:30:49",A301,6f6db310-75e6-4dc3-b490-31f70dfa2fc7
230904,25,28.1,175,100,"2021-10-02 12:43:23",A302,6f6db310-75e6-4dc3-b490-31f70dfa2fc7
230918,19,24.3,102,79,"2021-10-02 12:54:43",A303,6f6db310-75e6-4dc3-b490-31f70dfa2fc7
230925,21,24.7,50,100,"2021-10-02 13:01:23",A301,6f6db310-75e6-4dc3-b490-31f70dfa2fc7
230932,25,28.4,175,100,"2021-10-02 13:14:02",A302,6f6db310-75e6-4dc3-b490-31f70dfa2fc7
230945,19,24.4,102,79,"2021-10-02 13:25:21",A303,6f6db310-75e6-4dc3-b490-31f70dfa2fc7
230952,21,24.8,50,100,"2021-10-02 13:32:00",A301,6f6db310-75e6-4dc3-b490-31f70dfa2fc7
230959,25,28.6,175,100,"2021-10-02 13:44:41",A302,6f6db310-75e6-4dc3-b490-31f70dfa2fc7
230972,19,24.5,101,79,"2021-10-02 13:55:57",A303,6f6db310-75e6-4dc3-b490-31f70dfa2fc7
230980,21,24.9,50,100,"2021-10-02 14:02:33",A301,6f6db310-75e6-4dc3-b490-31f70dfa2fc7
230988,25,28.7,176,100,"2021-10-02 14:15:21",A302,6f6db310-75e6-4dc3-b490-31f70dfa2fc7
231002,19,24.5,102,79,"2021-10-02 14:26:34",A303,6f6db310-75e6-4dc3-b490-31f70dfa2fc7
231008,22,25.1,57,93,"2021-10-02 14:33:08",A301,6f6db310-75e6-4dc3-b490-31f70dfa2fc7
231015,25,28.7,174,93,"2021-10-02 14:46:00",A302,6f6db310-75e6-4dc3-b490-31f70dfa2fc7
231028,19,24.5,102,79,"2021-10-02 14:57:07",A303,6f6db310-75e6-4dc3-b490-31f70dfa2fc7
231036,29,25.4,89,86,"2021-10-02 15:03:33",A301,6f6db310-75e6-4dc3-b490-31f70dfa2fc7
231042,25,28.6,175,86,"2021-10-02 15:16:31",A302,6f6db310-75e6-4dc3-b490-31f70dfa2fc7
231056,19,24.5,102,43,"2021-10-02 15:27:39",A303,6f6db310-75e6-4dc3-b490-31f70dfa2fc7
231063,29,25.4,83,86,"2021-10-02 15:34:02",A301,6f6db310-75e6-4dc3-b490-31f70dfa2fc7
231071,25,28.4,177,86,"2021-10-02 15:47:01",A302,6f6db310-75e6-4dc3-b490-31f70dfa2fc7
231083,19,24.5,102,29,"2021-10-02 15:58:08",A303,6f6db310-75e6-4dc3-b490-31f70dfa2fc7
231090,29,25.4,81,86,"2021-10-02 16:04:29",A301,6f6db310-75e6-4dc3-b490-31f70dfa2fc7
231098,25,28,178,86,"2021-10-02 16:17:32",A302,6f6db310-75e6-4dc3-b490-31f70dfa2fc7
231110,19,24.4,102,29,"2021-10-02 16:28:39",A303,6f6db310-75e6-4dc3-b490-31f70dfa2fc7
231117,28,25.4,80,86,"2021-10-02 16:34:57",A301,6f6db310-75e6-4dc3-b490-31f70dfa2fc7
231125,25,27.7,177,86,"2021-10-02 16:47:58",A302,6f6db310-75e6-4dc3-b490-31f70dfa2fc7
231137,19,24.3,102,8,"2021-10-02 16:59:06",A303,6f6db310-75e6-4dc3-b490-31f70dfa2fc7
231144,28,25.4,78,86,"2021-10-02 17:05:22",A301,6f6db310-75e6-4dc3-b490-31f70dfa2fc7
231152,25,27.4,179,86,"2021-10-02 17:18:26",A302,6f6db310-75e6-4dc3-b490-31f70dfa2fc7
231164,19,24.1,102,0,"2021-10-02 17:29:34",A303,6f6db310-75e6-4dc3-b490-31f70dfa2fc7
231171,30,25.4,90,86,"2021-10-02 17:35:46",A301,6f6db310-75e6-4dc3-b490-31f70dfa2fc7
231181,25,27,176,86,"2021-10-02 17:48:51",A302,6f6db310-75e6-4dc3-b490-31f70dfa2fc7
231192,19,24,102,0,"2021-10-02 18:00:00",A303,6f6db310-75e6-4dc3-b490-31f70dfa2fc7
231197,30,25.3,82,86,"2021-10-02 18:06:11",A301,6f6db310-75e6-4dc3-b490-31f70dfa2fc7
231209,25,26.6,179,86,"2021-10-02 18:19:16",A302,6f6db310-75e6-4dc3-b490-31f70dfa2fc7
231222,19,23.8,102,0,"2021-10-02 18:30:25",A303,6f6db310-75e6-4dc3-b490-31f70dfa2fc7
231226,29,25.2,79,86,"2021-10-02 18:36:34",A301,6f6db310-75e6-4dc3-b490-31f70dfa2fc7
231248,20,23.7,102,0,"2021-10-02 19:00:52",A303,6f6db310-75e6-4dc3-b490-31f70dfa2fc7
231254,29,25.1,78,86,"2021-10-02 19:07:25",A301,6f6db310-75e6-4dc3-b490-31f70dfa2fc7
231263,25,25.9,179,86,"2021-10-02 19:20:08",A302,6f6db310-75e6-4dc3-b490-31f70dfa2fc7
231277,20,23.6,102,0,"2021-10-02 19:31:20",A303,6f6db310-75e6-4dc3-b490-31f70dfa2fc7
231282,29,25,76,86,"2021-10-02 19:37:33",A301,6f6db310-75e6-4dc3-b490-31f70dfa2fc7
231292,25,25.6,178,86,"2021-10-02 19:50:31",A302,6f6db310-75e6-4dc3-b490-31f70dfa2fc7
231305,20,23.5,102,0,"2021-10-02 20:01:43",A303,6f6db310-75e6-4dc3-b490-31f70dfa2fc7
231313,29,24.8,75,86,"2021-10-02 20:11:30",A301,6f6db310-75e6-4dc3-b490-31f70dfa2fc7
231319,25,25.4,177,86,"2021-10-02 20:20:55",A302,6f6db310-75e6-4dc3-b490-31f70dfa2fc7
231332,20,23.4,102,8,"2021-10-02 20:32:10",A303,6f6db310-75e6-4dc3-b490-31f70dfa2fc7
231340,29,24.7,75,86,"2021-10-02 20:41:54",A301,6f6db310-75e6-4dc3-b490-31f70dfa2fc7
231347,25,25.1,178,86,"2021-10-02 20:51:18",A302,6f6db310-75e6-4dc3-b490-31f70dfa2fc7
231359,20,23.3,102,22,"2021-10-02 21:02:37",A303,6f6db310-75e6-4dc3-b490-31f70dfa2fc7
231366,29,24.7,74,86,"2021-10-02 21:12:21",A301,6f6db310-75e6-4dc3-b490-31f70dfa2fc7
231373,25,24.9,178,86,"2021-10-02 21:21:44",A302,6f6db310-75e6-4dc3-b490-31f70dfa2fc7
231386,20,23.2,102,22,"2021-10-02 21:33:01",A303,6f6db310-75e6-4dc3-b490-31f70dfa2fc7
231393,29,24.5,74,86,"2021-10-02 21:42:44",A301,6f6db310-75e6-4dc3-b490-31f70dfa2fc7
231399,25,24.7,177,86,"2021-10-02 21:52:09",A302,6f6db310-75e6-4dc3-b490-31f70dfa2fc7
231411,20,23.1,102,15,"2021-10-02 22:03:28",A303,6f6db310-75e6-4dc3-b490-31f70dfa2fc7
231418,29,24.5,73,86,"2021-10-02 22:13:08",A301,6f6db310-75e6-4dc3-b490-31f70dfa2fc7
231425,25,24.5,176,86,"2021-10-02 22:22:34",A302,6f6db310-75e6-4dc3-b490-31f70dfa2fc7
231438,20,23,102,8,"2021-10-02 22:33:55",A303,6f6db310-75e6-4dc3-b490-31f70dfa2fc7
231446,29,24.4,73,86,"2021-10-02 22:43:34",A301,6f6db310-75e6-4dc3-b490-31f70dfa2fc7
231453,25,24.3,176,86,"2021-10-02 22:52:55",A302,6f6db310-75e6-4dc3-b490-31f70dfa2fc7
231465,20,22.9,103,8,"2021-10-02 23:04:19",A303,6f6db310-75e6-4dc3-b490-31f70dfa2fc7
231473,29,24.3,72,86,"2021-10-02 23:13:56",A301,6f6db310-75e6-4dc3-b490-31f70dfa2fc7
231480,25,24.2,175,86,"2021-10-02 23:23:21",A302,6f6db310-75e6-4dc3-b490-31f70dfa2fc7
231493,20,22.8,103,8,"2021-10-02 23:34:46",A303,6f6db310-75e6-4dc3-b490-31f70dfa2fc7
231506,25,24.1,175,79,"2021-10-02 23:53:45",A302,6f6db310-75e6-4dc3-b490-31f70dfa2fc7
231519,20,22.8,102,0,"2021-10-03 00:05:11",A303,6f6db310-75e6-4dc3-b490-31f70dfa2fc7
231533,25,23.9,175,72,"2021-10-03 00:24:10",A302,6f6db310-75e6-4dc3-b490-31f70dfa2fc7
231546,20,22.7,103,0,"2021-10-03 00:35:36",A303,6f6db310-75e6-4dc3-b490-31f70dfa2fc7
231559,25,23.8,174,72,"2021-10-03 00:54:34",A302,6f6db310-75e6-4dc3-b490-31f70dfa2fc7
231572,20,22.6,103,0,"2021-10-03 01:06:03",A303,6f6db310-75e6-4dc3-b490-31f70dfa2fc7
231585,25,23.7,172,72,"2021-10-03 01:24:59",A302,6f6db310-75e6-4dc3-b490-31f70dfa2fc7
231598,20,22.6,102,0,"2021-10-03 01:36:28",A303,6f6db310-75e6-4dc3-b490-31f70dfa2fc7
231611,25,23.6,174,72,"2021-10-03 01:55:22",A302,6f6db310-75e6-4dc3-b490-31f70dfa2fc7
231622,20,22.5,103,0,"2021-10-03 02:06:53",A303,6f6db310-75e6-4dc3-b490-31f70dfa2fc7
231635,25,23.5,173,72,"2021-10-03 02:25:45",A302,6f6db310-75e6-4dc3-b490-31f70dfa2fc7
231648,20,22.42,102,0,"2021-10-03 02:37:18",A303,6f6db310-75e6-4dc3-b490-31f70dfa2fc7
231661,25,23.4,174,72,"2021-10-03 02:56:10",A302,6f6db310-75e6-4dc3-b490-31f70dfa2fc7
231673,20,22.4,102,0,"2021-10-03 03:07:47",A303,6f6db310-75e6-4dc3-b490-31f70dfa2fc7
231686,25,23.2,173,72,"2021-10-03 03:26:32",A302,6f6db310-75e6-4dc3-b490-31f70dfa2fc7
231709,25,23.1,174,72,"2021-10-03 03:56:58",A302,6f6db310-75e6-4dc3-b490-31f70dfa2fc7
231722,20,22.2,102,0,"2021-10-03 04:08:36",A303,6f6db310-75e6-4dc3-b490-31f70dfa2fc7
231735,25,23,173,72,"2021-10-03 04:27:20",A302,6f6db310-75e6-4dc3-b490-31f70dfa2fc7
231746,20,22.2,103,0,"2021-10-03 04:39:03",A303,6f6db310-75e6-4dc3-b490-31f70dfa2fc7
231759,25,22.9,170,72,"2021-10-03 04:57:42",A302,6f6db310-75e6-4dc3-b490-31f70dfa2fc7
231772,20,22.1,103,8,"2021-10-03 05:09:29",A303,6f6db310-75e6-4dc3-b490-31f70dfa2fc7
231785,25,22.8,172,72,"2021-10-03 05:28:07",A302,6f6db310-75e6-4dc3-b490-31f70dfa2fc7
231796,20,22.1,103,0,"2021-10-03 05:41:02",A303,6f6db310-75e6-4dc3-b490-31f70dfa2fc7
231808,25,22.9,172,79,"2021-10-03 05:58:35",A302,6f6db310-75e6-4dc3-b490-31f70dfa2fc7
231820,20,22.1,103,0,"2021-10-03 06:11:28",A303,6f6db310-75e6-4dc3-b490-31f70dfa2fc7
231832,25,23,171,93,"2021-10-03 06:29:04",A302,6f6db310-75e6-4dc3-b490-31f70dfa2fc7
231846,20,22.2,102,8,"2021-10-03 06:41:56",A303,6f6db310-75e6-4dc3-b490-31f70dfa2fc7
231858,25,23.1,171,93,"2021-10-03 06:59:35",A302,6f6db310-75e6-4dc3-b490-31f70dfa2fc7
231883,25,23.4,168,93,"2021-10-03 07:30:04",A302,6f6db310-75e6-4dc3-b490-31f70dfa2fc7
231898,20,22.4,103,15,"2021-10-03 07:42:53",A303,6f6db310-75e6-4dc3-b490-31f70dfa2fc7
231911,25,23.7,169,93,"2021-10-03 08:00:37",A302,6f6db310-75e6-4dc3-b490-31f70dfa2fc7
231926,20,22.6,102,15,"2021-10-03 08:13:23",A303,6f6db310-75e6-4dc3-b490-31f70dfa2fc7
231936,25,24,170,93,"2021-10-03 08:31:09",A302,6f6db310-75e6-4dc3-b490-31f70dfa2fc7
231961,25,24.3,169,93,"2021-10-03 09:01:30",A302,6f6db310-75e6-4dc3-b490-31f70dfa2fc7
231974,19,22.9,101,22,"2021-10-03 09:14:18",A303,6f6db310-75e6-4dc3-b490-31f70dfa2fc7
231987,25,24.5,169,93,"2021-10-03 09:31:54",A302,6f6db310-75e6-4dc3-b490-31f70dfa2fc7
232000,19,23.1,101,29,"2021-10-03 09:44:47",A303,6f6db310-75e6-4dc3-b490-31f70dfa2fc7
232013,25,24.8,169,93,"2021-10-03 10:02:16",A302,6f6db310-75e6-4dc3-b490-31f70dfa2fc7
232024,19,23.2,102,29,"2021-10-03 10:15:19",A303,6f6db310-75e6-4dc3-b490-31f70dfa2fc7
232036,25,25.1,166,100,"2021-10-03 10:32:41",A302,6f6db310-75e6-4dc3-b490-31f70dfa2fc7
232050,19,23.4,102,36,"2021-10-03 10:45:48",A303,6f6db310-75e6-4dc3-b490-31f70dfa2fc7
232063,25,25.6,168,100,"2021-10-03 11:03:06",A302,6f6db310-75e6-4dc3-b490-31f70dfa2fc7
232076,19,23.6,101,50,"2021-10-03 11:16:21",A303,6f6db310-75e6-4dc3-b490-31f70dfa2fc7
232089,25,26.3,167,100,"2021-10-03 11:33:32",A302,6f6db310-75e6-4dc3-b490-31f70dfa2fc7
232103,19,23.9,101,50,"2021-10-03 11:46:52",A303,6f6db310-75e6-4dc3-b490-31f70dfa2fc7
232109,27,24.1,65,100,"2021-10-03 11:54:57",A301,6f6db310-75e6-4dc3-b490-31f70dfa2fc7
232116,25,27,166,100,"2021-10-03 12:04:01",A302,6f6db310-75e6-4dc3-b490-31f70dfa2fc7
232129,19,24.1,100,58,"2021-10-03 12:17:25",A303,6f6db310-75e6-4dc3-b490-31f70dfa2fc7
232136,27,24.2,65,100,"2021-10-03 12:25:43",A301,6f6db310-75e6-4dc3-b490-31f70dfa2fc7
232144,25,27.5,169,100,"2021-10-03 12:34:26",A302,6f6db310-75e6-4dc3-b490-31f70dfa2fc7
232158,19,24.3,100,58,"2021-10-03 12:47:57",A303,6f6db310-75e6-4dc3-b490-31f70dfa2fc7
232165,27,24.4,65,93,"2021-10-03 12:56:09",A301,6f6db310-75e6-4dc3-b490-31f70dfa2fc7
232171,25,27.7,169,93,"2021-10-03 13:04:50",A302,6f6db310-75e6-4dc3-b490-31f70dfa2fc7
232198,25,27.7,168,86,"2021-10-03 13:35:10",A302,6f6db310-75e6-4dc3-b490-31f70dfa2fc7
232220,27,24.6,65,86,"2021-10-03 13:56:54",A301,6f6db310-75e6-4dc3-b490-31f70dfa2fc7
232228,25,27.4,170,86,"2021-10-03 14:05:25",A302,6f6db310-75e6-4dc3-b490-31f70dfa2fc7
232241,33,23,139,0,"2021-10-03 14:19:11",A303,6f6db310-75e6-4dc3-b490-31f70dfa2fc7
232247,33,24.7,73,86,"2021-10-03 14:27:14",A301,6f6db310-75e6-4dc3-b490-31f70dfa2fc7
232258,25,27,171,86,"2021-10-03 14:35:38",A302,6f6db310-75e6-4dc3-b490-31f70dfa2fc7
232274,34,21.5,114,0,"2021-10-03 14:49:34",A303,6f6db310-75e6-4dc3-b490-31f70dfa2fc7
232279,33,23.6,68,86,"2021-10-03 14:57:38",A301,6f6db310-75e6-4dc3-b490-31f70dfa2fc7
232289,29,26.2,260,86,"2021-10-03 15:05:52",A302,6f6db310-75e6-4dc3-b490-31f70dfa2fc7
232308,33,23.6,69,86,"2021-10-03 15:28:02",A301,6f6db310-75e6-4dc3-b490-31f70dfa2fc7
232318,29,25.4,293,86,"2021-10-03 15:36:05",A302,6f6db310-75e6-4dc3-b490-31f70dfa2fc7
232332,32,21.5,101,0,"2021-10-03 15:50:18",A303,6f6db310-75e6-4dc3-b490-31f70dfa2fc7
232336,32,23.4,66,86,"2021-10-03 15:58:25",A301,6f6db310-75e6-4dc3-b490-31f70dfa2fc7
232345,29,24.9,292,86,"2021-10-03 16:06:20",A302,6f6db310-75e6-4dc3-b490-31f70dfa2fc7
232359,30,21.7,98,0,"2021-10-03 16:20:41",A303,6f6db310-75e6-4dc3-b490-31f70dfa2fc7
232363,32,23.4,65,86,"2021-10-03 16:28:47",A301,6f6db310-75e6-4dc3-b490-31f70dfa2fc7
232373,29,24.5,292,86,"2021-10-03 16:36:31",A302,6f6db310-75e6-4dc3-b490-31f70dfa2fc7
232385,29,21.9,96,0,"2021-10-03 16:51:01",A303,6f6db310-75e6-4dc3-b490-31f70dfa2fc7
232391,31,23.4,63,86,"2021-10-03 16:59:22",A301,6f6db310-75e6-4dc3-b490-31f70dfa2fc7
232413,28,22,95,0,"2021-10-03 17:21:24",A303,6f6db310-75e6-4dc3-b490-31f70dfa2fc7
232418,31,23.4,63,86,"2021-10-03 17:29:34",A301,6f6db310-75e6-4dc3-b490-31f70dfa2fc7
232427,28,23.9,283,86,"2021-10-03 17:37:00",A302,6f6db310-75e6-4dc3-b490-31f70dfa2fc7
232444,28,22,94,0,"2021-10-03 17:51:47",A303,6f6db310-75e6-4dc3-b490-31f70dfa2fc7
232472,28,22.1,94,0,"2021-10-03 18:22:08",A303,6f6db310-75e6-4dc3-b490-31f70dfa2fc7
232484,28,23.6,276,86,"2021-10-03 18:37:26",A302,6f6db310-75e6-4dc3-b490-31f70dfa2fc7
232499,27,22.1,93,0,"2021-10-03 18:52:42",A303,6f6db310-75e6-4dc3-b490-31f70dfa2fc7
232510,28,23.4,276,86,"2021-10-03 19:07:39",A302,6f6db310-75e6-4dc3-b490-31f70dfa2fc7
232526,27,22.1,93,0,"2021-10-03 19:22:57",A303,6f6db310-75e6-4dc3-b490-31f70dfa2fc7
232530,30,23.3,62,86,"2021-10-03 19:31:07",A301,6f6db310-75e6-4dc3-b490-31f70dfa2fc7
232539,28,23.3,274,86,"2021-10-03 19:37:53",A302,6f6db310-75e6-4dc3-b490-31f70dfa2fc7
232557,30,23.2,62,86,"2021-10-03 20:01:31",A301,6f6db310-75e6-4dc3-b490-31f70dfa2fc7
232565,28,23.2,273,86,"2021-10-03 20:08:06",A302,6f6db310-75e6-4dc3-b490-31f70dfa2fc7
232582,30,23.2,62,86,"2021-10-03 20:31:52",A301,6f6db310-75e6-4dc3-b490-31f70dfa2fc7
232591,28,23,273,86,"2021-10-03 20:38:20",A302,6f6db310-75e6-4dc3-b490-31f70dfa2fc7
232611,30,23.2,62,86,"2021-10-03 21:02:16",A301,6f6db310-75e6-4dc3-b490-31f70dfa2fc7
232618,28,22.9,268,86,"2021-10-03 21:08:33",A302,6f6db310-75e6-4dc3-b490-31f70dfa2fc7
232637,30,23.1,62,86,"2021-10-03 21:32:37",A301,6f6db310-75e6-4dc3-b490-31f70dfa2fc7
232645,28,22.8,267,86,"2021-10-03 21:38:46",A302,6f6db310-75e6-4dc3-b490-31f70dfa2fc7
232664,30,23.1,62,86,"2021-10-03 22:03:03",A301,6f6db310-75e6-4dc3-b490-31f70dfa2fc7
232672,28,22.7,266,86,"2021-10-03 22:08:59",A302,6f6db310-75e6-4dc3-b490-31f70dfa2fc7
232699,27,22.6,267,86,"2021-10-03 22:39:13",A302,6f6db310-75e6-4dc3-b490-31f70dfa2fc7
232727,27,22.4,263,72,"2021-10-03 23:09:24",A302,6f6db310-75e6-4dc3-b490-31f70dfa2fc7
232749,30,22.9,61,86,"2021-10-03 23:34:07",A301,6f6db310-75e6-4dc3-b490-31f70dfa2fc7
232756,27,22.3,265,72,"2021-10-03 23:39:36",A302,6f6db310-75e6-4dc3-b490-31f70dfa2fc7
232778,30,22.9,61,86,"2021-10-04 00:04:30",A301,6f6db310-75e6-4dc3-b490-31f70dfa2fc7
232785,27,22.2,263,72,"2021-10-04 00:09:49",A302,6f6db310-75e6-4dc3-b490-31f70dfa2fc7
232805,30,22.8,61,86,"2021-10-04 00:34:51",A301,6f6db310-75e6-4dc3-b490-31f70dfa2fc7
232831,30,22.8,61,86,"2021-10-04 01:05:20",A301,6f6db310-75e6-4dc3-b490-31f70dfa2fc7
232835,27,22,260,72,"2021-10-04 01:10:13",A302,6f6db310-75e6-4dc3-b490-31f70dfa2fc7
232849,30,22.7,61,86,"2021-10-04 01:35:36",A301,6f6db310-75e6-4dc3-b490-31f70dfa2fc7
232871,30,22.6,61,86,"2021-10-04 02:06:00",A301,6f6db310-75e6-4dc3-b490-31f70dfa2fc7
232878,27,21.9,260,72,"2021-10-04 02:10:38",A302,6f6db310-75e6-4dc3-b490-31f70dfa2fc7
232906,27,21.8,257,72,"2021-10-04 02:40:51",A302,6f6db310-75e6-4dc3-b490-31f70dfa2fc7
232933,27,21.8,260,72,"2021-10-04 03:11:02",A302,6f6db310-75e6-4dc3-b490-31f70dfa2fc7
232960,27,21.7,259,72,"2021-10-04 03:41:16",A302,6f6db310-75e6-4dc3-b490-31f70dfa2fc7
232989,27,21.7,256,72,"2021-10-04 04:11:27",A302,6f6db310-75e6-4dc3-b490-31f70dfa2fc7
233016,27,21.6,257,72,"2021-10-04 04:41:41",A302,6f6db310-75e6-4dc3-b490-31f70dfa2fc7
233034,27,21.3,90,15,"2021-10-04 04:59:39",A303,6f6db310-75e6-4dc3-b490-31f70dfa2fc7
233045,27,21.6,257,72,"2021-10-04 05:11:52",A302,6f6db310-75e6-4dc3-b490-31f70dfa2fc7
233070,27,21.6,256,72,"2021-10-04 05:42:06",A302,6f6db310-75e6-4dc3-b490-31f70dfa2fc7
233098,27,21.6,255,72,"2021-10-04 06:12:19",A302,6f6db310-75e6-4dc3-b490-31f70dfa2fc7
233117,27,21.2,89,8,"2021-10-04 06:30:45",A303,6f6db310-75e6-4dc3-b490-31f70dfa2fc7
233123,30,22.3,60,93,"2021-10-04 06:39:26",A301,6f6db310-75e6-4dc3-b490-31f70dfa2fc7
233127,27,21.7,254,93,"2021-10-04 06:42:39",A302,6f6db310-75e6-4dc3-b490-31f70dfa2fc7
233145,27,21.2,89,8,"2021-10-04 07:01:09",A303,6f6db310-75e6-4dc3-b490-31f70dfa2fc7
233150,30,22.2,60,93,"2021-10-04 07:09:47",A301,6f6db310-75e6-4dc3-b490-31f70dfa2fc7
233155,27,21.8,254,93,"2021-10-04 07:12:53",A302,6f6db310-75e6-4dc3-b490-31f70dfa2fc7
233173,27,21.3,89,8,"2021-10-04 07:31:37",A303,6f6db310-75e6-4dc3-b490-31f70dfa2fc7
233179,30,22.2,60,93,"2021-10-04 07:40:16",A301,6f6db310-75e6-4dc3-b490-31f70dfa2fc7
233183,27,22,252,93,"2021-10-04 07:43:15",A302,6f6db310-75e6-4dc3-b490-31f70dfa2fc7
233202,26,21.5,90,15,"2021-10-04 08:02:04",A303,6f6db310-75e6-4dc3-b490-31f70dfa2fc7
233207,30,22.3,60,100,"2021-10-04 08:10:45",A301,6f6db310-75e6-4dc3-b490-31f70dfa2fc7
233212,27,22.4,253,100,"2021-10-04 08:13:37",A302,6f6db310-75e6-4dc3-b490-31f70dfa2fc7
233232,26,21.7,90,15,"2021-10-04 08:32:33",A303,6f6db310-75e6-4dc3-b490-31f70dfa2fc7
233237,30,22.3,60,100,"2021-10-04 08:41:18",A301,6f6db310-75e6-4dc3-b490-31f70dfa2fc7
233242,27,22.8,250,100,"2021-10-04 08:44:00",A302,6f6db310-75e6-4dc3-b490-31f70dfa2fc7
233262,26,22.1,89,29,"2021-10-04 09:03:05",A303,6f6db310-75e6-4dc3-b490-31f70dfa2fc7
233267,30,22.42,60,100,"2021-10-04 09:11:48",A301,6f6db310-75e6-4dc3-b490-31f70dfa2fc7
233272,27,23.2,250,100,"2021-10-04 09:14:26",A302,6f6db310-75e6-4dc3-b490-31f70dfa2fc7
233293,26,22.4,89,29,"2021-10-04 09:33:36",A303,6f6db310-75e6-4dc3-b490-31f70dfa2fc7
233298,30,22.6,59,100,"2021-10-04 09:42:20",A301,6f6db310-75e6-4dc3-b490-31f70dfa2fc7
233303,27,23.8,250,100,"2021-10-04 09:44:49",A302,6f6db310-75e6-4dc3-b490-31f70dfa2fc7
233325,26,22.6,90,36,"2021-10-04 10:04:06",A303,6f6db310-75e6-4dc3-b490-31f70dfa2fc7
233330,29,22.8,59,100,"2021-10-04 10:12:51",A301,6f6db310-75e6-4dc3-b490-31f70dfa2fc7
233334,27,24.52,250,100,"2021-10-04 10:15:14",A302,6f6db310-75e6-4dc3-b490-31f70dfa2fc7
233355,26,22.9,89,36,"2021-10-04 10:34:38",A303,6f6db310-75e6-4dc3-b490-31f70dfa2fc7
233361,29,23,59,100,"2021-10-04 10:43:22",A301,6f6db310-75e6-4dc3-b490-31f70dfa2fc7
233364,27,25.3,248,100,"2021-10-04 10:45:40",A302,6f6db310-75e6-4dc3-b490-31f70dfa2fc7
233388,26,23.2,89,43,"2021-10-04 11:05:09",A303,6f6db310-75e6-4dc3-b490-31f70dfa2fc7
233392,29,23.2,59,100,"2021-10-04 11:13:54",A301,6f6db310-75e6-4dc3-b490-31f70dfa2fc7
233395,27,25.9,248,100,"2021-10-04 11:16:07",A302,6f6db310-75e6-4dc3-b490-31f70dfa2fc7
233416,26,23.5,89,50,"2021-10-04 11:35:40",A303,6f6db310-75e6-4dc3-b490-31f70dfa2fc7
233421,29,23.4,59,100,"2021-10-04 11:44:26",A301,6f6db310-75e6-4dc3-b490-31f70dfa2fc7
233423,27,26.4,248,100,"2021-10-04 11:46:33",A302,6f6db310-75e6-4dc3-b490-31f70dfa2fc7
233443,25,23.7,88,65,"2021-10-04 12:06:12",A303,6f6db310-75e6-4dc3-b490-31f70dfa2fc7
233447,29,23.6,59,100,"2021-10-04 12:15:00",A301,6f6db310-75e6-4dc3-b490-31f70dfa2fc7
233450,27,26.8,245,100,"2021-10-04 12:16:58",A302,6f6db310-75e6-4dc3-b490-31f70dfa2fc7
233472,25,23.9,88,50,"2021-10-04 12:36:45",A303,6f6db310-75e6-4dc3-b490-31f70dfa2fc7
233476,29,23.72,58,100,"2021-10-04 12:45:32",A301,6f6db310-75e6-4dc3-b490-31f70dfa2fc7
233478,27,27,245,100,"2021-10-04 12:47:25",A302,6f6db310-75e6-4dc3-b490-31f70dfa2fc7
233504,25,24,88,29,"2021-10-04 13:07:16",A303,6f6db310-75e6-4dc3-b490-31f70dfa2fc7
233509,29,23.9,58,86,"2021-10-04 13:16:00",A301,6f6db310-75e6-4dc3-b490-31f70dfa2fc7
233510,26,27.2,248,93,"2021-10-04 13:17:47",A302,6f6db310-75e6-4dc3-b490-31f70dfa2fc7
233538,29,24.02,58,86,"2021-10-04 13:46:28",A301,6f6db310-75e6-4dc3-b490-31f70dfa2fc7
233540,26,27.1,247,93,"2021-10-04 13:48:04",A302,6f6db310-75e6-4dc3-b490-31f70dfa2fc7
233565,25,24.1,88,8,"2021-10-04 14:08:06",A303,6f6db310-75e6-4dc3-b490-31f70dfa2fc7
233570,29,24.2,58,86,"2021-10-04 14:16:53",A301,6f6db310-75e6-4dc3-b490-31f70dfa2fc7
233572,26,26.8,243,93,"2021-10-04 14:18:21",A302,6f6db310-75e6-4dc3-b490-31f70dfa2fc7
233598,25,24,87,8,"2021-10-04 14:38:30",A303,6f6db310-75e6-4dc3-b490-31f70dfa2fc7
233603,29,24.3,58,86,"2021-10-04 14:47:19",A301,6f6db310-75e6-4dc3-b490-31f70dfa2fc7
233604,26,26.4,248,86,"2021-10-04 14:48:39",A302,6f6db310-75e6-4dc3-b490-31f70dfa2fc7
233630,25,23.9,87,0,"2021-10-04 15:08:56",A303,6f6db310-75e6-4dc3-b490-31f70dfa2fc7
233635,29,24.3,58,86,"2021-10-04 15:17:45",A301,6f6db310-75e6-4dc3-b490-31f70dfa2fc7
233636,26,26.1,246,86,"2021-10-04 15:18:57",A302,6f6db310-75e6-4dc3-b490-31f70dfa2fc7
233662,25,23.8,87,0,"2021-10-04 15:39:21",A303,6f6db310-75e6-4dc3-b490-31f70dfa2fc7
233667,29,24.3,58,86,"2021-10-04 15:48:11",A301,6f6db310-75e6-4dc3-b490-31f70dfa2fc7
233668,26,25.9,242,86,"2021-10-04 15:49:12",A302,6f6db310-75e6-4dc3-b490-31f70dfa2fc7
233694,25,23.7,88,0,"2021-10-04 16:09:44",A303,6f6db310-75e6-4dc3-b490-31f70dfa2fc7
233699,29,24.3,59,86,"2021-10-04 16:18:34",A301,6f6db310-75e6-4dc3-b490-31f70dfa2fc7
233700,26,25.6,243,86,"2021-10-04 16:19:31",A302,6f6db310-75e6-4dc3-b490-31f70dfa2fc7
233723,25,23.6,89,0,"2021-10-04 16:40:10",A303,6f6db310-75e6-4dc3-b490-31f70dfa2fc7
233728,29,24.3,58,86,"2021-10-04 16:48:58",A301,6f6db310-75e6-4dc3-b490-31f70dfa2fc7
233729,26,25.3,244,86,"2021-10-04 16:49:43",A302,6f6db310-75e6-4dc3-b490-31f70dfa2fc7
233752,25,23.5,88,0,"2021-10-04 17:10:29",A303,6f6db310-75e6-4dc3-b490-31f70dfa2fc7
233757,29,24.2,58,86,"2021-10-04 17:19:21",A301,6f6db310-75e6-4dc3-b490-31f70dfa2fc7
233758,26,25,244,86,"2021-10-04 17:19:59",A302,6f6db310-75e6-4dc3-b490-31f70dfa2fc7
233781,25,23.4,88,0,"2021-10-04 17:40:52",A303,6f6db310-75e6-4dc3-b490-31f70dfa2fc7
233786,29,24.2,58,86,"2021-10-04 17:49:50",A301,6f6db310-75e6-4dc3-b490-31f70dfa2fc7
233787,26,24.8,245,86,"2021-10-04 17:50:14",A302,6f6db310-75e6-4dc3-b490-31f70dfa2fc7
233814,25,23.3,88,0,"2021-10-04 18:11:16",A303,6f6db310-75e6-4dc3-b490-31f70dfa2fc7
233818,26,24.6,243,86,"2021-10-04 18:20:28",A302,6f6db310-75e6-4dc3-b490-31f70dfa2fc7
233843,25,23.2,88,0,"2021-10-04 18:41:41",A303,6f6db310-75e6-4dc3-b490-31f70dfa2fc7
233848,29,24,58,86,"2021-10-04 18:50:33",A301,6f6db310-75e6-4dc3-b490-31f70dfa2fc7
233849,26,24.3,244,86,"2021-10-04 18:50:45",A302,6f6db310-75e6-4dc3-b490-31f70dfa2fc7
233874,25,23.1,88,0,"2021-10-04 19:12:00",A303,6f6db310-75e6-4dc3-b490-31f70dfa2fc7
233879,26,24.1,241,86,"2021-10-04 19:20:55",A302,6f6db310-75e6-4dc3-b490-31f70dfa2fc7
233880,29,24,58,86,"2021-10-04 19:20:55",A301,6f6db310-75e6-4dc3-b490-31f70dfa2fc7
233905,25,23,88,0,"2021-10-04 19:42:22",A303,6f6db310-75e6-4dc3-b490-31f70dfa2fc7
233909,26,23.9,239,86,"2021-10-04 19:51:08",A302,6f6db310-75e6-4dc3-b490-31f70dfa2fc7
233910,29,23.9,58,86,"2021-10-04 19:51:19",A301,6f6db310-75e6-4dc3-b490-31f70dfa2fc7
233936,25,22.82,88,0,"2021-10-04 20:12:43",A303,6f6db310-75e6-4dc3-b490-31f70dfa2fc7
233941,26,23.8,242,86,"2021-10-04 20:21:25",A302,6f6db310-75e6-4dc3-b490-31f70dfa2fc7
233942,29,23.8,58,86,"2021-10-04 20:21:42",A301,6f6db310-75e6-4dc3-b490-31f70dfa2fc7
233968,25,22.7,87,0,"2021-10-04 20:43:04",A303,6f6db310-75e6-4dc3-b490-31f70dfa2fc7
233973,26,23.6,242,86,"2021-10-04 20:51:38",A302,6f6db310-75e6-4dc3-b490-31f70dfa2fc7
233974,29,23.7,58,86,"2021-10-04 20:52:05",A301,6f6db310-75e6-4dc3-b490-31f70dfa2fc7
234000,25,22.6,87,0,"2021-10-04 21:13:27",A303,6f6db310-75e6-4dc3-b490-31f70dfa2fc7
234005,26,23.4,241,86,"2021-10-04 21:21:48",A302,6f6db310-75e6-4dc3-b490-31f70dfa2fc7
234006,29,23.7,58,86,"2021-10-04 21:22:27",A301,6f6db310-75e6-4dc3-b490-31f70dfa2fc7
234033,25,22.5,87,0,"2021-10-04 21:43:47",A303,6f6db310-75e6-4dc3-b490-31f70dfa2fc7
234038,26,23.2,239,86,"2021-10-04 21:52:03",A302,6f6db310-75e6-4dc3-b490-31f70dfa2fc7
234039,29,23.6,58,86,"2021-10-04 21:52:51",A301,6f6db310-75e6-4dc3-b490-31f70dfa2fc7
234066,25,22.4,87,0,"2021-10-04 22:14:09",A303,6f6db310-75e6-4dc3-b490-31f70dfa2fc7
234071,26,23.1,236,86,"2021-10-04 22:22:13",A302,6f6db310-75e6-4dc3-b490-31f70dfa2fc7
234072,29,23.5,58,86,"2021-10-04 22:23:12",A301,6f6db310-75e6-4dc3-b490-31f70dfa2fc7
234096,25,22.3,87,0,"2021-10-04 22:44:30",A303,6f6db310-75e6-4dc3-b490-31f70dfa2fc7
234101,26,22.9,240,86,"2021-10-04 22:52:29",A302,6f6db310-75e6-4dc3-b490-31f70dfa2fc7
234107,29,23.4,58,86,"2021-10-04 22:57:18",A301,6f6db310-75e6-4dc3-b490-31f70dfa2fc7
234127,25,22.2,87,0,"2021-10-04 23:14:52",A303,6f6db310-75e6-4dc3-b490-31f70dfa2fc7
234132,26,22.8,241,86,"2021-10-04 23:22:39",A302,6f6db310-75e6-4dc3-b490-31f70dfa2fc7
234139,29,23.3,58,86,"2021-10-04 23:27:42",A301,6f6db310-75e6-4dc3-b490-31f70dfa2fc7
234158,25,22.2,88,0,"2021-10-04 23:45:12",A303,6f6db310-75e6-4dc3-b490-31f70dfa2fc7
234163,26,22.6,241,86,"2021-10-04 23:52:51",A302,6f6db310-75e6-4dc3-b490-31f70dfa2fc7
234170,29,23.2,58,86,"2021-10-04 23:58:05",A301,6f6db310-75e6-4dc3-b490-31f70dfa2fc7
234190,25,22.1,87,0,"2021-10-05 00:15:33",A303,6f6db310-75e6-4dc3-b490-31f70dfa2fc7
234195,26,22.5,239,86,"2021-10-05 00:23:04",A302,6f6db310-75e6-4dc3-b490-31f70dfa2fc7
234202,29,23.2,58,86,"2021-10-05 00:28:29",A301,6f6db310-75e6-4dc3-b490-31f70dfa2fc7
234222,25,22,87,0,"2021-10-05 00:45:54",A303,6f6db310-75e6-4dc3-b490-31f70dfa2fc7
234227,26,22.4,239,86,"2021-10-05 00:53:16",A302,6f6db310-75e6-4dc3-b490-31f70dfa2fc7
234234,29,23.1,58,86,"2021-10-05 00:58:54",A301,6f6db310-75e6-4dc3-b490-31f70dfa2fc7
234254,25,21.9,87,0,"2021-10-05 01:16:15",A303,6f6db310-75e6-4dc3-b490-31f70dfa2fc7
234258,26,22.2,239,79,"2021-10-05 01:23:27",A302,6f6db310-75e6-4dc3-b490-31f70dfa2fc7
234266,29,23,58,86,"2021-10-05 01:29:17",A301,6f6db310-75e6-4dc3-b490-31f70dfa2fc7
234286,25,21.8,87,0,"2021-10-05 01:46:36",A303,6f6db310-75e6-4dc3-b490-31f70dfa2fc7
234290,26,22.1,239,72,"2021-10-05 01:53:39",A302,6f6db310-75e6-4dc3-b490-31f70dfa2fc7
234298,29,22.9,58,86,"2021-10-05 01:59:40",A301,6f6db310-75e6-4dc3-b490-31f70dfa2fc7
234319,25,21.7,87,0,"2021-10-05 02:16:56",A303,6f6db310-75e6-4dc3-b490-31f70dfa2fc7
234322,26,22,238,72,"2021-10-05 02:23:50",A302,6f6db310-75e6-4dc3-b490-31f70dfa2fc7
234330,29,22.8,58,86,"2021-10-05 02:30:04",A301,6f6db310-75e6-4dc3-b490-31f70dfa2fc7
234350,25,21.6,87,0,"2021-10-05 02:47:17",A303,6f6db310-75e6-4dc3-b490-31f70dfa2fc7
234354,26,21.9,237,72,"2021-10-05 02:54:01",A302,6f6db310-75e6-4dc3-b490-31f70dfa2fc7
234362,29,22.8,58,86,"2021-10-05 03:00:27",A301,6f6db310-75e6-4dc3-b490-31f70dfa2fc7
234381,25,21.6,87,0,"2021-10-05 03:17:39",A303,6f6db310-75e6-4dc3-b490-31f70dfa2fc7
234384,26,21.8,235,72,"2021-10-05 03:24:14",A302,6f6db310-75e6-4dc3-b490-31f70dfa2fc7
234393,29,22.7,58,86,"2021-10-05 03:30:52",A301,6f6db310-75e6-4dc3-b490-31f70dfa2fc7
234411,25,21.5,87,0,"2021-10-05 03:47:58",A303,6f6db310-75e6-4dc3-b490-31f70dfa2fc7
234414,26,21.7,234,72,"2021-10-05 03:54:24",A302,6f6db310-75e6-4dc3-b490-31f70dfa2fc7
234423,28,22.6,58,86,"2021-10-05 04:01:14",A301,6f6db310-75e6-4dc3-b490-31f70dfa2fc7
234443,25,21.4,87,0,"2021-10-05 04:18:18",A303,6f6db310-75e6-4dc3-b490-31f70dfa2fc7
234446,26,21.6,237,72,"2021-10-05 04:24:36",A302,6f6db310-75e6-4dc3-b490-31f70dfa2fc7
234455,29,22.6,58,86,"2021-10-05 04:31:40",A301,6f6db310-75e6-4dc3-b490-31f70dfa2fc7
234472,25,21.3,87,0,"2021-10-05 04:48:39",A303,6f6db310-75e6-4dc3-b490-31f70dfa2fc7
234475,26,21.6,236,72,"2021-10-05 04:54:49",A302,6f6db310-75e6-4dc3-b490-31f70dfa2fc7
234484,28,22.5,58,93,"2021-10-05 05:02:03",A301,6f6db310-75e6-4dc3-b490-31f70dfa2fc7
234502,25,21.3,87,0,"2021-10-05 05:19:01",A303,6f6db310-75e6-4dc3-b490-31f70dfa2fc7
234506,26,21.5,235,93,"2021-10-05 05:25:02",A302,6f6db310-75e6-4dc3-b490-31f70dfa2fc7
234517,28,22.4,58,93,"2021-10-05 05:32:27",A301,6f6db310-75e6-4dc3-b490-31f70dfa2fc7
234534,25,21.2,87,8,"2021-10-05 05:49:26",A303,6f6db310-75e6-4dc3-b490-31f70dfa2fc7
234537,26,21.6,234,93,"2021-10-05 05:55:21",A302,6f6db310-75e6-4dc3-b490-31f70dfa2fc7
234550,29,22.4,58,93,"2021-10-05 06:02:58",A301,6f6db310-75e6-4dc3-b490-31f70dfa2fc7
234566,25,21.3,86,15,"2021-10-05 06:19:54",A303,6f6db310-75e6-4dc3-b490-31f70dfa2fc7
234580,28,22.4,58,93,"2021-10-05 06:33:27",A301,6f6db310-75e6-4dc3-b490-31f70dfa2fc7
234596,25,21.4,87,22,"2021-10-05 06:50:23",A303,6f6db310-75e6-4dc3-b490-31f70dfa2fc7
234600,26,21.9,230,93,"2021-10-05 06:56:05",A302,6f6db310-75e6-4dc3-b490-31f70dfa2fc7
234612,28,22.4,58,93,"2021-10-05 07:04:01",A301,6f6db310-75e6-4dc3-b490-31f70dfa2fc7
234627,25,21.6,86,36,"2021-10-05 07:20:55",A303,6f6db310-75e6-4dc3-b490-31f70dfa2fc7
234630,26,22.2,232,100,"2021-10-05 07:26:29",A302,6f6db310-75e6-4dc3-b490-31f70dfa2fc7
234641,28,22.4,58,100,"2021-10-05 07:34:31",A301,6f6db310-75e6-4dc3-b490-31f70dfa2fc7
234656,25,21.8,86,36,"2021-10-05 07:51:24",A303,6f6db310-75e6-4dc3-b490-31f70dfa2fc7
234659,26,22.5,230,100,"2021-10-05 07:56:52",A302,6f6db310-75e6-4dc3-b490-31f70dfa2fc7
234669,28,22.5,57,100,"2021-10-05 08:05:06",A301,6f6db310-75e6-4dc3-b490-31f70dfa2fc7
234684,25,22.1,86,50,"2021-10-05 08:23:11",A303,6f6db310-75e6-4dc3-b490-31f70dfa2fc7
234687,26,23,232,100,"2021-10-05 08:27:18",A302,6f6db310-75e6-4dc3-b490-31f70dfa2fc7
234699,28,22.6,58,100,"2021-10-05 08:35:39",A301,6f6db310-75e6-4dc3-b490-31f70dfa2fc7
234715,25,22.4,85,43,"2021-10-05 08:53:36",A303,6f6db310-75e6-4dc3-b490-31f70dfa2fc7
234718,26,23.4,232,100,"2021-10-05 08:57:45",A302,6f6db310-75e6-4dc3-b490-31f70dfa2fc7
234730,28,22.8,57,100,"2021-10-05 09:06:13",A301,6f6db310-75e6-4dc3-b490-31f70dfa2fc7
234745,24,22.7,85,43,"2021-10-05 09:23:59",A303,6f6db310-75e6-4dc3-b490-31f70dfa2fc7
234748,26,23.9,231,100,"2021-10-05 09:28:10",A302,6f6db310-75e6-4dc3-b490-31f70dfa2fc7
234774,24,22.9,85,50,"2021-10-05 09:54:23",A303,6f6db310-75e6-4dc3-b490-31f70dfa2fc7
234777,26,24.4,228,100,"2021-10-05 09:58:36",A302,6f6db310-75e6-4dc3-b490-31f70dfa2fc7
234789,28,23.2,57,100,"2021-10-05 10:07:23",A301,6f6db310-75e6-4dc3-b490-31f70dfa2fc7
234803,24,23.2,85,58,"2021-10-05 10:24:44",A303,6f6db310-75e6-4dc3-b490-31f70dfa2fc7
234806,26,24.9,231,100,"2021-10-05 10:29:03",A302,6f6db310-75e6-4dc3-b490-31f70dfa2fc7
234818,28,23.4,57,100,"2021-10-05 10:37:58",A301,6f6db310-75e6-4dc3-b490-31f70dfa2fc7
234835,24,23.4,85,58,"2021-10-05 10:55:08",A303,6f6db310-75e6-4dc3-b490-31f70dfa2fc7
234838,26,25.5,224,100,"2021-10-05 10:59:38",A302,6f6db310-75e6-4dc3-b490-31f70dfa2fc7
234850,28,23.6,56,100,"2021-10-05 11:08:32",A301,6f6db310-75e6-4dc3-b490-31f70dfa2fc7
234866,24,23.6,84,58,"2021-10-05 11:25:30",A303,6f6db310-75e6-4dc3-b490-31f70dfa2fc7
234870,26,26,229,100,"2021-10-05 11:29:59",A302,6f6db310-75e6-4dc3-b490-31f70dfa2fc7
234883,28,23.7,56,100,"2021-10-05 11:39:04",A301,6f6db310-75e6-4dc3-b490-31f70dfa2fc7
234898,24,23.8,83,65,"2021-10-05 11:55:55",A303,6f6db310-75e6-4dc3-b490-31f70dfa2fc7
234902,26,26.4,230,100,"2021-10-05 12:00:22",A302,6f6db310-75e6-4dc3-b490-31f70dfa2fc7
234914,28,23.9,56,100,"2021-10-05 12:09:41",A301,6f6db310-75e6-4dc3-b490-31f70dfa2fc7
234928,24,23.9,84,58,"2021-10-05 12:26:17",A303,6f6db310-75e6-4dc3-b490-31f70dfa2fc7
234932,26,26.7,230,100,"2021-10-05 12:30:45",A302,6f6db310-75e6-4dc3-b490-31f70dfa2fc7
234945,28,24,56,100,"2021-10-05 12:40:12",A301,6f6db310-75e6-4dc3-b490-31f70dfa2fc7
234960,24,24,84,72,"2021-10-05 12:56:43",A303,6f6db310-75e6-4dc3-b490-31f70dfa2fc7
234964,26,26.9,233,100,"2021-10-05 13:01:10",A302,6f6db310-75e6-4dc3-b490-31f70dfa2fc7
234976,28,24.1,56,100,"2021-10-05 13:10:48",A301,6f6db310-75e6-4dc3-b490-31f70dfa2fc7
234991,24,24.1,84,65,"2021-10-05 13:27:06",A303,6f6db310-75e6-4dc3-b490-31f70dfa2fc7
234994,26,27,230,100,"2021-10-05 13:31:33",A302,6f6db310-75e6-4dc3-b490-31f70dfa2fc7
235008,28,24.2,56,100,"2021-10-05 13:41:21",A301,6f6db310-75e6-4dc3-b490-31f70dfa2fc7
235021,24,24.1,84,65,"2021-10-05 13:57:27",A303,6f6db310-75e6-4dc3-b490-31f70dfa2fc7
235024,26,27,229,100,"2021-10-05 14:01:58",A302,6f6db310-75e6-4dc3-b490-31f70dfa2fc7
235038,27,24.3,56,93,"2021-10-05 14:11:55",A301,6f6db310-75e6-4dc3-b490-31f70dfa2fc7
235053,24,24.2,84,58,"2021-10-05 14:27:50",A303,6f6db310-75e6-4dc3-b490-31f70dfa2fc7
235056,26,26.9,229,93,"2021-10-05 14:32:14",A302,6f6db310-75e6-4dc3-b490-31f70dfa2fc7
235070,27,24.4,56,86,"2021-10-05 14:42:28",A301,6f6db310-75e6-4dc3-b490-31f70dfa2fc7
235085,24,24.1,84,43,"2021-10-05 14:58:10",A303,6f6db310-75e6-4dc3-b490-31f70dfa2fc7
235088,26,26.7,232,86,"2021-10-05 15:02:33",A302,6f6db310-75e6-4dc3-b490-31f70dfa2fc7
235102,27,24.5,56,86,"2021-10-05 15:12:58",A301,6f6db310-75e6-4dc3-b490-31f70dfa2fc7
235117,24,24.1,84,22,"2021-10-05 15:28:28",A303,6f6db310-75e6-4dc3-b490-31f70dfa2fc7
235119,26,26.5,232,86,"2021-10-05 15:32:53",A302,6f6db310-75e6-4dc3-b490-31f70dfa2fc7
235134,27,24.5,56,86,"2021-10-05 15:43:28",A301,6f6db310-75e6-4dc3-b490-31f70dfa2fc7
235148,24,24.1,84,15,"2021-10-05 15:58:47",A303,6f6db310-75e6-4dc3-b490-31f70dfa2fc7
235151,26,26.3,232,86,"2021-10-05 16:03:08",A302,6f6db310-75e6-4dc3-b490-31f70dfa2fc7
235167,27,24.5,56,86,"2021-10-05 16:13:56",A301,6f6db310-75e6-4dc3-b490-31f70dfa2fc7
235179,24,24,83,8,"2021-10-05 16:29:03",A303,6f6db310-75e6-4dc3-b490-31f70dfa2fc7
235182,26,26,230,86,"2021-10-05 16:33:21",A302,6f6db310-75e6-4dc3-b490-31f70dfa2fc7
235197,27,24.5,56,86,"2021-10-05 16:44:23",A301,6f6db310-75e6-4dc3-b490-31f70dfa2fc7
235211,24,23.9,84,8,"2021-10-05 16:59:19",A303,6f6db310-75e6-4dc3-b490-31f70dfa2fc7
235213,26,25.7,234,86,"2021-10-05 17:03:36",A302,6f6db310-75e6-4dc3-b490-31f70dfa2fc7
235229,27,24.48,56,86,"2021-10-05 17:14:51",A301,6f6db310-75e6-4dc3-b490-31f70dfa2fc7
235242,24,23.8,84,0,"2021-10-05 17:29:34",A303,6f6db310-75e6-4dc3-b490-31f70dfa2fc7
235245,26,25.5,232,86,"2021-10-05 17:33:48",A302,6f6db310-75e6-4dc3-b490-31f70dfa2fc7
235261,27,24.4,56,86,"2021-10-05 17:45:18",A301,6f6db310-75e6-4dc3-b490-31f70dfa2fc7
235274,24,23.7,84,0,"2021-10-05 17:59:48",A303,6f6db310-75e6-4dc3-b490-31f70dfa2fc7
235276,26,25.3,231,86,"2021-10-05 18:04:00",A302,6f6db310-75e6-4dc3-b490-31f70dfa2fc7
235291,27,24.32,56,86,"2021-10-05 18:15:45",A301,6f6db310-75e6-4dc3-b490-31f70dfa2fc7
235304,24,23.6,84,0,"2021-10-05 18:30:04",A303,6f6db310-75e6-4dc3-b490-31f70dfa2fc7
235306,26,25,229,86,"2021-10-05 18:34:13",A302,6f6db310-75e6-4dc3-b490-31f70dfa2fc7
235321,27,24.3,56,86,"2021-10-05 18:46:12",A301,6f6db310-75e6-4dc3-b490-31f70dfa2fc7
235335,23,23.4,84,0,"2021-10-05 19:00:17",A303,6f6db310-75e6-4dc3-b490-31f70dfa2fc7
235338,26,24.8,232,86,"2021-10-05 19:04:26",A302,6f6db310-75e6-4dc3-b490-31f70dfa2fc7
235353,27,24.2,56,86,"2021-10-05 19:16:39",A301,6f6db310-75e6-4dc3-b490-31f70dfa2fc7
235366,23,23.3,84,0,"2021-10-05 19:30:33",A303,6f6db310-75e6-4dc3-b490-31f70dfa2fc7
235369,26,24.6,231,86,"2021-10-05 19:34:38",A302,6f6db310-75e6-4dc3-b490-31f70dfa2fc7
235384,27,24.1,56,86,"2021-10-05 19:47:04",A301,6f6db310-75e6-4dc3-b490-31f70dfa2fc7
235397,23,23.2,84,0,"2021-10-05 20:00:46",A303,6f6db310-75e6-4dc3-b490-31f70dfa2fc7
235400,26,24.4,227,86,"2021-10-05 20:04:50",A302,6f6db310-75e6-4dc3-b490-31f70dfa2fc7
235416,27,24.1,56,86,"2021-10-05 20:17:30",A301,6f6db310-75e6-4dc3-b490-31f70dfa2fc7
235429,23,23.1,84,0,"2021-10-05 20:31:01",A303,6f6db310-75e6-4dc3-b490-31f70dfa2fc7
235432,26,24.3,229,86,"2021-10-05 20:35:00",A302,6f6db310-75e6-4dc3-b490-31f70dfa2fc7
235448,27,24,56,86,"2021-10-05 20:47:56",A301,6f6db310-75e6-4dc3-b490-31f70dfa2fc7
235461,23,23,84,0,"2021-10-05 21:01:15",A303,6f6db310-75e6-4dc3-b490-31f70dfa2fc7
235464,26,24.1,231,86,"2021-10-05 21:05:13",A302,6f6db310-75e6-4dc3-b490-31f70dfa2fc7
235481,27,23.9,56,86,"2021-10-05 21:18:20",A301,6f6db310-75e6-4dc3-b490-31f70dfa2fc7
235492,23,22.9,84,0,"2021-10-05 21:31:28",A303,6f6db310-75e6-4dc3-b490-31f70dfa2fc7
235496,26,23.9,230,86,"2021-10-05 21:35:22",A302,6f6db310-75e6-4dc3-b490-31f70dfa2fc7
235513,27,23.9,56,86,"2021-10-05 21:48:48",A301,6f6db310-75e6-4dc3-b490-31f70dfa2fc7
235524,23,22.8,84,0,"2021-10-05 22:01:41",A303,6f6db310-75e6-4dc3-b490-31f70dfa2fc7
235527,26,23.8,230,86,"2021-10-05 22:05:33",A302,6f6db310-75e6-4dc3-b490-31f70dfa2fc7
235545,27,23.8,56,86,"2021-10-05 22:19:12",A301,6f6db310-75e6-4dc3-b490-31f70dfa2fc7
235556,23,22.8,84,0,"2021-10-05 22:31:54",A303,6f6db310-75e6-4dc3-b490-31f70dfa2fc7
235559,26,23.6,228,86,"2021-10-05 22:35:42",A302,6f6db310-75e6-4dc3-b490-31f70dfa2fc7
235576,27,23.7,56,86,"2021-10-05 22:49:34",A301,6f6db310-75e6-4dc3-b490-31f70dfa2fc7
235587,23,22.7,84,0,"2021-10-05 23:02:08",A303,6f6db310-75e6-4dc3-b490-31f70dfa2fc7
235590,26,23.5,227,86,"2021-10-05 23:05:54",A302,6f6db310-75e6-4dc3-b490-31f70dfa2fc7
235608,27,23.6,56,86,"2021-10-05 23:19:59",A301,6f6db310-75e6-4dc3-b490-31f70dfa2fc7
235619,23,22.6,84,0,"2021-10-05 23:32:21",A303,6f6db310-75e6-4dc3-b490-31f70dfa2fc7
235622,26,23.4,227,86,"2021-10-05 23:36:03",A302,6f6db310-75e6-4dc3-b490-31f70dfa2fc7
235640,27,23.6,56,86,"2021-10-05 23:50:25",A301,6f6db310-75e6-4dc3-b490-31f70dfa2fc7
235650,23,22.5,84,0,"2021-10-06 00:02:36",A303,6f6db310-75e6-4dc3-b490-31f70dfa2fc7
235653,26,23.2,226,86,"2021-10-06 00:06:13",A302,6f6db310-75e6-4dc3-b490-31f70dfa2fc7
235672,27,23.5,56,86,"2021-10-06 00:20:49",A301,6f6db310-75e6-4dc3-b490-31f70dfa2fc7
235682,23,22.4,84,0,"2021-10-06 00:32:47",A303,6f6db310-75e6-4dc3-b490-31f70dfa2fc7
235685,26,23.1,227,86,"2021-10-06 00:36:23",A302,6f6db310-75e6-4dc3-b490-31f70dfa2fc7
235703,27,23.4,55,86,"2021-10-06 00:51:15",A301,6f6db310-75e6-4dc3-b490-31f70dfa2fc7
235713,23,22.3,84,0,"2021-10-06 01:03:00",A303,6f6db310-75e6-4dc3-b490-31f70dfa2fc7
235716,26,23,228,86,"2021-10-06 01:06:32",A302,6f6db310-75e6-4dc3-b490-31f70dfa2fc7
235734,27,23.4,56,86,"2021-10-06 01:21:39",A301,6f6db310-75e6-4dc3-b490-31f70dfa2fc7
235744,23,22.3,84,0,"2021-10-06 01:33:14",A303,6f6db310-75e6-4dc3-b490-31f70dfa2fc7
235747,26,23,225,79,"2021-10-06 01:36:43",A302,6f6db310-75e6-4dc3-b490-31f70dfa2fc7
235765,27,23.3,56,86,"2021-10-06 01:52:04",A301,6f6db310-75e6-4dc3-b490-31f70dfa2fc7
235774,23,22.2,83,0,"2021-10-06 02:03:28",A303,6f6db310-75e6-4dc3-b490-31f70dfa2fc7
235777,26,22.9,224,72,"2021-10-06 02:06:54",A302,6f6db310-75e6-4dc3-b490-31f70dfa2fc7
235795,27,23.2,55,86,"2021-10-06 02:22:29",A301,6f6db310-75e6-4dc3-b490-31f70dfa2fc7
235805,23,22.2,83,0,"2021-10-06 02:33:40",A303,6f6db310-75e6-4dc3-b490-31f70dfa2fc7
235808,26,22.8,224,72,"2021-10-06 02:37:03",A302,6f6db310-75e6-4dc3-b490-31f70dfa2fc7
235825,27,23.2,56,86,"2021-10-06 02:52:54",A301,6f6db310-75e6-4dc3-b490-31f70dfa2fc7
235835,23,22.1,83,0,"2021-10-06 03:03:54",A303,6f6db310-75e6-4dc3-b490-31f70dfa2fc7
235838,26,22.7,223,72,"2021-10-06 03:07:13",A302,6f6db310-75e6-4dc3-b490-31f70dfa2fc7
235856,27,23.1,55,86,"2021-10-06 03:23:19",A301,6f6db310-75e6-4dc3-b490-31f70dfa2fc7
235866,23,22.1,83,0,"2021-10-06 03:34:07",A303,6f6db310-75e6-4dc3-b490-31f70dfa2fc7
235869,26,22.6,221,72,"2021-10-06 03:37:23",A302,6f6db310-75e6-4dc3-b490-31f70dfa2fc7
235896,23,22,83,0,"2021-10-06 04:04:20",A303,6f6db310-75e6-4dc3-b490-31f70dfa2fc7
235899,26,22.5,223,72,"2021-10-06 04:07:32",A302,6f6db310-75e6-4dc3-b490-31f70dfa2fc7
235917,27,23,56,86,"2021-10-06 04:24:08",A301,6f6db310-75e6-4dc3-b490-31f70dfa2fc7
235925,23,22,83,0,"2021-10-06 04:34:33",A303,6f6db310-75e6-4dc3-b490-31f70dfa2fc7
235928,26,22.5,225,72,"2021-10-06 04:37:43",A302,6f6db310-75e6-4dc3-b490-31f70dfa2fc7
235946,27,23,55,86,"2021-10-06 04:54:35",A301,6f6db310-75e6-4dc3-b490-31f70dfa2fc7
235955,23,21.9,83,0,"2021-10-06 05:04:48",A303,6f6db310-75e6-4dc3-b490-31f70dfa2fc7
235957,26,22.4,224,72,"2021-10-06 05:07:54",A302,6f6db310-75e6-4dc3-b490-31f70dfa2fc7
235976,27,22.9,55,93,"2021-10-06 05:25:00",A301,6f6db310-75e6-4dc3-b490-31f70dfa2fc7
235985,23,21.9,82,8,"2021-10-06 05:35:04",A303,6f6db310-75e6-4dc3-b490-31f70dfa2fc7
235988,26,22.4,224,93,"2021-10-06 05:38:08",A302,6f6db310-75e6-4dc3-b490-31f70dfa2fc7
236006,27,22.9,55,93,"2021-10-06 05:55:30",A301,6f6db310-75e6-4dc3-b490-31f70dfa2fc7
236015,23,21.9,83,15,"2021-10-06 06:05:22",A303,6f6db310-75e6-4dc3-b490-31f70dfa2fc7
236018,26,22.4,224,93,"2021-10-06 06:08:24",A302,6f6db310-75e6-4dc3-b490-31f70dfa2fc7
236036,27,22.8,55,93,"2021-10-06 06:26:01",A301,6f6db310-75e6-4dc3-b490-31f70dfa2fc7
236045,23,22,83,29,"2021-10-06 06:35:44",A303,6f6db310-75e6-4dc3-b490-31f70dfa2fc7
236047,26,22.5,221,93,"2021-10-06 06:38:44",A302,6f6db310-75e6-4dc3-b490-31f70dfa2fc7
236067,27,22.8,55,93,"2021-10-06 06:56:33",A301,6f6db310-75e6-4dc3-b490-31f70dfa2fc7
236075,23,22.1,82,29,"2021-10-06 07:06:06",A303,6f6db310-75e6-4dc3-b490-31f70dfa2fc7
236077,26,22.8,222,93,"2021-10-06 07:09:05",A302,6f6db310-75e6-4dc3-b490-31f70dfa2fc7
236096,27,22.8,55,93,"2021-10-06 07:27:06",A301,6f6db310-75e6-4dc3-b490-31f70dfa2fc7
236105,23,22.3,83,36,"2021-10-06 07:36:28",A303,6f6db310-75e6-4dc3-b490-31f70dfa2fc7
236107,26,23.1,222,100,"2021-10-06 07:39:27",A302,6f6db310-75e6-4dc3-b490-31f70dfa2fc7
236127,27,22.9,55,93,"2021-10-06 07:57:42",A301,6f6db310-75e6-4dc3-b490-31f70dfa2fc7
236134,23,22.5,82,36,"2021-10-06 08:06:51",A303,6f6db310-75e6-4dc3-b490-31f70dfa2fc7
236137,26,23.4,218,100,"2021-10-06 08:09:48",A302,6f6db310-75e6-4dc3-b490-31f70dfa2fc7
236164,23,22.7,82,36,"2021-10-06 08:37:14",A303,6f6db310-75e6-4dc3-b490-31f70dfa2fc7
236167,26,23.9,216,100,"2021-10-06 08:40:11",A302,6f6db310-75e6-4dc3-b490-31f70dfa2fc7
236186,27,23.2,55,100,"2021-10-06 08:58:49",A301,6f6db310-75e6-4dc3-b490-31f70dfa2fc7
236194,23,23,83,36,"2021-10-06 09:07:36",A303,6f6db310-75e6-4dc3-b490-31f70dfa2fc7
236197,26,24.3,218,100,"2021-10-06 09:10:33",A302,6f6db310-75e6-4dc3-b490-31f70dfa2fc7
236217,27,23.3,55,100,"2021-10-06 09:29:22",A301,6f6db310-75e6-4dc3-b490-31f70dfa2fc7
236225,23,23.1,82,50,"2021-10-06 09:37:59",A303,6f6db310-75e6-4dc3-b490-31f70dfa2fc7
236228,26,24.7,219,100,"2021-10-06 09:40:57",A302,6f6db310-75e6-4dc3-b490-31f70dfa2fc7
236248,27,23.5,54,100,"2021-10-06 09:59:58",A301,6f6db310-75e6-4dc3-b490-31f70dfa2fc7
236255,23,23.3,82,58,"2021-10-06 10:08:24",A303,6f6db310-75e6-4dc3-b490-31f70dfa2fc7
236258,26,25.2,218,100,"2021-10-06 10:11:20",A302,6f6db310-75e6-4dc3-b490-31f70dfa2fc7
236278,27,23.7,54,100,"2021-10-06 10:30:32",A301,6f6db310-75e6-4dc3-b490-31f70dfa2fc7
236285,23,23.5,82,58,"2021-10-06 10:38:48",A303,6f6db310-75e6-4dc3-b490-31f70dfa2fc7
236289,25,25.6,216,100,"2021-10-06 10:41:44",A302,6f6db310-75e6-4dc3-b490-31f70dfa2fc7
236308,26,23.8,54,100,"2021-10-06 11:01:06",A301,6f6db310-75e6-4dc3-b490-31f70dfa2fc7
236315,22,23.7,82,58,"2021-10-06 11:09:15",A303,6f6db310-75e6-4dc3-b490-31f70dfa2fc7
236319,25,26.2,218,100,"2021-10-06 11:12:08",A302,6f6db310-75e6-4dc3-b490-31f70dfa2fc7
236338,26,23.9,54,100,"2021-10-06 11:31:41",A301,6f6db310-75e6-4dc3-b490-31f70dfa2fc7
236348,25,26.8,218,100,"2021-10-06 11:42:33",A302,6f6db310-75e6-4dc3-b490-31f70dfa2fc7
236368,26,24.1,54,100,"2021-10-06 12:02:18",A301,6f6db310-75e6-4dc3-b490-31f70dfa2fc7
236378,25,27.5,215,100,"2021-10-06 12:13:01",A302,6f6db310-75e6-4dc3-b490-31f70dfa2fc7
236399,26,24.2,53,100,"2021-10-06 12:32:52",A301,6f6db310-75e6-4dc3-b490-31f70dfa2fc7
236405,26,24.4,91,36,"2021-10-06 12:40:18",A303,6f6db310-75e6-4dc3-b490-31f70dfa2fc7
236410,25,28.1,218,100,"2021-10-06 12:43:28",A302,6f6db310-75e6-4dc3-b490-31f70dfa2fc7
236430,26,24.3,53,100,"2021-10-06 13:03:27",A301,6f6db310-75e6-4dc3-b490-31f70dfa2fc7
236436,25,24.4,90,43,"2021-10-06 13:10:40",A303,6f6db310-75e6-4dc3-b490-31f70dfa2fc7
236441,25,28.3,213,100,"2021-10-06 13:13:47",A302,6f6db310-75e6-4dc3-b490-31f70dfa2fc7
236461,26,24.5,53,100,"2021-10-06 13:34:02",A301,6f6db310-75e6-4dc3-b490-31f70dfa2fc7
236467,25,24.5,90,65,"2021-10-06 13:41:06",A303,6f6db310-75e6-4dc3-b490-31f70dfa2fc7
236472,25,28.3,217,100,"2021-10-06 13:44:10",A302,6f6db310-75e6-4dc3-b490-31f70dfa2fc7
236493,26,24.6,53,100,"2021-10-06 14:04:37",A301,6f6db310-75e6-4dc3-b490-31f70dfa2fc7
236499,25,24.5,89,58,"2021-10-06 14:11:32",A303,6f6db310-75e6-4dc3-b490-31f70dfa2fc7
236503,25,28.3,217,100,"2021-10-06 14:14:35",A302,6f6db310-75e6-4dc3-b490-31f70dfa2fc7
236523,26,24.7,53,93,"2021-10-06 14:35:12",A301,6f6db310-75e6-4dc3-b490-31f70dfa2fc7
236529,25,24.5,89,65,"2021-10-06 14:41:53",A303,6f6db310-75e6-4dc3-b490-31f70dfa2fc7
236533,25,28.2,217,93,"2021-10-06 14:44:57",A302,6f6db310-75e6-4dc3-b490-31f70dfa2fc7
236554,26,24.7,54,86,"2021-10-06 15:05:42",A301,6f6db310-75e6-4dc3-b490-31f70dfa2fc7
236560,25,24.5,89,29,"2021-10-06 15:12:11",A303,6f6db310-75e6-4dc3-b490-31f70dfa2fc7
236564,25,28,217,86,"2021-10-06 15:15:13",A302,6f6db310-75e6-4dc3-b490-31f70dfa2fc7
236585,26,24.8,53,86,"2021-10-06 15:36:09",A301,6f6db310-75e6-4dc3-b490-31f70dfa2fc7
236591,25,24.5,89,15,"2021-10-06 15:42:27",A303,6f6db310-75e6-4dc3-b490-31f70dfa2fc7
236595,25,27.8,219,86,"2021-10-06 15:45:26",A302,6f6db310-75e6-4dc3-b490-31f70dfa2fc7
236616,26,24.8,53,86,"2021-10-06 16:06:36",A301,6f6db310-75e6-4dc3-b490-31f70dfa2fc7
236622,25,24.3,88,8,"2021-10-06 16:12:41",A303,6f6db310-75e6-4dc3-b490-31f70dfa2fc7
236626,25,27.4,220,86,"2021-10-06 16:15:38",A302,6f6db310-75e6-4dc3-b490-31f70dfa2fc7
236657,26,24.8,53,86,"2021-10-06 16:37:02",A301,6f6db310-75e6-4dc3-b490-31f70dfa2fc7
236663,25,24.2,88,0,"2021-10-06 16:42:56",A303,6f6db310-75e6-4dc3-b490-31f70dfa2fc7
236667,25,27,221,86,"2021-10-06 16:45:48",A302,6f6db310-75e6-4dc3-b490-31f70dfa2fc7
236691,26,24.8,53,86,"2021-10-06 17:07:28",A301,6f6db310-75e6-4dc3-b490-31f70dfa2fc7
236698,25,24.1,88,0,"2021-10-06 17:13:11",A303,6f6db310-75e6-4dc3-b490-31f70dfa2fc7
236701,25,26.6,217,86,"2021-10-06 17:15:59",A302,6f6db310-75e6-4dc3-b490-31f70dfa2fc7
236723,26,24.7,53,86,"2021-10-06 17:37:53",A301,6f6db310-75e6-4dc3-b490-31f70dfa2fc7
236729,25,23.9,88,0,"2021-10-06 17:43:25",A303,6f6db310-75e6-4dc3-b490-31f70dfa2fc7
236732,25,26.3,220,86,"2021-10-06 17:46:10",A302,6f6db310-75e6-4dc3-b490-31f70dfa2fc7
236755,26,24.7,53,86,"2021-10-06 18:08:19",A301,6f6db310-75e6-4dc3-b490-31f70dfa2fc7
236759,25,23.8,88,0,"2021-10-06 18:13:37",A303,6f6db310-75e6-4dc3-b490-31f70dfa2fc7
236763,25,25.9,220,86,"2021-10-06 18:16:19",A302,6f6db310-75e6-4dc3-b490-31f70dfa2fc7
236787,26,24.6,53,86,"2021-10-06 18:38:42",A301,6f6db310-75e6-4dc3-b490-31f70dfa2fc7
236790,25,23.6,89,0,"2021-10-06 18:43:51",A303,6f6db310-75e6-4dc3-b490-31f70dfa2fc7
236795,25,25.6,216,86,"2021-10-06 18:46:30",A302,6f6db310-75e6-4dc3-b490-31f70dfa2fc7
236818,26,24.5,53,86,"2021-10-06 19:09:08",A301,6f6db310-75e6-4dc3-b490-31f70dfa2fc7
236821,25,23.5,89,0,"2021-10-06 19:14:02",A303,6f6db310-75e6-4dc3-b490-31f70dfa2fc7
236826,25,25.3,219,86,"2021-10-06 19:16:39",A302,6f6db310-75e6-4dc3-b490-31f70dfa2fc7
236849,26,24.4,53,86,"2021-10-06 19:39:32",A301,6f6db310-75e6-4dc3-b490-31f70dfa2fc7
236852,25,23.3,89,0,"2021-10-06 19:44:16",A303,6f6db310-75e6-4dc3-b490-31f70dfa2fc7
236857,25,25.1,217,86,"2021-10-06 19:46:48",A302,6f6db310-75e6-4dc3-b490-31f70dfa2fc7
236881,26,24.3,53,86,"2021-10-06 20:09:58",A301,6f6db310-75e6-4dc3-b490-31f70dfa2fc7
236884,25,23.2,89,0,"2021-10-06 20:14:27",A303,6f6db310-75e6-4dc3-b490-31f70dfa2fc7
236889,25,24.8,216,86,"2021-10-06 20:16:56",A302,6f6db310-75e6-4dc3-b490-31f70dfa2fc7
236913,26,24.2,53,86,"2021-10-06 20:40:19",A301,6f6db310-75e6-4dc3-b490-31f70dfa2fc7
236916,25,23,88,0,"2021-10-06 20:44:40",A303,6f6db310-75e6-4dc3-b490-31f70dfa2fc7
236921,25,24.6,218,86,"2021-10-06 20:47:06",A302,6f6db310-75e6-4dc3-b490-31f70dfa2fc7
236944,26,24.1,53,86,"2021-10-06 21:10:45",A301,6f6db310-75e6-4dc3-b490-31f70dfa2fc7
236947,25,22.9,89,0,"2021-10-06 21:14:53",A303,6f6db310-75e6-4dc3-b490-31f70dfa2fc7
236952,25,24.3,215,86,"2021-10-06 21:17:15",A302,6f6db310-75e6-4dc3-b490-31f70dfa2fc7
236976,26,24,53,86,"2021-10-06 21:41:07",A301,6f6db310-75e6-4dc3-b490-31f70dfa2fc7
236979,25,22.8,88,0,"2021-10-06 21:45:05",A303,6f6db310-75e6-4dc3-b490-31f70dfa2fc7
236984,25,24.1,217,86,"2021-10-06 21:47:23",A302,6f6db310-75e6-4dc3-b490-31f70dfa2fc7
237005,26,23.9,53,86,"2021-10-06 22:11:30",A301,6f6db310-75e6-4dc3-b490-31f70dfa2fc7
237008,25,22.6,88,0,"2021-10-06 22:15:17",A303,6f6db310-75e6-4dc3-b490-31f70dfa2fc7
237013,25,23.9,217,86,"2021-10-06 22:17:32",A302,6f6db310-75e6-4dc3-b490-31f70dfa2fc7
237037,26,23.8,53,86,"2021-10-06 22:41:53",A301,6f6db310-75e6-4dc3-b490-31f70dfa2fc7
237040,25,22.5,88,0,"2021-10-06 22:45:29",A303,6f6db310-75e6-4dc3-b490-31f70dfa2fc7
237045,25,23.7,216,86,"2021-10-06 22:47:39",A302,6f6db310-75e6-4dc3-b490-31f70dfa2fc7
237067,26,23.7,53,86,"2021-10-06 23:12:19",A301,6f6db310-75e6-4dc3-b490-31f70dfa2fc7
237070,25,22.4,88,0,"2021-10-06 23:15:42",A303,6f6db310-75e6-4dc3-b490-31f70dfa2fc7
237075,25,23.6,214,86,"2021-10-06 23:17:47",A302,6f6db310-75e6-4dc3-b490-31f70dfa2fc7
237099,26,23.6,53,86,"2021-10-06 23:42:41",A301,6f6db310-75e6-4dc3-b490-31f70dfa2fc7
237102,25,22.3,87,0,"2021-10-06 23:45:54",A303,6f6db310-75e6-4dc3-b490-31f70dfa2fc7
237106,25,23.4,216,86,"2021-10-06 23:47:55",A302,6f6db310-75e6-4dc3-b490-31f70dfa2fc7
237130,26,23.5,53,86,"2021-10-07 00:13:04",A301,6f6db310-75e6-4dc3-b490-31f70dfa2fc7
237133,25,22.2,87,0,"2021-10-07 00:16:04",A303,6f6db310-75e6-4dc3-b490-31f70dfa2fc7
237137,25,23.2,216,86,"2021-10-07 00:18:02",A302,6f6db310-75e6-4dc3-b490-31f70dfa2fc7
237161,26,23.4,53,86,"2021-10-07 00:43:26",A301,6f6db310-75e6-4dc3-b490-31f70dfa2fc7
237164,25,22,87,0,"2021-10-07 00:46:16",A303,6f6db310-75e6-4dc3-b490-31f70dfa2fc7
237167,25,23.06,215,86,"2021-10-07 00:48:10",A302,6f6db310-75e6-4dc3-b490-31f70dfa2fc7
237192,26,23.3,53,86,"2021-10-07 01:13:50",A301,6f6db310-75e6-4dc3-b490-31f70dfa2fc7
237195,25,21.9,87,0,"2021-10-07 01:16:28",A303,6f6db310-75e6-4dc3-b490-31f70dfa2fc7
237197,25,22.9,214,79,"2021-10-07 01:18:18",A302,6f6db310-75e6-4dc3-b490-31f70dfa2fc7
237225,25,21.8,87,0,"2021-10-07 01:46:39",A303,6f6db310-75e6-4dc3-b490-31f70dfa2fc7
237227,26,23.2,53,86,"2021-10-07 01:47:55",A301,6f6db310-75e6-4dc3-b490-31f70dfa2fc7
237228,25,22.8,210,72,"2021-10-07 01:48:26",A302,6f6db310-75e6-4dc3-b490-31f70dfa2fc7
237254,25,21.7,87,0,"2021-10-07 02:16:52",A303,6f6db310-75e6-4dc3-b490-31f70dfa2fc7
237257,26,23.1,53,86,"2021-10-07 02:18:19",A301,6f6db310-75e6-4dc3-b490-31f70dfa2fc7
237258,25,22.6,213,72,"2021-10-07 02:18:33",A302,6f6db310-75e6-4dc3-b490-31f70dfa2fc7
237286,25,21.6,88,0,"2021-10-07 02:47:03",A303,6f6db310-75e6-4dc3-b490-31f70dfa2fc7
237289,25,22.5,213,72,"2021-10-07 02:48:39",A302,6f6db310-75e6-4dc3-b490-31f70dfa2fc7
237290,26,23,53,86,"2021-10-07 02:48:42",A301,6f6db310-75e6-4dc3-b490-31f70dfa2fc7
237317,25,21.5,88,0,"2021-10-07 03:17:14",A303,6f6db310-75e6-4dc3-b490-31f70dfa2fc7
237320,26,23,53,86,"2021-10-07 03:19:06",A301,6f6db310-75e6-4dc3-b490-31f70dfa2fc7
237347,26,22.9,53,86,"2021-10-07 03:49:30",A301,6f6db310-75e6-4dc3-b490-31f70dfa2fc7
237382,26,22.8,53,86,"2021-10-07 04:19:55",A301,6f6db310-75e6-4dc3-b490-31f70dfa2fc7
237413,26,22.7,53,86,"2021-10-07 04:50:19",A301,6f6db310-75e6-4dc3-b490-31f70dfa2fc7
237472,26,22.6,53,93,"2021-10-07 05:51:08",A301,6f6db310-75e6-4dc3-b490-31f70dfa2fc7
237527,26,22.5,53,93,"2021-10-07 06:52:06",A301,6f6db310-75e6-4dc3-b490-31f70dfa2fc7
237553,26,22.5,53,100,"2021-10-07 07:22:39",A301,6f6db310-75e6-4dc3-b490-31f70dfa2fc7
237579,26,22.5,52,100,"2021-10-07 07:53:12",A301,6f6db310-75e6-4dc3-b490-31f70dfa2fc7
237608,25,22.6,52,100,"2021-10-07 08:23:47",A301,6f6db310-75e6-4dc3-b490-31f70dfa2fc7
237636,25,22.8,52,100,"2021-10-07 08:54:22",A301,6f6db310-75e6-4dc3-b490-31f70dfa2fc7
237664,25,23,52,100,"2021-10-07 09:24:54",A301,6f6db310-75e6-4dc3-b490-31f70dfa2fc7
237692,25,23.2,52,100,"2021-10-07 09:55:31",A301,6f6db310-75e6-4dc3-b490-31f70dfa2fc7
237748,25,23.7,52,100,"2021-10-07 10:56:41",A301,6f6db310-75e6-4dc3-b490-31f70dfa2fc7
237776,25,23.9,51,100,"2021-10-07 11:27:18",A301,6f6db310-75e6-4dc3-b490-31f70dfa2fc7
237801,25,24.1,51,100,"2021-10-07 11:57:55",A301,6f6db310-75e6-4dc3-b490-31f70dfa2fc7
237955,24,25,51,86,"2021-10-07 15:01:14",A301,6f6db310-75e6-4dc3-b490-31f70dfa2fc7
238139,24,25,51,86,"2021-10-07 18:34:43",A301,6f6db310-75e6-4dc3-b490-31f70dfa2fc7
238415,23,22.3,85,0,"2021-10-08 00:00:12",A303,6f6db310-75e6-4dc3-b490-31f70dfa2fc7
238421,24,24.1,51,86,"2021-10-08 00:09:19",A301,6f6db310-75e6-4dc3-b490-31f70dfa2fc7
238429,23,22.3,85,0,"2021-10-08 00:30:24",A303,6f6db310-75e6-4dc3-b490-31f70dfa2fc7
238435,24,24,51,86,"2021-10-08 00:39:44",A301,6f6db310-75e6-4dc3-b490-31f70dfa2fc7
238442,23,22.2,84,0,"2021-10-08 01:00:35",A303,6f6db310-75e6-4dc3-b490-31f70dfa2fc7
238448,24,23.9,51,86,"2021-10-08 01:10:08",A301,6f6db310-75e6-4dc3-b490-31f70dfa2fc7
238454,23,22.1,84,0,"2021-10-08 01:30:47",A303,6f6db310-75e6-4dc3-b490-31f70dfa2fc7
238461,24,23.9,51,86,"2021-10-08 01:40:33",A301,6f6db310-75e6-4dc3-b490-31f70dfa2fc7
238468,23,21.9,85,0,"2021-10-08 02:00:59",A303,6f6db310-75e6-4dc3-b490-31f70dfa2fc7
238475,24,23.8,51,86,"2021-10-08 02:10:57",A301,6f6db310-75e6-4dc3-b490-31f70dfa2fc7
238481,23,21.84,84,0,"2021-10-08 02:31:10",A303,6f6db310-75e6-4dc3-b490-31f70dfa2fc7
238489,24,23.7,51,86,"2021-10-08 02:41:21",A301,6f6db310-75e6-4dc3-b490-31f70dfa2fc7
238495,23,21.7,85,0,"2021-10-08 03:01:22",A303,6f6db310-75e6-4dc3-b490-31f70dfa2fc7
238503,24,23.6,51,86,"2021-10-08 03:11:45",A301,6f6db310-75e6-4dc3-b490-31f70dfa2fc7
238508,23,21.6,84,0,"2021-10-08 03:31:34",A303,6f6db310-75e6-4dc3-b490-31f70dfa2fc7
238515,24,23.5,51,86,"2021-10-08 03:42:09",A301,6f6db310-75e6-4dc3-b490-31f70dfa2fc7
238521,23,21.6,84,0,"2021-10-08 04:01:44",A303,6f6db310-75e6-4dc3-b490-31f70dfa2fc7
238528,24,23.4,51,86,"2021-10-08 04:12:33",A301,6f6db310-75e6-4dc3-b490-31f70dfa2fc7
238540,24,23.3,51,93,"2021-10-08 04:42:58",A301,6f6db310-75e6-4dc3-b490-31f70dfa2fc7
238552,24,23.2,50,93,"2021-10-08 05:13:25",A301,6f6db310-75e6-4dc3-b490-31f70dfa2fc7
238557,23,21.3,84,8,"2021-10-08 05:32:24",A303,6f6db310-75e6-4dc3-b490-31f70dfa2fc7
238565,24,23.2,50,93,"2021-10-08 05:43:52",A301,6f6db310-75e6-4dc3-b490-31f70dfa2fc7
238569,23,21.3,84,15,"2021-10-08 06:02:42",A303,6f6db310-75e6-4dc3-b490-31f70dfa2fc7
238578,24,23.1,50,93,"2021-10-08 06:14:22",A301,6f6db310-75e6-4dc3-b490-31f70dfa2fc7
238583,23,21.4,83,22,"2021-10-08 06:33:01",A303,6f6db310-75e6-4dc3-b490-31f70dfa2fc7
238592,24,23,50,93,"2021-10-08 06:44:55",A301,6f6db310-75e6-4dc3-b490-31f70dfa2fc7
238604,24,23,50,100,"2021-10-08 07:15:30",A301,6f6db310-75e6-4dc3-b490-31f70dfa2fc7
238609,23,21.7,83,36,"2021-10-08 07:33:46",A303,6f6db310-75e6-4dc3-b490-31f70dfa2fc7
238618,24,23.1,50,100,"2021-10-08 07:46:05",A301,6f6db310-75e6-4dc3-b490-31f70dfa2fc7
238621,23,21.9,83,36,"2021-10-08 08:04:14",A303,6f6db310-75e6-4dc3-b490-31f70dfa2fc7
238630,24,23.2,50,100,"2021-10-08 08:16:40",A301,6f6db310-75e6-4dc3-b490-31f70dfa2fc7
238635,22,22.2,83,36,"2021-10-08 08:34:33",A303,6f6db310-75e6-4dc3-b490-31f70dfa2fc7
238644,23,23.4,50,100,"2021-10-08 08:47:16",A301,6f6db310-75e6-4dc3-b490-31f70dfa2fc7
238649,22,22.6,82,43,"2021-10-08 09:04:54",A303,6f6db310-75e6-4dc3-b490-31f70dfa2fc7
238657,23,23.6,49,100,"2021-10-08 09:17:53",A301,6f6db310-75e6-4dc3-b490-31f70dfa2fc7
238662,22,22.9,82,50,"2021-10-08 09:35:18",A303,6f6db310-75e6-4dc3-b490-31f70dfa2fc7
238673,22,23.2,82,58,"2021-10-08 10:05:43",A303,6f6db310-75e6-4dc3-b490-31f70dfa2fc7
238682,23,24.1,49,100,"2021-10-08 10:19:06",A301,6f6db310-75e6-4dc3-b490-31f70dfa2fc7
238686,22,23.38,82,58,"2021-10-08 10:36:07",A303,6f6db310-75e6-4dc3-b490-31f70dfa2fc7
238695,23,24.4,49,100,"2021-10-08 10:49:41",A301,6f6db310-75e6-4dc3-b490-31f70dfa2fc7
238707,23,24.6,49,100,"2021-10-08 11:20:16",A301,6f6db310-75e6-4dc3-b490-31f70dfa2fc7
238712,22,23.6,82,58,"2021-10-08 11:36:53",A303,6f6db310-75e6-4dc3-b490-31f70dfa2fc7
238721,23,24.8,49,100,"2021-10-08 11:50:52",A301,6f6db310-75e6-4dc3-b490-31f70dfa2fc7
238726,23,25.1,48,100,"2021-10-08 12:52:04",A301,6f6db310-75e6-4dc3-b490-31f70dfa2fc7
238731,21,23.8,82,65,"2021-10-08 13:08:00",A303,6f6db310-75e6-4dc3-b490-31f70dfa2fc7
238744,23,25.3,48,100,"2021-10-08 13:22:43",A301,6f6db310-75e6-4dc3-b490-31f70dfa2fc7
238750,21,23.9,82,72,"2021-10-08 13:38:26",A303,6f6db310-75e6-4dc3-b490-31f70dfa2fc7
238761,22,25.4,48,93,"2021-10-08 13:53:21",A301,6f6db310-75e6-4dc3-b490-31f70dfa2fc7
238768,21,23.9,82,72,"2021-10-08 14:08:51",A303,6f6db310-75e6-4dc3-b490-31f70dfa2fc7
238777,22,25.5,48,93,"2021-10-08 14:24:01",A301,6f6db310-75e6-4dc3-b490-31f70dfa2fc7
238784,21,24,82,72,"2021-10-08 14:39:11",A303,6f6db310-75e6-4dc3-b490-31f70dfa2fc7
238794,22,25.5,48,86,"2021-10-08 14:54:30",A301,6f6db310-75e6-4dc3-b490-31f70dfa2fc7
238801,21,24,82,50,"2021-10-08 15:09:30",A303,6f6db310-75e6-4dc3-b490-31f70dfa2fc7
238810,22,25.6,48,86,"2021-10-08 15:25:03",A301,6f6db310-75e6-4dc3-b490-31f70dfa2fc7
238817,21,24,82,22,"2021-10-08 15:39:51",A303,6f6db310-75e6-4dc3-b490-31f70dfa2fc7
238826,22,25.7,48,86,"2021-10-08 15:55:34",A301,6f6db310-75e6-4dc3-b490-31f70dfa2fc7
238834,21,23.8,82,8,"2021-10-08 17:10:39",A303,6f6db310-75e6-4dc3-b490-31f70dfa2fc7
238844,22,25.7,48,86,"2021-10-08 17:27:02",A301,6f6db310-75e6-4dc3-b490-31f70dfa2fc7
238859,22,25.7,48,86,"2021-10-08 17:57:30",A301,6f6db310-75e6-4dc3-b490-31f70dfa2fc7
238865,21,23.6,82,8,"2021-10-08 18:11:09",A303,6f6db310-75e6-4dc3-b490-31f70dfa2fc7
238874,22,25.6,48,86,"2021-10-08 18:27:58",A301,6f6db310-75e6-4dc3-b490-31f70dfa2fc7
238879,21,23.5,82,0,"2021-10-08 18:41:24",A303,6f6db310-75e6-4dc3-b490-31f70dfa2fc7
238889,22,25.6,48,86,"2021-10-08 18:58:26",A301,6f6db310-75e6-4dc3-b490-31f70dfa2fc7
238894,21,23.4,82,0,"2021-10-08 19:11:39",A303,6f6db310-75e6-4dc3-b490-31f70dfa2fc7
238904,22,25.5,48,86,"2021-10-08 19:28:53",A301,6f6db310-75e6-4dc3-b490-31f70dfa2fc7
238910,21,23.3,81,0,"2021-10-08 19:41:53",A303,6f6db310-75e6-4dc3-b490-31f70dfa2fc7
238920,22,25.4,48,86,"2021-10-08 19:59:20",A301,6f6db310-75e6-4dc3-b490-31f70dfa2fc7
238926,21,23.2,81,0,"2021-10-08 20:12:08",A303,6f6db310-75e6-4dc3-b490-31f70dfa2fc7
238936,22,25.3,48,86,"2021-10-08 20:29:49",A301,6f6db310-75e6-4dc3-b490-31f70dfa2fc7
238941,21,23.1,82,0,"2021-10-08 20:42:21",A303,6f6db310-75e6-4dc3-b490-31f70dfa2fc7
238951,22,25.3,48,86,"2021-10-08 21:00:14",A301,6f6db310-75e6-4dc3-b490-31f70dfa2fc7
238957,21,23,82,0,"2021-10-08 21:12:35",A303,6f6db310-75e6-4dc3-b490-31f70dfa2fc7
238968,22,25.2,48,86,"2021-10-08 21:30:40",A301,6f6db310-75e6-4dc3-b490-31f70dfa2fc7
238972,21,22.9,81,0,"2021-10-08 21:42:48",A303,6f6db310-75e6-4dc3-b490-31f70dfa2fc7
238984,22,25.1,48,86,"2021-10-08 22:01:07",A301,6f6db310-75e6-4dc3-b490-31f70dfa2fc7
238989,21,22.8,82,0,"2021-10-08 22:13:02",A303,6f6db310-75e6-4dc3-b490-31f70dfa2fc7
239000,22,25,48,86,"2021-10-08 22:31:34",A301,6f6db310-75e6-4dc3-b490-31f70dfa2fc7
239005,21,22.7,82,0,"2021-10-08 22:43:16",A303,6f6db310-75e6-4dc3-b490-31f70dfa2fc7
239017,22,24.9,48,86,"2021-10-08 23:02:00",A301,6f6db310-75e6-4dc3-b490-31f70dfa2fc7
239022,21,22.7,82,0,"2021-10-08 23:13:29",A303,6f6db310-75e6-4dc3-b490-31f70dfa2fc7
239034,22,24.8,48,86,"2021-10-08 23:32:26",A301,6f6db310-75e6-4dc3-b490-31f70dfa2fc7
239039,21,22.6,82,0,"2021-10-08 23:43:42",A303,6f6db310-75e6-4dc3-b490-31f70dfa2fc7
239050,22,24.7,48,86,"2021-10-09 00:02:52",A301,6f6db310-75e6-4dc3-b490-31f70dfa2fc7
239055,21,22.5,81,0,"2021-10-09 00:13:55",A303,6f6db310-75e6-4dc3-b490-31f70dfa2fc7
239066,22,24.7,47,86,"2021-10-09 00:33:17",A301,6f6db310-75e6-4dc3-b490-31f70dfa2fc7
239071,21,22.4,82,0,"2021-10-09 00:44:06",A303,6f6db310-75e6-4dc3-b490-31f70dfa2fc7
239082,22,24.6,48,86,"2021-10-09 01:03:43",A301,6f6db310-75e6-4dc3-b490-31f70dfa2fc7
239087,21,22.3,81,0,"2021-10-09 01:14:19",A303,6f6db310-75e6-4dc3-b490-31f70dfa2fc7
239099,22,24.5,48,86,"2021-10-09 01:34:09",A301,6f6db310-75e6-4dc3-b490-31f70dfa2fc7
239104,21,22.3,82,0,"2021-10-09 01:44:34",A303,6f6db310-75e6-4dc3-b490-31f70dfa2fc7
239114,22,24.4,48,86,"2021-10-09 02:04:34",A301,6f6db310-75e6-4dc3-b490-31f70dfa2fc7
239119,21,22.2,81,0,"2021-10-09 02:14:46",A303,6f6db310-75e6-4dc3-b490-31f70dfa2fc7
239131,22,24.3,48,86,"2021-10-09 02:35:00",A301,6f6db310-75e6-4dc3-b490-31f70dfa2fc7
239135,21,22.1,81,0,"2021-10-09 02:44:59",A303,6f6db310-75e6-4dc3-b490-31f70dfa2fc7
239147,22,24.2,48,86,"2021-10-09 03:05:26",A301,6f6db310-75e6-4dc3-b490-31f70dfa2fc7
239162,22,24.1,48,86,"2021-10-09 03:35:51",A301,6f6db310-75e6-4dc3-b490-31f70dfa2fc7
239166,21,22,81,0,"2021-10-09 03:45:23",A303,6f6db310-75e6-4dc3-b490-31f70dfa2fc7
239179,22,24.1,47,86,"2021-10-09 04:06:17",A301,6f6db310-75e6-4dc3-b490-31f70dfa2fc7
239183,21,22,81,0,"2021-10-09 04:15:37",A303,6f6db310-75e6-4dc3-b490-31f70dfa2fc7
239198,22,24,48,86,"2021-10-09 04:40:24",A301,6f6db310-75e6-4dc3-b490-31f70dfa2fc7
239200,21,21.9,81,0,"2021-10-09 04:45:51",A303,6f6db310-75e6-4dc3-b490-31f70dfa2fc7
239215,22,23.9,47,86,"2021-10-09 05:10:49",A301,6f6db310-75e6-4dc3-b490-31f70dfa2fc7
239217,21,21.9,81,0,"2021-10-09 05:16:04",A303,6f6db310-75e6-4dc3-b490-31f70dfa2fc7
239232,22,23.9,47,93,"2021-10-09 05:41:15",A301,6f6db310-75e6-4dc3-b490-31f70dfa2fc7
239234,21,21.9,81,8,"2021-10-09 05:46:24",A303,6f6db310-75e6-4dc3-b490-31f70dfa2fc7
239249,22,23.8,47,93,"2021-10-09 06:11:42",A301,6f6db310-75e6-4dc3-b490-31f70dfa2fc7
239251,21,21.9,81,15,"2021-10-09 06:16:37",A303,6f6db310-75e6-4dc3-b490-31f70dfa2fc7
239266,22,23.8,47,93,"2021-10-09 06:42:12",A301,6f6db310-75e6-4dc3-b490-31f70dfa2fc7
239282,22,23.76,48,93,"2021-10-09 07:12:42",A301,6f6db310-75e6-4dc3-b490-31f70dfa2fc7
239284,21,22.1,81,36,"2021-10-09 07:17:17",A303,6f6db310-75e6-4dc3-b490-31f70dfa2fc7
239298,22,23.8,47,93,"2021-10-09 07:43:15",A301,6f6db310-75e6-4dc3-b490-31f70dfa2fc7
239300,21,22.2,80,43,"2021-10-09 07:47:42",A303,6f6db310-75e6-4dc3-b490-31f70dfa2fc7
239312,22,23.8,48,100,"2021-10-09 08:13:48",A301,6f6db310-75e6-4dc3-b490-31f70dfa2fc7
239315,21,22.4,79,36,"2021-10-09 08:18:03",A303,6f6db310-75e6-4dc3-b490-31f70dfa2fc7
239328,22,23.9,47,100,"2021-10-09 08:44:22",A301,6f6db310-75e6-4dc3-b490-31f70dfa2fc7
239331,21,22.7,80,43,"2021-10-09 08:48:28",A303,6f6db310-75e6-4dc3-b490-31f70dfa2fc7
239344,22,24.1,47,100,"2021-10-09 09:14:56",A301,6f6db310-75e6-4dc3-b490-31f70dfa2fc7
239347,20,23,80,43,"2021-10-09 09:18:52",A303,6f6db310-75e6-4dc3-b490-31f70dfa2fc7
239360,22,24.26,47,100,"2021-10-09 09:45:30",A301,6f6db310-75e6-4dc3-b490-31f70dfa2fc7
239363,20,23.3,80,58,"2021-10-09 09:49:15",A303,6f6db310-75e6-4dc3-b490-31f70dfa2fc7
239376,21,24.5,47,100,"2021-10-09 10:16:04",A301,6f6db310-75e6-4dc3-b490-31f70dfa2fc7
239379,20,23.5,79,50,"2021-10-09 10:19:37",A303,6f6db310-75e6-4dc3-b490-31f70dfa2fc7
239390,21,24.7,46,100,"2021-10-09 10:46:42",A301,6f6db310-75e6-4dc3-b490-31f70dfa2fc7
239393,20,23.7,79,65,"2021-10-09 10:50:00",A303,6f6db310-75e6-4dc3-b490-31f70dfa2fc7
239404,21,24.9,46,100,"2021-10-09 11:17:13",A301,6f6db310-75e6-4dc3-b490-31f70dfa2fc7
239407,20,23.9,79,65,"2021-10-09 11:20:23",A303,6f6db310-75e6-4dc3-b490-31f70dfa2fc7
239418,20,23.9,78,65,"2021-10-09 11:50:45",A303,6f6db310-75e6-4dc3-b490-31f70dfa2fc7
239430,20,24,78,72,"2021-10-09 12:21:07",A303,6f6db310-75e6-4dc3-b490-31f70dfa2fc7
239443,21,25.4,46,100,"2021-10-09 12:48:48",A301,6f6db310-75e6-4dc3-b490-31f70dfa2fc7
239446,20,24.1,78,65,"2021-10-09 12:51:29",A303,6f6db310-75e6-4dc3-b490-31f70dfa2fc7
239459,21,25.6,46,93,"2021-10-09 13:19:20",A301,6f6db310-75e6-4dc3-b490-31f70dfa2fc7
239462,19,24.1,78,43,"2021-10-09 13:23:15",A303,6f6db310-75e6-4dc3-b490-31f70dfa2fc7
239474,21,25.7,46,86,"2021-10-09 13:49:49",A301,6f6db310-75e6-4dc3-b490-31f70dfa2fc7
239477,19,24.1,79,22,"2021-10-09 13:53:39",A303,6f6db310-75e6-4dc3-b490-31f70dfa2fc7
239489,21,25.9,46,86,"2021-10-09 14:20:17",A301,6f6db310-75e6-4dc3-b490-31f70dfa2fc7
239492,19,24.1,79,15,"2021-10-09 14:23:55",A303,6f6db310-75e6-4dc3-b490-31f70dfa2fc7
239502,21,25.9,46,86,"2021-10-09 14:50:44",A301,6f6db310-75e6-4dc3-b490-31f70dfa2fc7
239505,19,24.1,78,15,"2021-10-09 14:54:14",A303,6f6db310-75e6-4dc3-b490-31f70dfa2fc7
239517,21,26,46,86,"2021-10-09 15:21:12",A301,6f6db310-75e6-4dc3-b490-31f70dfa2fc7
239519,19,24,79,8,"2021-10-09 15:24:31",A303,6f6db310-75e6-4dc3-b490-31f70dfa2fc7
239532,21,26,46,86,"2021-10-09 15:51:38",A301,6f6db310-75e6-4dc3-b490-31f70dfa2fc7
239534,19,23.9,79,8,"2021-10-09 15:54:49",A303,6f6db310-75e6-4dc3-b490-31f70dfa2fc7
239545,21,26,46,86,"2021-10-09 16:22:05",A301,6f6db310-75e6-4dc3-b490-31f70dfa2fc7
239547,19,23.8,79,8,"2021-10-09 16:25:07",A303,6f6db310-75e6-4dc3-b490-31f70dfa2fc7
239559,21,26,46,86,"2021-10-09 16:52:31",A301,6f6db310-75e6-4dc3-b490-31f70dfa2fc7
239561,19,23.7,78,8,"2021-10-09 16:55:24",A303,6f6db310-75e6-4dc3-b490-31f70dfa2fc7
239574,21,26,46,86,"2021-10-09 17:22:56",A301,6f6db310-75e6-4dc3-b490-31f70dfa2fc7
239576,19,23.68,79,0,"2021-10-09 17:25:40",A303,6f6db310-75e6-4dc3-b490-31f70dfa2fc7
239589,21,25.9,46,86,"2021-10-09 17:53:21",A301,6f6db310-75e6-4dc3-b490-31f70dfa2fc7
239591,19,23.6,79,0,"2021-10-09 17:55:56",A303,6f6db310-75e6-4dc3-b490-31f70dfa2fc7
239604,21,25.9,46,86,"2021-10-09 18:23:46",A301,6f6db310-75e6-4dc3-b490-31f70dfa2fc7
239606,19,23.5,79,0,"2021-10-09 18:26:12",A303,6f6db310-75e6-4dc3-b490-31f70dfa2fc7
239619,21,25.8,46,86,"2021-10-09 18:54:11",A301,6f6db310-75e6-4dc3-b490-31f70dfa2fc7
239621,19,23.4,79,0,"2021-10-09 18:56:28",A303,6f6db310-75e6-4dc3-b490-31f70dfa2fc7
239634,21,25.7,46,86,"2021-10-09 19:24:36",A301,6f6db310-75e6-4dc3-b490-31f70dfa2fc7
239636,19,23.3,79,0,"2021-10-09 19:26:45",A303,6f6db310-75e6-4dc3-b490-31f70dfa2fc7
239648,21,25.6,46,86,"2021-10-09 19:55:01",A301,6f6db310-75e6-4dc3-b490-31f70dfa2fc7
239650,19,23.2,79,0,"2021-10-09 19:57:01",A303,6f6db310-75e6-4dc3-b490-31f70dfa2fc7
239663,21,25.5,46,86,"2021-10-09 20:25:26",A301,6f6db310-75e6-4dc3-b490-31f70dfa2fc7
239665,19,23.1,79,0,"2021-10-09 20:27:16",A303,6f6db310-75e6-4dc3-b490-31f70dfa2fc7
239677,21,25.5,46,86,"2021-10-09 20:55:50",A301,6f6db310-75e6-4dc3-b490-31f70dfa2fc7
239691,21,25.4,46,86,"2021-10-09 21:26:14",A301,6f6db310-75e6-4dc3-b490-31f70dfa2fc7
239693,20,23,79,0,"2021-10-09 21:27:47",A303,6f6db310-75e6-4dc3-b490-31f70dfa2fc7
239706,21,25.3,46,86,"2021-10-09 21:56:38",A301,6f6db310-75e6-4dc3-b490-31f70dfa2fc7
239707,19,22.9,79,0,"2021-10-09 21:58:02",A303,6f6db310-75e6-4dc3-b490-31f70dfa2fc7
239721,21,25.2,46,86,"2021-10-09 22:27:01",A301,6f6db310-75e6-4dc3-b490-31f70dfa2fc7
239722,19,22.8,79,0,"2021-10-09 22:28:18",A303,6f6db310-75e6-4dc3-b490-31f70dfa2fc7
239736,21,25.1,46,86,"2021-10-09 22:57:25",A301,6f6db310-75e6-4dc3-b490-31f70dfa2fc7
239737,20,22.7,79,0,"2021-10-09 22:58:30",A303,6f6db310-75e6-4dc3-b490-31f70dfa2fc7
239751,21,25.1,46,86,"2021-10-09 23:27:48",A301,6f6db310-75e6-4dc3-b490-31f70dfa2fc7
239752,20,22.6,79,0,"2021-10-09 23:28:45",A303,6f6db310-75e6-4dc3-b490-31f70dfa2fc7
239766,21,25,46,86,"2021-10-09 23:58:11",A301,6f6db310-75e6-4dc3-b490-31f70dfa2fc7
239767,20,22.5,79,0,"2021-10-09 23:58:59",A303,6f6db310-75e6-4dc3-b490-31f70dfa2fc7
239780,21,24.9,46,86,"2021-10-10 00:28:33",A301,6f6db310-75e6-4dc3-b490-31f70dfa2fc7
239781,20,22.4,79,0,"2021-10-10 00:29:13",A303,6f6db310-75e6-4dc3-b490-31f70dfa2fc7
239795,21,24.8,46,86,"2021-10-10 00:58:56",A301,6f6db310-75e6-4dc3-b490-31f70dfa2fc7
239796,20,22.3,79,0,"2021-10-10 00:59:27",A303,6f6db310-75e6-4dc3-b490-31f70dfa2fc7
239809,21,24.7,46,86,"2021-10-10 01:29:19",A301,6f6db310-75e6-4dc3-b490-31f70dfa2fc7
239810,20,22.2,79,0,"2021-10-10 01:29:41",A303,6f6db310-75e6-4dc3-b490-31f70dfa2fc7
239824,21,24.6,46,86,"2021-10-10 01:59:41",A301,6f6db310-75e6-4dc3-b490-31f70dfa2fc7
239825,19,22.2,79,0,"2021-10-10 01:59:55",A303,6f6db310-75e6-4dc3-b490-31f70dfa2fc7
239839,21,24.5,46,86,"2021-10-10 02:30:04",A301,6f6db310-75e6-4dc3-b490-31f70dfa2fc7
239840,20,22.1,79,0,"2021-10-10 02:30:10",A303,6f6db310-75e6-4dc3-b490-31f70dfa2fc7
239854,20,22,79,0,"2021-10-10 03:00:24",A303,6f6db310-75e6-4dc3-b490-31f70dfa2fc7
239855,21,24.5,46,86,"2021-10-10 03:00:26",A301,6f6db310-75e6-4dc3-b490-31f70dfa2fc7
239869,20,21.9,78,0,"2021-10-10 03:30:39",A303,6f6db310-75e6-4dc3-b490-31f70dfa2fc7
239870,21,24.4,45,86,"2021-10-10 03:30:49",A301,6f6db310-75e6-4dc3-b490-31f70dfa2fc7
239884,20,21.9,78,0,"2021-10-10 04:00:52",A303,6f6db310-75e6-4dc3-b490-31f70dfa2fc7
239885,21,24.3,46,86,"2021-10-10 04:01:12",A301,6f6db310-75e6-4dc3-b490-31f70dfa2fc7
239899,20,21.8,79,0,"2021-10-10 04:31:04",A303,6f6db310-75e6-4dc3-b490-31f70dfa2fc7
239901,21,24.2,46,86,"2021-10-10 04:31:34",A301,6f6db310-75e6-4dc3-b490-31f70dfa2fc7
239914,20,21.7,77,0,"2021-10-10 05:01:20",A303,6f6db310-75e6-4dc3-b490-31f70dfa2fc7
239916,21,24.1,46,93,"2021-10-10 05:01:57",A301,6f6db310-75e6-4dc3-b490-31f70dfa2fc7
239928,20,21.7,78,0,"2021-10-10 05:31:42",A303,6f6db310-75e6-4dc3-b490-31f70dfa2fc7
239942,20,21.7,78,15,"2021-10-10 06:01:54",A303,6f6db310-75e6-4dc3-b490-31f70dfa2fc7
239944,21,24,46,93,"2021-10-10 06:02:50",A301,6f6db310-75e6-4dc3-b490-31f70dfa2fc7
239959,21,23.9,45,93,"2021-10-10 06:33:20",A301,6f6db310-75e6-4dc3-b490-31f70dfa2fc7
239974,19,21.8,78,36,"2021-10-10 07:02:40",A303,6f6db310-75e6-4dc3-b490-31f70dfa2fc7
239976,21,23.9,45,93,"2021-10-10 07:03:52",A301,6f6db310-75e6-4dc3-b490-31f70dfa2fc7
239991,19,22,78,36,"2021-10-10 07:33:05",A303,6f6db310-75e6-4dc3-b490-31f70dfa2fc7
239992,21,23.9,45,93,"2021-10-10 07:34:24",A301,6f6db310-75e6-4dc3-b490-31f70dfa2fc7
240009,19,22.1,78,43,"2021-10-10 08:03:28",A303,6f6db310-75e6-4dc3-b490-31f70dfa2fc7
240010,20,24,45,100,"2021-10-10 08:04:57",A301,6f6db310-75e6-4dc3-b490-31f70dfa2fc7
240029,19,22.3,77,50,"2021-10-10 08:33:53",A303,6f6db310-75e6-4dc3-b490-31f70dfa2fc7
240030,20,24.1,45,100,"2021-10-10 08:35:29",A301,6f6db310-75e6-4dc3-b490-31f70dfa2fc7
240047,19,22.6,77,50,"2021-10-10 09:04:18",A303,6f6db310-75e6-4dc3-b490-31f70dfa2fc7
240049,20,24.2,45,93,"2021-10-10 09:06:03",A301,6f6db310-75e6-4dc3-b490-31f70dfa2fc7
240070,19,22.8,77,43,"2021-10-10 09:34:42",A303,6f6db310-75e6-4dc3-b490-31f70dfa2fc7
240071,20,24.4,45,100,"2021-10-10 09:36:36",A301,6f6db310-75e6-4dc3-b490-31f70dfa2fc7
240094,19,23.1,77,50,"2021-10-10 10:05:06",A303,6f6db310-75e6-4dc3-b490-31f70dfa2fc7
240096,20,24.6,45,100,"2021-10-10 10:07:10",A301,6f6db310-75e6-4dc3-b490-31f70dfa2fc7
240118,19,23.3,77,58,"2021-10-10 10:35:31",A303,6f6db310-75e6-4dc3-b490-31f70dfa2fc7
240120,20,24.8,45,100,"2021-10-10 10:37:45",A301,6f6db310-75e6-4dc3-b490-31f70dfa2fc7
240141,18,23.5,77,58,"2021-10-10 11:05:57",A303,6f6db310-75e6-4dc3-b490-31f70dfa2fc7
240163,18,23.6,77,58,"2021-10-10 11:36:23",A303,6f6db310-75e6-4dc3-b490-31f70dfa2fc7
240165,20,25.2,44,100,"2021-10-10 11:38:53",A301,6f6db310-75e6-4dc3-b490-31f70dfa2fc7
240186,18,23.7,76,65,"2021-10-10 12:06:50",A303,6f6db310-75e6-4dc3-b490-31f70dfa2fc7
240188,20,25.4,44,100,"2021-10-10 12:09:27",A301,6f6db310-75e6-4dc3-b490-31f70dfa2fc7
240210,18,23.8,76,58,"2021-10-10 12:37:14",A303,6f6db310-75e6-4dc3-b490-31f70dfa2fc7
240212,20,25.5,44,100,"2021-10-10 12:40:02",A301,6f6db310-75e6-4dc3-b490-31f70dfa2fc7
240234,18,23.9,77,50,"2021-10-10 13:07:38",A303,6f6db310-75e6-4dc3-b490-31f70dfa2fc7
240236,20,25.7,44,100,"2021-10-10 13:10:36",A301,6f6db310-75e6-4dc3-b490-31f70dfa2fc7
240259,20,25.8,44,93,"2021-10-10 13:41:09",A301,6f6db310-75e6-4dc3-b490-31f70dfa2fc7
240280,18,24,77,8,"2021-10-10 14:08:23",A303,6f6db310-75e6-4dc3-b490-31f70dfa2fc7
240282,20,26,44,93,"2021-10-10 14:11:36",A301,6f6db310-75e6-4dc3-b490-31f70dfa2fc7
240303,18,24,77,22,"2021-10-10 14:38:43",A303,6f6db310-75e6-4dc3-b490-31f70dfa2fc7
240305,20,26.1,44,86,"2021-10-10 14:42:05",A301,6f6db310-75e6-4dc3-b490-31f70dfa2fc7
240326,18,23.9,77,29,"2021-10-10 15:09:03",A303,6f6db310-75e6-4dc3-b490-31f70dfa2fc7
240328,20,26.1,44,86,"2021-10-10 15:12:34",A301,6f6db310-75e6-4dc3-b490-31f70dfa2fc7
240350,18,23.9,77,15,"2021-10-10 15:39:23",A303,6f6db310-75e6-4dc3-b490-31f70dfa2fc7
240352,20,26.2,44,86,"2021-10-10 15:43:03",A301,6f6db310-75e6-4dc3-b490-31f70dfa2fc7
240374,18,23.9,77,8,"2021-10-10 16:09:41",A303,6f6db310-75e6-4dc3-b490-31f70dfa2fc7
240377,20,26.2,44,86,"2021-10-10 16:13:30",A301,6f6db310-75e6-4dc3-b490-31f70dfa2fc7
240396,18,23.8,77,8,"2021-10-10 16:39:58",A303,6f6db310-75e6-4dc3-b490-31f70dfa2fc7
240400,20,26.1,44,86,"2021-10-10 16:43:56",A301,6f6db310-75e6-4dc3-b490-31f70dfa2fc7
240420,18,23.7,77,8,"2021-10-10 17:10:16",A303,6f6db310-75e6-4dc3-b490-31f70dfa2fc7
240424,20,26.1,44,86,"2021-10-10 17:14:22",A301,6f6db310-75e6-4dc3-b490-31f70dfa2fc7
240444,18,23.6,77,8,"2021-10-10 17:40:33",A303,6f6db310-75e6-4dc3-b490-31f70dfa2fc7
240448,20,26,44,86,"2021-10-10 17:44:48",A301,6f6db310-75e6-4dc3-b490-31f70dfa2fc7
240468,18,23.5,77,0,"2021-10-10 18:10:50",A303,6f6db310-75e6-4dc3-b490-31f70dfa2fc7
240472,20,26,44,86,"2021-10-10 18:15:13",A301,6f6db310-75e6-4dc3-b490-31f70dfa2fc7
240490,18,23.4,77,0,"2021-10-10 18:41:05",A303,6f6db310-75e6-4dc3-b490-31f70dfa2fc7
240494,20,25.9,44,86,"2021-10-10 18:45:38",A301,6f6db310-75e6-4dc3-b490-31f70dfa2fc7
240511,18,23.3,77,0,"2021-10-10 19:11:20",A303,6f6db310-75e6-4dc3-b490-31f70dfa2fc7
240515,20,25.8,44,86,"2021-10-10 19:16:03",A301,6f6db310-75e6-4dc3-b490-31f70dfa2fc7
240532,18,23.3,76,0,"2021-10-10 19:41:36",A303,6f6db310-75e6-4dc3-b490-31f70dfa2fc7
240536,20,25.7,44,86,"2021-10-10 19:46:28",A301,6f6db310-75e6-4dc3-b490-31f70dfa2fc7
240556,18,23.2,77,0,"2021-10-10 20:11:53",A303,6f6db310-75e6-4dc3-b490-31f70dfa2fc7
240560,20,25.6,44,86,"2021-10-10 20:16:52",A301,6f6db310-75e6-4dc3-b490-31f70dfa2fc7
240579,18,23.1,77,0,"2021-10-10 20:42:07",A303,6f6db310-75e6-4dc3-b490-31f70dfa2fc7
240583,20,25.5,44,86,"2021-10-10 20:47:17",A301,6f6db310-75e6-4dc3-b490-31f70dfa2fc7
240603,18,23,77,0,"2021-10-10 21:12:24",A303,6f6db310-75e6-4dc3-b490-31f70dfa2fc7
240607,20,25.4,44,86,"2021-10-10 21:17:41",A301,6f6db310-75e6-4dc3-b490-31f70dfa2fc7
240627,18,22.9,77,0,"2021-10-10 21:42:38",A303,6f6db310-75e6-4dc3-b490-31f70dfa2fc7
240631,20,25.3,44,86,"2021-10-10 21:48:05",A301,6f6db310-75e6-4dc3-b490-31f70dfa2fc7
240650,18,22.8,76,0,"2021-10-10 22:12:52",A303,6f6db310-75e6-4dc3-b490-31f70dfa2fc7
240654,20,25.3,44,86,"2021-10-10 22:18:28",A301,6f6db310-75e6-4dc3-b490-31f70dfa2fc7
240673,18,22.7,77,0,"2021-10-10 22:43:07",A303,6f6db310-75e6-4dc3-b490-31f70dfa2fc7
240678,20,25.2,44,86,"2021-10-10 22:48:52",A301,6f6db310-75e6-4dc3-b490-31f70dfa2fc7
240696,18,22.6,77,0,"2021-10-10 23:13:23",A303,6f6db310-75e6-4dc3-b490-31f70dfa2fc7
240701,20,25.1,44,86,"2021-10-10 23:19:16",A301,6f6db310-75e6-4dc3-b490-31f70dfa2fc7
240718,18,22.6,77,0,"2021-10-10 23:43:37",A303,6f6db310-75e6-4dc3-b490-31f70dfa2fc7
240724,20,25,44,86,"2021-10-10 23:49:39",A301,6f6db310-75e6-4dc3-b490-31f70dfa2fc7
240741,18,22.5,77,0,"2021-10-11 00:13:52",A303,6f6db310-75e6-4dc3-b490-31f70dfa2fc7
240747,20,24.9,44,86,"2021-10-11 00:20:03",A301,6f6db310-75e6-4dc3-b490-31f70dfa2fc7
240764,18,22.42,77,0,"2021-10-11 00:44:07",A303,6f6db310-75e6-4dc3-b490-31f70dfa2fc7
240770,20,24.8,44,86,"2021-10-11 00:50:27",A301,6f6db310-75e6-4dc3-b490-31f70dfa2fc7
240787,18,22.4,77,0,"2021-10-11 01:14:21",A303,6f6db310-75e6-4dc3-b490-31f70dfa2fc7
240794,20,24.7,44,86,"2021-10-11 01:20:50",A301,6f6db310-75e6-4dc3-b490-31f70dfa2fc7
240809,18,22.3,77,0,"2021-10-11 01:44:36",A303,6f6db310-75e6-4dc3-b490-31f70dfa2fc7
240817,20,24.7,44,86,"2021-10-11 01:51:13",A301,6f6db310-75e6-4dc3-b490-31f70dfa2fc7
240831,18,22.3,77,0,"2021-10-11 02:14:51",A303,6f6db310-75e6-4dc3-b490-31f70dfa2fc7
240839,20,24.6,44,86,"2021-10-11 02:21:37",A301,6f6db310-75e6-4dc3-b490-31f70dfa2fc7
240852,18,22.2,77,0,"2021-10-11 02:45:10",A303,6f6db310-75e6-4dc3-b490-31f70dfa2fc7
240860,20,24.5,44,86,"2021-10-11 02:52:00",A301,6f6db310-75e6-4dc3-b490-31f70dfa2fc7
240874,18,22.2,77,0,"2021-10-11 03:15:21",A303,6f6db310-75e6-4dc3-b490-31f70dfa2fc7
240882,20,24.4,44,86,"2021-10-11 03:22:24",A301,6f6db310-75e6-4dc3-b490-31f70dfa2fc7
240895,18,22.1,77,0,"2021-10-11 03:45:38",A303,6f6db310-75e6-4dc3-b490-31f70dfa2fc7
240904,20,24.3,44,86,"2021-10-11 03:52:47",A301,6f6db310-75e6-4dc3-b490-31f70dfa2fc7
240918,18,22.1,77,0,"2021-10-11 04:15:50",A303,6f6db310-75e6-4dc3-b490-31f70dfa2fc7
240927,20,24.3,44,86,"2021-10-11 04:23:10",A301,6f6db310-75e6-4dc3-b490-31f70dfa2fc7
240941,18,22,77,0,"2021-10-11 04:46:04",A303,6f6db310-75e6-4dc3-b490-31f70dfa2fc7
240950,20,24.2,44,93,"2021-10-11 04:53:34",A301,6f6db310-75e6-4dc3-b490-31f70dfa2fc7
240963,18,21.96,77,0,"2021-10-11 05:16:21",A303,6f6db310-75e6-4dc3-b490-31f70dfa2fc7
240973,20,24.1,44,93,"2021-10-11 05:24:00",A301,6f6db310-75e6-4dc3-b490-31f70dfa2fc7
240985,18,21.9,76,8,"2021-10-11 05:46:39",A303,6f6db310-75e6-4dc3-b490-31f70dfa2fc7
240996,20,24.1,44,93,"2021-10-11 05:54:27",A301,6f6db310-75e6-4dc3-b490-31f70dfa2fc7
241008,18,21.9,76,8,"2021-10-11 06:16:59",A303,6f6db310-75e6-4dc3-b490-31f70dfa2fc7
241019,20,24,44,93,"2021-10-11 06:24:55",A301,6f6db310-75e6-4dc3-b490-31f70dfa2fc7
241031,18,22,76,15,"2021-10-11 06:47:19",A303,6f6db310-75e6-4dc3-b490-31f70dfa2fc7
241041,20,24,44,93,"2021-10-11 06:55:25",A301,6f6db310-75e6-4dc3-b490-31f70dfa2fc7
241055,18,22.1,76,15,"2021-10-11 07:17:41",A303,6f6db310-75e6-4dc3-b490-31f70dfa2fc7
241066,20,24,44,93,"2021-10-11 07:29:40",A301,6f6db310-75e6-4dc3-b490-31f70dfa2fc7
241080,18,22.2,77,15,"2021-10-11 07:48:03",A303,6f6db310-75e6-4dc3-b490-31f70dfa2fc7
241092,26,24,92,100,"2021-10-11 08:00:03",A301,6f6db310-75e6-4dc3-b490-31f70dfa2fc7
241105,18,22.3,76,29,"2021-10-11 08:18:25",A303,6f6db310-75e6-4dc3-b490-31f70dfa2fc7
241118,29,24.1,85,135,"2021-10-11 08:30:25",A301,6f6db310-75e6-4dc3-b490-31f70dfa2fc7
241131,18,22.4,76,29,"2021-10-11 08:48:49",A303,6f6db310-75e6-4dc3-b490-31f70dfa2fc7
241176,18,22.7,76,22,"2021-10-11 09:49:32",A303,6f6db310-75e6-4dc3-b490-31f70dfa2fc7
241188,28,24.3,75,93,"2021-10-11 10:01:33",A301,6f6db310-75e6-4dc3-b490-31f70dfa2fc7
241211,28,24.4,74,93,"2021-10-11 10:31:54",A301,6f6db310-75e6-4dc3-b490-31f70dfa2fc7
241219,23,25,128,65,"2021-10-11 10:46:58",A302,6f6db310-75e6-4dc3-b490-31f70dfa2fc7
241225,18,23,75,15,"2021-10-11 10:50:11",A303,6f6db310-75e6-4dc3-b490-31f70dfa2fc7
241237,28,24.5,73,93,"2021-10-11 11:02:15",A301,6f6db310-75e6-4dc3-b490-31f70dfa2fc7
241248,23,25,129,93,"2021-10-11 11:17:23",A302,6f6db310-75e6-4dc3-b490-31f70dfa2fc7
241252,18,23,76,15,"2021-10-11 11:20:31",A303,6f6db310-75e6-4dc3-b490-31f70dfa2fc7
241263,28,24.6,72,93,"2021-10-11 11:32:35",A301,6f6db310-75e6-4dc3-b490-31f70dfa2fc7
241275,23,25,128,93,"2021-10-11 11:47:47",A302,6f6db310-75e6-4dc3-b490-31f70dfa2fc7
241279,18,23,75,15,"2021-10-11 11:50:48",A303,6f6db310-75e6-4dc3-b490-31f70dfa2fc7
241290,28,24.6,72,93,"2021-10-11 12:02:56",A301,6f6db310-75e6-4dc3-b490-31f70dfa2fc7
241300,23,25,128,93,"2021-10-11 12:18:13",A302,6f6db310-75e6-4dc3-b490-31f70dfa2fc7
241305,18,23,76,22,"2021-10-11 12:21:08",A303,6f6db310-75e6-4dc3-b490-31f70dfa2fc7
241316,28,24.6,71,93,"2021-10-11 12:33:19",A301,6f6db310-75e6-4dc3-b490-31f70dfa2fc7
241325,23,25,129,93,"2021-10-11 12:48:42",A302,6f6db310-75e6-4dc3-b490-31f70dfa2fc7
241329,18,23.1,76,29,"2021-10-11 12:51:30",A303,6f6db310-75e6-4dc3-b490-31f70dfa2fc7
241341,28,24.6,71,100,"2021-10-11 13:03:41",A301,6f6db310-75e6-4dc3-b490-31f70dfa2fc7
241349,23,25,129,100,"2021-10-11 13:19:05",A302,6f6db310-75e6-4dc3-b490-31f70dfa2fc7
241355,18,23.1,76,43,"2021-10-11 13:21:50",A303,6f6db310-75e6-4dc3-b490-31f70dfa2fc7
241367,28,24.7,70,100,"2021-10-11 13:34:04",A301,6f6db310-75e6-4dc3-b490-31f70dfa2fc7
241376,23,25.1,128,100,"2021-10-11 13:49:33",A302,6f6db310-75e6-4dc3-b490-31f70dfa2fc7
241382,18,23.1,76,36,"2021-10-11 13:52:11",A303,6f6db310-75e6-4dc3-b490-31f70dfa2fc7
241394,28,24.7,70,93,"2021-10-11 14:04:27",A301,6f6db310-75e6-4dc3-b490-31f70dfa2fc7
241402,23,25.1,128,93,"2021-10-11 14:20:01",A302,6f6db310-75e6-4dc3-b490-31f70dfa2fc7
241408,18,23.2,76,36,"2021-10-11 14:22:31",A303,6f6db310-75e6-4dc3-b490-31f70dfa2fc7
241420,28,24.7,70,93,"2021-10-11 14:34:50",A301,6f6db310-75e6-4dc3-b490-31f70dfa2fc7
241429,23,25.1,128,93,"2021-10-11 14:50:27",A302,6f6db310-75e6-4dc3-b490-31f70dfa2fc7
241435,18,23.2,76,29,"2021-10-11 14:52:54",A303,6f6db310-75e6-4dc3-b490-31f70dfa2fc7
241446,28,24.7,69,86,"2021-10-11 15:05:12",A301,6f6db310-75e6-4dc3-b490-31f70dfa2fc7
241454,23,25.1,126,86,"2021-10-11 15:20:53",A302,6f6db310-75e6-4dc3-b490-31f70dfa2fc7
241460,18,23.2,76,15,"2021-10-11 15:23:13",A303,6f6db310-75e6-4dc3-b490-31f70dfa2fc7
241473,28,24.7,69,86,"2021-10-11 15:35:32",A301,6f6db310-75e6-4dc3-b490-31f70dfa2fc7
241482,23,25,127,86,"2021-10-11 15:51:17",A302,6f6db310-75e6-4dc3-b490-31f70dfa2fc7
241490,18,23.1,78,142,"2021-10-11 15:54:55",A303,6f6db310-75e6-4dc3-b490-31f70dfa2fc7
241499,28,24.7,69,86,"2021-10-11 16:05:52",A301,6f6db310-75e6-4dc3-b490-31f70dfa2fc7
241508,23,24.9,125,86,"2021-10-11 16:21:38",A302,6f6db310-75e6-4dc3-b490-31f70dfa2fc7
241516,20,22.9,81,142,"2021-10-11 16:25:14",A303,6f6db310-75e6-4dc3-b490-31f70dfa2fc7
241527,28,24.7,69,86,"2021-10-11 16:36:10",A301,6f6db310-75e6-4dc3-b490-31f70dfa2fc7
241537,23,24.8,125,86,"2021-10-11 16:52:00",A302,6f6db310-75e6-4dc3-b490-31f70dfa2fc7
241545,21,22.9,81,8,"2021-10-11 16:55:36",A303,6f6db310-75e6-4dc3-b490-31f70dfa2fc7
241554,27,24.7,69,86,"2021-10-11 17:06:29",A301,6f6db310-75e6-4dc3-b490-31f70dfa2fc7
241565,23,24.7,125,86,"2021-10-11 17:22:18",A302,6f6db310-75e6-4dc3-b490-31f70dfa2fc7
241573,21,22.8,81,0,"2021-10-11 17:25:56",A303,6f6db310-75e6-4dc3-b490-31f70dfa2fc7
241582,27,24.7,69,86,"2021-10-11 17:36:47",A301,6f6db310-75e6-4dc3-b490-31f70dfa2fc7
241593,23,24.5,127,86,"2021-10-11 17:52:40",A302,6f6db310-75e6-4dc3-b490-31f70dfa2fc7
241600,21,22.7,80,0,"2021-10-11 17:56:17",A303,6f6db310-75e6-4dc3-b490-31f70dfa2fc7
241609,28,24.6,68,86,"2021-10-11 18:07:05",A301,6f6db310-75e6-4dc3-b490-31f70dfa2fc7
241620,23,24.3,127,86,"2021-10-11 18:22:59",A302,6f6db310-75e6-4dc3-b490-31f70dfa2fc7
241627,21,22.6,80,0,"2021-10-11 18:26:40",A303,6f6db310-75e6-4dc3-b490-31f70dfa2fc7
241636,27,24.5,68,86,"2021-10-11 18:37:22",A301,6f6db310-75e6-4dc3-b490-31f70dfa2fc7
241646,23,24.2,127,86,"2021-10-11 18:53:19",A302,6f6db310-75e6-4dc3-b490-31f70dfa2fc7
241661,27,24.5,68,86,"2021-10-11 19:07:40",A301,6f6db310-75e6-4dc3-b490-31f70dfa2fc7
241672,23,24,126,86,"2021-10-11 19:23:37",A302,6f6db310-75e6-4dc3-b490-31f70dfa2fc7
241687,27,24.4,68,86,"2021-10-11 19:37:57",A301,6f6db310-75e6-4dc3-b490-31f70dfa2fc7
241697,23,23.9,128,86,"2021-10-11 19:53:56",A302,6f6db310-75e6-4dc3-b490-31f70dfa2fc7
241704,21,22.4,80,0,"2021-10-11 19:57:40",A303,6f6db310-75e6-4dc3-b490-31f70dfa2fc7
241713,27,24.3,68,86,"2021-10-11 20:08:14",A301,6f6db310-75e6-4dc3-b490-31f70dfa2fc7
241723,23,23.8,128,86,"2021-10-11 20:24:16",A302,6f6db310-75e6-4dc3-b490-31f70dfa2fc7
241737,27,24.2,68,86,"2021-10-11 20:38:31",A301,6f6db310-75e6-4dc3-b490-31f70dfa2fc7
241749,23,23.7,127,86,"2021-10-11 20:54:35",A302,6f6db310-75e6-4dc3-b490-31f70dfa2fc7
241763,27,24.1,68,86,"2021-10-11 21:08:48",A301,6f6db310-75e6-4dc3-b490-31f70dfa2fc7
241776,23,23.6,125,86,"2021-10-11 21:24:53",A302,6f6db310-75e6-4dc3-b490-31f70dfa2fc7
241789,27,24,68,86,"2021-10-11 21:39:05",A301,6f6db310-75e6-4dc3-b490-31f70dfa2fc7
241802,23,23.4,125,86,"2021-10-11 21:55:12",A302,6f6db310-75e6-4dc3-b490-31f70dfa2fc7
241815,27,23.9,68,86,"2021-10-11 22:09:21",A301,6f6db310-75e6-4dc3-b490-31f70dfa2fc7
241827,23,23.3,125,86,"2021-10-11 22:25:29",A302,6f6db310-75e6-4dc3-b490-31f70dfa2fc7
241842,27,23.9,68,86,"2021-10-11 22:39:38",A301,6f6db310-75e6-4dc3-b490-31f70dfa2fc7
241854,23,23.2,125,86,"2021-10-11 22:55:48",A302,6f6db310-75e6-4dc3-b490-31f70dfa2fc7
241869,27,23.8,67,86,"2021-10-11 23:09:54",A301,6f6db310-75e6-4dc3-b490-31f70dfa2fc7
241882,23,23.1,125,86,"2021-10-11 23:26:05",A302,6f6db310-75e6-4dc3-b490-31f70dfa2fc7
241896,27,23.7,67,86,"2021-10-11 23:40:10",A301,6f6db310-75e6-4dc3-b490-31f70dfa2fc7
241909,23,23,124,86,"2021-10-11 23:56:23",A302,6f6db310-75e6-4dc3-b490-31f70dfa2fc7
241924,27,23.6,67,86,"2021-10-12 00:10:27",A301,6f6db310-75e6-4dc3-b490-31f70dfa2fc7
241936,23,22.9,124,86,"2021-10-12 00:26:42",A302,6f6db310-75e6-4dc3-b490-31f70dfa2fc7
241950,27,23.5,67,86,"2021-10-12 00:40:44",A301,6f6db310-75e6-4dc3-b490-31f70dfa2fc7
241976,27,23.4,67,86,"2021-10-12 01:11:00",A301,6f6db310-75e6-4dc3-b490-31f70dfa2fc7
242001,27,23.4,67,86,"2021-10-12 01:41:16",A301,6f6db310-75e6-4dc3-b490-31f70dfa2fc7
242027,27,23.3,67,86,"2021-10-12 02:11:32",A301,6f6db310-75e6-4dc3-b490-31f70dfa2fc7
242053,27,23.2,67,86,"2021-10-12 02:41:49",A301,6f6db310-75e6-4dc3-b490-31f70dfa2fc7
242078,27,23.1,66,86,"2021-10-12 03:12:05",A301,6f6db310-75e6-4dc3-b490-31f70dfa2fc7
242102,27,23.1,66,86,"2021-10-12 03:42:21",A301,6f6db310-75e6-4dc3-b490-31f70dfa2fc7
242114,23,22.4,124,65,"2021-10-12 03:58:47",A302,6f6db310-75e6-4dc3-b490-31f70dfa2fc7
242129,27,23,66,86,"2021-10-12 04:12:37",A301,6f6db310-75e6-4dc3-b490-31f70dfa2fc7
242140,23,22.3,124,58,"2021-10-12 04:29:04",A302,6f6db310-75e6-4dc3-b490-31f70dfa2fc7
242154,27,22.9,66,86,"2021-10-12 04:42:53",A301,6f6db310-75e6-4dc3-b490-31f70dfa2fc7
242166,23,22.3,124,58,"2021-10-12 04:59:23",A302,6f6db310-75e6-4dc3-b490-31f70dfa2fc7
242180,27,22.9,66,86,"2021-10-12 05:13:11",A301,6f6db310-75e6-4dc3-b490-31f70dfa2fc7
242191,23,22.3,124,58,"2021-10-12 05:29:44",A302,6f6db310-75e6-4dc3-b490-31f70dfa2fc7
242216,23,22.3,123,72,"2021-10-12 06:00:02",A302,6f6db310-75e6-4dc3-b490-31f70dfa2fc7
242228,27,22.7,66,86,"2021-10-12 06:13:45",A301,6f6db310-75e6-4dc3-b490-31f70dfa2fc7
242240,23,22.3,123,79,"2021-10-12 06:30:21",A302,6f6db310-75e6-4dc3-b490-31f70dfa2fc7
242253,27,22.7,66,93,"2021-10-12 06:44:04",A301,6f6db310-75e6-4dc3-b490-31f70dfa2fc7
242266,23,22.3,123,72,"2021-10-12 07:00:44",A302,6f6db310-75e6-4dc3-b490-31f70dfa2fc7
242278,27,22.7,66,86,"2021-10-12 07:14:23",A301,6f6db310-75e6-4dc3-b490-31f70dfa2fc7
242291,23,22.4,121,72,"2021-10-12 07:31:06",A302,6f6db310-75e6-4dc3-b490-31f70dfa2fc7
242301,27,22.6,66,86,"2021-10-12 07:44:42",A301,6f6db310-75e6-4dc3-b490-31f70dfa2fc7
242314,23,22.5,122,72,"2021-10-12 08:01:28",A302,6f6db310-75e6-4dc3-b490-31f70dfa2fc7
242325,27,22.6,66,86,"2021-10-12 08:15:01",A301,6f6db310-75e6-4dc3-b490-31f70dfa2fc7
242339,23,22.6,123,72,"2021-10-12 08:31:50",A302,6f6db310-75e6-4dc3-b490-31f70dfa2fc7
242350,27,22.7,65,93,"2021-10-12 08:45:21",A301,6f6db310-75e6-4dc3-b490-31f70dfa2fc7
242364,23,22.6,122,93,"2021-10-12 09:02:12",A302,6f6db310-75e6-4dc3-b490-31f70dfa2fc7
242375,27,22.7,65,93,"2021-10-12 09:15:41",A301,6f6db310-75e6-4dc3-b490-31f70dfa2fc7
242389,23,22.7,120,93,"2021-10-12 09:32:37",A302,6f6db310-75e6-4dc3-b490-31f70dfa2fc7
242401,27,22.7,65,93,"2021-10-12 09:46:04",A301,6f6db310-75e6-4dc3-b490-31f70dfa2fc7
242414,23,22.9,120,93,"2021-10-12 10:03:05",A302,6f6db310-75e6-4dc3-b490-31f70dfa2fc7
242428,27,22.7,65,93,"2021-10-12 10:16:26",A301,6f6db310-75e6-4dc3-b490-31f70dfa2fc7
242441,23,23.1,119,93,"2021-10-12 10:33:28",A302,6f6db310-75e6-4dc3-b490-31f70dfa2fc7
242453,27,22.8,65,93,"2021-10-12 10:46:46",A301,6f6db310-75e6-4dc3-b490-31f70dfa2fc7
242464,23,23.3,118,93,"2021-10-12 11:03:49",A302,6f6db310-75e6-4dc3-b490-31f70dfa2fc7
242475,27,22.8,65,86,"2021-10-12 11:17:05",A301,6f6db310-75e6-4dc3-b490-31f70dfa2fc7
242488,23,23.3,119,93,"2021-10-12 11:34:11",A302,6f6db310-75e6-4dc3-b490-31f70dfa2fc7
242499,27,22.9,65,93,"2021-10-12 11:47:23",A301,6f6db310-75e6-4dc3-b490-31f70dfa2fc7
242512,23,23.3,120,93,"2021-10-12 12:04:31",A302,6f6db310-75e6-4dc3-b490-31f70dfa2fc7
242524,27,22.9,65,93,"2021-10-12 12:17:42",A301,6f6db310-75e6-4dc3-b490-31f70dfa2fc7
242535,23,23.28,119,93,"2021-10-12 12:34:51",A302,6f6db310-75e6-4dc3-b490-31f70dfa2fc7
242546,27,23,65,86,"2021-10-12 12:48:01",A301,6f6db310-75e6-4dc3-b490-31f70dfa2fc7
242557,23,23.2,119,93,"2021-10-12 13:05:11",A302,6f6db310-75e6-4dc3-b490-31f70dfa2fc7
242570,27,23,65,86,"2021-10-12 13:18:21",A301,6f6db310-75e6-4dc3-b490-31f70dfa2fc7
242582,23,23.2,119,93,"2021-10-12 13:35:35",A302,6f6db310-75e6-4dc3-b490-31f70dfa2fc7
242594,27,23,65,93,"2021-10-12 13:48:40",A301,6f6db310-75e6-4dc3-b490-31f70dfa2fc7
242606,23,23.2,119,93,"2021-10-12 14:05:56",A302,6f6db310-75e6-4dc3-b490-31f70dfa2fc7
242620,27,23,65,86,"2021-10-12 14:18:59",A301,6f6db310-75e6-4dc3-b490-31f70dfa2fc7
242631,23,23.2,118,93,"2021-10-12 14:36:17",A302,6f6db310-75e6-4dc3-b490-31f70dfa2fc7
242645,27,23,64,86,"2021-10-12 14:49:19",A301,6f6db310-75e6-4dc3-b490-31f70dfa2fc7
242657,23,23.1,119,86,"2021-10-12 15:06:39",A302,6f6db310-75e6-4dc3-b490-31f70dfa2fc7
242671,27,23,64,86,"2021-10-12 15:19:38",A301,6f6db310-75e6-4dc3-b490-31f70dfa2fc7
242682,23,23.1,119,86,"2021-10-12 15:37:03",A302,6f6db310-75e6-4dc3-b490-31f70dfa2fc7
242694,27,23,64,86,"2021-10-12 15:49:56",A301,6f6db310-75e6-4dc3-b490-31f70dfa2fc7
242705,23,23.1,117,86,"2021-10-12 16:07:22",A302,6f6db310-75e6-4dc3-b490-31f70dfa2fc7
242729,23,23,119,72,"2021-10-12 16:37:44",A302,6f6db310-75e6-4dc3-b490-31f70dfa2fc7
242743,27,22.9,64,86,"2021-10-12 16:50:32",A301,6f6db310-75e6-4dc3-b490-31f70dfa2fc7
242754,23,22.9,118,72,"2021-10-12 17:08:03",A302,6f6db310-75e6-4dc3-b490-31f70dfa2fc7
242768,27,22.9,64,86,"2021-10-12 17:20:50",A301,6f6db310-75e6-4dc3-b490-31f70dfa2fc7
242779,23,22.9,117,72,"2021-10-12 17:38:21",A302,6f6db310-75e6-4dc3-b490-31f70dfa2fc7
242793,27,22.9,64,86,"2021-10-12 17:51:07",A301,6f6db310-75e6-4dc3-b490-31f70dfa2fc7
242805,23,22.8,116,72,"2021-10-12 18:08:40",A302,6f6db310-75e6-4dc3-b490-31f70dfa2fc7
242819,27,22.9,64,86,"2021-10-12 18:21:26",A301,6f6db310-75e6-4dc3-b490-31f70dfa2fc7
242830,23,22.7,116,72,"2021-10-12 18:39:00",A302,6f6db310-75e6-4dc3-b490-31f70dfa2fc7
242843,27,22.8,64,86,"2021-10-12 18:51:42",A301,6f6db310-75e6-4dc3-b490-31f70dfa2fc7
242855,23,22.7,117,65,"2021-10-12 19:09:20",A302,6f6db310-75e6-4dc3-b490-31f70dfa2fc7
242868,27,22.8,64,86,"2021-10-12 19:22:00",A301,6f6db310-75e6-4dc3-b490-31f70dfa2fc7
242878,23,22.6,118,58,"2021-10-12 19:39:40",A302,6f6db310-75e6-4dc3-b490-31f70dfa2fc7
242892,27,22.8,64,86,"2021-10-12 19:52:17",A301,6f6db310-75e6-4dc3-b490-31f70dfa2fc7
242904,23,22.5,116,58,"2021-10-12 20:10:00",A302,6f6db310-75e6-4dc3-b490-31f70dfa2fc7
242917,27,22.7,64,86,"2021-10-12 20:22:35",A301,6f6db310-75e6-4dc3-b490-31f70dfa2fc7
242928,23,22.5,117,50,"2021-10-12 20:40:18",A302,6f6db310-75e6-4dc3-b490-31f70dfa2fc7
242942,26,22.7,64,86,"2021-10-12 20:52:52",A301,6f6db310-75e6-4dc3-b490-31f70dfa2fc7
242954,22,22.4,118,50,"2021-10-12 21:10:37",A302,6f6db310-75e6-4dc3-b490-31f70dfa2fc7
242966,26,22.6,63,86,"2021-10-12 21:23:09",A301,6f6db310-75e6-4dc3-b490-31f70dfa2fc7
242977,22,22.4,119,50,"2021-10-12 21:40:52",A302,6f6db310-75e6-4dc3-b490-31f70dfa2fc7
242989,26,22.6,63,86,"2021-10-12 21:53:27",A301,6f6db310-75e6-4dc3-b490-31f70dfa2fc7
243001,22,22.3,118,50,"2021-10-12 22:11:07",A302,6f6db310-75e6-4dc3-b490-31f70dfa2fc7
243013,26,22.6,64,86,"2021-10-12 22:23:43",A301,6f6db310-75e6-4dc3-b490-31f70dfa2fc7
243026,22,22.3,118,50,"2021-10-12 22:41:21",A302,6f6db310-75e6-4dc3-b490-31f70dfa2fc7
243038,26,22.5,63,86,"2021-10-12 22:54:00",A301,6f6db310-75e6-4dc3-b490-31f70dfa2fc7
243050,22,22.2,118,50,"2021-10-12 23:11:35",A302,6f6db310-75e6-4dc3-b490-31f70dfa2fc7
243062,26,22.5,63,86,"2021-10-12 23:24:17",A301,6f6db310-75e6-4dc3-b490-31f70dfa2fc7
243074,22,22.2,118,50,"2021-10-12 23:41:49",A302,6f6db310-75e6-4dc3-b490-31f70dfa2fc7
243086,26,22.42,64,86,"2021-10-12 23:54:34",A301,6f6db310-75e6-4dc3-b490-31f70dfa2fc7
243098,22,22.1,118,50,"2021-10-13 00:12:04",A302,6f6db310-75e6-4dc3-b490-31f70dfa2fc7
243109,26,22.4,63,86,"2021-10-13 00:24:51",A301,6f6db310-75e6-4dc3-b490-31f70dfa2fc7
243120,22,22.1,117,50,"2021-10-13 00:42:17",A302,6f6db310-75e6-4dc3-b490-31f70dfa2fc7
243131,26,22.4,63,86,"2021-10-13 00:55:08",A301,6f6db310-75e6-4dc3-b490-31f70dfa2fc7
243143,22,22.1,117,50,"2021-10-13 01:12:32",A302,6f6db310-75e6-4dc3-b490-31f70dfa2fc7
243153,26,22.3,63,86,"2021-10-13 01:25:25",A301,6f6db310-75e6-4dc3-b490-31f70dfa2fc7
243164,22,22,117,50,"2021-10-13 01:42:46",A302,6f6db310-75e6-4dc3-b490-31f70dfa2fc7
243175,26,22.3,63,79,"2021-10-13 01:55:42",A301,6f6db310-75e6-4dc3-b490-31f70dfa2fc7
243186,22,22,117,58,"2021-10-13 02:13:00",A302,6f6db310-75e6-4dc3-b490-31f70dfa2fc7
243197,26,22.2,63,72,"2021-10-13 02:25:58",A301,6f6db310-75e6-4dc3-b490-31f70dfa2fc7
243217,26,22.2,63,72,"2021-10-13 02:56:15",A301,6f6db310-75e6-4dc3-b490-31f70dfa2fc7
243229,22,21.9,117,58,"2021-10-13 03:13:27",A302,6f6db310-75e6-4dc3-b490-31f70dfa2fc7
243240,26,22.2,63,72,"2021-10-13 03:26:31",A301,6f6db310-75e6-4dc3-b490-31f70dfa2fc7
243251,22,21.8,117,50,"2021-10-13 03:43:40",A302,6f6db310-75e6-4dc3-b490-31f70dfa2fc7
243262,26,22.1,63,72,"2021-10-13 03:56:48",A301,6f6db310-75e6-4dc3-b490-31f70dfa2fc7
243274,22,21.8,117,50,"2021-10-13 04:13:53",A302,6f6db310-75e6-4dc3-b490-31f70dfa2fc7
243285,26,22.1,63,72,"2021-10-13 04:27:05",A301,6f6db310-75e6-4dc3-b490-31f70dfa2fc7
243297,22,21.8,116,50,"2021-10-13 04:44:07",A302,6f6db310-75e6-4dc3-b490-31f70dfa2fc7
243307,26,22.1,63,72,"2021-10-13 04:57:22",A301,6f6db310-75e6-4dc3-b490-31f70dfa2fc7
243319,23,21.7,114,50,"2021-10-13 05:14:23",A302,6f6db310-75e6-4dc3-b490-31f70dfa2fc7
243329,26,22,63,86,"2021-10-13 05:27:39",A301,6f6db310-75e6-4dc3-b490-31f70dfa2fc7
243341,23,21.7,115,50,"2021-10-13 05:44:42",A302,6f6db310-75e6-4dc3-b490-31f70dfa2fc7
243351,26,22,63,93,"2021-10-13 05:57:57",A301,6f6db310-75e6-4dc3-b490-31f70dfa2fc7
243373,26,22,63,93,"2021-10-13 06:28:17",A301,6f6db310-75e6-4dc3-b490-31f70dfa2fc7
243395,26,22,63,93,"2021-10-13 06:58:40",A301,6f6db310-75e6-4dc3-b490-31f70dfa2fc7
243418,26,22,62,93,"2021-10-13 07:29:05",A301,6f6db310-75e6-4dc3-b490-31f70dfa2fc7
243439,26,22.1,62,93,"2021-10-13 07:59:30",A301,6f6db310-75e6-4dc3-b490-31f70dfa2fc7
243452,23,22.5,108,100,"2021-10-13 08:16:57",A302,6f6db310-75e6-4dc3-b490-31f70dfa2fc7
243462,29,22.2,86,93,"2021-10-13 08:29:54",A301,6f6db310-75e6-4dc3-b490-31f70dfa2fc7
243473,23,22.9,107,93,"2021-10-13 08:47:28",A302,6f6db310-75e6-4dc3-b490-31f70dfa2fc7
243483,30,22.6,82,93,"2021-10-13 09:00:16",A301,6f6db310-75e6-4dc3-b490-31f70dfa2fc7
243495,23,23.3,106,100,"2021-10-13 09:18:01",A302,6f6db310-75e6-4dc3-b490-31f70dfa2fc7
243506,30,22.8,78,93,"2021-10-13 09:30:41",A301,6f6db310-75e6-4dc3-b490-31f70dfa2fc7
243517,22,23.7,107,100,"2021-10-13 09:48:33",A302,6f6db310-75e6-4dc3-b490-31f70dfa2fc7
243529,31,23.3,84,93,"2021-10-13 10:04:52",A301,6f6db310-75e6-4dc3-b490-31f70dfa2fc7
243539,22,24,104,100,"2021-10-13 10:19:05",A302,6f6db310-75e6-4dc3-b490-31f70dfa2fc7
243551,30,23.5,79,100,"2021-10-13 10:35:19",A301,6f6db310-75e6-4dc3-b490-31f70dfa2fc7
243562,22,24.4,103,100,"2021-10-13 10:49:38",A302,6f6db310-75e6-4dc3-b490-31f70dfa2fc7
243574,30,23.6,77,93,"2021-10-13 11:05:47",A301,6f6db310-75e6-4dc3-b490-31f70dfa2fc7
243585,22,24.7,102,93,"2021-10-13 11:20:10",A302,6f6db310-75e6-4dc3-b490-31f70dfa2fc7
243596,30,23.7,76,93,"2021-10-13 11:36:15",A301,6f6db310-75e6-4dc3-b490-31f70dfa2fc7
243607,22,25,99,100,"2021-10-13 11:50:41",A302,6f6db310-75e6-4dc3-b490-31f70dfa2fc7
243617,30,23.9,75,100,"2021-10-13 12:06:43",A301,6f6db310-75e6-4dc3-b490-31f70dfa2fc7
243629,22,25.3,99,100,"2021-10-13 12:21:15",A302,6f6db310-75e6-4dc3-b490-31f70dfa2fc7
243639,30,24,74,100,"2021-10-13 12:37:13",A301,6f6db310-75e6-4dc3-b490-31f70dfa2fc7
243653,22,25.4,99,100,"2021-10-13 12:51:51",A302,6f6db310-75e6-4dc3-b490-31f70dfa2fc7
243663,30,24.1,73,100,"2021-10-13 13:07:44",A301,6f6db310-75e6-4dc3-b490-31f70dfa2fc7
243675,22,25.5,99,100,"2021-10-13 13:22:25",A302,6f6db310-75e6-4dc3-b490-31f70dfa2fc7
243685,29,24.2,72,93,"2021-10-13 13:38:15",A301,6f6db310-75e6-4dc3-b490-31f70dfa2fc7
243708,29,24.3,72,93,"2021-10-13 14:08:45",A301,6f6db310-75e6-4dc3-b490-31f70dfa2fc7
243721,22,25.7,99,93,"2021-10-13 14:23:21",A302,6f6db310-75e6-4dc3-b490-31f70dfa2fc7
243733,29,24.3,71,93,"2021-10-13 14:39:12",A301,6f6db310-75e6-4dc3-b490-31f70dfa2fc7
243745,22,25.6,100,93,"2021-10-13 14:53:38",A302,6f6db310-75e6-4dc3-b490-31f70dfa2fc7
243759,29,24.4,71,86,"2021-10-13 15:09:38",A301,6f6db310-75e6-4dc3-b490-31f70dfa2fc7
243771,22,25.5,99,86,"2021-10-13 15:23:50",A302,6f6db310-75e6-4dc3-b490-31f70dfa2fc7
243788,29,24.4,71,86,"2021-10-13 15:40:03",A301,6f6db310-75e6-4dc3-b490-31f70dfa2fc7
243814,29,24.4,70,86,"2021-10-13 16:10:27",A301,6f6db310-75e6-4dc3-b490-31f70dfa2fc7
243825,22,25.2,101,86,"2021-10-13 16:24:14",A302,6f6db310-75e6-4dc3-b490-31f70dfa2fc7
243842,29,24.4,70,86,"2021-10-13 16:40:50",A301,6f6db310-75e6-4dc3-b490-31f70dfa2fc7
243854,22,25,101,86,"2021-10-13 16:54:25",A302,6f6db310-75e6-4dc3-b490-31f70dfa2fc7
243871,29,24.4,71,86,"2021-10-13 17:11:12",A301,6f6db310-75e6-4dc3-b490-31f70dfa2fc7
243882,22,24.8,102,86,"2021-10-13 17:24:34",A302,6f6db310-75e6-4dc3-b490-31f70dfa2fc7
243899,29,24.3,70,86,"2021-10-13 17:41:34",A301,6f6db310-75e6-4dc3-b490-31f70dfa2fc7
243909,22,24.6,100,86,"2021-10-13 17:54:45",A302,6f6db310-75e6-4dc3-b490-31f70dfa2fc7
243927,29,24.3,70,86,"2021-10-13 18:11:56",A301,6f6db310-75e6-4dc3-b490-31f70dfa2fc7
243938,22,24.5,101,86,"2021-10-13 18:24:55",A302,6f6db310-75e6-4dc3-b490-31f70dfa2fc7
243956,29,24.2,70,86,"2021-10-13 18:42:17",A301,6f6db310-75e6-4dc3-b490-31f70dfa2fc7
243967,22,24.3,99,86,"2021-10-13 18:55:05",A302,6f6db310-75e6-4dc3-b490-31f70dfa2fc7
243985,29,24.2,70,86,"2021-10-13 19:12:38",A301,6f6db310-75e6-4dc3-b490-31f70dfa2fc7
243996,22,24.2,101,86,"2021-10-13 19:25:13",A302,6f6db310-75e6-4dc3-b490-31f70dfa2fc7
244013,29,24.1,70,86,"2021-10-13 19:42:58",A301,6f6db310-75e6-4dc3-b490-31f70dfa2fc7
244023,22,24,100,86,"2021-10-13 19:55:20",A302,6f6db310-75e6-4dc3-b490-31f70dfa2fc7
244040,29,24,70,86,"2021-10-13 20:13:19",A301,6f6db310-75e6-4dc3-b490-31f70dfa2fc7
244050,22,23.9,101,86,"2021-10-13 20:25:28",A302,6f6db310-75e6-4dc3-b490-31f70dfa2fc7
244068,29,23.9,69,86,"2021-10-13 20:43:39",A301,6f6db310-75e6-4dc3-b490-31f70dfa2fc7
244080,22,23.7,101,86,"2021-10-13 20:55:37",A302,6f6db310-75e6-4dc3-b490-31f70dfa2fc7
244097,29,23.9,70,86,"2021-10-13 21:13:59",A301,6f6db310-75e6-4dc3-b490-31f70dfa2fc7
244109,22,23.6,100,86,"2021-10-13 21:25:44",A302,6f6db310-75e6-4dc3-b490-31f70dfa2fc7
244126,29,23.8,70,86,"2021-10-13 21:44:18",A301,6f6db310-75e6-4dc3-b490-31f70dfa2fc7
244136,22,23.5,99,86,"2021-10-13 21:55:51",A302,6f6db310-75e6-4dc3-b490-31f70dfa2fc7
244153,29,23.7,70,86,"2021-10-13 22:14:38",A301,6f6db310-75e6-4dc3-b490-31f70dfa2fc7
244166,22,23.3,102,86,"2021-10-13 22:25:58",A302,6f6db310-75e6-4dc3-b490-31f70dfa2fc7
244183,29,23.6,69,86,"2021-10-13 22:44:58",A301,6f6db310-75e6-4dc3-b490-31f70dfa2fc7
244194,22,23.2,101,86,"2021-10-13 22:56:06",A302,6f6db310-75e6-4dc3-b490-31f70dfa2fc7
244212,29,23.5,69,86,"2021-10-13 23:15:18",A301,6f6db310-75e6-4dc3-b490-31f70dfa2fc7
244223,22,23.1,102,86,"2021-10-13 23:26:12",A302,6f6db310-75e6-4dc3-b490-31f70dfa2fc7
244242,29,23.4,69,86,"2021-10-13 23:45:38",A301,6f6db310-75e6-4dc3-b490-31f70dfa2fc7
244253,22,23,102,86,"2021-10-13 23:56:20",A302,6f6db310-75e6-4dc3-b490-31f70dfa2fc7
244271,29,23.3,69,86,"2021-10-14 00:15:57",A301,6f6db310-75e6-4dc3-b490-31f70dfa2fc7
244282,22,23,101,86,"2021-10-14 00:26:26",A302,6f6db310-75e6-4dc3-b490-31f70dfa2fc7
244301,29,23.3,69,86,"2021-10-14 00:46:17",A301,6f6db310-75e6-4dc3-b490-31f70dfa2fc7
244311,22,22.9,102,86,"2021-10-14 00:56:35",A302,6f6db310-75e6-4dc3-b490-31f70dfa2fc7
244330,29,23.2,69,86,"2021-10-14 01:16:36",A301,6f6db310-75e6-4dc3-b490-31f70dfa2fc7
244340,22,22.8,101,86,"2021-10-14 01:26:40",A302,6f6db310-75e6-4dc3-b490-31f70dfa2fc7
244360,29,23.1,69,86,"2021-10-14 01:46:55",A301,6f6db310-75e6-4dc3-b490-31f70dfa2fc7
244364,22,22.7,101,86,"2021-10-14 01:56:46",A302,6f6db310-75e6-4dc3-b490-31f70dfa2fc7
244384,29,23,68,86,"2021-10-14 02:17:15",A301,6f6db310-75e6-4dc3-b490-31f70dfa2fc7
244394,22,22.6,101,86,"2021-10-14 02:26:53",A302,6f6db310-75e6-4dc3-b490-31f70dfa2fc7
244414,29,23,68,86,"2021-10-14 02:47:35",A301,6f6db310-75e6-4dc3-b490-31f70dfa2fc7
244424,22,22.5,102,86,"2021-10-14 02:57:00",A302,6f6db310-75e6-4dc3-b490-31f70dfa2fc7
244444,29,22.9,68,86,"2021-10-14 03:17:54",A301,6f6db310-75e6-4dc3-b490-31f70dfa2fc7
244454,22,22.5,101,86,"2021-10-14 03:27:07",A302,6f6db310-75e6-4dc3-b490-31f70dfa2fc7
244474,29,22.8,68,86,"2021-10-14 03:48:14",A301,6f6db310-75e6-4dc3-b490-31f70dfa2fc7
244483,22,22.4,101,86,"2021-10-14 03:57:16",A302,6f6db310-75e6-4dc3-b490-31f70dfa2fc7
244502,29,22.8,68,86,"2021-10-14 04:18:33",A301,6f6db310-75e6-4dc3-b490-31f70dfa2fc7
244512,22,22.4,101,86,"2021-10-14 04:27:22",A302,6f6db310-75e6-4dc3-b490-31f70dfa2fc7
244531,29,22.7,68,93,"2021-10-14 04:48:54",A301,6f6db310-75e6-4dc3-b490-31f70dfa2fc7
244541,22,22.3,101,93,"2021-10-14 04:57:32",A302,6f6db310-75e6-4dc3-b490-31f70dfa2fc7
244560,29,22.6,68,93,"2021-10-14 05:19:18",A301,6f6db310-75e6-4dc3-b490-31f70dfa2fc7
244578,22,22.3,100,93,"2021-10-14 05:27:44",A302,6f6db310-75e6-4dc3-b490-31f70dfa2fc7
244650,29,22.6,67,93,"2021-10-14 05:49:42",A301,6f6db310-75e6-4dc3-b490-31f70dfa2fc7
244660,22,22.3,99,93,"2021-10-14 05:58:01",A302,6f6db310-75e6-4dc3-b490-31f70dfa2fc7
244677,29,22.6,67,93,"2021-10-14 06:20:09",A301,6f6db310-75e6-4dc3-b490-31f70dfa2fc7
244686,22,22.4,99,93,"2021-10-14 06:28:19",A302,6f6db310-75e6-4dc3-b490-31f70dfa2fc7
244706,29,22.6,67,93,"2021-10-14 06:50:38",A301,6f6db310-75e6-4dc3-b490-31f70dfa2fc7
244716,22,22.5,98,93,"2021-10-14 06:58:39",A302,6f6db310-75e6-4dc3-b490-31f70dfa2fc7
244736,29,22.6,67,93,"2021-10-14 07:21:08",A301,6f6db310-75e6-4dc3-b490-31f70dfa2fc7
244746,22,22.7,98,100,"2021-10-14 07:28:59",A302,6f6db310-75e6-4dc3-b490-31f70dfa2fc7
244765,28,22.7,66,93,"2021-10-14 07:51:37",A301,6f6db310-75e6-4dc3-b490-31f70dfa2fc7
244774,22,23,97,100,"2021-10-14 07:59:19",A302,6f6db310-75e6-4dc3-b490-31f70dfa2fc7
244793,28,22.8,66,93,"2021-10-14 08:22:06",A301,6f6db310-75e6-4dc3-b490-31f70dfa2fc7
244802,22,23.2,97,100,"2021-10-14 08:29:39",A302,6f6db310-75e6-4dc3-b490-31f70dfa2fc7
244822,28,23,66,100,"2021-10-14 08:52:34",A301,6f6db310-75e6-4dc3-b490-31f70dfa2fc7
244830,22,23.5,97,100,"2021-10-14 08:59:57",A302,6f6db310-75e6-4dc3-b490-31f70dfa2fc7
244857,22,23.8,96,100,"2021-10-14 09:30:17",A302,6f6db310-75e6-4dc3-b490-31f70dfa2fc7
244876,28,23.4,65,100,"2021-10-14 09:53:33",A301,6f6db310-75e6-4dc3-b490-31f70dfa2fc7
244902,28,23.6,65,100,"2021-10-14 10:24:02",A301,6f6db310-75e6-4dc3-b490-31f70dfa2fc7
244909,22,24.5,94,100,"2021-10-14 10:30:56",A302,6f6db310-75e6-4dc3-b490-31f70dfa2fc7
244930,28,23.8,65,100,"2021-10-14 10:54:33",A301,6f6db310-75e6-4dc3-b490-31f70dfa2fc7
244937,22,24.7,93,100,"2021-10-14 11:01:15",A302,6f6db310-75e6-4dc3-b490-31f70dfa2fc7
244959,27,23.9,65,100,"2021-10-14 11:25:00",A301,6f6db310-75e6-4dc3-b490-31f70dfa2fc7
244966,22,25.1,93,100,"2021-10-14 11:31:37",A302,6f6db310-75e6-4dc3-b490-31f70dfa2fc7
244988,27,24.1,64,100,"2021-10-14 11:55:28",A301,6f6db310-75e6-4dc3-b490-31f70dfa2fc7
244994,22,25.3,92,100,"2021-10-14 12:01:53",A302,6f6db310-75e6-4dc3-b490-31f70dfa2fc7
245016,27,24.2,64,100,"2021-10-14 12:25:57",A301,6f6db310-75e6-4dc3-b490-31f70dfa2fc7
245022,22,25.5,92,100,"2021-10-14 12:32:12",A302,6f6db310-75e6-4dc3-b490-31f70dfa2fc7
245043,27,24.3,64,100,"2021-10-14 12:56:25",A301,6f6db310-75e6-4dc3-b490-31f70dfa2fc7
245049,22,25.5,93,100,"2021-10-14 13:02:29",A302,6f6db310-75e6-4dc3-b490-31f70dfa2fc7
245072,27,24.4,64,100,"2021-10-14 13:26:52",A301,6f6db310-75e6-4dc3-b490-31f70dfa2fc7
245078,22,25.5,92,100,"2021-10-14 13:32:49",A302,6f6db310-75e6-4dc3-b490-31f70dfa2fc7
245101,27,24.5,64,100,"2021-10-14 13:57:20",A301,6f6db310-75e6-4dc3-b490-31f70dfa2fc7
245107,22,25.5,93,100,"2021-10-14 14:03:06",A302,6f6db310-75e6-4dc3-b490-31f70dfa2fc7
245129,27,24.6,63,93,"2021-10-14 14:27:47",A301,6f6db310-75e6-4dc3-b490-31f70dfa2fc7
245135,22,25.5,93,93,"2021-10-14 14:33:22",A302,6f6db310-75e6-4dc3-b490-31f70dfa2fc7
245156,27,24.6,63,86,"2021-10-14 14:58:12",A301,6f6db310-75e6-4dc3-b490-31f70dfa2fc7
245161,22,25.4,92,86,"2021-10-14 15:03:38",A302,6f6db310-75e6-4dc3-b490-31f70dfa2fc7
245184,27,24.6,64,86,"2021-10-14 15:28:36",A301,6f6db310-75e6-4dc3-b490-31f70dfa2fc7
245189,22,25.3,92,86,"2021-10-14 15:33:48",A302,6f6db310-75e6-4dc3-b490-31f70dfa2fc7
245212,27,24.7,63,86,"2021-10-14 15:58:59",A301,6f6db310-75e6-4dc3-b490-31f70dfa2fc7
245216,22,25.1,93,86,"2021-10-14 16:04:00",A302,6f6db310-75e6-4dc3-b490-31f70dfa2fc7
245241,27,24.6,63,86,"2021-10-14 16:29:21",A301,6f6db310-75e6-4dc3-b490-31f70dfa2fc7
245243,22,24.9,93,86,"2021-10-14 16:34:10",A302,6f6db310-75e6-4dc3-b490-31f70dfa2fc7
245269,27,24.6,63,86,"2021-10-14 16:59:44",A301,6f6db310-75e6-4dc3-b490-31f70dfa2fc7
245297,27,24.5,63,86,"2021-10-14 17:30:06",A301,6f6db310-75e6-4dc3-b490-31f70dfa2fc7
245299,22,24.6,93,86,"2021-10-14 17:34:32",A302,6f6db310-75e6-4dc3-b490-31f70dfa2fc7
245326,27,24.5,63,86,"2021-10-14 18:00:27",A301,6f6db310-75e6-4dc3-b490-31f70dfa2fc7
245328,22,24.5,92,86,"2021-10-14 18:04:41",A302,6f6db310-75e6-4dc3-b490-31f70dfa2fc7
245354,27,24.4,63,86,"2021-10-14 18:30:49",A301,6f6db310-75e6-4dc3-b490-31f70dfa2fc7
245356,22,24.3,92,86,"2021-10-14 18:34:52",A302,6f6db310-75e6-4dc3-b490-31f70dfa2fc7
245382,27,24.3,63,86,"2021-10-14 19:01:09",A301,6f6db310-75e6-4dc3-b490-31f70dfa2fc7
245384,22,24.2,93,86,"2021-10-14 19:04:58",A302,6f6db310-75e6-4dc3-b490-31f70dfa2fc7
245410,27,24.2,63,86,"2021-10-14 19:31:30",A301,6f6db310-75e6-4dc3-b490-31f70dfa2fc7
245412,22,24.1,92,86,"2021-10-14 19:35:07",A302,6f6db310-75e6-4dc3-b490-31f70dfa2fc7
245439,27,24.2,63,86,"2021-10-14 20:01:50",A301,6f6db310-75e6-4dc3-b490-31f70dfa2fc7
245441,22,23.9,93,86,"2021-10-14 20:05:14",A302,6f6db310-75e6-4dc3-b490-31f70dfa2fc7
245467,27,24.1,63,86,"2021-10-14 20:32:09",A301,6f6db310-75e6-4dc3-b490-31f70dfa2fc7
245469,22,23.8,93,86,"2021-10-14 20:35:23",A302,6f6db310-75e6-4dc3-b490-31f70dfa2fc7
245496,27,24,63,86,"2021-10-14 21:02:29",A301,6f6db310-75e6-4dc3-b490-31f70dfa2fc7
245498,22,23.7,93,86,"2021-10-14 21:05:29",A302,6f6db310-75e6-4dc3-b490-31f70dfa2fc7
245525,27,23.9,63,86,"2021-10-14 21:32:48",A301,6f6db310-75e6-4dc3-b490-31f70dfa2fc7
245527,22,23.5,92,86,"2021-10-14 21:35:34",A302,6f6db310-75e6-4dc3-b490-31f70dfa2fc7
245555,22,23.4,93,86,"2021-10-14 22:05:41",A302,6f6db310-75e6-4dc3-b490-31f70dfa2fc7
245580,27,23.7,63,86,"2021-10-14 22:33:27",A301,6f6db310-75e6-4dc3-b490-31f70dfa2fc7
245582,22,23.3,92,86,"2021-10-14 22:35:47",A302,6f6db310-75e6-4dc3-b490-31f70dfa2fc7
245609,27,23.6,63,86,"2021-10-14 23:03:45",A301,6f6db310-75e6-4dc3-b490-31f70dfa2fc7
245611,22,23.2,92,86,"2021-10-14 23:05:53",A302,6f6db310-75e6-4dc3-b490-31f70dfa2fc7
245638,27,23.5,63,86,"2021-10-14 23:34:04",A301,6f6db310-75e6-4dc3-b490-31f70dfa2fc7
245640,22,23,93,86,"2021-10-14 23:35:58",A302,6f6db310-75e6-4dc3-b490-31f70dfa2fc7
245667,27,23.4,62,86,"2021-10-15 00:04:22",A301,6f6db310-75e6-4dc3-b490-31f70dfa2fc7
245668,22,22.9,92,86,"2021-10-15 00:06:03",A302,6f6db310-75e6-4dc3-b490-31f70dfa2fc7
245696,27,23.4,62,86,"2021-10-15 00:34:41",A301,6f6db310-75e6-4dc3-b490-31f70dfa2fc7
245697,22,22.8,93,86,"2021-10-15 00:36:09",A302,6f6db310-75e6-4dc3-b490-31f70dfa2fc7
245725,27,23.3,63,86,"2021-10-15 01:04:59",A301,6f6db310-75e6-4dc3-b490-31f70dfa2fc7
245726,22,22.7,93,86,"2021-10-15 01:06:14",A302,6f6db310-75e6-4dc3-b490-31f70dfa2fc7
245754,27,23.2,62,86,"2021-10-15 01:35:18",A301,6f6db310-75e6-4dc3-b490-31f70dfa2fc7
245755,22,22.6,93,86,"2021-10-15 01:36:20",A302,6f6db310-75e6-4dc3-b490-31f70dfa2fc7
245783,27,23.1,62,86,"2021-10-15 02:05:36",A301,6f6db310-75e6-4dc3-b490-31f70dfa2fc7
245784,22,22.5,92,86,"2021-10-15 02:06:25",A302,6f6db310-75e6-4dc3-b490-31f70dfa2fc7
245812,27,23,62,86,"2021-10-15 02:35:55",A301,6f6db310-75e6-4dc3-b490-31f70dfa2fc7
245813,22,22.4,93,86,"2021-10-15 02:36:30",A302,6f6db310-75e6-4dc3-b490-31f70dfa2fc7
245841,27,22.9,62,86,"2021-10-15 03:06:13",A301,6f6db310-75e6-4dc3-b490-31f70dfa2fc7
245842,22,22.3,93,86,"2021-10-15 03:06:34",A302,6f6db310-75e6-4dc3-b490-31f70dfa2fc7
245870,27,22.8,62,86,"2021-10-15 03:36:31",A301,6f6db310-75e6-4dc3-b490-31f70dfa2fc7
245871,22,22.2,93,86,"2021-10-15 03:36:41",A302,6f6db310-75e6-4dc3-b490-31f70dfa2fc7
245898,22,22.1,93,86,"2021-10-15 04:06:46",A302,6f6db310-75e6-4dc3-b490-31f70dfa2fc7
245899,27,22.7,62,86,"2021-10-15 04:06:49",A301,6f6db310-75e6-4dc3-b490-31f70dfa2fc7
245927,22,22.1,93,86,"2021-10-15 04:36:51",A302,6f6db310-75e6-4dc3-b490-31f70dfa2fc7
245928,27,22.6,62,86,"2021-10-15 04:37:07",A301,6f6db310-75e6-4dc3-b490-31f70dfa2fc7
245956,22,22,93,93,"2021-10-15 05:06:55",A302,6f6db310-75e6-4dc3-b490-31f70dfa2fc7
245957,27,22.6,62,93,"2021-10-15 05:07:26",A301,6f6db310-75e6-4dc3-b490-31f70dfa2fc7
245983,22,22,93,93,"2021-10-15 05:37:05",A302,6f6db310-75e6-4dc3-b490-31f70dfa2fc7
245985,27,22.5,62,93,"2021-10-15 05:37:46",A301,6f6db310-75e6-4dc3-b490-31f70dfa2fc7
246012,22,22,93,93,"2021-10-15 06:07:13",A302,6f6db310-75e6-4dc3-b490-31f70dfa2fc7
246014,27,22.4,62,93,"2021-10-15 06:08:07",A301,6f6db310-75e6-4dc3-b490-31f70dfa2fc7
246040,22,22,90,93,"2021-10-15 06:37:24",A302,6f6db310-75e6-4dc3-b490-31f70dfa2fc7
246042,27,22.4,62,93,"2021-10-15 06:38:32",A301,6f6db310-75e6-4dc3-b490-31f70dfa2fc7
246067,22,22.1,89,93,"2021-10-15 07:07:39",A302,6f6db310-75e6-4dc3-b490-31f70dfa2fc7
246069,27,22.3,62,93,"2021-10-15 07:08:55",A301,6f6db310-75e6-4dc3-b490-31f70dfa2fc7
246094,22,22.3,89,100,"2021-10-15 07:37:56",A302,6f6db310-75e6-4dc3-b490-31f70dfa2fc7
246096,27,22.4,61,93,"2021-10-15 07:39:23",A301,6f6db310-75e6-4dc3-b490-31f70dfa2fc7
246122,22,22.5,89,100,"2021-10-15 08:08:13",A302,6f6db310-75e6-4dc3-b490-31f70dfa2fc7
246123,26,22.4,61,100,"2021-10-15 08:09:50",A301,6f6db310-75e6-4dc3-b490-31f70dfa2fc7
246151,22,22.8,88,93,"2021-10-15 08:38:30",A302,6f6db310-75e6-4dc3-b490-31f70dfa2fc7
246152,26,22.5,61,100,"2021-10-15 08:40:18",A301,6f6db310-75e6-4dc3-b490-31f70dfa2fc7
246180,22,23.1,88,100,"2021-10-15 09:08:47",A302,6f6db310-75e6-4dc3-b490-31f70dfa2fc7
246181,26,22.7,60,100,"2021-10-15 09:10:46",A301,6f6db310-75e6-4dc3-b490-31f70dfa2fc7
246209,22,23.4,87,100,"2021-10-15 09:39:05",A302,6f6db310-75e6-4dc3-b490-31f70dfa2fc7
246234,22,23.8,85,100,"2021-10-15 10:09:24",A302,6f6db310-75e6-4dc3-b490-31f70dfa2fc7
246263,22,24.3,85,100,"2021-10-15 10:39:43",A302,6f6db310-75e6-4dc3-b490-31f70dfa2fc7
246264,25,23.4,59,100,"2021-10-15 10:42:12",A301,6f6db310-75e6-4dc3-b490-31f70dfa2fc7
246290,22,24.7,85,100,"2021-10-15 11:10:02",A302,6f6db310-75e6-4dc3-b490-31f70dfa2fc7
246292,25,23.6,59,100,"2021-10-15 11:12:41",A301,6f6db310-75e6-4dc3-b490-31f70dfa2fc7
246319,21,25,84,100,"2021-10-15 11:40:19",A302,6f6db310-75e6-4dc3-b490-31f70dfa2fc7
246321,25,23.8,59,100,"2021-10-15 11:43:09",A301,6f6db310-75e6-4dc3-b490-31f70dfa2fc7
246349,21,25.3,83,100,"2021-10-15 12:10:41",A302,6f6db310-75e6-4dc3-b490-31f70dfa2fc7
246351,25,24,58,100,"2021-10-15 12:13:38",A301,6f6db310-75e6-4dc3-b490-31f70dfa2fc7
246379,21,25.5,83,93,"2021-10-15 12:40:58",A302,6f6db310-75e6-4dc3-b490-31f70dfa2fc7
246386,25,24.2,58,93,"2021-10-15 12:47:55",A301,6f6db310-75e6-4dc3-b490-31f70dfa2fc7
246407,21,25.5,83,93,"2021-10-15 13:11:14",A302,6f6db310-75e6-4dc3-b490-31f70dfa2fc7
246414,25,24.3,58,86,"2021-10-15 13:18:15",A301,6f6db310-75e6-4dc3-b490-31f70dfa2fc7
246435,21,25.5,82,93,"2021-10-15 13:41:27",A302,6f6db310-75e6-4dc3-b490-31f70dfa2fc7
246442,25,24.5,58,93,"2021-10-15 13:48:35",A301,6f6db310-75e6-4dc3-b490-31f70dfa2fc7
246463,21,25.4,82,100,"2021-10-15 14:11:43",A302,6f6db310-75e6-4dc3-b490-31f70dfa2fc7
246470,25,24.6,58,93,"2021-10-15 14:18:58",A301,6f6db310-75e6-4dc3-b490-31f70dfa2fc7
246492,21,25.3,83,93,"2021-10-15 14:42:04",A302,6f6db310-75e6-4dc3-b490-31f70dfa2fc7
246499,25,24.7,58,86,"2021-10-15 14:49:22",A301,6f6db310-75e6-4dc3-b490-31f70dfa2fc7
246521,26,25.2,152,86,"2021-10-15 15:12:14",A302,6f6db310-75e6-4dc3-b490-31f70dfa2fc7
246528,31,24.7,71,86,"2021-10-15 15:19:40",A301,6f6db310-75e6-4dc3-b490-31f70dfa2fc7
246550,26,24.9,146,86,"2021-10-15 15:42:24",A302,6f6db310-75e6-4dc3-b490-31f70dfa2fc7
246558,31,24.7,69,86,"2021-10-15 15:49:58",A301,6f6db310-75e6-4dc3-b490-31f70dfa2fc7
246579,26,24.7,144,86,"2021-10-15 16:12:48",A302,6f6db310-75e6-4dc3-b490-31f70dfa2fc7
246587,31,24.6,69,86,"2021-10-15 16:20:14",A301,6f6db310-75e6-4dc3-b490-31f70dfa2fc7
246609,26,24.5,140,86,"2021-10-15 16:43:10",A302,6f6db310-75e6-4dc3-b490-31f70dfa2fc7
246616,30,24.5,68,86,"2021-10-15 16:50:31",A301,6f6db310-75e6-4dc3-b490-31f70dfa2fc7
246637,26,24.3,138,86,"2021-10-15 17:13:35",A302,6f6db310-75e6-4dc3-b490-31f70dfa2fc7
246664,26,24.2,139,86,"2021-10-15 17:43:58",A302,6f6db310-75e6-4dc3-b490-31f70dfa2fc7
246670,30,24.3,67,86,"2021-10-15 17:51:04",A301,6f6db310-75e6-4dc3-b490-31f70dfa2fc7
246691,26,24.1,137,86,"2021-10-15 18:14:19",A302,6f6db310-75e6-4dc3-b490-31f70dfa2fc7
246698,30,24.3,67,86,"2021-10-15 18:21:21",A301,6f6db310-75e6-4dc3-b490-31f70dfa2fc7
246718,26,23.9,136,86,"2021-10-15 18:44:43",A302,6f6db310-75e6-4dc3-b490-31f70dfa2fc7
246725,30,24.2,66,86,"2021-10-15 18:51:38",A301,6f6db310-75e6-4dc3-b490-31f70dfa2fc7
246748,26,23.8,136,86,"2021-10-15 19:15:05",A302,6f6db310-75e6-4dc3-b490-31f70dfa2fc7
246756,30,24.1,66,86,"2021-10-15 19:21:55",A301,6f6db310-75e6-4dc3-b490-31f70dfa2fc7
246778,26,23.7,135,86,"2021-10-15 19:45:27",A302,6f6db310-75e6-4dc3-b490-31f70dfa2fc7
246785,30,24,66,86,"2021-10-15 19:52:11",A301,6f6db310-75e6-4dc3-b490-31f70dfa2fc7
246808,25,23.6,131,86,"2021-10-15 20:15:49",A302,6f6db310-75e6-4dc3-b490-31f70dfa2fc7
246837,25,23.6,134,86,"2021-10-15 20:46:13",A302,6f6db310-75e6-4dc3-b490-31f70dfa2fc7
246844,30,23.9,66,86,"2021-10-15 20:52:44",A301,6f6db310-75e6-4dc3-b490-31f70dfa2fc7
246866,25,23.5,133,86,"2021-10-15 21:16:34",A302,6f6db310-75e6-4dc3-b490-31f70dfa2fc7
246873,30,23.8,65,86,"2021-10-15 21:23:00",A301,6f6db310-75e6-4dc3-b490-31f70dfa2fc7
246894,25,23.4,134,86,"2021-10-15 21:46:57",A302,6f6db310-75e6-4dc3-b490-31f70dfa2fc7
246899,30,23.7,65,86,"2021-10-15 21:53:16",A301,6f6db310-75e6-4dc3-b490-31f70dfa2fc7
246922,25,23.3,133,86,"2021-10-15 22:17:18",A302,6f6db310-75e6-4dc3-b490-31f70dfa2fc7
246927,30,23.6,65,86,"2021-10-15 22:23:32",A301,6f6db310-75e6-4dc3-b490-31f70dfa2fc7
246949,25,23.2,130,86,"2021-10-15 22:47:40",A302,6f6db310-75e6-4dc3-b490-31f70dfa2fc7
246954,30,23.6,65,86,"2021-10-15 22:53:48",A301,6f6db310-75e6-4dc3-b490-31f70dfa2fc7
246978,25,23.2,129,86,"2021-10-15 23:18:01",A302,6f6db310-75e6-4dc3-b490-31f70dfa2fc7
246983,30,23.5,65,86,"2021-10-15 23:24:04",A301,6f6db310-75e6-4dc3-b490-31f70dfa2fc7
247006,25,23.1,130,86,"2021-10-15 23:48:24",A302,6f6db310-75e6-4dc3-b490-31f70dfa2fc7
247011,30,23.4,65,86,"2021-10-15 23:54:20",A301,6f6db310-75e6-4dc3-b490-31f70dfa2fc7
247032,25,23,130,86,"2021-10-16 00:18:44",A302,6f6db310-75e6-4dc3-b490-31f70dfa2fc7
247037,30,23.4,65,86,"2021-10-16 00:24:35",A301,6f6db310-75e6-4dc3-b490-31f70dfa2fc7
247059,25,22.9,131,86,"2021-10-16 00:49:06",A302,6f6db310-75e6-4dc3-b490-31f70dfa2fc7
247063,30,23.3,65,86,"2021-10-16 00:54:51",A301,6f6db310-75e6-4dc3-b490-31f70dfa2fc7
247087,25,22.8,130,86,"2021-10-16 01:19:26",A302,6f6db310-75e6-4dc3-b490-31f70dfa2fc7
247092,30,23.2,65,86,"2021-10-16 01:25:06",A301,6f6db310-75e6-4dc3-b490-31f70dfa2fc7
247115,25,22.8,130,86,"2021-10-16 01:49:47",A302,6f6db310-75e6-4dc3-b490-31f70dfa2fc7
247120,30,23.2,65,86,"2021-10-16 01:55:22",A301,6f6db310-75e6-4dc3-b490-31f70dfa2fc7
247143,25,22.7,130,86,"2021-10-16 02:20:08",A302,6f6db310-75e6-4dc3-b490-31f70dfa2fc7
247148,30,23.1,64,86,"2021-10-16 02:25:37",A301,6f6db310-75e6-4dc3-b490-31f70dfa2fc7
247170,25,22.6,131,86,"2021-10-16 02:50:29",A302,6f6db310-75e6-4dc3-b490-31f70dfa2fc7
247175,30,23,64,86,"2021-10-16 02:55:52",A301,6f6db310-75e6-4dc3-b490-31f70dfa2fc7
247197,25,22.6,129,86,"2021-10-16 03:20:49",A302,6f6db310-75e6-4dc3-b490-31f70dfa2fc7
247202,30,23,64,86,"2021-10-16 03:26:07",A301,6f6db310-75e6-4dc3-b490-31f70dfa2fc7
247225,25,22.5,128,86,"2021-10-16 03:51:10",A302,6f6db310-75e6-4dc3-b490-31f70dfa2fc7
247230,30,22.9,64,86,"2021-10-16 03:56:23",A301,6f6db310-75e6-4dc3-b490-31f70dfa2fc7
247254,25,22.4,127,86,"2021-10-16 04:21:31",A302,6f6db310-75e6-4dc3-b490-31f70dfa2fc7
247258,30,22.9,64,86,"2021-10-16 04:26:38",A301,6f6db310-75e6-4dc3-b490-31f70dfa2fc7
247282,25,22.4,128,86,"2021-10-16 04:51:53",A302,6f6db310-75e6-4dc3-b490-31f70dfa2fc7
247286,30,22.8,64,86,"2021-10-16 04:56:54",A301,6f6db310-75e6-4dc3-b490-31f70dfa2fc7
247310,25,22.4,129,93,"2021-10-16 05:22:15",A302,6f6db310-75e6-4dc3-b490-31f70dfa2fc7
247314,30,22.7,64,93,"2021-10-16 05:27:10",A301,6f6db310-75e6-4dc3-b490-31f70dfa2fc7
247338,25,22.4,129,93,"2021-10-16 05:52:39",A302,6f6db310-75e6-4dc3-b490-31f70dfa2fc7
247368,25,22.4,128,93,"2021-10-16 06:23:10",A302,6f6db310-75e6-4dc3-b490-31f70dfa2fc7
247396,25,22.5,125,100,"2021-10-16 06:53:39",A302,6f6db310-75e6-4dc3-b490-31f70dfa2fc7
247424,25,22.6,125,93,"2021-10-16 07:24:15",A302,6f6db310-75e6-4dc3-b490-31f70dfa2fc7
247452,25,22.8,122,100,"2021-10-16 07:54:48",A302,6f6db310-75e6-4dc3-b490-31f70dfa2fc7
247480,25,23.1,123,100,"2021-10-16 08:25:20",A302,6f6db310-75e6-4dc3-b490-31f70dfa2fc7
247507,25,23.32,119,100,"2021-10-16 08:55:53",A302,6f6db310-75e6-4dc3-b490-31f70dfa2fc7
247535,25,23.7,119,100,"2021-10-16 09:26:26",A302,6f6db310-75e6-4dc3-b490-31f70dfa2fc7
247563,25,24,119,93,"2021-10-16 09:56:56",A302,6f6db310-75e6-4dc3-b490-31f70dfa2fc7
247592,25,24.3,115,93,"2021-10-16 10:27:23",A302,6f6db310-75e6-4dc3-b490-31f70dfa2fc7
247617,25,24.5,118,93,"2021-10-16 10:57:49",A302,6f6db310-75e6-4dc3-b490-31f70dfa2fc7
247645,25,24.5,119,86,"2021-10-16 11:28:13",A302,6f6db310-75e6-4dc3-b490-31f70dfa2fc7
247673,29,24.4,140,93,"2021-10-16 11:58:40",A302,6f6db310-75e6-4dc3-b490-31f70dfa2fc7
248636,25,21.8,86,65,"2021-10-17 07:52:00",A303,6f6db310-75e6-4dc3-b490-31f70dfa2fc7
248637,25,21.8,87,58,"2021-10-17 07:53:42",A303,6f6db310-75e6-4dc3-b490-31f70dfa2fc7
248645,28,22.2,168,100,"2021-10-17 08:03:26",A302,6f6db310-75e6-4dc3-b490-31f70dfa2fc7
248665,25,22.4,86,36,"2021-10-17 08:25:32",A303,6f6db310-75e6-4dc3-b490-31f70dfa2fc7
248670,28,22.4,169,100,"2021-10-17 08:34:01",A302,6f6db310-75e6-4dc3-b490-31f70dfa2fc7
248679,30,22.6,60,100,"2021-10-17 08:48:03",A301,6f6db310-75e6-4dc3-b490-31f70dfa2fc7
248691,25,23,85,43,"2021-10-17 08:55:55",A303,6f6db310-75e6-4dc3-b490-31f70dfa2fc7
248696,28,22.6,167,100,"2021-10-17 09:04:23",A302,6f6db310-75e6-4dc3-b490-31f70dfa2fc7
248714,30,22.8,60,100,"2021-10-17 09:22:21",A301,6f6db310-75e6-4dc3-b490-31f70dfa2fc7
248722,25,23.3,85,43,"2021-10-17 09:26:16",A303,6f6db310-75e6-4dc3-b490-31f70dfa2fc7
248727,28,22.9,166,100,"2021-10-17 09:34:49",A302,6f6db310-75e6-4dc3-b490-31f70dfa2fc7
248745,30,23.1,60,100,"2021-10-17 09:52:44",A301,6f6db310-75e6-4dc3-b490-31f70dfa2fc7
248754,24,23.6,85,43,"2021-10-17 09:56:41",A303,6f6db310-75e6-4dc3-b490-31f70dfa2fc7
248759,28,23.2,163,100,"2021-10-17 10:05:10",A302,6f6db310-75e6-4dc3-b490-31f70dfa2fc7
248773,29,23.3,59,100,"2021-10-17 10:23:06",A301,6f6db310-75e6-4dc3-b490-31f70dfa2fc7
248780,24,23.7,85,50,"2021-10-17 10:27:01",A303,6f6db310-75e6-4dc3-b490-31f70dfa2fc7
248786,28,23.7,162,100,"2021-10-17 10:35:30",A302,6f6db310-75e6-4dc3-b490-31f70dfa2fc7
248801,29,23.5,59,100,"2021-10-17 10:53:26",A301,6f6db310-75e6-4dc3-b490-31f70dfa2fc7
248808,24,23.8,85,50,"2021-10-17 10:57:24",A303,6f6db310-75e6-4dc3-b490-31f70dfa2fc7
248815,28,24.1,161,100,"2021-10-17 11:05:53",A302,6f6db310-75e6-4dc3-b490-31f70dfa2fc7
248828,29,23.7,59,93,"2021-10-17 11:23:48",A301,6f6db310-75e6-4dc3-b490-31f70dfa2fc7
248838,24,23.9,85,36,"2021-10-17 11:27:46",A303,6f6db310-75e6-4dc3-b490-31f70dfa2fc7
248845,28,24.3,162,93,"2021-10-17 11:36:13",A302,6f6db310-75e6-4dc3-b490-31f70dfa2fc7
248856,33,24.3,69,93,"2021-10-17 11:54:03",A301,6f6db310-75e6-4dc3-b490-31f70dfa2fc7
248866,33,24,107,0,"2021-10-17 11:58:00",A303,6f6db310-75e6-4dc3-b490-31f70dfa2fc7
248873,30,24.5,189,93,"2021-10-17 12:06:24",A302,6f6db310-75e6-4dc3-b490-31f70dfa2fc7
248883,32,24.3,67,93,"2021-10-17 12:24:21",A301,6f6db310-75e6-4dc3-b490-31f70dfa2fc7
248895,31,23.6,100,0,"2021-10-17 12:28:16",A303,6f6db310-75e6-4dc3-b490-31f70dfa2fc7
248902,30,24.3,200,93,"2021-10-17 12:36:39",A302,6f6db310-75e6-4dc3-b490-31f70dfa2fc7
248912,32,24.3,65,86,"2021-10-17 12:54:33",A301,6f6db310-75e6-4dc3-b490-31f70dfa2fc7
248922,30,23.5,97,0,"2021-10-17 12:58:32",A303,6f6db310-75e6-4dc3-b490-31f70dfa2fc7
248930,30,24.2,200,93,"2021-10-17 13:06:51",A302,6f6db310-75e6-4dc3-b490-31f70dfa2fc7
248940,31,24.2,64,86,"2021-10-17 13:24:49",A301,6f6db310-75e6-4dc3-b490-31f70dfa2fc7
248949,29,23.4,95,0,"2021-10-17 13:28:47",A303,6f6db310-75e6-4dc3-b490-31f70dfa2fc7
248958,30,24.1,199,93,"2021-10-17 13:37:04",A302,6f6db310-75e6-4dc3-b490-31f70dfa2fc7
248968,31,24.2,64,93,"2021-10-17 13:55:04",A301,6f6db310-75e6-4dc3-b490-31f70dfa2fc7
248978,28,23.3,94,0,"2021-10-17 13:59:02",A303,6f6db310-75e6-4dc3-b490-31f70dfa2fc7
248986,30,24,198,93,"2021-10-17 14:07:21",A302,6f6db310-75e6-4dc3-b490-31f70dfa2fc7
248995,31,24.2,64,86,"2021-10-17 14:25:20",A301,6f6db310-75e6-4dc3-b490-31f70dfa2fc7
249005,28,23.3,93,0,"2021-10-17 14:29:19",A303,6f6db310-75e6-4dc3-b490-31f70dfa2fc7
249013,29,23.9,197,93,"2021-10-17 14:37:32",A302,6f6db310-75e6-4dc3-b490-31f70dfa2fc7
249022,31,24.1,63,86,"2021-10-17 14:55:35",A301,6f6db310-75e6-4dc3-b490-31f70dfa2fc7
249033,28,23.28,92,0,"2021-10-17 14:59:35",A303,6f6db310-75e6-4dc3-b490-31f70dfa2fc7
249042,29,23.9,198,86,"2021-10-17 15:07:46",A302,6f6db310-75e6-4dc3-b490-31f70dfa2fc7
249051,31,24.1,63,86,"2021-10-17 15:25:49",A301,6f6db310-75e6-4dc3-b490-31f70dfa2fc7
249062,28,23.2,92,0,"2021-10-17 15:29:49",A303,6f6db310-75e6-4dc3-b490-31f70dfa2fc7
249071,29,23.8,196,86,"2021-10-17 15:37:59",A302,6f6db310-75e6-4dc3-b490-31f70dfa2fc7
249080,31,24.1,63,86,"2021-10-17 15:56:07",A301,6f6db310-75e6-4dc3-b490-31f70dfa2fc7
249090,28,23.2,91,0,"2021-10-17 16:00:09",A303,6f6db310-75e6-4dc3-b490-31f70dfa2fc7
249100,29,23.8,197,86,"2021-10-17 16:08:12",A302,6f6db310-75e6-4dc3-b490-31f70dfa2fc7
249108,31,24,63,86,"2021-10-17 16:26:18",A301,6f6db310-75e6-4dc3-b490-31f70dfa2fc7
249117,27,23.1,92,0,"2021-10-17 16:30:19",A303,6f6db310-75e6-4dc3-b490-31f70dfa2fc7
249126,29,23.7,197,86,"2021-10-17 16:38:25",A302,6f6db310-75e6-4dc3-b490-31f70dfa2fc7
249137,31,24,63,86,"2021-10-17 16:56:31",A301,6f6db310-75e6-4dc3-b490-31f70dfa2fc7
249145,27,23,89,0,"2021-10-17 17:00:32",A303,6f6db310-75e6-4dc3-b490-31f70dfa2fc7
249155,29,23.6,197,86,"2021-10-17 17:08:36",A302,6f6db310-75e6-4dc3-b490-31f70dfa2fc7
249165,31,23.9,62,86,"2021-10-17 17:26:45",A301,6f6db310-75e6-4dc3-b490-31f70dfa2fc7
249173,27,22.9,90,0,"2021-10-17 17:30:49",A303,6f6db310-75e6-4dc3-b490-31f70dfa2fc7
249183,29,23.5,195,86,"2021-10-17 17:38:47",A302,6f6db310-75e6-4dc3-b490-31f70dfa2fc7
249193,31,23.9,62,86,"2021-10-17 17:56:57",A301,6f6db310-75e6-4dc3-b490-31f70dfa2fc7
249201,27,22.8,90,0,"2021-10-17 18:00:58",A303,6f6db310-75e6-4dc3-b490-31f70dfa2fc7
249211,29,23.4,195,86,"2021-10-17 18:08:57",A302,6f6db310-75e6-4dc3-b490-31f70dfa2fc7
249220,31,23.8,62,86,"2021-10-17 18:27:10",A301,6f6db310-75e6-4dc3-b490-31f70dfa2fc7
249228,27,22.7,90,0,"2021-10-17 18:31:11",A303,6f6db310-75e6-4dc3-b490-31f70dfa2fc7
249238,29,23.3,196,86,"2021-10-17 18:39:07",A302,6f6db310-75e6-4dc3-b490-31f70dfa2fc7
249248,31,23.8,62,86,"2021-10-17 18:57:23",A301,6f6db310-75e6-4dc3-b490-31f70dfa2fc7
249257,27,22.6,90,0,"2021-10-17 19:01:25",A303,6f6db310-75e6-4dc3-b490-31f70dfa2fc7
249267,29,23.2,195,86,"2021-10-17 19:09:17",A302,6f6db310-75e6-4dc3-b490-31f70dfa2fc7
249277,31,23.7,62,86,"2021-10-17 19:27:35",A301,6f6db310-75e6-4dc3-b490-31f70dfa2fc7
249284,27,22.5,90,0,"2021-10-17 19:31:37",A303,6f6db310-75e6-4dc3-b490-31f70dfa2fc7
249295,29,23.1,194,86,"2021-10-17 19:39:27",A302,6f6db310-75e6-4dc3-b490-31f70dfa2fc7
249305,31,23.6,62,86,"2021-10-17 19:57:50",A301,6f6db310-75e6-4dc3-b490-31f70dfa2fc7
249311,27,22.4,90,0,"2021-10-17 20:01:51",A303,6f6db310-75e6-4dc3-b490-31f70dfa2fc7
249323,29,23,195,86,"2021-10-17 20:09:39",A302,6f6db310-75e6-4dc3-b490-31f70dfa2fc7
249333,31,23.6,62,86,"2021-10-17 20:28:00",A301,6f6db310-75e6-4dc3-b490-31f70dfa2fc7
249339,27,22.3,90,0,"2021-10-17 20:32:04",A303,6f6db310-75e6-4dc3-b490-31f70dfa2fc7
249351,29,22.9,195,86,"2021-10-17 20:39:48",A302,6f6db310-75e6-4dc3-b490-31f70dfa2fc7
249361,31,23.5,62,86,"2021-10-17 20:58:14",A301,6f6db310-75e6-4dc3-b490-31f70dfa2fc7
249365,27,22.2,90,0,"2021-10-17 21:02:15",A303,6f6db310-75e6-4dc3-b490-31f70dfa2fc7
249379,29,22.9,194,86,"2021-10-17 21:09:57",A302,6f6db310-75e6-4dc3-b490-31f70dfa2fc7
249387,31,23.4,62,86,"2021-10-17 21:28:25",A301,6f6db310-75e6-4dc3-b490-31f70dfa2fc7
249392,27,22.1,90,0,"2021-10-17 21:32:26",A303,6f6db310-75e6-4dc3-b490-31f70dfa2fc7
249406,29,22.8,193,86,"2021-10-17 21:40:05",A302,6f6db310-75e6-4dc3-b490-31f70dfa2fc7
249415,31,23.3,61,86,"2021-10-17 21:58:36",A301,6f6db310-75e6-4dc3-b490-31f70dfa2fc7
249420,27,22.1,90,0,"2021-10-17 22:02:39",A303,6f6db310-75e6-4dc3-b490-31f70dfa2fc7
249434,29,22.7,194,86,"2021-10-17 22:10:15",A302,6f6db310-75e6-4dc3-b490-31f70dfa2fc7
249443,31,23.2,61,86,"2021-10-17 22:28:47",A301,6f6db310-75e6-4dc3-b490-31f70dfa2fc7
249448,27,21.9,90,0,"2021-10-17 22:32:52",A303,6f6db310-75e6-4dc3-b490-31f70dfa2fc7
249462,29,22.6,191,86,"2021-10-17 22:40:24",A302,6f6db310-75e6-4dc3-b490-31f70dfa2fc7
249471,31,23.2,61,86,"2021-10-17 22:59:00",A301,6f6db310-75e6-4dc3-b490-31f70dfa2fc7
249475,27,21.9,90,0,"2021-10-17 23:03:03",A303,6f6db310-75e6-4dc3-b490-31f70dfa2fc7
249490,29,22.5,193,86,"2021-10-17 23:10:33",A302,6f6db310-75e6-4dc3-b490-31f70dfa2fc7
249499,31,23.1,61,86,"2021-10-17 23:29:11",A301,6f6db310-75e6-4dc3-b490-31f70dfa2fc7
249503,27,21.8,89,0,"2021-10-17 23:33:15",A303,6f6db310-75e6-4dc3-b490-31f70dfa2fc7
249518,29,22.4,193,86,"2021-10-17 23:40:42",A302,6f6db310-75e6-4dc3-b490-31f70dfa2fc7
249527,31,23,61,86,"2021-10-17 23:59:24",A301,6f6db310-75e6-4dc3-b490-31f70dfa2fc7
249531,27,21.7,89,0,"2021-10-18 00:03:28",A303,6f6db310-75e6-4dc3-b490-31f70dfa2fc7
249546,29,22.3,193,86,"2021-10-18 00:10:51",A302,6f6db310-75e6-4dc3-b490-31f70dfa2fc7
249555,31,22.9,61,86,"2021-10-18 00:29:35",A301,6f6db310-75e6-4dc3-b490-31f70dfa2fc7
249559,27,21.6,90,0,"2021-10-18 00:33:40",A303,6f6db310-75e6-4dc3-b490-31f70dfa2fc7
249574,29,22.3,193,86,"2021-10-18 00:41:01",A302,6f6db310-75e6-4dc3-b490-31f70dfa2fc7
249583,31,22.9,61,86,"2021-10-18 00:59:47",A301,6f6db310-75e6-4dc3-b490-31f70dfa2fc7
249587,27,21.6,89,0,"2021-10-18 01:03:52",A303,6f6db310-75e6-4dc3-b490-31f70dfa2fc7
249602,29,22.2,193,86,"2021-10-18 01:11:10",A302,6f6db310-75e6-4dc3-b490-31f70dfa2fc7
249611,31,22.8,61,86,"2021-10-18 01:30:00",A301,6f6db310-75e6-4dc3-b490-31f70dfa2fc7
249616,27,21.5,89,0,"2021-10-18 01:34:04",A303,6f6db310-75e6-4dc3-b490-31f70dfa2fc7
249630,29,22.2,192,86,"2021-10-18 01:41:20",A302,6f6db310-75e6-4dc3-b490-31f70dfa2fc7
249639,31,22.7,61,86,"2021-10-18 02:00:13",A301,6f6db310-75e6-4dc3-b490-31f70dfa2fc7
249643,27,21.4,88,0,"2021-10-18 02:04:17",A303,6f6db310-75e6-4dc3-b490-31f70dfa2fc7
249657,29,22.1,192,86,"2021-10-18 02:11:29",A302,6f6db310-75e6-4dc3-b490-31f70dfa2fc7
249665,31,22.6,60,86,"2021-10-18 02:30:24",A301,6f6db310-75e6-4dc3-b490-31f70dfa2fc7
249669,27,21.4,89,0,"2021-10-18 02:34:30",A303,6f6db310-75e6-4dc3-b490-31f70dfa2fc7
249682,29,22.1,191,86,"2021-10-18 02:41:38",A302,6f6db310-75e6-4dc3-b490-31f70dfa2fc7
249691,31,22.6,61,86,"2021-10-18 03:00:35",A301,6f6db310-75e6-4dc3-b490-31f70dfa2fc7
249695,27,21.3,88,0,"2021-10-18 03:04:42",A303,6f6db310-75e6-4dc3-b490-31f70dfa2fc7
249708,29,22,191,86,"2021-10-18 03:11:47",A302,6f6db310-75e6-4dc3-b490-31f70dfa2fc7
249721,27,21.2,88,0,"2021-10-18 03:34:54",A303,6f6db310-75e6-4dc3-b490-31f70dfa2fc7
249734,29,22,188,86,"2021-10-18 03:41:57",A302,6f6db310-75e6-4dc3-b490-31f70dfa2fc7
249744,31,22.5,60,86,"2021-10-18 04:00:58",A301,6f6db310-75e6-4dc3-b490-31f70dfa2fc7
249758,29,21.9,188,86,"2021-10-18 04:12:05",A302,6f6db310-75e6-4dc3-b490-31f70dfa2fc7
249769,31,22.4,61,86,"2021-10-18 04:31:11",A301,6f6db310-75e6-4dc3-b490-31f70dfa2fc7
249773,27,21.1,89,0,"2021-10-18 04:35:22",A303,6f6db310-75e6-4dc3-b490-31f70dfa2fc7
249784,29,21.9,191,86,"2021-10-18 04:42:16",A302,6f6db310-75e6-4dc3-b490-31f70dfa2fc7
249796,31,22.4,60,86,"2021-10-18 05:01:25",A301,6f6db310-75e6-4dc3-b490-31f70dfa2fc7
249809,29,21.8,190,93,"2021-10-18 05:12:26",A302,6f6db310-75e6-4dc3-b490-31f70dfa2fc7
249822,31,22.3,60,86,"2021-10-18 05:31:38",A301,6f6db310-75e6-4dc3-b490-31f70dfa2fc7
249825,27,21.1,88,0,"2021-10-18 05:35:46",A303,6f6db310-75e6-4dc3-b490-31f70dfa2fc7
249836,29,21.8,190,93,"2021-10-18 05:42:38",A302,6f6db310-75e6-4dc3-b490-31f70dfa2fc7
249849,31,22.3,60,93,"2021-10-18 06:01:52",A301,6f6db310-75e6-4dc3-b490-31f70dfa2fc7
249852,27,21.1,88,0,"2021-10-18 06:06:00",A303,6f6db310-75e6-4dc3-b490-31f70dfa2fc7
249863,29,21.8,189,93,"2021-10-18 06:12:52",A302,6f6db310-75e6-4dc3-b490-31f70dfa2fc7
249876,30,22.2,60,93,"2021-10-18 06:32:08",A301,6f6db310-75e6-4dc3-b490-31f70dfa2fc7
249879,27,21.1,88,0,"2021-10-18 06:36:17",A303,6f6db310-75e6-4dc3-b490-31f70dfa2fc7
249888,29,21.9,190,93,"2021-10-18 06:43:04",A302,6f6db310-75e6-4dc3-b490-31f70dfa2fc7
249903,31,22.2,60,93,"2021-10-18 07:02:22",A301,6f6db310-75e6-4dc3-b490-31f70dfa2fc7
249906,27,21.2,88,8,"2021-10-18 07:06:32",A303,6f6db310-75e6-4dc3-b490-31f70dfa2fc7
249914,29,21.9,190,93,"2021-10-18 07:13:20",A302,6f6db310-75e6-4dc3-b490-31f70dfa2fc7
249929,31,22.2,60,93,"2021-10-18 07:32:40",A301,6f6db310-75e6-4dc3-b490-31f70dfa2fc7
249933,26,21.3,88,8,"2021-10-18 07:36:51",A303,6f6db310-75e6-4dc3-b490-31f70dfa2fc7
249941,29,22,188,93,"2021-10-18 07:43:36",A302,6f6db310-75e6-4dc3-b490-31f70dfa2fc7
249956,30,22.2,60,93,"2021-10-18 08:02:58",A301,6f6db310-75e6-4dc3-b490-31f70dfa2fc7
249960,26,21.5,87,15,"2021-10-18 08:07:10",A303,6f6db310-75e6-4dc3-b490-31f70dfa2fc7
249968,29,22.1,188,100,"2021-10-18 08:13:56",A302,6f6db310-75e6-4dc3-b490-31f70dfa2fc7
249985,30,22.2,60,93,"2021-10-18 08:33:21",A301,6f6db310-75e6-4dc3-b490-31f70dfa2fc7
249988,26,21.9,87,22,"2021-10-18 08:37:33",A303,6f6db310-75e6-4dc3-b490-31f70dfa2fc7
249997,29,22.2,187,93,"2021-10-18 08:44:21",A302,6f6db310-75e6-4dc3-b490-31f70dfa2fc7
250013,30,22.3,60,100,"2021-10-18 09:03:43",A301,6f6db310-75e6-4dc3-b490-31f70dfa2fc7
250016,26,22.4,84,29,"2021-10-18 09:07:57",A303,6f6db310-75e6-4dc3-b490-31f70dfa2fc7
250025,29,22.5,185,100,"2021-10-18 09:14:43",A302,6f6db310-75e6-4dc3-b490-31f70dfa2fc7
250041,30,22.42,60,100,"2021-10-18 09:34:05",A301,6f6db310-75e6-4dc3-b490-31f70dfa2fc7
250044,25,22.7,86,29,"2021-10-18 09:38:18",A303,6f6db310-75e6-4dc3-b490-31f70dfa2fc7
250053,29,22.7,183,100,"2021-10-18 09:45:08",A302,6f6db310-75e6-4dc3-b490-31f70dfa2fc7
250071,30,22.6,59,100,"2021-10-18 10:04:26",A301,6f6db310-75e6-4dc3-b490-31f70dfa2fc7
250074,25,23,86,29,"2021-10-18 10:08:41",A303,6f6db310-75e6-4dc3-b490-31f70dfa2fc7
250084,29,23,180,100,"2021-10-18 10:15:29",A302,6f6db310-75e6-4dc3-b490-31f70dfa2fc7
250101,30,22.8,59,100,"2021-10-18 10:34:50",A301,6f6db310-75e6-4dc3-b490-31f70dfa2fc7
250104,25,23.3,85,36,"2021-10-18 10:39:03",A303,6f6db310-75e6-4dc3-b490-31f70dfa2fc7
250113,29,23.4,178,100,"2021-10-18 10:45:51",A302,6f6db310-75e6-4dc3-b490-31f70dfa2fc7
250132,29,23,59,100,"2021-10-18 11:05:11",A301,6f6db310-75e6-4dc3-b490-31f70dfa2fc7
250135,25,23.5,85,36,"2021-10-18 11:09:26",A303,6f6db310-75e6-4dc3-b490-31f70dfa2fc7
250144,29,23.8,176,100,"2021-10-18 11:16:14",A302,6f6db310-75e6-4dc3-b490-31f70dfa2fc7
250163,29,23.2,58,100,"2021-10-18 11:35:34",A301,6f6db310-75e6-4dc3-b490-31f70dfa2fc7
250166,24,23.6,85,36,"2021-10-18 11:39:50",A303,6f6db310-75e6-4dc3-b490-31f70dfa2fc7
250175,29,24.2,178,100,"2021-10-18 11:46:40",A302,6f6db310-75e6-4dc3-b490-31f70dfa2fc7
250194,29,23.4,58,100,"2021-10-18 12:05:56",A301,6f6db310-75e6-4dc3-b490-31f70dfa2fc7
250197,24,23.7,85,43,"2021-10-18 12:10:14",A303,6f6db310-75e6-4dc3-b490-31f70dfa2fc7
250206,28,24.5,177,100,"2021-10-18 12:17:04",A302,6f6db310-75e6-4dc3-b490-31f70dfa2fc7
250225,29,23.5,58,100,"2021-10-18 12:36:21",A301,6f6db310-75e6-4dc3-b490-31f70dfa2fc7
250228,24,23.8,85,43,"2021-10-18 12:40:38",A303,6f6db310-75e6-4dc3-b490-31f70dfa2fc7
250254,29,23.6,58,100,"2021-10-18 13:06:41",A301,6f6db310-75e6-4dc3-b490-31f70dfa2fc7
250259,24,23.9,84,50,"2021-10-18 13:11:02",A303,6f6db310-75e6-4dc3-b490-31f70dfa2fc7
250267,28,24.9,178,100,"2021-10-18 13:17:55",A302,6f6db310-75e6-4dc3-b490-31f70dfa2fc7
250286,28,23.8,58,100,"2021-10-18 13:37:06",A301,6f6db310-75e6-4dc3-b490-31f70dfa2fc7
250290,24,24,84,58,"2021-10-18 13:41:30",A303,6f6db310-75e6-4dc3-b490-31f70dfa2fc7
250298,28,25,178,93,"2021-10-18 13:48:22",A302,6f6db310-75e6-4dc3-b490-31f70dfa2fc7
250316,28,23.9,58,93,"2021-10-18 14:07:31",A301,6f6db310-75e6-4dc3-b490-31f70dfa2fc7
250320,24,24.1,84,50,"2021-10-18 14:11:53",A303,6f6db310-75e6-4dc3-b490-31f70dfa2fc7
250327,28,25,178,93,"2021-10-18 14:18:47",A302,6f6db310-75e6-4dc3-b490-31f70dfa2fc7
250347,28,24,58,86,"2021-10-18 14:37:54",A301,6f6db310-75e6-4dc3-b490-31f70dfa2fc7
250351,24,24.2,84,58,"2021-10-18 14:42:18",A303,6f6db310-75e6-4dc3-b490-31f70dfa2fc7
250358,28,25,177,86,"2021-10-18 14:49:13",A302,6f6db310-75e6-4dc3-b490-31f70dfa2fc7
250377,28,24.1,58,86,"2021-10-18 15:08:18",A301,6f6db310-75e6-4dc3-b490-31f70dfa2fc7
250381,24,24.2,84,50,"2021-10-18 15:12:41",A303,6f6db310-75e6-4dc3-b490-31f70dfa2fc7
250388,28,25,178,86,"2021-10-18 15:19:35",A302,6f6db310-75e6-4dc3-b490-31f70dfa2fc7
250408,28,24.18,58,86,"2021-10-18 15:38:36",A301,6f6db310-75e6-4dc3-b490-31f70dfa2fc7
250412,24,24.2,84,29,"2021-10-18 15:43:02",A303,6f6db310-75e6-4dc3-b490-31f70dfa2fc7
250419,28,25,178,86,"2021-10-18 15:49:56",A302,6f6db310-75e6-4dc3-b490-31f70dfa2fc7
250439,28,24.2,58,86,"2021-10-18 16:08:57",A301,6f6db310-75e6-4dc3-b490-31f70dfa2fc7
250444,24,24.1,84,15,"2021-10-18 16:13:23",A303,6f6db310-75e6-4dc3-b490-31f70dfa2fc7
250450,28,24.9,180,86,"2021-10-18 16:20:12",A302,6f6db310-75e6-4dc3-b490-31f70dfa2fc7
250471,28,24.2,57,86,"2021-10-18 16:39:09",A301,6f6db310-75e6-4dc3-b490-31f70dfa2fc7
250474,24,24.1,84,8,"2021-10-18 16:43:34",A303,6f6db310-75e6-4dc3-b490-31f70dfa2fc7
250482,28,24.8,180,86,"2021-10-18 16:50:25",A302,6f6db310-75e6-4dc3-b490-31f70dfa2fc7
250500,28,24.2,58,86,"2021-10-18 17:09:25",A301,6f6db310-75e6-4dc3-b490-31f70dfa2fc7
250503,24,24,84,8,"2021-10-18 17:13:50",A303,6f6db310-75e6-4dc3-b490-31f70dfa2fc7
250511,28,24.7,181,86,"2021-10-18 17:20:38",A302,6f6db310-75e6-4dc3-b490-31f70dfa2fc7
250531,28,24.2,57,86,"2021-10-18 17:39:40",A301,6f6db310-75e6-4dc3-b490-31f70dfa2fc7
250534,24,23.8,83,0,"2021-10-18 17:44:04",A303,6f6db310-75e6-4dc3-b490-31f70dfa2fc7
250542,28,24.5,180,86,"2021-10-18 17:50:52",A302,6f6db310-75e6-4dc3-b490-31f70dfa2fc7
250562,28,24.2,58,86,"2021-10-18 18:09:54",A301,6f6db310-75e6-4dc3-b490-31f70dfa2fc7
250565,24,23.7,83,0,"2021-10-18 18:14:19",A303,6f6db310-75e6-4dc3-b490-31f70dfa2fc7
250595,24,23.6,83,0,"2021-10-18 18:44:36",A303,6f6db310-75e6-4dc3-b490-31f70dfa2fc7
250603,28,24.3,180,86,"2021-10-18 18:51:20",A302,6f6db310-75e6-4dc3-b490-31f70dfa2fc7
250623,28,24.1,58,86,"2021-10-18 19:10:23",A301,6f6db310-75e6-4dc3-b490-31f70dfa2fc7
250626,24,23.5,84,0,"2021-10-18 19:14:50",A303,6f6db310-75e6-4dc3-b490-31f70dfa2fc7
250633,28,24.2,180,86,"2021-10-18 19:21:30",A302,6f6db310-75e6-4dc3-b490-31f70dfa2fc7
250654,28,24.1,58,86,"2021-10-18 19:40:37",A301,6f6db310-75e6-4dc3-b490-31f70dfa2fc7
250657,24,23.4,83,0,"2021-10-18 19:45:03",A303,6f6db310-75e6-4dc3-b490-31f70dfa2fc7
250664,28,24,181,86,"2021-10-18 19:51:44",A302,6f6db310-75e6-4dc3-b490-31f70dfa2fc7
250683,28,24,57,86,"2021-10-18 20:10:51",A301,6f6db310-75e6-4dc3-b490-31f70dfa2fc7
250686,24,23.3,84,0,"2021-10-18 20:15:19",A303,6f6db310-75e6-4dc3-b490-31f70dfa2fc7
250693,28,23.9,181,86,"2021-10-18 20:21:57",A302,6f6db310-75e6-4dc3-b490-31f70dfa2fc7
250711,28,24,58,86,"2021-10-18 20:41:04",A301,6f6db310-75e6-4dc3-b490-31f70dfa2fc7
250714,24,23.2,84,0,"2021-10-18 20:45:30",A303,6f6db310-75e6-4dc3-b490-31f70dfa2fc7
250721,28,23.8,179,86,"2021-10-18 20:52:06",A302,6f6db310-75e6-4dc3-b490-31f70dfa2fc7
250741,28,23.9,58,86,"2021-10-18 21:11:17",A301,6f6db310-75e6-4dc3-b490-31f70dfa2fc7
250745,24,23.1,84,0,"2021-10-18 21:15:46",A303,6f6db310-75e6-4dc3-b490-31f70dfa2fc7
250752,28,23.7,179,86,"2021-10-18 21:22:17",A302,6f6db310-75e6-4dc3-b490-31f70dfa2fc7
250772,28,23.8,58,86,"2021-10-18 21:41:30",A301,6f6db310-75e6-4dc3-b490-31f70dfa2fc7
250774,24,23,84,0,"2021-10-18 21:45:58",A303,6f6db310-75e6-4dc3-b490-31f70dfa2fc7
250781,28,23.6,179,86,"2021-10-18 21:52:28",A302,6f6db310-75e6-4dc3-b490-31f70dfa2fc7
250802,28,23.8,58,86,"2021-10-18 22:11:43",A301,6f6db310-75e6-4dc3-b490-31f70dfa2fc7
250803,24,22.9,84,0,"2021-10-18 22:16:11",A303,6f6db310-75e6-4dc3-b490-31f70dfa2fc7
250811,28,23.5,176,86,"2021-10-18 22:22:42",A302,6f6db310-75e6-4dc3-b490-31f70dfa2fc7
250831,28,23.7,58,86,"2021-10-18 22:41:55",A301,6f6db310-75e6-4dc3-b490-31f70dfa2fc7
250834,24,22.8,84,0,"2021-10-18 22:46:22",A303,6f6db310-75e6-4dc3-b490-31f70dfa2fc7
250841,28,23.4,179,86,"2021-10-18 22:52:48",A302,6f6db310-75e6-4dc3-b490-31f70dfa2fc7
250862,28,23.6,58,86,"2021-10-18 23:12:08",A301,6f6db310-75e6-4dc3-b490-31f70dfa2fc7
250864,24,22.7,84,0,"2021-10-18 23:16:36",A303,6f6db310-75e6-4dc3-b490-31f70dfa2fc7
250871,28,23.3,179,86,"2021-10-18 23:22:58",A302,6f6db310-75e6-4dc3-b490-31f70dfa2fc7
250892,28,23.6,58,86,"2021-10-18 23:42:21",A301,6f6db310-75e6-4dc3-b490-31f70dfa2fc7
250893,24,22.6,84,0,"2021-10-18 23:46:48",A303,6f6db310-75e6-4dc3-b490-31f70dfa2fc7
250901,28,23.2,180,86,"2021-10-18 23:53:08",A302,6f6db310-75e6-4dc3-b490-31f70dfa2fc7
250922,28,23.5,58,86,"2021-10-19 00:12:33",A301,6f6db310-75e6-4dc3-b490-31f70dfa2fc7
250924,24,22.5,84,0,"2021-10-19 00:17:01",A303,6f6db310-75e6-4dc3-b490-31f70dfa2fc7
250932,28,23.1,180,86,"2021-10-19 00:23:18",A302,6f6db310-75e6-4dc3-b490-31f70dfa2fc7
250952,28,23.4,57,86,"2021-10-19 00:42:45",A301,6f6db310-75e6-4dc3-b490-31f70dfa2fc7
250955,24,22.4,84,0,"2021-10-19 00:47:13",A303,6f6db310-75e6-4dc3-b490-31f70dfa2fc7
250963,28,23,178,86,"2021-10-19 00:53:27",A302,6f6db310-75e6-4dc3-b490-31f70dfa2fc7
250983,28,23.4,58,86,"2021-10-19 01:12:57",A301,6f6db310-75e6-4dc3-b490-31f70dfa2fc7
250985,24,22.3,84,0,"2021-10-19 01:17:26",A303,6f6db310-75e6-4dc3-b490-31f70dfa2fc7
250993,28,22.9,180,86,"2021-10-19 01:23:36",A302,6f6db310-75e6-4dc3-b490-31f70dfa2fc7
251013,28,23.3,58,86,"2021-10-19 01:43:10",A301,6f6db310-75e6-4dc3-b490-31f70dfa2fc7
251015,24,22.2,84,0,"2021-10-19 01:47:38",A303,6f6db310-75e6-4dc3-b490-31f70dfa2fc7
251023,28,22.8,180,86,"2021-10-19 01:53:46",A302,6f6db310-75e6-4dc3-b490-31f70dfa2fc7
251042,28,23.2,58,86,"2021-10-19 02:13:21",A301,6f6db310-75e6-4dc3-b490-31f70dfa2fc7
251045,24,22.1,84,0,"2021-10-19 02:17:50",A303,6f6db310-75e6-4dc3-b490-31f70dfa2fc7
251053,28,22.7,179,86,"2021-10-19 02:23:54",A302,6f6db310-75e6-4dc3-b490-31f70dfa2fc7
251072,28,23.1,58,86,"2021-10-19 02:43:33",A301,6f6db310-75e6-4dc3-b490-31f70dfa2fc7
251075,24,22,84,0,"2021-10-19 02:48:02",A303,6f6db310-75e6-4dc3-b490-31f70dfa2fc7
251083,28,22.6,176,86,"2021-10-19 02:54:04",A302,6f6db310-75e6-4dc3-b490-31f70dfa2fc7
251102,28,23.1,57,86,"2021-10-19 03:13:45",A301,6f6db310-75e6-4dc3-b490-31f70dfa2fc7
251105,24,21.9,83,0,"2021-10-19 03:18:14",A303,6f6db310-75e6-4dc3-b490-31f70dfa2fc7
251114,28,22.5,178,86,"2021-10-19 03:24:12",A302,6f6db310-75e6-4dc3-b490-31f70dfa2fc7
251133,28,23,58,86,"2021-10-19 03:43:57",A301,6f6db310-75e6-4dc3-b490-31f70dfa2fc7
251137,24,21.8,84,0,"2021-10-19 03:48:25",A303,6f6db310-75e6-4dc3-b490-31f70dfa2fc7
251145,28,22.4,178,86,"2021-10-19 03:54:21",A302,6f6db310-75e6-4dc3-b490-31f70dfa2fc7
251164,28,22.9,57,86,"2021-10-19 04:14:10",A301,6f6db310-75e6-4dc3-b490-31f70dfa2fc7
251167,24,21.76,84,0,"2021-10-19 04:18:37",A303,6f6db310-75e6-4dc3-b490-31f70dfa2fc7
251175,28,22.4,178,86,"2021-10-19 04:24:30",A302,6f6db310-75e6-4dc3-b490-31f70dfa2fc7
251194,28,22.8,57,86,"2021-10-19 04:44:21",A301,6f6db310-75e6-4dc3-b490-31f70dfa2fc7
251198,24,21.7,84,0,"2021-10-19 04:48:50",A303,6f6db310-75e6-4dc3-b490-31f70dfa2fc7
251206,28,22.3,179,93,"2021-10-19 04:54:40",A302,6f6db310-75e6-4dc3-b490-31f70dfa2fc7
251224,28,22.8,57,93,"2021-10-19 05:14:35",A301,6f6db310-75e6-4dc3-b490-31f70dfa2fc7
251228,24,21.6,84,0,"2021-10-19 05:19:05",A303,6f6db310-75e6-4dc3-b490-31f70dfa2fc7
251255,28,22.7,58,93,"2021-10-19 05:44:49",A301,6f6db310-75e6-4dc3-b490-31f70dfa2fc7
251259,24,21.6,83,0,"2021-10-19 05:49:19",A303,6f6db310-75e6-4dc3-b490-31f70dfa2fc7
251268,28,22.2,177,93,"2021-10-19 05:55:04",A302,6f6db310-75e6-4dc3-b490-31f70dfa2fc7
251287,28,22.7,58,93,"2021-10-19 06:15:03",A301,6f6db310-75e6-4dc3-b490-31f70dfa2fc7
251291,24,21.6,83,0,"2021-10-19 06:19:34",A303,6f6db310-75e6-4dc3-b490-31f70dfa2fc7
251299,28,22.2,177,93,"2021-10-19 06:25:19",A302,6f6db310-75e6-4dc3-b490-31f70dfa2fc7
251318,28,22.6,58,93,"2021-10-19 06:45:21",A301,6f6db310-75e6-4dc3-b490-31f70dfa2fc7
251322,24,21.7,83,8,"2021-10-19 06:49:52",A303,6f6db310-75e6-4dc3-b490-31f70dfa2fc7
251330,28,22.3,178,93,"2021-10-19 06:55:33",A302,6f6db310-75e6-4dc3-b490-31f70dfa2fc7
251349,28,22.6,57,93,"2021-10-19 07:15:39",A301,6f6db310-75e6-4dc3-b490-31f70dfa2fc7
251353,24,21.9,83,22,"2021-10-19 07:20:12",A303,6f6db310-75e6-4dc3-b490-31f70dfa2fc7
251361,28,22.3,177,100,"2021-10-19 07:25:54",A302,6f6db310-75e6-4dc3-b490-31f70dfa2fc7
251380,28,22.6,57,93,"2021-10-19 07:46:02",A301,6f6db310-75e6-4dc3-b490-31f70dfa2fc7
251384,24,22.3,83,29,"2021-10-19 07:50:35",A303,6f6db310-75e6-4dc3-b490-31f70dfa2fc7
251412,28,22.7,57,100,"2021-10-19 08:16:24",A301,6f6db310-75e6-4dc3-b490-31f70dfa2fc7
251416,23,22.7,83,36,"2021-10-19 08:20:58",A303,6f6db310-75e6-4dc3-b490-31f70dfa2fc7
251443,28,22.8,57,93,"2021-10-19 08:46:48",A301,6f6db310-75e6-4dc3-b490-31f70dfa2fc7
251447,23,23.2,82,36,"2021-10-19 08:51:22",A303,6f6db310-75e6-4dc3-b490-31f70dfa2fc7
251473,28,22.9,57,93,"2021-10-19 09:17:08",A301,6f6db310-75e6-4dc3-b490-31f70dfa2fc7
251477,23,23.6,82,29,"2021-10-19 09:21:44",A303,6f6db310-75e6-4dc3-b490-31f70dfa2fc7
251500,28,23.1,57,100,"2021-10-19 09:47:27",A301,6f6db310-75e6-4dc3-b490-31f70dfa2fc7
251505,23,23.8,82,22,"2021-10-19 09:52:02",A303,6f6db310-75e6-4dc3-b490-31f70dfa2fc7
251528,28,23.3,56,100,"2021-10-19 10:17:44",A301,6f6db310-75e6-4dc3-b490-31f70dfa2fc7
251533,23,23.9,82,29,"2021-10-19 10:22:23",A303,6f6db310-75e6-4dc3-b490-31f70dfa2fc7
251557,27,23.4,56,100,"2021-10-19 10:48:04",A301,6f6db310-75e6-4dc3-b490-31f70dfa2fc7
251562,23,23.9,82,36,"2021-10-19 10:54:07",A303,6f6db310-75e6-4dc3-b490-31f70dfa2fc7
251585,27,23.6,56,100,"2021-10-19 11:18:24",A301,6f6db310-75e6-4dc3-b490-31f70dfa2fc7
251590,23,23.9,82,29,"2021-10-19 11:24:31",A303,6f6db310-75e6-4dc3-b490-31f70dfa2fc7
251623,27,23.7,56,100,"2021-10-19 11:52:39",A301,6f6db310-75e6-4dc3-b490-31f70dfa2fc7
251625,23,23.9,81,36,"2021-10-19 11:54:53",A303,6f6db310-75e6-4dc3-b490-31f70dfa2fc7
251652,27,23.8,56,100,"2021-10-19 12:23:03",A301,6f6db310-75e6-4dc3-b490-31f70dfa2fc7
251654,22,24,81,36,"2021-10-19 12:25:17",A303,6f6db310-75e6-4dc3-b490-31f70dfa2fc7
251682,27,23.8,56,100,"2021-10-19 12:53:27",A301,6f6db310-75e6-4dc3-b490-31f70dfa2fc7
251684,22,24,81,43,"2021-10-19 12:55:41",A303,6f6db310-75e6-4dc3-b490-31f70dfa2fc7
251693,27,24.3,167,100,"2021-10-19 13:07:38",A302,6f6db310-75e6-4dc3-b490-31f70dfa2fc7
251713,26,23.9,56,100,"2021-10-19 13:23:54",A301,6f6db310-75e6-4dc3-b490-31f70dfa2fc7
251715,22,24.08,81,43,"2021-10-19 13:26:08",A303,6f6db310-75e6-4dc3-b490-31f70dfa2fc7
251724,27,24.4,167,100,"2021-10-19 13:38:09",A302,6f6db310-75e6-4dc3-b490-31f70dfa2fc7
251743,26,24,55,93,"2021-10-19 13:54:18",A301,6f6db310-75e6-4dc3-b490-31f70dfa2fc7
251747,22,24.1,81,50,"2021-10-19 13:56:33",A303,6f6db310-75e6-4dc3-b490-31f70dfa2fc7
251757,27,24.5,167,100,"2021-10-19 14:08:33",A302,6f6db310-75e6-4dc3-b490-31f70dfa2fc7
251776,26,24,55,93,"2021-10-19 14:24:43",A301,6f6db310-75e6-4dc3-b490-31f70dfa2fc7
251780,22,24.1,81,50,"2021-10-19 14:26:58",A303,6f6db310-75e6-4dc3-b490-31f70dfa2fc7
251790,27,24.5,167,93,"2021-10-19 14:38:53",A302,6f6db310-75e6-4dc3-b490-31f70dfa2fc7
251809,26,24.1,55,86,"2021-10-19 14:55:09",A301,6f6db310-75e6-4dc3-b490-31f70dfa2fc7
251813,22,24.1,81,43,"2021-10-19 14:57:32",A303,6f6db310-75e6-4dc3-b490-31f70dfa2fc7
251822,27,24.5,168,86,"2021-10-19 15:09:13",A302,6f6db310-75e6-4dc3-b490-31f70dfa2fc7
251840,26,24.1,55,86,"2021-10-19 15:25:30",A301,6f6db310-75e6-4dc3-b490-31f70dfa2fc7
251843,22,24.1,81,15,"2021-10-19 15:27:44",A303,6f6db310-75e6-4dc3-b490-31f70dfa2fc7
251854,27,24.5,169,86,"2021-10-19 15:39:31",A302,6f6db310-75e6-4dc3-b490-31f70dfa2fc7
251871,26,24.1,55,86,"2021-10-19 15:55:52",A301,6f6db310-75e6-4dc3-b490-31f70dfa2fc7
251874,22,24.1,81,8,"2021-10-19 15:58:04",A303,6f6db310-75e6-4dc3-b490-31f70dfa2fc7
251884,27,24.4,169,86,"2021-10-19 16:09:44",A302,6f6db310-75e6-4dc3-b490-31f70dfa2fc7
251903,26,24.16,55,86,"2021-10-19 16:26:09",A301,6f6db310-75e6-4dc3-b490-31f70dfa2fc7
251906,22,24,80,0,"2021-10-19 16:28:22",A303,6f6db310-75e6-4dc3-b490-31f70dfa2fc7
251917,27,24.4,170,86,"2021-10-19 16:39:58",A302,6f6db310-75e6-4dc3-b490-31f70dfa2fc7
251936,26,24.2,55,86,"2021-10-19 16:56:33",A301,6f6db310-75e6-4dc3-b490-31f70dfa2fc7
251939,22,23.9,81,0,"2021-10-19 16:58:38",A303,6f6db310-75e6-4dc3-b490-31f70dfa2fc7
251950,27,24.3,170,86,"2021-10-19 17:10:10",A302,6f6db310-75e6-4dc3-b490-31f70dfa2fc7
251972,22,23.8,81,0,"2021-10-19 17:28:55",A303,6f6db310-75e6-4dc3-b490-31f70dfa2fc7
251982,27,24.2,170,86,"2021-10-19 17:40:20",A302,6f6db310-75e6-4dc3-b490-31f70dfa2fc7
252002,26,24.1,55,86,"2021-10-19 17:57:05",A301,6f6db310-75e6-4dc3-b490-31f70dfa2fc7
252005,22,23.7,80,0,"2021-10-19 17:59:13",A303,6f6db310-75e6-4dc3-b490-31f70dfa2fc7
252015,27,24.1,172,86,"2021-10-19 18:10:33",A302,6f6db310-75e6-4dc3-b490-31f70dfa2fc7
252035,26,24.1,55,86,"2021-10-19 18:27:22",A301,6f6db310-75e6-4dc3-b490-31f70dfa2fc7
252037,22,23.6,81,0,"2021-10-19 18:29:30",A303,6f6db310-75e6-4dc3-b490-31f70dfa2fc7
252048,27,24,169,86,"2021-10-19 18:40:43",A302,6f6db310-75e6-4dc3-b490-31f70dfa2fc7
252068,26,24.1,55,86,"2021-10-19 18:57:40",A301,6f6db310-75e6-4dc3-b490-31f70dfa2fc7
252070,22,23.5,81,0,"2021-10-19 18:59:46",A303,6f6db310-75e6-4dc3-b490-31f70dfa2fc7
252080,27,23.9,171,86,"2021-10-19 19:10:54",A302,6f6db310-75e6-4dc3-b490-31f70dfa2fc7
252100,26,24,55,86,"2021-10-19 19:28:00",A301,6f6db310-75e6-4dc3-b490-31f70dfa2fc7
252102,22,23.4,81,0,"2021-10-19 19:30:03",A303,6f6db310-75e6-4dc3-b490-31f70dfa2fc7
252113,27,23.8,170,86,"2021-10-19 19:41:06",A302,6f6db310-75e6-4dc3-b490-31f70dfa2fc7
252131,26,23.9,55,86,"2021-10-19 19:58:15",A301,6f6db310-75e6-4dc3-b490-31f70dfa2fc7
252134,22,23.3,81,0,"2021-10-19 20:00:20",A303,6f6db310-75e6-4dc3-b490-31f70dfa2fc7
252146,27,23.7,170,86,"2021-10-19 20:11:18",A302,6f6db310-75e6-4dc3-b490-31f70dfa2fc7
252162,26,23.9,55,86,"2021-10-19 20:28:33",A301,6f6db310-75e6-4dc3-b490-31f70dfa2fc7
252165,22,23.2,81,0,"2021-10-19 20:30:39",A303,6f6db310-75e6-4dc3-b490-31f70dfa2fc7
252176,27,23.7,171,86,"2021-10-19 20:41:28",A302,6f6db310-75e6-4dc3-b490-31f70dfa2fc7
252195,26,23.9,55,86,"2021-10-19 20:58:50",A301,6f6db310-75e6-4dc3-b490-31f70dfa2fc7
252198,22,23.2,81,0,"2021-10-19 21:00:53",A303,6f6db310-75e6-4dc3-b490-31f70dfa2fc7
252226,26,23.8,55,86,"2021-10-19 21:29:07",A301,6f6db310-75e6-4dc3-b490-31f70dfa2fc7
252229,22,23.1,81,0,"2021-10-19 21:31:09",A303,6f6db310-75e6-4dc3-b490-31f70dfa2fc7
252240,27,23.5,172,86,"2021-10-19 21:41:47",A302,6f6db310-75e6-4dc3-b490-31f70dfa2fc7
252258,26,23.7,55,86,"2021-10-19 21:59:26",A301,6f6db310-75e6-4dc3-b490-31f70dfa2fc7
252261,22,23,81,0,"2021-10-19 22:01:25",A303,6f6db310-75e6-4dc3-b490-31f70dfa2fc7
252272,27,23.4,169,86,"2021-10-19 22:11:58",A302,6f6db310-75e6-4dc3-b490-31f70dfa2fc7
252289,26,23.7,55,86,"2021-10-19 22:29:39",A301,6f6db310-75e6-4dc3-b490-31f70dfa2fc7
252292,22,22.9,81,0,"2021-10-19 22:31:39",A303,6f6db310-75e6-4dc3-b490-31f70dfa2fc7
252303,27,23.4,168,86,"2021-10-19 22:42:05",A302,6f6db310-75e6-4dc3-b490-31f70dfa2fc7
252320,26,23.6,55,86,"2021-10-19 22:59:55",A301,6f6db310-75e6-4dc3-b490-31f70dfa2fc7
252322,22,22.8,81,0,"2021-10-19 23:01:55",A303,6f6db310-75e6-4dc3-b490-31f70dfa2fc7
252333,27,23.3,170,86,"2021-10-19 23:12:14",A302,6f6db310-75e6-4dc3-b490-31f70dfa2fc7
252350,26,23.6,55,86,"2021-10-19 23:30:13",A301,6f6db310-75e6-4dc3-b490-31f70dfa2fc7
252352,22,22.7,81,0,"2021-10-19 23:32:10",A303,6f6db310-75e6-4dc3-b490-31f70dfa2fc7
252363,27,23.2,172,86,"2021-10-19 23:42:23",A302,6f6db310-75e6-4dc3-b490-31f70dfa2fc7
252382,26,23.5,55,86,"2021-10-20 00:00:27",A301,6f6db310-75e6-4dc3-b490-31f70dfa2fc7
252384,22,22.6,81,0,"2021-10-20 00:02:25",A303,6f6db310-75e6-4dc3-b490-31f70dfa2fc7
252395,27,23.1,171,86,"2021-10-20 00:12:31",A302,6f6db310-75e6-4dc3-b490-31f70dfa2fc7
252413,26,23.4,55,86,"2021-10-20 00:30:43",A301,6f6db310-75e6-4dc3-b490-31f70dfa2fc7
252415,22,22.5,81,0,"2021-10-20 00:32:40",A303,6f6db310-75e6-4dc3-b490-31f70dfa2fc7
252426,27,23,171,86,"2021-10-20 00:42:39",A302,6f6db310-75e6-4dc3-b490-31f70dfa2fc7
252445,26,23.4,55,86,"2021-10-20 01:00:58",A301,6f6db310-75e6-4dc3-b490-31f70dfa2fc7
252447,22,22.4,81,0,"2021-10-20 01:02:54",A303,6f6db310-75e6-4dc3-b490-31f70dfa2fc7
252458,27,23,168,86,"2021-10-20 01:12:48",A302,6f6db310-75e6-4dc3-b490-31f70dfa2fc7
252477,26,23.3,55,86,"2021-10-20 01:31:14",A301,6f6db310-75e6-4dc3-b490-31f70dfa2fc7
252479,22,22.3,81,0,"2021-10-20 01:33:08",A303,6f6db310-75e6-4dc3-b490-31f70dfa2fc7
252490,27,22.9,170,86,"2021-10-20 01:42:55",A302,6f6db310-75e6-4dc3-b490-31f70dfa2fc7
252509,26,23.2,55,86,"2021-10-20 02:01:30",A301,6f6db310-75e6-4dc3-b490-31f70dfa2fc7
252511,22,22.2,81,0,"2021-10-20 02:03:23",A303,6f6db310-75e6-4dc3-b490-31f70dfa2fc7
252522,27,22.8,171,86,"2021-10-20 02:13:04",A302,6f6db310-75e6-4dc3-b490-31f70dfa2fc7
252540,26,23.2,55,86,"2021-10-20 02:31:46",A301,6f6db310-75e6-4dc3-b490-31f70dfa2fc7
252542,22,22.1,81,0,"2021-10-20 02:33:36",A303,6f6db310-75e6-4dc3-b490-31f70dfa2fc7
252552,27,22.7,169,86,"2021-10-20 02:43:11",A302,6f6db310-75e6-4dc3-b490-31f70dfa2fc7
252570,26,23.1,55,86,"2021-10-20 03:02:00",A301,6f6db310-75e6-4dc3-b490-31f70dfa2fc7
252571,22,22,81,0,"2021-10-20 03:03:51",A303,6f6db310-75e6-4dc3-b490-31f70dfa2fc7
252583,27,22.6,171,86,"2021-10-20 03:13:19",A302,6f6db310-75e6-4dc3-b490-31f70dfa2fc7
252600,26,23,55,86,"2021-10-20 03:32:15",A301,6f6db310-75e6-4dc3-b490-31f70dfa2fc7
252601,22,21.9,81,0,"2021-10-20 03:34:05",A303,6f6db310-75e6-4dc3-b490-31f70dfa2fc7
252613,27,22.6,170,86,"2021-10-20 03:43:26",A302,6f6db310-75e6-4dc3-b490-31f70dfa2fc7
252631,26,22.9,55,86,"2021-10-20 04:02:32",A301,6f6db310-75e6-4dc3-b490-31f70dfa2fc7
252632,22,21.8,80,0,"2021-10-20 04:04:21",A303,6f6db310-75e6-4dc3-b490-31f70dfa2fc7
252643,27,22.5,171,86,"2021-10-20 04:13:37",A302,6f6db310-75e6-4dc3-b490-31f70dfa2fc7
252661,26,22.9,55,86,"2021-10-20 04:32:46",A301,6f6db310-75e6-4dc3-b490-31f70dfa2fc7
252662,22,21.8,80,0,"2021-10-20 04:34:34",A303,6f6db310-75e6-4dc3-b490-31f70dfa2fc7
252673,27,22.4,171,86,"2021-10-20 04:43:43",A302,6f6db310-75e6-4dc3-b490-31f70dfa2fc7
252692,26,22.8,55,86,"2021-10-20 05:03:02",A301,6f6db310-75e6-4dc3-b490-31f70dfa2fc7
252694,22,21.7,80,0,"2021-10-20 05:04:53",A303,6f6db310-75e6-4dc3-b490-31f70dfa2fc7
252704,27,22.4,171,86,"2021-10-20 05:13:51",A302,6f6db310-75e6-4dc3-b490-31f70dfa2fc7
252721,26,22.7,55,93,"2021-10-20 05:33:17",A301,6f6db310-75e6-4dc3-b490-31f70dfa2fc7
252733,27,22.4,171,93,"2021-10-20 05:44:01",A302,6f6db310-75e6-4dc3-b490-31f70dfa2fc7
252751,26,22.7,55,93,"2021-10-20 06:03:35",A301,6f6db310-75e6-4dc3-b490-31f70dfa2fc7
252753,22,21.7,80,0,"2021-10-20 06:05:21",A303,6f6db310-75e6-4dc3-b490-31f70dfa2fc7
252763,27,22.4,170,93,"2021-10-20 06:14:12",A302,6f6db310-75e6-4dc3-b490-31f70dfa2fc7
252780,26,22.6,55,93,"2021-10-20 06:33:55",A301,6f6db310-75e6-4dc3-b490-31f70dfa2fc7
252783,22,21.8,80,8,"2021-10-20 06:35:41",A303,6f6db310-75e6-4dc3-b490-31f70dfa2fc7
252793,27,22.4,170,93,"2021-10-20 06:44:27",A302,6f6db310-75e6-4dc3-b490-31f70dfa2fc7
252812,26,22.6,55,93,"2021-10-20 07:04:17",A301,6f6db310-75e6-4dc3-b490-31f70dfa2fc7
252815,22,21.9,80,8,"2021-10-20 07:06:01",A303,6f6db310-75e6-4dc3-b490-31f70dfa2fc7
252825,27,22.5,170,93,"2021-10-20 07:14:43",A302,6f6db310-75e6-4dc3-b490-31f70dfa2fc7
252842,26,22.6,55,93,"2021-10-20 07:34:38",A301,6f6db310-75e6-4dc3-b490-31f70dfa2fc7
252845,22,22.1,79,15,"2021-10-20 07:36:24",A303,6f6db310-75e6-4dc3-b490-31f70dfa2fc7
252855,27,22.6,169,93,"2021-10-20 07:44:59",A302,6f6db310-75e6-4dc3-b490-31f70dfa2fc7
252874,26,22.7,55,100,"2021-10-20 08:05:02",A301,6f6db310-75e6-4dc3-b490-31f70dfa2fc7
252877,22,22.3,80,22,"2021-10-20 08:06:46",A303,6f6db310-75e6-4dc3-b490-31f70dfa2fc7
252887,27,22.7,167,100,"2021-10-20 08:15:19",A302,6f6db310-75e6-4dc3-b490-31f70dfa2fc7
252905,26,22.7,54,93,"2021-10-20 08:35:26",A301,6f6db310-75e6-4dc3-b490-31f70dfa2fc7
252934,26,22.8,54,93,"2021-10-20 09:05:49",A301,6f6db310-75e6-4dc3-b490-31f70dfa2fc7
252937,22,23,80,29,"2021-10-20 09:07:32",A303,6f6db310-75e6-4dc3-b490-31f70dfa2fc7
252965,26,23,54,93,"2021-10-20 09:36:13",A301,6f6db310-75e6-4dc3-b490-31f70dfa2fc7
252968,22,23.2,80,36,"2021-10-20 09:37:54",A303,6f6db310-75e6-4dc3-b490-31f70dfa2fc7
252996,26,23.1,54,100,"2021-10-20 10:06:36",A301,6f6db310-75e6-4dc3-b490-31f70dfa2fc7
252999,22,23.3,80,36,"2021-10-20 10:08:19",A303,6f6db310-75e6-4dc3-b490-31f70dfa2fc7
253025,26,23.2,54,100,"2021-10-20 10:36:59",A301,6f6db310-75e6-4dc3-b490-31f70dfa2fc7
253028,21,23.4,79,36,"2021-10-20 10:38:40",A303,6f6db310-75e6-4dc3-b490-31f70dfa2fc7
253056,25,23.3,54,100,"2021-10-20 11:07:23",A301,6f6db310-75e6-4dc3-b490-31f70dfa2fc7
253059,21,23.56,79,36,"2021-10-20 11:09:04",A303,6f6db310-75e6-4dc3-b490-31f70dfa2fc7
253087,25,23.48,54,86,"2021-10-20 11:37:43",A301,6f6db310-75e6-4dc3-b490-31f70dfa2fc7
253090,21,23.6,79,8,"2021-10-20 11:39:25",A303,6f6db310-75e6-4dc3-b490-31f70dfa2fc7
253118,32,23.7,64,86,"2021-10-20 12:08:03",A301,6f6db310-75e6-4dc3-b490-31f70dfa2fc7
253121,31,23.4,98,0,"2021-10-20 12:09:43",A303,6f6db310-75e6-4dc3-b490-31f70dfa2fc7
253149,32,23.7,64,93,"2021-10-20 12:38:21",A301,6f6db310-75e6-4dc3-b490-31f70dfa2fc7
253151,31,23.2,101,0,"2021-10-20 12:40:00",A303,6f6db310-75e6-4dc3-b490-31f70dfa2fc7
253176,33,23.6,66,86,"2021-10-20 13:08:40",A301,6f6db310-75e6-4dc3-b490-31f70dfa2fc7
253178,32,22.9,103,0,"2021-10-20 13:10:16",A303,6f6db310-75e6-4dc3-b490-31f70dfa2fc7
253208,32,23.6,62,93,"2021-10-20 13:38:56",A301,6f6db310-75e6-4dc3-b490-31f70dfa2fc7
253210,30,22.9,98,0,"2021-10-20 13:40:33",A303,6f6db310-75e6-4dc3-b490-31f70dfa2fc7
253238,31,23.6,62,93,"2021-10-20 14:09:14",A301,6f6db310-75e6-4dc3-b490-31f70dfa2fc7
253241,29,22.9,94,0,"2021-10-20 14:10:50",A303,6f6db310-75e6-4dc3-b490-31f70dfa2fc7
253270,31,23.5,61,86,"2021-10-20 14:39:32",A301,6f6db310-75e6-4dc3-b490-31f70dfa2fc7
253273,29,22.9,92,0,"2021-10-20 14:41:09",A303,6f6db310-75e6-4dc3-b490-31f70dfa2fc7
253301,31,23.5,61,86,"2021-10-20 15:09:52",A301,6f6db310-75e6-4dc3-b490-31f70dfa2fc7
253330,31,23.5,60,86,"2021-10-20 15:40:09",A301,6f6db310-75e6-4dc3-b490-31f70dfa2fc7
253333,28,22.9,90,0,"2021-10-20 15:41:43",A303,6f6db310-75e6-4dc3-b490-31f70dfa2fc7
253359,31,23.5,60,86,"2021-10-20 16:10:28",A301,6f6db310-75e6-4dc3-b490-31f70dfa2fc7
253362,28,22.9,90,0,"2021-10-20 16:11:59",A303,6f6db310-75e6-4dc3-b490-31f70dfa2fc7
253389,31,23.5,60,86,"2021-10-20 16:40:45",A301,6f6db310-75e6-4dc3-b490-31f70dfa2fc7
253392,27,22.9,90,0,"2021-10-20 16:42:16",A303,6f6db310-75e6-4dc3-b490-31f70dfa2fc7
253418,31,23.5,60,86,"2021-10-20 17:11:03",A301,6f6db310-75e6-4dc3-b490-31f70dfa2fc7
253421,27,22.8,90,0,"2021-10-20 17:12:33",A303,6f6db310-75e6-4dc3-b490-31f70dfa2fc7
253448,31,23.5,60,86,"2021-10-20 17:41:20",A301,6f6db310-75e6-4dc3-b490-31f70dfa2fc7
253452,27,22.8,90,0,"2021-10-20 17:42:50",A303,6f6db310-75e6-4dc3-b490-31f70dfa2fc7
253478,31,23.4,60,86,"2021-10-20 18:11:38",A301,6f6db310-75e6-4dc3-b490-31f70dfa2fc7
253482,27,22.7,89,0,"2021-10-20 18:13:07",A303,6f6db310-75e6-4dc3-b490-31f70dfa2fc7
253509,31,23.4,60,86,"2021-10-20 18:41:55",A301,6f6db310-75e6-4dc3-b490-31f70dfa2fc7
253512,27,22.7,89,0,"2021-10-20 18:43:23",A303,6f6db310-75e6-4dc3-b490-31f70dfa2fc7
253541,31,23.4,60,86,"2021-10-20 19:12:13",A301,6f6db310-75e6-4dc3-b490-31f70dfa2fc7
253543,27,22.6,89,0,"2021-10-20 19:13:39",A303,6f6db310-75e6-4dc3-b490-31f70dfa2fc7
253571,31,23.4,59,86,"2021-10-20 19:42:31",A301,6f6db310-75e6-4dc3-b490-31f70dfa2fc7
253573,27,22.6,89,0,"2021-10-20 19:43:56",A303,6f6db310-75e6-4dc3-b490-31f70dfa2fc7
253601,31,23.3,59,86,"2021-10-20 20:12:47",A301,6f6db310-75e6-4dc3-b490-31f70dfa2fc7
253603,27,22.6,89,0,"2021-10-20 20:14:15",A303,6f6db310-75e6-4dc3-b490-31f70dfa2fc7
253632,31,23.3,59,86,"2021-10-20 20:43:03",A301,6f6db310-75e6-4dc3-b490-31f70dfa2fc7
253634,27,22.5,89,0,"2021-10-20 20:44:28",A303,6f6db310-75e6-4dc3-b490-31f70dfa2fc7
253663,31,23.3,59,86,"2021-10-20 21:13:19",A301,6f6db310-75e6-4dc3-b490-31f70dfa2fc7
253665,27,22.42,89,0,"2021-10-20 21:14:44",A303,6f6db310-75e6-4dc3-b490-31f70dfa2fc7
253693,31,23.2,59,86,"2021-10-20 21:43:38",A301,6f6db310-75e6-4dc3-b490-31f70dfa2fc7
253695,27,22.4,89,0,"2021-10-20 21:45:01",A303,6f6db310-75e6-4dc3-b490-31f70dfa2fc7
253719,31,23.2,59,86,"2021-10-20 22:13:57",A301,6f6db310-75e6-4dc3-b490-31f70dfa2fc7
253722,27,22.3,89,0,"2021-10-20 22:15:15",A303,6f6db310-75e6-4dc3-b490-31f70dfa2fc7
253746,31,23.1,59,86,"2021-10-20 22:44:09",A301,6f6db310-75e6-4dc3-b490-31f70dfa2fc7
253749,27,22.3,89,0,"2021-10-20 22:45:29",A303,6f6db310-75e6-4dc3-b490-31f70dfa2fc7
253770,31,23.1,59,86,"2021-10-20 23:14:25",A301,6f6db310-75e6-4dc3-b490-31f70dfa2fc7
253772,27,22.2,88,0,"2021-10-20 23:15:44",A303,6f6db310-75e6-4dc3-b490-31f70dfa2fc7
253793,31,23,59,86,"2021-10-20 23:44:40",A301,6f6db310-75e6-4dc3-b490-31f70dfa2fc7
253795,27,22.1,88,0,"2021-10-20 23:45:59",A303,6f6db310-75e6-4dc3-b490-31f70dfa2fc7
253815,31,23,59,86,"2021-10-21 00:14:57",A301,6f6db310-75e6-4dc3-b490-31f70dfa2fc7
253817,27,22.1,88,0,"2021-10-21 00:16:15",A303,6f6db310-75e6-4dc3-b490-31f70dfa2fc7
253837,31,22.9,59,86,"2021-10-21 00:45:13",A301,6f6db310-75e6-4dc3-b490-31f70dfa2fc7
253839,27,22,88,0,"2021-10-21 00:46:30",A303,6f6db310-75e6-4dc3-b490-31f70dfa2fc7
253860,31,22.9,59,86,"2021-10-21 01:15:29",A301,6f6db310-75e6-4dc3-b490-31f70dfa2fc7
253862,27,21.9,88,0,"2021-10-21 01:16:45",A303,6f6db310-75e6-4dc3-b490-31f70dfa2fc7
253882,31,22.8,59,86,"2021-10-21 01:45:44",A301,6f6db310-75e6-4dc3-b490-31f70dfa2fc7
253884,27,21.9,87,0,"2021-10-21 01:47:01",A303,6f6db310-75e6-4dc3-b490-31f70dfa2fc7
253905,31,22.8,59,86,"2021-10-21 02:16:01",A301,6f6db310-75e6-4dc3-b490-31f70dfa2fc7
253907,27,21.8,88,0,"2021-10-21 02:17:15",A303,6f6db310-75e6-4dc3-b490-31f70dfa2fc7
253928,31,22.7,59,86,"2021-10-21 02:46:18",A301,6f6db310-75e6-4dc3-b490-31f70dfa2fc7
253929,27,21.7,87,0,"2021-10-21 02:47:30",A303,6f6db310-75e6-4dc3-b490-31f70dfa2fc7
253950,31,22.7,59,86,"2021-10-21 03:16:32",A301,6f6db310-75e6-4dc3-b490-31f70dfa2fc7
253951,27,21.7,88,0,"2021-10-21 03:17:45",A303,6f6db310-75e6-4dc3-b490-31f70dfa2fc7
253970,31,22.6,59,86,"2021-10-21 03:46:48",A301,6f6db310-75e6-4dc3-b490-31f70dfa2fc7
253972,27,21.6,88,0,"2021-10-21 03:48:02",A303,6f6db310-75e6-4dc3-b490-31f70dfa2fc7
253992,31,22.6,59,86,"2021-10-21 04:17:07",A301,6f6db310-75e6-4dc3-b490-31f70dfa2fc7
253994,27,21.6,87,0,"2021-10-21 04:18:15",A303,6f6db310-75e6-4dc3-b490-31f70dfa2fc7
254016,27,21.6,88,0,"2021-10-21 04:48:34",A303,6f6db310-75e6-4dc3-b490-31f70dfa2fc7
254036,31,22.5,59,86,"2021-10-21 05:17:38",A301,6f6db310-75e6-4dc3-b490-31f70dfa2fc7
254038,27,21.5,87,0,"2021-10-21 05:18:47",A303,6f6db310-75e6-4dc3-b490-31f70dfa2fc7
254059,31,22.4,59,93,"2021-10-21 05:47:55",A301,6f6db310-75e6-4dc3-b490-31f70dfa2fc7
254060,27,21.5,87,0,"2021-10-21 05:49:04",A303,6f6db310-75e6-4dc3-b490-31f70dfa2fc7
254064,30,22.1,198,93,"2021-10-21 05:53:36",A302,6f6db310-75e6-4dc3-b490-31f70dfa2fc7
254082,31,22.4,59,93,"2021-10-21 06:18:14",A301,6f6db310-75e6-4dc3-b490-31f70dfa2fc7
254084,27,21.6,87,0,"2021-10-21 06:19:22",A303,6f6db310-75e6-4dc3-b490-31f70dfa2fc7
254088,30,22.2,197,93,"2021-10-21 06:23:51",A302,6f6db310-75e6-4dc3-b490-31f70dfa2fc7
254105,30,22.4,59,93,"2021-10-21 06:48:36",A301,6f6db310-75e6-4dc3-b490-31f70dfa2fc7
254107,26,21.7,87,0,"2021-10-21 06:49:44",A303,6f6db310-75e6-4dc3-b490-31f70dfa2fc7
254111,30,22.2,196,93,"2021-10-21 06:54:06",A302,6f6db310-75e6-4dc3-b490-31f70dfa2fc7
254129,30,22.4,58,93,"2021-10-21 07:18:57",A301,6f6db310-75e6-4dc3-b490-31f70dfa2fc7
254131,26,21.8,87,8,"2021-10-21 07:20:04",A303,6f6db310-75e6-4dc3-b490-31f70dfa2fc7
254134,30,22.3,196,93,"2021-10-21 07:24:28",A302,6f6db310-75e6-4dc3-b490-31f70dfa2fc7
254153,30,22.4,58,93,"2021-10-21 07:49:19",A301,6f6db310-75e6-4dc3-b490-31f70dfa2fc7
254154,26,22,86,22,"2021-10-21 07:50:26",A303,6f6db310-75e6-4dc3-b490-31f70dfa2fc7
254156,30,22.5,196,93,"2021-10-21 07:54:40",A302,6f6db310-75e6-4dc3-b490-31f70dfa2fc7
254173,30,22.5,58,93,"2021-10-21 08:19:44",A301,6f6db310-75e6-4dc3-b490-31f70dfa2fc7
254176,26,22.3,86,22,"2021-10-21 08:20:53",A303,6f6db310-75e6-4dc3-b490-31f70dfa2fc7
254178,30,22.6,195,93,"2021-10-21 08:25:01",A302,6f6db310-75e6-4dc3-b490-31f70dfa2fc7
254194,30,22.5,58,100,"2021-10-21 08:50:10",A301,6f6db310-75e6-4dc3-b490-31f70dfa2fc7
254196,26,22.6,86,29,"2021-10-21 08:51:14",A303,6f6db310-75e6-4dc3-b490-31f70dfa2fc7
254199,30,22.9,194,100,"2021-10-21 08:55:20",A302,6f6db310-75e6-4dc3-b490-31f70dfa2fc7
254216,30,22.6,58,93,"2021-10-21 09:20:33",A301,6f6db310-75e6-4dc3-b490-31f70dfa2fc7
254218,26,22.9,86,29,"2021-10-21 09:21:37",A303,6f6db310-75e6-4dc3-b490-31f70dfa2fc7
254221,29,23.1,194,93,"2021-10-21 09:25:38",A302,6f6db310-75e6-4dc3-b490-31f70dfa2fc7
254238,30,22.8,58,93,"2021-10-21 09:50:52",A301,6f6db310-75e6-4dc3-b490-31f70dfa2fc7
254240,25,23.1,86,22,"2021-10-21 09:51:57",A303,6f6db310-75e6-4dc3-b490-31f70dfa2fc7
254242,29,23.4,193,93,"2021-10-21 09:55:53",A302,6f6db310-75e6-4dc3-b490-31f70dfa2fc7
254260,30,22.9,58,93,"2021-10-21 10:21:12",A301,6f6db310-75e6-4dc3-b490-31f70dfa2fc7
254262,25,23.2,86,8,"2021-10-21 10:22:17",A303,6f6db310-75e6-4dc3-b490-31f70dfa2fc7
254264,29,23.5,193,93,"2021-10-21 10:26:06",A302,6f6db310-75e6-4dc3-b490-31f70dfa2fc7
254282,30,23,58,93,"2021-10-21 10:51:32",A301,6f6db310-75e6-4dc3-b490-31f70dfa2fc7
254284,26,23.2,86,0,"2021-10-21 10:52:34",A303,6f6db310-75e6-4dc3-b490-31f70dfa2fc7
254286,29,23.5,193,93,"2021-10-21 10:56:20",A302,6f6db310-75e6-4dc3-b490-31f70dfa2fc7
254305,30,23.1,58,100,"2021-10-21 11:21:50",A301,6f6db310-75e6-4dc3-b490-31f70dfa2fc7
254307,27,23.2,86,8,"2021-10-21 11:22:52",A303,6f6db310-75e6-4dc3-b490-31f70dfa2fc7
254308,29,23.5,194,100,"2021-10-21 11:26:35",A302,6f6db310-75e6-4dc3-b490-31f70dfa2fc7
254327,30,23.2,57,100,"2021-10-21 11:52:14",A301,6f6db310-75e6-4dc3-b490-31f70dfa2fc7
254329,27,23.2,85,29,"2021-10-21 11:53:15",A303,6f6db310-75e6-4dc3-b490-31f70dfa2fc7
254330,29,23.5,193,100,"2021-10-21 11:56:52",A302,6f6db310-75e6-4dc3-b490-31f70dfa2fc7
254350,29,23.3,57,100,"2021-10-21 12:22:38",A301,6f6db310-75e6-4dc3-b490-31f70dfa2fc7
254351,27,23.2,85,36,"2021-10-21 12:23:39",A303,6f6db310-75e6-4dc3-b490-31f70dfa2fc7
254353,29,23.6,193,100,"2021-10-21 12:27:13",A302,6f6db310-75e6-4dc3-b490-31f70dfa2fc7
254373,29,23.3,57,100,"2021-10-21 12:53:03",A301,6f6db310-75e6-4dc3-b490-31f70dfa2fc7
254374,27,23.3,86,43,"2021-10-21 12:54:04",A303,6f6db310-75e6-4dc3-b490-31f70dfa2fc7
254376,29,23.62,193,100,"2021-10-21 12:57:34",A302,6f6db310-75e6-4dc3-b490-31f70dfa2fc7
254398,27,23.4,85,29,"2021-10-21 13:25:53",A303,6f6db310-75e6-4dc3-b490-31f70dfa2fc7
254399,29,23.8,193,93,"2021-10-21 13:27:54",A302,6f6db310-75e6-4dc3-b490-31f70dfa2fc7
254419,29,23.4,57,86,"2021-10-21 13:53:46",A301,6f6db310-75e6-4dc3-b490-31f70dfa2fc7
254422,27,23.4,86,8,"2021-10-21 13:56:09",A303,6f6db310-75e6-4dc3-b490-31f70dfa2fc7
254423,29,23.9,194,93,"2021-10-21 13:58:06",A302,6f6db310-75e6-4dc3-b490-31f70dfa2fc7
254444,29,23.4,88,0,"2021-10-21 14:26:29",A303,6f6db310-75e6-4dc3-b490-31f70dfa2fc7
254445,34,23.6,70,86,"2021-10-21 14:27:56",A301,6f6db310-75e6-4dc3-b490-31f70dfa2fc7
254446,30,23.9,194,86,"2021-10-21 14:28:18",A302,6f6db310-75e6-4dc3-b490-31f70dfa2fc7
254466,32,23.3,101,0,"2021-10-21 14:56:44",A303,6f6db310-75e6-4dc3-b490-31f70dfa2fc7
254468,33,23.6,64,86,"2021-10-21 14:58:19",A301,6f6db310-75e6-4dc3-b490-31f70dfa2fc7
254469,32,23.9,213,86,"2021-10-21 14:58:28",A302,6f6db310-75e6-4dc3-b490-31f70dfa2fc7
254489,31,23.2,98,0,"2021-10-21 15:26:57",A303,6f6db310-75e6-4dc3-b490-31f70dfa2fc7
254491,32,23.7,206,86,"2021-10-21 15:28:39",A302,6f6db310-75e6-4dc3-b490-31f70dfa2fc7
254492,32,23.6,63,86,"2021-10-21 15:28:44",A301,6f6db310-75e6-4dc3-b490-31f70dfa2fc7
254512,30,23.1,95,0,"2021-10-21 15:57:13",A303,6f6db310-75e6-4dc3-b490-31f70dfa2fc7
254514,32,23.6,207,86,"2021-10-21 15:59:02",A302,6f6db310-75e6-4dc3-b490-31f70dfa2fc7
254515,32,23.6,62,86,"2021-10-21 15:59:03",A301,6f6db310-75e6-4dc3-b490-31f70dfa2fc7
254536,30,23,93,0,"2021-10-21 16:27:27",A303,6f6db310-75e6-4dc3-b490-31f70dfa2fc7
254538,31,23.4,204,86,"2021-10-21 16:29:24",A302,6f6db310-75e6-4dc3-b490-31f70dfa2fc7
254539,32,23.5,61,86,"2021-10-21 16:29:26",A301,6f6db310-75e6-4dc3-b490-31f70dfa2fc7
254558,29,22.9,92,0,"2021-10-21 16:57:43",A303,6f6db310-75e6-4dc3-b490-31f70dfa2fc7
254562,31,23.3,203,86,"2021-10-21 16:59:47",A302,6f6db310-75e6-4dc3-b490-31f70dfa2fc7
254563,32,23.5,61,86,"2021-10-21 16:59:48",A301,6f6db310-75e6-4dc3-b490-31f70dfa2fc7
254583,29,22.8,90,0,"2021-10-21 17:27:57",A303,6f6db310-75e6-4dc3-b490-31f70dfa2fc7
254587,31,23.5,61,86,"2021-10-21 17:30:10",A301,6f6db310-75e6-4dc3-b490-31f70dfa2fc7
254588,31,23.2,200,86,"2021-10-21 17:30:10",A302,6f6db310-75e6-4dc3-b490-31f70dfa2fc7
254608,29,22.7,91,0,"2021-10-21 17:58:12",A303,6f6db310-75e6-4dc3-b490-31f70dfa2fc7
254611,31,23.4,60,86,"2021-10-21 18:00:32",A301,6f6db310-75e6-4dc3-b490-31f70dfa2fc7
254612,31,23.1,199,86,"2021-10-21 18:00:34",A302,6f6db310-75e6-4dc3-b490-31f70dfa2fc7
254631,28,22.6,91,0,"2021-10-21 18:28:27",A303,6f6db310-75e6-4dc3-b490-31f70dfa2fc7
254634,31,23.4,60,86,"2021-10-21 18:30:54",A301,6f6db310-75e6-4dc3-b490-31f70dfa2fc7
254635,31,23,199,86,"2021-10-21 18:30:57",A302,6f6db310-75e6-4dc3-b490-31f70dfa2fc7
254654,28,22.5,91,0,"2021-10-21 18:58:43",A303,6f6db310-75e6-4dc3-b490-31f70dfa2fc7
254657,31,23.3,60,86,"2021-10-21 19:01:16",A301,6f6db310-75e6-4dc3-b490-31f70dfa2fc7
254658,31,23,196,86,"2021-10-21 19:01:19",A302,6f6db310-75e6-4dc3-b490-31f70dfa2fc7
254677,28,22.5,91,0,"2021-10-21 19:28:56",A303,6f6db310-75e6-4dc3-b490-31f70dfa2fc7
254680,31,23.2,60,86,"2021-10-21 19:31:38",A301,6f6db310-75e6-4dc3-b490-31f70dfa2fc7
254681,31,22.9,194,86,"2021-10-21 19:31:43",A302,6f6db310-75e6-4dc3-b490-31f70dfa2fc7
254699,28,22.4,91,0,"2021-10-21 19:59:11",A303,6f6db310-75e6-4dc3-b490-31f70dfa2fc7
254702,31,23.2,60,86,"2021-10-21 20:02:00",A301,6f6db310-75e6-4dc3-b490-31f70dfa2fc7
254703,31,22.8,196,86,"2021-10-21 20:02:05",A302,6f6db310-75e6-4dc3-b490-31f70dfa2fc7
254723,28,22.3,90,0,"2021-10-21 20:29:26",A303,6f6db310-75e6-4dc3-b490-31f70dfa2fc7
254726,31,23.1,60,86,"2021-10-21 20:32:21",A301,6f6db310-75e6-4dc3-b490-31f70dfa2fc7
254727,31,22.8,194,86,"2021-10-21 20:32:29",A302,6f6db310-75e6-4dc3-b490-31f70dfa2fc7
254746,28,22.3,90,0,"2021-10-21 20:59:40",A303,6f6db310-75e6-4dc3-b490-31f70dfa2fc7
254749,31,23.1,60,86,"2021-10-21 21:02:43",A301,6f6db310-75e6-4dc3-b490-31f70dfa2fc7
254750,31,22.7,195,86,"2021-10-21 21:02:51",A302,6f6db310-75e6-4dc3-b490-31f70dfa2fc7
254770,28,22.2,90,0,"2021-10-21 21:29:55",A303,6f6db310-75e6-4dc3-b490-31f70dfa2fc7
254773,31,23,59,86,"2021-10-21 21:33:04",A301,6f6db310-75e6-4dc3-b490-31f70dfa2fc7
254774,31,22.6,194,86,"2021-10-21 21:33:14",A302,6f6db310-75e6-4dc3-b490-31f70dfa2fc7
254793,28,22.1,90,0,"2021-10-21 22:00:10",A303,6f6db310-75e6-4dc3-b490-31f70dfa2fc7
254796,31,23,59,86,"2021-10-21 22:03:27",A301,6f6db310-75e6-4dc3-b490-31f70dfa2fc7
254797,31,22.6,192,86,"2021-10-21 22:03:37",A302,6f6db310-75e6-4dc3-b490-31f70dfa2fc7
254817,28,22.1,90,0,"2021-10-21 22:30:25",A303,6f6db310-75e6-4dc3-b490-31f70dfa2fc7
254820,31,22.9,59,86,"2021-10-21 22:33:50",A301,6f6db310-75e6-4dc3-b490-31f70dfa2fc7
254840,28,22,90,0,"2021-10-21 23:00:39",A303,6f6db310-75e6-4dc3-b490-31f70dfa2fc7
254843,31,22.9,59,86,"2021-10-21 23:04:13",A301,6f6db310-75e6-4dc3-b490-31f70dfa2fc7
254844,31,22.5,192,86,"2021-10-21 23:04:22",A302,6f6db310-75e6-4dc3-b490-31f70dfa2fc7
254864,28,22,90,0,"2021-10-21 23:30:53",A303,6f6db310-75e6-4dc3-b490-31f70dfa2fc7
254867,31,22.8,59,86,"2021-10-21 23:34:31",A301,6f6db310-75e6-4dc3-b490-31f70dfa2fc7
254868,31,22.5,190,86,"2021-10-21 23:34:43",A302,6f6db310-75e6-4dc3-b490-31f70dfa2fc7
254886,28,21.9,90,0,"2021-10-22 00:01:05",A303,6f6db310-75e6-4dc3-b490-31f70dfa2fc7
254889,31,22.8,59,86,"2021-10-22 00:04:52",A301,6f6db310-75e6-4dc3-b490-31f70dfa2fc7
254890,31,22.4,191,86,"2021-10-22 00:05:07",A302,6f6db310-75e6-4dc3-b490-31f70dfa2fc7
254909,28,21.8,90,0,"2021-10-22 00:31:20",A303,6f6db310-75e6-4dc3-b490-31f70dfa2fc7
254912,31,22.7,59,86,"2021-10-22 00:35:12",A301,6f6db310-75e6-4dc3-b490-31f70dfa2fc7
254913,31,22.3,191,86,"2021-10-22 00:35:27",A302,6f6db310-75e6-4dc3-b490-31f70dfa2fc7
254933,28,21.7,90,0,"2021-10-22 01:01:33",A303,6f6db310-75e6-4dc3-b490-31f70dfa2fc7
254936,31,22.7,59,86,"2021-10-22 01:05:33",A301,6f6db310-75e6-4dc3-b490-31f70dfa2fc7
254937,31,22.3,190,86,"2021-10-22 01:05:49",A302,6f6db310-75e6-4dc3-b490-31f70dfa2fc7
254957,28,21.7,90,0,"2021-10-22 01:31:47",A303,6f6db310-75e6-4dc3-b490-31f70dfa2fc7
254960,31,22.6,59,86,"2021-10-22 01:35:54",A301,6f6db310-75e6-4dc3-b490-31f70dfa2fc7
254961,31,22.2,189,86,"2021-10-22 01:36:10",A302,6f6db310-75e6-4dc3-b490-31f70dfa2fc7
254981,28,21.6,90,0,"2021-10-22 02:02:02",A303,6f6db310-75e6-4dc3-b490-31f70dfa2fc7
254984,31,22.6,59,86,"2021-10-22 02:06:15",A301,6f6db310-75e6-4dc3-b490-31f70dfa2fc7
254985,31,22.2,189,86,"2021-10-22 02:06:34",A302,6f6db310-75e6-4dc3-b490-31f70dfa2fc7
255004,28,21.6,89,0,"2021-10-22 02:32:15",A303,6f6db310-75e6-4dc3-b490-31f70dfa2fc7
255007,31,22.5,59,86,"2021-10-22 02:36:36",A301,6f6db310-75e6-4dc3-b490-31f70dfa2fc7
255008,31,22.1,189,58,"2021-10-22 02:36:55",A302,6f6db310-75e6-4dc3-b490-31f70dfa2fc7
255026,28,21.5,89,0,"2021-10-22 03:02:29",A303,6f6db310-75e6-4dc3-b490-31f70dfa2fc7
255030,31,22.46,59,86,"2021-10-22 03:06:57",A301,6f6db310-75e6-4dc3-b490-31f70dfa2fc7
255031,31,22.1,187,58,"2021-10-22 03:07:16",A302,6f6db310-75e6-4dc3-b490-31f70dfa2fc7
255050,28,21.5,88,0,"2021-10-22 03:32:44",A303,6f6db310-75e6-4dc3-b490-31f70dfa2fc7
255053,31,22.4,58,86,"2021-10-22 03:37:18",A301,6f6db310-75e6-4dc3-b490-31f70dfa2fc7
255055,30,22.1,186,58,"2021-10-22 03:37:39",A302,6f6db310-75e6-4dc3-b490-31f70dfa2fc7
255073,28,21.4,89,0,"2021-10-22 04:02:57",A303,6f6db310-75e6-4dc3-b490-31f70dfa2fc7
255076,31,22.4,59,86,"2021-10-22 04:07:39",A301,6f6db310-75e6-4dc3-b490-31f70dfa2fc7
255078,30,22,187,58,"2021-10-22 04:08:02",A302,6f6db310-75e6-4dc3-b490-31f70dfa2fc7
255096,27,21.4,89,0,"2021-10-22 04:33:12",A303,6f6db310-75e6-4dc3-b490-31f70dfa2fc7
255099,31,22.3,59,86,"2021-10-22 04:38:02",A301,6f6db310-75e6-4dc3-b490-31f70dfa2fc7
255101,30,22,188,58,"2021-10-22 04:38:22",A302,6f6db310-75e6-4dc3-b490-31f70dfa2fc7
255120,27,21.3,88,0,"2021-10-22 05:03:27",A303,6f6db310-75e6-4dc3-b490-31f70dfa2fc7
255123,31,22.3,59,93,"2021-10-22 05:08:23",A301,6f6db310-75e6-4dc3-b490-31f70dfa2fc7
255125,30,21.9,186,58,"2021-10-22 05:08:46",A302,6f6db310-75e6-4dc3-b490-31f70dfa2fc7
255143,27,21.3,88,0,"2021-10-22 05:33:43",A303,6f6db310-75e6-4dc3-b490-31f70dfa2fc7
255148,31,22.2,59,93,"2021-10-22 05:38:47",A301,6f6db310-75e6-4dc3-b490-31f70dfa2fc7
255150,30,21.9,188,93,"2021-10-22 05:39:10",A302,6f6db310-75e6-4dc3-b490-31f70dfa2fc7
255168,27,21.3,88,0,"2021-10-22 06:03:59",A303,6f6db310-75e6-4dc3-b490-31f70dfa2fc7
255173,31,22.2,59,93,"2021-10-22 06:09:10",A301,6f6db310-75e6-4dc3-b490-31f70dfa2fc7
255175,30,21.9,187,93,"2021-10-22 06:09:36",A302,6f6db310-75e6-4dc3-b490-31f70dfa2fc7
255193,27,21.4,87,8,"2021-10-22 06:34:17",A303,6f6db310-75e6-4dc3-b490-31f70dfa2fc7
255198,31,22.2,58,93,"2021-10-22 06:39:34",A301,6f6db310-75e6-4dc3-b490-31f70dfa2fc7
255200,30,21.9,187,93,"2021-10-22 06:40:03",A302,6f6db310-75e6-4dc3-b490-31f70dfa2fc7
255220,27,21.5,87,15,"2021-10-22 07:04:37",A303,6f6db310-75e6-4dc3-b490-31f70dfa2fc7
255225,31,22.2,58,93,"2021-10-22 07:10:02",A301,6f6db310-75e6-4dc3-b490-31f70dfa2fc7
255227,30,22,185,100,"2021-10-22 07:10:33",A302,6f6db310-75e6-4dc3-b490-31f70dfa2fc7
255248,27,21.8,86,22,"2021-10-22 07:35:00",A303,6f6db310-75e6-4dc3-b490-31f70dfa2fc7
255253,31,22.2,58,93,"2021-10-22 07:40:32",A301,6f6db310-75e6-4dc3-b490-31f70dfa2fc7
255277,27,22.3,87,22,"2021-10-22 08:05:24",A303,6f6db310-75e6-4dc3-b490-31f70dfa2fc7
255281,31,22.2,58,100,"2021-10-22 08:11:03",A301,6f6db310-75e6-4dc3-b490-31f70dfa2fc7
255305,26,22.8,86,36,"2021-10-22 08:35:48",A303,6f6db310-75e6-4dc3-b490-31f70dfa2fc7
255310,30,22.3,58,100,"2021-10-22 08:41:35",A301,6f6db310-75e6-4dc3-b490-31f70dfa2fc7
255338,30,22.5,57,100,"2021-10-22 09:12:05",A301,6f6db310-75e6-4dc3-b490-31f70dfa2fc7
255360,26,23.7,86,36,"2021-10-22 09:36:36",A303,6f6db310-75e6-4dc3-b490-31f70dfa2fc7
255366,30,22.7,57,100,"2021-10-22 09:42:36",A301,6f6db310-75e6-4dc3-b490-31f70dfa2fc7
255388,25,24,86,36,"2021-10-22 10:07:00",A303,6f6db310-75e6-4dc3-b490-31f70dfa2fc7
255394,30,22.9,57,100,"2021-10-22 10:13:06",A301,6f6db310-75e6-4dc3-b490-31f70dfa2fc7
255417,26,24.2,87,43,"2021-10-22 10:37:27",A303,6f6db310-75e6-4dc3-b490-31f70dfa2fc7
255423,29,23.1,57,93,"2021-10-22 10:43:40",A301,6f6db310-75e6-4dc3-b490-31f70dfa2fc7
255448,25,24.5,86,15,"2021-10-22 11:07:48",A303,6f6db310-75e6-4dc3-b490-31f70dfa2fc7
255453,29,23.3,56,93,"2021-10-22 11:14:08",A301,6f6db310-75e6-4dc3-b490-31f70dfa2fc7
255456,30,24.7,181,100,"2021-10-22 11:15:08",A302,6f6db310-75e6-4dc3-b490-31f70dfa2fc7
255476,25,24.7,86,15,"2021-10-22 11:38:08",A303,6f6db310-75e6-4dc3-b490-31f70dfa2fc7
255481,29,23.5,56,100,"2021-10-22 11:44:35",A301,6f6db310-75e6-4dc3-b490-31f70dfa2fc7
255484,30,24.9,181,100,"2021-10-22 11:45:39",A302,6f6db310-75e6-4dc3-b490-31f70dfa2fc7
255505,25,24.7,86,8,"2021-10-22 12:08:29",A303,6f6db310-75e6-4dc3-b490-31f70dfa2fc7
255510,29,23.7,56,93,"2021-10-22 12:15:01",A301,6f6db310-75e6-4dc3-b490-31f70dfa2fc7
255513,30,25,181,93,"2021-10-22 12:16:09",A302,6f6db310-75e6-4dc3-b490-31f70dfa2fc7
255532,25,24.7,86,8,"2021-10-22 12:38:47",A303,6f6db310-75e6-4dc3-b490-31f70dfa2fc7
255537,29,23.8,56,93,"2021-10-22 12:45:26",A301,6f6db310-75e6-4dc3-b490-31f70dfa2fc7
255539,30,24.9,181,100,"2021-10-22 12:46:35",A302,6f6db310-75e6-4dc3-b490-31f70dfa2fc7
255560,25,24.7,86,0,"2021-10-22 13:09:05",A303,6f6db310-75e6-4dc3-b490-31f70dfa2fc7
255565,29,23.9,57,93,"2021-10-22 13:15:50",A301,6f6db310-75e6-4dc3-b490-31f70dfa2fc7
255567,30,24.9,181,93,"2021-10-22 13:17:02",A302,6f6db310-75e6-4dc3-b490-31f70dfa2fc7
255588,25,24.6,86,0,"2021-10-22 13:39:23",A303,6f6db310-75e6-4dc3-b490-31f70dfa2fc7
255594,29,24,57,86,"2021-10-22 13:46:15",A301,6f6db310-75e6-4dc3-b490-31f70dfa2fc7
255596,30,24.8,180,86,"2021-10-22 13:47:29",A302,6f6db310-75e6-4dc3-b490-31f70dfa2fc7
255616,26,24.5,86,0,"2021-10-22 14:09:39",A303,6f6db310-75e6-4dc3-b490-31f70dfa2fc7
255621,29,24.1,56,86,"2021-10-22 14:16:37",A301,6f6db310-75e6-4dc3-b490-31f70dfa2fc7
255623,30,24.7,182,86,"2021-10-22 14:17:52",A302,6f6db310-75e6-4dc3-b490-31f70dfa2fc7
255643,26,24.4,86,0,"2021-10-22 14:39:54",A303,6f6db310-75e6-4dc3-b490-31f70dfa2fc7
255650,29,24.1,57,86,"2021-10-22 14:47:01",A301,6f6db310-75e6-4dc3-b490-31f70dfa2fc7
255652,30,24.6,183,86,"2021-10-22 14:48:17",A302,6f6db310-75e6-4dc3-b490-31f70dfa2fc7
255673,26,24.2,86,0,"2021-10-22 15:10:10",A303,6f6db310-75e6-4dc3-b490-31f70dfa2fc7
255680,29,24.1,57,86,"2021-10-22 15:17:25",A301,6f6db310-75e6-4dc3-b490-31f70dfa2fc7
255682,30,24.44,184,86,"2021-10-22 15:18:43",A302,6f6db310-75e6-4dc3-b490-31f70dfa2fc7
255703,26,24.1,86,0,"2021-10-22 15:40:26",A303,6f6db310-75e6-4dc3-b490-31f70dfa2fc7
255711,29,24.1,57,86,"2021-10-22 15:47:45",A301,6f6db310-75e6-4dc3-b490-31f70dfa2fc7
255713,30,24.3,183,86,"2021-10-22 15:49:06",A302,6f6db310-75e6-4dc3-b490-31f70dfa2fc7
255733,26,23.9,86,0,"2021-10-22 16:10:43",A303,6f6db310-75e6-4dc3-b490-31f70dfa2fc7
255740,29,24.1,57,86,"2021-10-22 16:18:07",A301,6f6db310-75e6-4dc3-b490-31f70dfa2fc7
255742,30,24.2,184,86,"2021-10-22 16:19:32",A302,6f6db310-75e6-4dc3-b490-31f70dfa2fc7
255762,26,23.8,86,0,"2021-10-22 16:40:56",A303,6f6db310-75e6-4dc3-b490-31f70dfa2fc7
255769,29,24.1,57,86,"2021-10-22 16:48:31",A301,6f6db310-75e6-4dc3-b490-31f70dfa2fc7
255770,30,24,183,86,"2021-10-22 16:49:54",A302,6f6db310-75e6-4dc3-b490-31f70dfa2fc7
255790,26,23.7,86,0,"2021-10-22 17:11:11",A303,6f6db310-75e6-4dc3-b490-31f70dfa2fc7
255798,29,24,58,86,"2021-10-22 17:18:52",A301,6f6db310-75e6-4dc3-b490-31f70dfa2fc7
255799,30,23.9,184,86,"2021-10-22 17:20:16",A302,6f6db310-75e6-4dc3-b490-31f70dfa2fc7
255819,26,23.5,85,0,"2021-10-22 17:41:25",A303,6f6db310-75e6-4dc3-b490-31f70dfa2fc7
255827,29,23.98,58,86,"2021-10-22 17:49:14",A301,6f6db310-75e6-4dc3-b490-31f70dfa2fc7
255828,30,23.8,184,86,"2021-10-22 17:50:39",A302,6f6db310-75e6-4dc3-b490-31f70dfa2fc7
255848,26,23.4,85,0,"2021-10-22 18:11:41",A303,6f6db310-75e6-4dc3-b490-31f70dfa2fc7
255855,30,23.9,58,86,"2021-10-22 18:19:35",A301,6f6db310-75e6-4dc3-b490-31f70dfa2fc7
255856,30,23.7,184,86,"2021-10-22 18:21:02",A302,6f6db310-75e6-4dc3-b490-31f70dfa2fc7
255876,26,23.3,86,0,"2021-10-22 18:41:56",A303,6f6db310-75e6-4dc3-b490-31f70dfa2fc7
255884,30,23.8,58,86,"2021-10-22 18:49:57",A301,6f6db310-75e6-4dc3-b490-31f70dfa2fc7
255885,30,23.6,184,86,"2021-10-22 18:51:25",A302,6f6db310-75e6-4dc3-b490-31f70dfa2fc7
255905,26,23.2,86,0,"2021-10-22 19:12:10",A303,6f6db310-75e6-4dc3-b490-31f70dfa2fc7
255913,30,23.8,58,86,"2021-10-22 19:20:18",A301,6f6db310-75e6-4dc3-b490-31f70dfa2fc7
255914,30,23.5,184,86,"2021-10-22 19:21:47",A302,6f6db310-75e6-4dc3-b490-31f70dfa2fc7
255932,26,23,86,0,"2021-10-22 19:42:23",A303,6f6db310-75e6-4dc3-b490-31f70dfa2fc7
255940,30,23.7,58,86,"2021-10-22 19:50:39",A301,6f6db310-75e6-4dc3-b490-31f70dfa2fc7
255941,30,23.4,182,86,"2021-10-22 19:52:09",A302,6f6db310-75e6-4dc3-b490-31f70dfa2fc7
255962,26,22.9,86,0,"2021-10-22 20:12:38",A303,6f6db310-75e6-4dc3-b490-31f70dfa2fc7
255969,30,23.6,58,86,"2021-10-22 20:21:00",A301,6f6db310-75e6-4dc3-b490-31f70dfa2fc7
255970,30,23.3,183,86,"2021-10-22 20:22:32",A302,6f6db310-75e6-4dc3-b490-31f70dfa2fc7
255991,26,22.8,86,0,"2021-10-22 20:42:52",A303,6f6db310-75e6-4dc3-b490-31f70dfa2fc7
255999,30,23.5,58,86,"2021-10-22 20:51:21",A301,6f6db310-75e6-4dc3-b490-31f70dfa2fc7
256000,30,23.2,183,86,"2021-10-22 20:52:53",A302,6f6db310-75e6-4dc3-b490-31f70dfa2fc7
256026,30,23.5,58,86,"2021-10-22 21:21:41",A301,6f6db310-75e6-4dc3-b490-31f70dfa2fc7
256027,30,23.1,182,86,"2021-10-22 21:23:14",A302,6f6db310-75e6-4dc3-b490-31f70dfa2fc7
256053,30,23.4,58,86,"2021-10-22 21:52:02",A301,6f6db310-75e6-4dc3-b490-31f70dfa2fc7
256054,30,23,183,86,"2021-10-22 21:53:36",A302,6f6db310-75e6-4dc3-b490-31f70dfa2fc7
256073,26,22.4,86,0,"2021-10-22 22:13:32",A303,6f6db310-75e6-4dc3-b490-31f70dfa2fc7
256081,30,23.3,58,86,"2021-10-22 22:22:24",A301,6f6db310-75e6-4dc3-b490-31f70dfa2fc7
256082,30,22.9,184,86,"2021-10-22 22:24:01",A302,6f6db310-75e6-4dc3-b490-31f70dfa2fc7
256101,26,22.3,86,0,"2021-10-22 22:43:45",A303,6f6db310-75e6-4dc3-b490-31f70dfa2fc7
256109,30,23.2,58,86,"2021-10-22 22:52:43",A301,6f6db310-75e6-4dc3-b490-31f70dfa2fc7
256110,30,22.8,183,86,"2021-10-22 22:54:18",A302,6f6db310-75e6-4dc3-b490-31f70dfa2fc7
256129,26,22.2,87,0,"2021-10-22 23:13:58",A303,6f6db310-75e6-4dc3-b490-31f70dfa2fc7
256137,30,23.14,58,86,"2021-10-22 23:23:04",A301,6f6db310-75e6-4dc3-b490-31f70dfa2fc7
256138,30,22.7,183,86,"2021-10-22 23:24:40",A302,6f6db310-75e6-4dc3-b490-31f70dfa2fc7
256157,26,22.2,86,0,"2021-10-22 23:44:12",A303,6f6db310-75e6-4dc3-b490-31f70dfa2fc7
256165,30,23.1,58,86,"2021-10-22 23:53:25",A301,6f6db310-75e6-4dc3-b490-31f70dfa2fc7
256166,30,22.6,183,86,"2021-10-22 23:55:01",A302,6f6db310-75e6-4dc3-b490-31f70dfa2fc7
256185,26,22.1,86,0,"2021-10-23 00:14:26",A303,6f6db310-75e6-4dc3-b490-31f70dfa2fc7
256192,30,23,58,86,"2021-10-23 00:23:46",A301,6f6db310-75e6-4dc3-b490-31f70dfa2fc7
256193,30,22.5,182,86,"2021-10-23 00:25:23",A302,6f6db310-75e6-4dc3-b490-31f70dfa2fc7
256211,26,22,86,0,"2021-10-23 00:44:40",A303,6f6db310-75e6-4dc3-b490-31f70dfa2fc7
256219,30,22.9,58,86,"2021-10-23 00:54:07",A301,6f6db310-75e6-4dc3-b490-31f70dfa2fc7
256220,30,22.5,181,86,"2021-10-23 00:55:46",A302,6f6db310-75e6-4dc3-b490-31f70dfa2fc7
256239,26,21.9,86,0,"2021-10-23 01:14:54",A303,6f6db310-75e6-4dc3-b490-31f70dfa2fc7
256247,30,22.8,58,86,"2021-10-23 01:24:27",A301,6f6db310-75e6-4dc3-b490-31f70dfa2fc7
256248,30,22.4,180,86,"2021-10-23 01:26:06",A302,6f6db310-75e6-4dc3-b490-31f70dfa2fc7
256266,26,21.9,86,0,"2021-10-23 01:45:07",A303,6f6db310-75e6-4dc3-b490-31f70dfa2fc7
256274,30,22.8,58,86,"2021-10-23 01:54:48",A301,6f6db310-75e6-4dc3-b490-31f70dfa2fc7
256275,30,22.4,178,72,"2021-10-23 01:56:28",A302,6f6db310-75e6-4dc3-b490-31f70dfa2fc7
256293,26,21.8,86,0,"2021-10-23 02:15:21",A303,6f6db310-75e6-4dc3-b490-31f70dfa2fc7
256301,30,22.7,58,86,"2021-10-23 02:25:09",A301,6f6db310-75e6-4dc3-b490-31f70dfa2fc7
256302,30,22.3,181,58,"2021-10-23 02:26:48",A302,6f6db310-75e6-4dc3-b490-31f70dfa2fc7
256320,26,21.7,86,0,"2021-10-23 02:45:33",A303,6f6db310-75e6-4dc3-b490-31f70dfa2fc7
256329,30,22.6,58,86,"2021-10-23 02:55:28",A301,6f6db310-75e6-4dc3-b490-31f70dfa2fc7
256330,30,22.2,181,58,"2021-10-23 02:57:09",A302,6f6db310-75e6-4dc3-b490-31f70dfa2fc7
256348,26,21.6,86,0,"2021-10-23 03:15:47",A303,6f6db310-75e6-4dc3-b490-31f70dfa2fc7
256357,30,22.6,58,86,"2021-10-23 03:25:51",A301,6f6db310-75e6-4dc3-b490-31f70dfa2fc7
256358,30,22.2,182,58,"2021-10-23 03:27:31",A302,6f6db310-75e6-4dc3-b490-31f70dfa2fc7
256376,26,21.6,85,0,"2021-10-23 03:46:01",A303,6f6db310-75e6-4dc3-b490-31f70dfa2fc7
256385,30,22.5,58,86,"2021-10-23 03:56:11",A301,6f6db310-75e6-4dc3-b490-31f70dfa2fc7
256386,30,22.1,181,58,"2021-10-23 03:57:51",A302,6f6db310-75e6-4dc3-b490-31f70dfa2fc7
256404,26,21.5,85,0,"2021-10-23 04:16:15",A303,6f6db310-75e6-4dc3-b490-31f70dfa2fc7
256413,30,22.5,58,86,"2021-10-23 04:26:31",A301,6f6db310-75e6-4dc3-b490-31f70dfa2fc7
256414,30,22.1,181,58,"2021-10-23 04:28:15",A302,6f6db310-75e6-4dc3-b490-31f70dfa2fc7
256431,26,21.4,85,0,"2021-10-23 04:46:28",A303,6f6db310-75e6-4dc3-b490-31f70dfa2fc7
256440,30,22.4,58,86,"2021-10-23 04:56:51",A301,6f6db310-75e6-4dc3-b490-31f70dfa2fc7
256441,30,22,181,58,"2021-10-23 04:58:33",A302,6f6db310-75e6-4dc3-b490-31f70dfa2fc7
256457,26,21.4,86,0,"2021-10-23 05:16:42",A303,6f6db310-75e6-4dc3-b490-31f70dfa2fc7
256465,30,22.3,58,86,"2021-10-23 05:27:12",A301,6f6db310-75e6-4dc3-b490-31f70dfa2fc7
256466,30,22,180,58,"2021-10-23 05:28:55",A302,6f6db310-75e6-4dc3-b490-31f70dfa2fc7
256490,26,21.4,86,0,"2021-10-23 05:46:56",A303,6f6db310-75e6-4dc3-b490-31f70dfa2fc7
256499,30,22.3,58,93,"2021-10-23 05:57:34",A301,6f6db310-75e6-4dc3-b490-31f70dfa2fc7
256500,30,22,181,58,"2021-10-23 05:59:18",A302,6f6db310-75e6-4dc3-b490-31f70dfa2fc7
256516,26,21.4,86,0,"2021-10-23 06:17:11",A303,6f6db310-75e6-4dc3-b490-31f70dfa2fc7
256527,30,22.3,58,93,"2021-10-23 06:27:57",A301,6f6db310-75e6-4dc3-b490-31f70dfa2fc7
256528,30,22,179,93,"2021-10-23 06:29:43",A302,6f6db310-75e6-4dc3-b490-31f70dfa2fc7
256545,26,21.4,85,8,"2021-10-23 06:47:29",A303,6f6db310-75e6-4dc3-b490-31f70dfa2fc7
256557,30,22.2,58,93,"2021-10-23 06:58:23",A301,6f6db310-75e6-4dc3-b490-31f70dfa2fc7
256558,30,22,181,93,"2021-10-23 07:00:12",A302,6f6db310-75e6-4dc3-b490-31f70dfa2fc7
256575,26,21.5,85,8,"2021-10-23 07:17:49",A303,6f6db310-75e6-4dc3-b490-31f70dfa2fc7
256587,30,22.2,58,93,"2021-10-23 07:28:51",A301,6f6db310-75e6-4dc3-b490-31f70dfa2fc7
256588,30,22.1,180,100,"2021-10-23 07:30:42",A302,6f6db310-75e6-4dc3-b490-31f70dfa2fc7
256605,26,21.84,85,15,"2021-10-23 07:48:11",A303,6f6db310-75e6-4dc3-b490-31f70dfa2fc7
256616,30,22.2,58,100,"2021-10-23 07:59:18",A301,6f6db310-75e6-4dc3-b490-31f70dfa2fc7
256617,30,22.2,177,100,"2021-10-23 08:01:15",A302,6f6db310-75e6-4dc3-b490-31f70dfa2fc7
256634,26,22.4,85,22,"2021-10-23 08:18:34",A303,6f6db310-75e6-4dc3-b490-31f70dfa2fc7
256646,30,22.3,58,100,"2021-10-23 08:29:48",A301,6f6db310-75e6-4dc3-b490-31f70dfa2fc7
256647,30,22.5,178,100,"2021-10-23 08:31:49",A302,6f6db310-75e6-4dc3-b490-31f70dfa2fc7
256664,26,23,85,22,"2021-10-23 08:48:57",A303,6f6db310-75e6-4dc3-b490-31f70dfa2fc7
256674,30,22.4,57,100,"2021-10-23 09:00:18",A301,6f6db310-75e6-4dc3-b490-31f70dfa2fc7
256676,30,22.8,177,100,"2021-10-23 09:02:21",A302,6f6db310-75e6-4dc3-b490-31f70dfa2fc7
256692,26,23.6,85,29,"2021-10-23 09:19:20",A303,6f6db310-75e6-4dc3-b490-31f70dfa2fc7
256702,29,22.6,57,100,"2021-10-23 09:30:48",A301,6f6db310-75e6-4dc3-b490-31f70dfa2fc7
256704,30,23.2,175,100,"2021-10-23 09:32:54",A302,6f6db310-75e6-4dc3-b490-31f70dfa2fc7
256721,26,24,84,29,"2021-10-23 09:49:43",A303,6f6db310-75e6-4dc3-b490-31f70dfa2fc7
256731,29,22.7,57,100,"2021-10-23 10:01:18",A301,6f6db310-75e6-4dc3-b490-31f70dfa2fc7
256733,30,23.6,175,100,"2021-10-23 10:03:28",A302,6f6db310-75e6-4dc3-b490-31f70dfa2fc7
256745,26,24.3,85,29,"2021-10-23 10:20:05",A303,6f6db310-75e6-4dc3-b490-31f70dfa2fc7
256751,28,23,57,100,"2021-10-23 10:31:49",A301,6f6db310-75e6-4dc3-b490-31f70dfa2fc7
256766,26,24.7,85,36,"2021-10-23 10:50:28",A303,6f6db310-75e6-4dc3-b490-31f70dfa2fc7
256773,28,23.2,56,100,"2021-10-23 11:02:18",A301,6f6db310-75e6-4dc3-b490-31f70dfa2fc7
256775,30,24.5,171,100,"2021-10-23 11:04:38",A302,6f6db310-75e6-4dc3-b490-31f70dfa2fc7
256787,25,25.1,85,36,"2021-10-23 11:20:54",A303,6f6db310-75e6-4dc3-b490-31f70dfa2fc7
256791,28,23.3,56,100,"2021-10-23 11:32:50",A301,6f6db310-75e6-4dc3-b490-31f70dfa2fc7
256804,25,25.3,85,43,"2021-10-23 11:51:20",A303,6f6db310-75e6-4dc3-b490-31f70dfa2fc7
256811,27,23.5,56,100,"2021-10-23 12:03:22",A301,6f6db310-75e6-4dc3-b490-31f70dfa2fc7
256813,30,25.3,174,100,"2021-10-23 12:05:53",A302,6f6db310-75e6-4dc3-b490-31f70dfa2fc7
256826,25,25.4,85,50,"2021-10-23 12:21:47",A303,6f6db310-75e6-4dc3-b490-31f70dfa2fc7
256833,27,23.7,55,100,"2021-10-23 12:33:55",A301,6f6db310-75e6-4dc3-b490-31f70dfa2fc7
256848,25,25.4,85,50,"2021-10-23 12:52:13",A303,6f6db310-75e6-4dc3-b490-31f70dfa2fc7
256855,27,23.8,55,100,"2021-10-23 13:04:28",A301,6f6db310-75e6-4dc3-b490-31f70dfa2fc7
256858,30,25.6,173,100,"2021-10-23 13:07:07",A302,6f6db310-75e6-4dc3-b490-31f70dfa2fc7
256871,25,25.4,85,58,"2021-10-23 13:22:43",A303,6f6db310-75e6-4dc3-b490-31f70dfa2fc7
256877,27,23.9,55,100,"2021-10-23 13:35:01",A301,6f6db310-75e6-4dc3-b490-31f70dfa2fc7
256880,30,25.6,173,100,"2021-10-23 13:37:49",A302,6f6db310-75e6-4dc3-b490-31f70dfa2fc7
256893,25,25.4,84,50,"2021-10-23 13:53:06",A303,6f6db310-75e6-4dc3-b490-31f70dfa2fc7
256900,27,24.1,55,93,"2021-10-23 14:05:34",A301,6f6db310-75e6-4dc3-b490-31f70dfa2fc7
256902,30,25.6,174,100,"2021-10-23 14:08:23",A302,6f6db310-75e6-4dc3-b490-31f70dfa2fc7
256913,25,25.4,85,50,"2021-10-23 14:23:32",A303,6f6db310-75e6-4dc3-b490-31f70dfa2fc7
256920,26,24.2,55,86,"2021-10-23 14:36:03",A301,6f6db310-75e6-4dc3-b490-31f70dfa2fc7
256923,30,25.6,172,86,"2021-10-23 14:38:57",A302,6f6db310-75e6-4dc3-b490-31f70dfa2fc7
256936,25,25.32,85,43,"2021-10-23 14:53:58",A303,6f6db310-75e6-4dc3-b490-31f70dfa2fc7
256942,26,24.3,55,86,"2021-10-23 15:06:34",A301,6f6db310-75e6-4dc3-b490-31f70dfa2fc7
256945,30,25.4,174,86,"2021-10-23 15:09:32",A302,6f6db310-75e6-4dc3-b490-31f70dfa2fc7
256958,25,25.3,84,36,"2021-10-23 15:24:17",A303,6f6db310-75e6-4dc3-b490-31f70dfa2fc7
256965,27,24.3,55,86,"2021-10-23 15:37:00",A301,6f6db310-75e6-4dc3-b490-31f70dfa2fc7
256968,30,25.3,175,86,"2021-10-23 15:40:03",A302,6f6db310-75e6-4dc3-b490-31f70dfa2fc7
256981,25,25.1,84,22,"2021-10-23 15:56:02",A303,6f6db310-75e6-4dc3-b490-31f70dfa2fc7
256989,27,24.3,55,86,"2021-10-23 16:07:27",A301,6f6db310-75e6-4dc3-b490-31f70dfa2fc7
256992,30,25.1,175,86,"2021-10-23 16:10:32",A302,6f6db310-75e6-4dc3-b490-31f70dfa2fc7
257006,25,25,84,8,"2021-10-23 16:26:23",A303,6f6db310-75e6-4dc3-b490-31f70dfa2fc7
257010,27,24.3,55,86,"2021-10-23 16:37:52",A301,6f6db310-75e6-4dc3-b490-31f70dfa2fc7
257013,30,25,176,86,"2021-10-23 16:40:59",A302,6f6db310-75e6-4dc3-b490-31f70dfa2fc7
257026,25,24.9,84,8,"2021-10-23 16:56:43",A303,6f6db310-75e6-4dc3-b490-31f70dfa2fc7
257033,30,24.84,177,86,"2021-10-23 17:11:25",A302,6f6db310-75e6-4dc3-b490-31f70dfa2fc7
257034,27,24.3,55,86,"2021-10-23 17:12:01",A301,6f6db310-75e6-4dc3-b490-31f70dfa2fc7
257048,25,24.7,84,0,"2021-10-23 17:27:03",A303,6f6db310-75e6-4dc3-b490-31f70dfa2fc7
257055,30,24.7,177,86,"2021-10-23 17:41:50",A302,6f6db310-75e6-4dc3-b490-31f70dfa2fc7
257056,27,24.3,55,86,"2021-10-23 17:42:25",A301,6f6db310-75e6-4dc3-b490-31f70dfa2fc7
257070,25,24.6,84,0,"2021-10-23 17:57:22",A303,6f6db310-75e6-4dc3-b490-31f70dfa2fc7
257076,30,24.6,178,86,"2021-10-23 18:12:14",A302,6f6db310-75e6-4dc3-b490-31f70dfa2fc7
257077,27,24.3,55,86,"2021-10-23 18:12:48",A301,6f6db310-75e6-4dc3-b490-31f70dfa2fc7
257091,25,24.5,84,0,"2021-10-23 18:27:42",A303,6f6db310-75e6-4dc3-b490-31f70dfa2fc7
257097,30,24.4,177,86,"2021-10-23 18:42:38",A302,6f6db310-75e6-4dc3-b490-31f70dfa2fc7
257098,27,24.2,55,86,"2021-10-23 18:43:10",A301,6f6db310-75e6-4dc3-b490-31f70dfa2fc7
257112,25,24.3,84,0,"2021-10-23 18:58:00",A303,6f6db310-75e6-4dc3-b490-31f70dfa2fc7
257118,30,24.3,177,86,"2021-10-23 19:13:01",A302,6f6db310-75e6-4dc3-b490-31f70dfa2fc7
257119,27,24.2,55,86,"2021-10-23 19:13:32",A301,6f6db310-75e6-4dc3-b490-31f70dfa2fc7
257133,25,24.2,84,0,"2021-10-23 19:28:20",A303,6f6db310-75e6-4dc3-b490-31f70dfa2fc7
257140,30,24.2,178,86,"2021-10-23 19:43:24",A302,6f6db310-75e6-4dc3-b490-31f70dfa2fc7
257141,27,24.1,55,86,"2021-10-23 19:43:55",A301,6f6db310-75e6-4dc3-b490-31f70dfa2fc7
257154,25,24,84,0,"2021-10-23 19:58:39",A303,6f6db310-75e6-4dc3-b490-31f70dfa2fc7
257162,30,24,176,86,"2021-10-23 20:13:46",A302,6f6db310-75e6-4dc3-b490-31f70dfa2fc7
257163,27,24.1,55,86,"2021-10-23 20:14:19",A301,6f6db310-75e6-4dc3-b490-31f70dfa2fc7
257176,25,23.9,84,0,"2021-10-23 20:28:58",A303,6f6db310-75e6-4dc3-b490-31f70dfa2fc7
257184,30,23.9,174,86,"2021-10-23 20:44:08",A302,6f6db310-75e6-4dc3-b490-31f70dfa2fc7
257185,27,24,55,86,"2021-10-23 20:44:39",A301,6f6db310-75e6-4dc3-b490-31f70dfa2fc7
257198,25,23.76,84,0,"2021-10-23 20:59:15",A303,6f6db310-75e6-4dc3-b490-31f70dfa2fc7
257206,30,23.8,175,86,"2021-10-23 21:14:29",A302,6f6db310-75e6-4dc3-b490-31f70dfa2fc7
257207,27,23.9,55,86,"2021-10-23 21:15:00",A301,6f6db310-75e6-4dc3-b490-31f70dfa2fc7
257220,25,23.6,83,0,"2021-10-23 21:29:33",A303,6f6db310-75e6-4dc3-b490-31f70dfa2fc7
257228,30,23.7,177,86,"2021-10-23 21:44:51",A302,6f6db310-75e6-4dc3-b490-31f70dfa2fc7
257229,27,23.9,55,86,"2021-10-23 21:45:25",A301,6f6db310-75e6-4dc3-b490-31f70dfa2fc7
257242,25,23.5,85,0,"2021-10-23 21:59:51",A303,6f6db310-75e6-4dc3-b490-31f70dfa2fc7
257250,30,23.6,177,86,"2021-10-23 22:15:11",A302,6f6db310-75e6-4dc3-b490-31f70dfa2fc7
257251,27,23.8,55,86,"2021-10-23 22:15:42",A301,6f6db310-75e6-4dc3-b490-31f70dfa2fc7
257264,25,23.4,84,0,"2021-10-23 22:30:08",A303,6f6db310-75e6-4dc3-b490-31f70dfa2fc7
257272,30,23.5,177,86,"2021-10-23 22:45:32",A302,6f6db310-75e6-4dc3-b490-31f70dfa2fc7
257273,27,23.7,55,86,"2021-10-23 22:46:04",A301,6f6db310-75e6-4dc3-b490-31f70dfa2fc7
257286,25,23.2,85,0,"2021-10-23 23:00:25",A303,6f6db310-75e6-4dc3-b490-31f70dfa2fc7
257294,30,23.4,176,86,"2021-10-23 23:15:53",A302,6f6db310-75e6-4dc3-b490-31f70dfa2fc7
257295,27,23.7,55,86,"2021-10-23 23:16:23",A301,6f6db310-75e6-4dc3-b490-31f70dfa2fc7
257308,25,23.1,85,0,"2021-10-23 23:30:43",A303,6f6db310-75e6-4dc3-b490-31f70dfa2fc7
257316,30,23.3,176,86,"2021-10-23 23:46:14",A302,6f6db310-75e6-4dc3-b490-31f70dfa2fc7
257317,27,23.6,55,86,"2021-10-23 23:46:44",A301,6f6db310-75e6-4dc3-b490-31f70dfa2fc7
257330,25,23,84,0,"2021-10-24 00:01:01",A303,6f6db310-75e6-4dc3-b490-31f70dfa2fc7
257338,30,23.2,177,86,"2021-10-24 00:16:34",A302,6f6db310-75e6-4dc3-b490-31f70dfa2fc7
257339,27,23.5,55,86,"2021-10-24 00:17:04",A301,6f6db310-75e6-4dc3-b490-31f70dfa2fc7
257352,25,22.9,84,0,"2021-10-24 00:31:18",A303,6f6db310-75e6-4dc3-b490-31f70dfa2fc7
257360,30,23.1,176,72,"2021-10-24 00:46:54",A302,6f6db310-75e6-4dc3-b490-31f70dfa2fc7
257372,25,22.8,84,0,"2021-10-24 01:01:34",A303,6f6db310-75e6-4dc3-b490-31f70dfa2fc7
257380,30,23,177,65,"2021-10-24 01:17:14",A302,6f6db310-75e6-4dc3-b490-31f70dfa2fc7
257381,27,23.4,55,86,"2021-10-24 01:17:45",A301,6f6db310-75e6-4dc3-b490-31f70dfa2fc7
257394,25,22.6,84,0,"2021-10-24 01:31:51",A303,6f6db310-75e6-4dc3-b490-31f70dfa2fc7
257402,27,23.3,55,86,"2021-10-24 01:48:05",A301,6f6db310-75e6-4dc3-b490-31f70dfa2fc7
257414,25,22.5,84,0,"2021-10-24 02:02:09",A303,6f6db310-75e6-4dc3-b490-31f70dfa2fc7
257422,27,23.2,54,86,"2021-10-24 02:18:26",A301,6f6db310-75e6-4dc3-b490-31f70dfa2fc7
257442,27,23.1,54,86,"2021-10-24 02:48:44",A301,6f6db310-75e6-4dc3-b490-31f70dfa2fc7
257454,25,22.3,84,0,"2021-10-24 03:02:42",A303,6f6db310-75e6-4dc3-b490-31f70dfa2fc7
257462,27,23,55,86,"2021-10-24 03:19:04",A301,6f6db310-75e6-4dc3-b490-31f70dfa2fc7
257475,25,22.2,84,0,"2021-10-24 03:32:58",A303,6f6db310-75e6-4dc3-b490-31f70dfa2fc7
257495,25,22.1,84,0,"2021-10-24 04:03:15",A303,6f6db310-75e6-4dc3-b490-31f70dfa2fc7
257503,27,22.9,55,86,"2021-10-24 04:19:45",A301,6f6db310-75e6-4dc3-b490-31f70dfa2fc7
257516,25,22,84,0,"2021-10-24 04:33:33",A303,6f6db310-75e6-4dc3-b490-31f70dfa2fc7
257522,27,22.8,55,93,"2021-10-24 04:50:07",A301,6f6db310-75e6-4dc3-b490-31f70dfa2fc7
257541,27,22.7,54,93,"2021-10-24 05:20:30",A301,6f6db310-75e6-4dc3-b490-31f70dfa2fc7
257552,25,21.9,84,8,"2021-10-24 05:34:15",A303,6f6db310-75e6-4dc3-b490-31f70dfa2fc7
257561,27,22.7,55,93,"2021-10-24 05:50:57",A301,6f6db310-75e6-4dc3-b490-31f70dfa2fc7
257573,25,21.9,84,8,"2021-10-24 06:04:35",A303,6f6db310-75e6-4dc3-b490-31f70dfa2fc7
257582,27,22.6,54,93,"2021-10-24 06:21:25",A301,6f6db310-75e6-4dc3-b490-31f70dfa2fc7
257594,25,22,83,15,"2021-10-24 06:35:00",A303,6f6db310-75e6-4dc3-b490-31f70dfa2fc7
257614,25,22.2,83,29,"2021-10-24 07:05:29",A303,6f6db310-75e6-4dc3-b490-31f70dfa2fc7
257623,27,22.6,54,93,"2021-10-24 07:22:20",A301,6f6db310-75e6-4dc3-b490-31f70dfa2fc7
257634,25,22.6,83,36,"2021-10-24 07:35:55",A303,6f6db310-75e6-4dc3-b490-31f70dfa2fc7
257644,27,22.6,54,100,"2021-10-24 07:52:53",A301,6f6db310-75e6-4dc3-b490-31f70dfa2fc7
257655,25,23.1,83,43,"2021-10-24 08:06:24",A303,6f6db310-75e6-4dc3-b490-31f70dfa2fc7
257666,26,22.7,54,100,"2021-10-24 08:23:24",A301,6f6db310-75e6-4dc3-b490-31f70dfa2fc7
257676,25,23.7,83,36,"2021-10-24 08:36:52",A303,6f6db310-75e6-4dc3-b490-31f70dfa2fc7
257687,26,22.9,54,100,"2021-10-24 08:53:55",A301,6f6db310-75e6-4dc3-b490-31f70dfa2fc7
257697,25,24.3,82,43,"2021-10-24 09:07:21",A303,6f6db310-75e6-4dc3-b490-31f70dfa2fc7
257708,26,23.1,53,100,"2021-10-24 09:24:27",A301,6f6db310-75e6-4dc3-b490-31f70dfa2fc7
257718,25,24.7,83,36,"2021-10-24 09:37:49",A303,6f6db310-75e6-4dc3-b490-31f70dfa2fc7
257729,26,23.3,54,100,"2021-10-24 09:54:59",A301,6f6db310-75e6-4dc3-b490-31f70dfa2fc7
257739,25,24.9,83,36,"2021-10-24 10:08:18",A303,6f6db310-75e6-4dc3-b490-31f70dfa2fc7
257750,25,23.5,53,100,"2021-10-24 10:25:31",A301,6f6db310-75e6-4dc3-b490-31f70dfa2fc7
257760,25,25.1,82,43,"2021-10-24 10:38:45",A303,6f6db310-75e6-4dc3-b490-31f70dfa2fc7
257770,25,23.7,53,100,"2021-10-24 10:56:02",A301,6f6db310-75e6-4dc3-b490-31f70dfa2fc7
257780,25,25.5,83,43,"2021-10-24 11:09:14",A303,6f6db310-75e6-4dc3-b490-31f70dfa2fc7
257790,25,23.9,53,100,"2021-10-24 11:26:34",A301,6f6db310-75e6-4dc3-b490-31f70dfa2fc7
257800,25,25.7,83,43,"2021-10-24 11:39:43",A303,6f6db310-75e6-4dc3-b490-31f70dfa2fc7
257814,25,24.1,53,100,"2021-10-24 11:57:07",A301,6f6db310-75e6-4dc3-b490-31f70dfa2fc7
257826,25,25.8,83,50,"2021-10-24 12:10:13",A303,6f6db310-75e6-4dc3-b490-31f70dfa2fc7
257840,24,24.3,52,100,"2021-10-24 12:27:41",A301,6f6db310-75e6-4dc3-b490-31f70dfa2fc7
257855,25,25.8,83,50,"2021-10-24 12:40:47",A303,6f6db310-75e6-4dc3-b490-31f70dfa2fc7
257869,24,24.4,52,93,"2021-10-24 12:58:13",A301,6f6db310-75e6-4dc3-b490-31f70dfa2fc7
257883,25,25.8,83,50,"2021-10-24 13:11:16",A303,6f6db310-75e6-4dc3-b490-31f70dfa2fc7
257898,24,24.5,52,100,"2021-10-24 13:28:45",A301,6f6db310-75e6-4dc3-b490-31f70dfa2fc7
257912,25,25.8,83,50,"2021-10-24 13:41:44",A303,6f6db310-75e6-4dc3-b490-31f70dfa2fc7
257929,24,24.7,52,86,"2021-10-24 13:59:16",A301,6f6db310-75e6-4dc3-b490-31f70dfa2fc7
257942,24,25.8,83,36,"2021-10-24 14:12:10",A303,6f6db310-75e6-4dc3-b490-31f70dfa2fc7
257959,24,24.8,52,86,"2021-10-24 14:29:42",A301,6f6db310-75e6-4dc3-b490-31f70dfa2fc7
257973,24,25.7,83,22,"2021-10-24 14:42:32",A303,6f6db310-75e6-4dc3-b490-31f70dfa2fc7
257988,24,24.9,52,86,"2021-10-24 15:00:06",A301,6f6db310-75e6-4dc3-b490-31f70dfa2fc7
258001,24,25.6,83,15,"2021-10-24 15:12:54",A303,6f6db310-75e6-4dc3-b490-31f70dfa2fc7
258019,24,24.9,52,86,"2021-10-24 15:30:31",A301,6f6db310-75e6-4dc3-b490-31f70dfa2fc7
258031,24,25.4,83,15,"2021-10-24 15:43:15",A303,6f6db310-75e6-4dc3-b490-31f70dfa2fc7
258048,24,24.9,52,86,"2021-10-24 16:00:55",A301,6f6db310-75e6-4dc3-b490-31f70dfa2fc7
258062,24,25.2,82,8,"2021-10-24 16:13:36",A303,6f6db310-75e6-4dc3-b490-31f70dfa2fc7
258079,24,24.9,52,86,"2021-10-24 16:31:19",A301,6f6db310-75e6-4dc3-b490-31f70dfa2fc7
258092,24,25,82,0,"2021-10-24 16:43:53",A303,6f6db310-75e6-4dc3-b490-31f70dfa2fc7
258109,24,24.9,52,86,"2021-10-24 17:01:40",A301,6f6db310-75e6-4dc3-b490-31f70dfa2fc7
258121,24,24.8,82,0,"2021-10-24 17:14:13",A303,6f6db310-75e6-4dc3-b490-31f70dfa2fc7
258139,24,24.9,52,86,"2021-10-24 17:32:02",A301,6f6db310-75e6-4dc3-b490-31f70dfa2fc7
258151,25,24.6,82,0,"2021-10-24 17:44:31",A303,6f6db310-75e6-4dc3-b490-31f70dfa2fc7
258170,24,24.8,52,86,"2021-10-24 18:02:24",A301,6f6db310-75e6-4dc3-b490-31f70dfa2fc7
258182,24,24.5,82,0,"2021-10-24 18:14:50",A303,6f6db310-75e6-4dc3-b490-31f70dfa2fc7
258201,24,24.7,52,86,"2021-10-24 18:32:45",A301,6f6db310-75e6-4dc3-b490-31f70dfa2fc7
258212,24,24.3,82,0,"2021-10-24 18:45:07",A303,6f6db310-75e6-4dc3-b490-31f70dfa2fc7
258231,24,24.7,52,86,"2021-10-24 19:03:07",A301,6f6db310-75e6-4dc3-b490-31f70dfa2fc7
258244,24,24.1,83,0,"2021-10-24 19:15:28",A303,6f6db310-75e6-4dc3-b490-31f70dfa2fc7
258262,24,24.6,52,86,"2021-10-24 19:33:27",A301,6f6db310-75e6-4dc3-b490-31f70dfa2fc7
258274,24,24,82,0,"2021-10-24 19:45:42",A303,6f6db310-75e6-4dc3-b490-31f70dfa2fc7
258291,24,24.5,52,86,"2021-10-24 20:03:48",A301,6f6db310-75e6-4dc3-b490-31f70dfa2fc7
258304,24,23.8,83,0,"2021-10-24 20:16:03",A303,6f6db310-75e6-4dc3-b490-31f70dfa2fc7
258322,24,24.4,52,86,"2021-10-24 20:34:11",A301,6f6db310-75e6-4dc3-b490-31f70dfa2fc7
258335,25,23.6,83,0,"2021-10-24 20:46:18",A303,6f6db310-75e6-4dc3-b490-31f70dfa2fc7
258352,24,24.3,52,86,"2021-10-24 21:04:31",A301,6f6db310-75e6-4dc3-b490-31f70dfa2fc7
258365,25,23.5,83,0,"2021-10-24 21:16:34",A303,6f6db310-75e6-4dc3-b490-31f70dfa2fc7
258383,24,24.2,52,86,"2021-10-24 21:34:52",A301,6f6db310-75e6-4dc3-b490-31f70dfa2fc7
258396,24,23.4,83,0,"2021-10-24 21:46:53",A303,6f6db310-75e6-4dc3-b490-31f70dfa2fc7
258414,24,24.1,52,86,"2021-10-24 22:05:11",A301,6f6db310-75e6-4dc3-b490-31f70dfa2fc7
258428,25,23.2,83,0,"2021-10-24 22:17:10",A303,6f6db310-75e6-4dc3-b490-31f70dfa2fc7
258445,24,24,52,86,"2021-10-24 22:35:36",A301,6f6db310-75e6-4dc3-b490-31f70dfa2fc7
258459,25,23.1,83,0,"2021-10-24 22:47:27",A303,6f6db310-75e6-4dc3-b490-31f70dfa2fc7
258476,24,23.9,52,86,"2021-10-24 23:05:52",A301,6f6db310-75e6-4dc3-b490-31f70dfa2fc7
258489,24,23,82,0,"2021-10-24 23:17:45",A303,6f6db310-75e6-4dc3-b490-31f70dfa2fc7
258505,24,23.8,52,86,"2021-10-24 23:36:14",A301,6f6db310-75e6-4dc3-b490-31f70dfa2fc7
258518,24,22.9,83,0,"2021-10-24 23:48:02",A303,6f6db310-75e6-4dc3-b490-31f70dfa2fc7
258535,24,23.7,52,86,"2021-10-25 00:06:35",A301,6f6db310-75e6-4dc3-b490-31f70dfa2fc7
258547,24,22.8,82,0,"2021-10-25 00:18:19",A303,6f6db310-75e6-4dc3-b490-31f70dfa2fc7
258563,24,23.7,52,86,"2021-10-25 00:36:57",A301,6f6db310-75e6-4dc3-b490-31f70dfa2fc7
258576,24,22.7,82,0,"2021-10-25 00:48:37",A303,6f6db310-75e6-4dc3-b490-31f70dfa2fc7
258592,24,23.6,52,86,"2021-10-25 01:07:17",A301,6f6db310-75e6-4dc3-b490-31f70dfa2fc7
258605,24,22.64,82,0,"2021-10-25 01:18:55",A303,6f6db310-75e6-4dc3-b490-31f70dfa2fc7
258619,24,23.5,52,86,"2021-10-25 01:37:38",A301,6f6db310-75e6-4dc3-b490-31f70dfa2fc7
258632,24,22.6,82,0,"2021-10-25 01:49:13",A303,6f6db310-75e6-4dc3-b490-31f70dfa2fc7
258647,24,23.4,52,86,"2021-10-25 02:08:01",A301,6f6db310-75e6-4dc3-b490-31f70dfa2fc7
258660,24,22.5,82,0,"2021-10-25 02:19:32",A303,6f6db310-75e6-4dc3-b490-31f70dfa2fc7
258675,24,23.4,52,86,"2021-10-25 02:38:22",A301,6f6db310-75e6-4dc3-b490-31f70dfa2fc7
258688,24,22.5,82,0,"2021-10-25 02:49:49",A303,6f6db310-75e6-4dc3-b490-31f70dfa2fc7
258702,24,23.3,52,86,"2021-10-25 03:08:44",A301,6f6db310-75e6-4dc3-b490-31f70dfa2fc7
258714,24,22.4,82,0,"2021-10-25 03:20:07",A303,6f6db310-75e6-4dc3-b490-31f70dfa2fc7
258729,24,23.3,52,86,"2021-10-25 03:39:04",A301,6f6db310-75e6-4dc3-b490-31f70dfa2fc7
258741,24,22.3,82,0,"2021-10-25 03:50:24",A303,6f6db310-75e6-4dc3-b490-31f70dfa2fc7
258755,24,23.2,52,86,"2021-10-25 04:09:25",A301,6f6db310-75e6-4dc3-b490-31f70dfa2fc7
258767,24,22.3,82,0,"2021-10-25 04:20:43",A303,6f6db310-75e6-4dc3-b490-31f70dfa2fc7
258782,24,23.2,52,86,"2021-10-25 04:39:47",A301,6f6db310-75e6-4dc3-b490-31f70dfa2fc7
258794,24,22.2,82,0,"2021-10-25 04:51:00",A303,6f6db310-75e6-4dc3-b490-31f70dfa2fc7
258809,25,23.1,52,93,"2021-10-25 05:10:09",A301,6f6db310-75e6-4dc3-b490-31f70dfa2fc7
258821,24,22.2,82,0,"2021-10-25 05:21:22",A303,6f6db310-75e6-4dc3-b490-31f70dfa2fc7
258837,25,23.1,52,93,"2021-10-25 05:40:33",A301,6f6db310-75e6-4dc3-b490-31f70dfa2fc7
258848,24,22.2,82,8,"2021-10-25 05:51:44",A303,6f6db310-75e6-4dc3-b490-31f70dfa2fc7
258865,24,23,52,93,"2021-10-25 06:11:00",A301,6f6db310-75e6-4dc3-b490-31f70dfa2fc7
258875,24,22.3,82,15,"2021-10-25 06:22:06",A303,6f6db310-75e6-4dc3-b490-31f70dfa2fc7
258893,24,23,52,93,"2021-10-25 06:41:30",A301,6f6db310-75e6-4dc3-b490-31f70dfa2fc7
258902,24,22.4,82,22,"2021-10-25 06:52:32",A303,6f6db310-75e6-4dc3-b490-31f70dfa2fc7
258920,24,23,52,93,"2021-10-25 07:11:56",A301,6f6db310-75e6-4dc3-b490-31f70dfa2fc7
258929,24,22.7,82,15,"2021-10-25 07:22:57",A303,6f6db310-75e6-4dc3-b490-31f70dfa2fc7
258946,24,23,52,100,"2021-10-25 07:42:22",A301,6f6db310-75e6-4dc3-b490-31f70dfa2fc7
258955,24,22.9,82,22,"2021-10-25 07:53:21",A303,6f6db310-75e6-4dc3-b490-31f70dfa2fc7
258973,24,23.1,51,100,"2021-10-25 08:12:52",A301,6f6db310-75e6-4dc3-b490-31f70dfa2fc7
258982,24,23.1,81,29,"2021-10-25 08:23:49",A303,6f6db310-75e6-4dc3-b490-31f70dfa2fc7
258998,24,23.2,51,100,"2021-10-25 08:43:22",A301,6f6db310-75e6-4dc3-b490-31f70dfa2fc7
259007,24,23.6,81,36,"2021-10-25 08:54:15",A303,6f6db310-75e6-4dc3-b490-31f70dfa2fc7
259025,23,23.3,51,93,"2021-10-25 09:13:53",A301,6f6db310-75e6-4dc3-b490-31f70dfa2fc7
259034,24,24.1,81,36,"2021-10-25 09:24:42",A303,6f6db310-75e6-4dc3-b490-31f70dfa2fc7
259051,23,23.4,51,93,"2021-10-25 09:44:20",A301,6f6db310-75e6-4dc3-b490-31f70dfa2fc7
259060,24,24.3,81,29,"2021-10-25 09:55:07",A303,6f6db310-75e6-4dc3-b490-31f70dfa2fc7
259078,23,23.6,51,100,"2021-10-25 10:14:50",A301,6f6db310-75e6-4dc3-b490-31f70dfa2fc7
259087,24,24.4,81,36,"2021-10-25 10:25:34",A303,6f6db310-75e6-4dc3-b490-31f70dfa2fc7
259106,23,23.8,51,93,"2021-10-25 10:45:21",A301,6f6db310-75e6-4dc3-b490-31f70dfa2fc7
259113,24,24.7,81,15,"2021-10-25 10:56:01",A303,6f6db310-75e6-4dc3-b490-31f70dfa2fc7
259132,23,23.9,51,100,"2021-10-25 11:15:46",A301,6f6db310-75e6-4dc3-b490-31f70dfa2fc7
259140,24,24.8,81,22,"2021-10-25 11:26:25",A303,6f6db310-75e6-4dc3-b490-31f70dfa2fc7
259160,23,24.1,51,100,"2021-10-25 11:46:17",A301,6f6db310-75e6-4dc3-b490-31f70dfa2fc7
259167,24,24.9,81,36,"2021-10-25 11:56:53",A303,6f6db310-75e6-4dc3-b490-31f70dfa2fc7
259187,23,24.2,51,100,"2021-10-25 12:16:45",A301,6f6db310-75e6-4dc3-b490-31f70dfa2fc7
259194,24,24.9,81,43,"2021-10-25 12:27:19",A303,6f6db310-75e6-4dc3-b490-31f70dfa2fc7
259214,23,24.3,50,100,"2021-10-25 12:47:20",A301,6f6db310-75e6-4dc3-b490-31f70dfa2fc7
259221,24,25,81,36,"2021-10-25 12:57:48",A303,6f6db310-75e6-4dc3-b490-31f70dfa2fc7
259239,23,24.4,50,100,"2021-10-25 13:17:47",A301,6f6db310-75e6-4dc3-b490-31f70dfa2fc7
259246,24,25,81,43,"2021-10-25 13:28:16",A303,6f6db310-75e6-4dc3-b490-31f70dfa2fc7
259264,23,24.5,50,93,"2021-10-25 13:48:16",A301,6f6db310-75e6-4dc3-b490-31f70dfa2fc7
259271,24,25,81,36,"2021-10-25 13:58:45",A303,6f6db310-75e6-4dc3-b490-31f70dfa2fc7
259287,23,24.6,50,93,"2021-10-25 14:18:44",A301,6f6db310-75e6-4dc3-b490-31f70dfa2fc7
259294,24,25,81,36,"2021-10-25 14:29:08",A303,6f6db310-75e6-4dc3-b490-31f70dfa2fc7
259314,23,24.7,50,86,"2021-10-25 14:49:10",A301,6f6db310-75e6-4dc3-b490-31f70dfa2fc7
259321,24,25,81,15,"2021-10-25 14:59:31",A303,6f6db310-75e6-4dc3-b490-31f70dfa2fc7
259341,23,24.7,50,86,"2021-10-25 15:19:34",A301,6f6db310-75e6-4dc3-b490-31f70dfa2fc7
259348,24,24.9,81,8,"2021-10-25 15:29:52",A303,6f6db310-75e6-4dc3-b490-31f70dfa2fc7
259368,23,24.8,50,86,"2021-10-25 15:49:58",A301,6f6db310-75e6-4dc3-b490-31f70dfa2fc7
259375,24,24.7,81,8,"2021-10-25 16:00:11",A303,6f6db310-75e6-4dc3-b490-31f70dfa2fc7
259396,23,24.8,50,86,"2021-10-25 16:20:20",A301,6f6db310-75e6-4dc3-b490-31f70dfa2fc7
259403,24,24.6,81,0,"2021-10-25 16:30:30",A303,6f6db310-75e6-4dc3-b490-31f70dfa2fc7
259423,23,24.8,50,86,"2021-10-25 16:50:47",A301,6f6db310-75e6-4dc3-b490-31f70dfa2fc7
259430,24,24.4,81,0,"2021-10-25 17:00:48",A303,6f6db310-75e6-4dc3-b490-31f70dfa2fc7
259451,23,24.8,50,86,"2021-10-25 17:21:05",A301,6f6db310-75e6-4dc3-b490-31f70dfa2fc7
259457,24,24.3,81,0,"2021-10-25 17:31:08",A303,6f6db310-75e6-4dc3-b490-31f70dfa2fc7
259479,23,24.7,50,86,"2021-10-25 17:51:28",A301,6f6db310-75e6-4dc3-b490-31f70dfa2fc7
259485,24,24.1,81,0,"2021-10-25 18:01:25",A303,6f6db310-75e6-4dc3-b490-31f70dfa2fc7
259505,23,24.7,50,86,"2021-10-25 18:21:48",A301,6f6db310-75e6-4dc3-b490-31f70dfa2fc7
259513,24,23.9,81,0,"2021-10-25 18:33:02",A303,6f6db310-75e6-4dc3-b490-31f70dfa2fc7
259533,23,24.6,50,86,"2021-10-25 18:52:08",A301,6f6db310-75e6-4dc3-b490-31f70dfa2fc7
259541,24,23.8,81,0,"2021-10-25 19:03:26",A303,6f6db310-75e6-4dc3-b490-31f70dfa2fc7
259559,23,24.5,50,86,"2021-10-25 19:22:31",A301,6f6db310-75e6-4dc3-b490-31f70dfa2fc7
259567,24,23.6,81,0,"2021-10-25 19:33:51",A303,6f6db310-75e6-4dc3-b490-31f70dfa2fc7
259587,23,24.4,50,86,"2021-10-25 19:56:37",A301,6f6db310-75e6-4dc3-b490-31f70dfa2fc7
259594,24,23.5,81,0,"2021-10-25 20:04:14",A303,6f6db310-75e6-4dc3-b490-31f70dfa2fc7
259612,23,24.3,50,86,"2021-10-25 20:27:02",A301,6f6db310-75e6-4dc3-b490-31f70dfa2fc7
259620,24,23.4,81,0,"2021-10-25 20:34:38",A303,6f6db310-75e6-4dc3-b490-31f70dfa2fc7
259644,24,23.3,81,0,"2021-10-25 21:05:02",A303,6f6db310-75e6-4dc3-b490-31f70dfa2fc7
259663,23,24.2,50,86,"2021-10-25 21:27:48",A301,6f6db310-75e6-4dc3-b490-31f70dfa2fc7
259672,24,23.2,80,0,"2021-10-25 21:35:25",A303,6f6db310-75e6-4dc3-b490-31f70dfa2fc7
259690,23,24.1,50,86,"2021-10-25 21:58:12",A301,6f6db310-75e6-4dc3-b490-31f70dfa2fc7
259699,24,23.08,81,0,"2021-10-25 22:05:47",A303,6f6db310-75e6-4dc3-b490-31f70dfa2fc7
259717,23,24,50,86,"2021-10-25 22:28:34",A301,6f6db310-75e6-4dc3-b490-31f70dfa2fc7
259726,24,22.9,81,0,"2021-10-25 22:36:10",A303,6f6db310-75e6-4dc3-b490-31f70dfa2fc7
259743,23,23.9,50,86,"2021-10-25 22:58:58",A301,6f6db310-75e6-4dc3-b490-31f70dfa2fc7
259752,24,22.8,81,0,"2021-10-25 23:06:32",A303,6f6db310-75e6-4dc3-b490-31f70dfa2fc7
259770,23,23.9,50,86,"2021-10-25 23:29:22",A301,6f6db310-75e6-4dc3-b490-31f70dfa2fc7
259779,24,22.7,82,0,"2021-10-25 23:36:56",A303,6f6db310-75e6-4dc3-b490-31f70dfa2fc7
259797,23,23.8,50,86,"2021-10-25 23:59:47",A301,6f6db310-75e6-4dc3-b490-31f70dfa2fc7
259806,24,22.6,81,0,"2021-10-26 00:07:18",A303,6f6db310-75e6-4dc3-b490-31f70dfa2fc7
259832,24,22.5,81,0,"2021-10-26 00:37:40",A303,6f6db310-75e6-4dc3-b490-31f70dfa2fc7
259849,23,23.6,50,86,"2021-10-26 01:00:28",A301,6f6db310-75e6-4dc3-b490-31f70dfa2fc7
259858,24,22.4,81,0,"2021-10-26 01:08:02",A303,6f6db310-75e6-4dc3-b490-31f70dfa2fc7
259876,23,23.54,50,86,"2021-10-26 01:30:53",A301,6f6db310-75e6-4dc3-b490-31f70dfa2fc7
259885,24,22.3,81,0,"2021-10-26 01:38:24",A303,6f6db310-75e6-4dc3-b490-31f70dfa2fc7
259911,24,22.2,81,0,"2021-10-26 02:08:47",A303,6f6db310-75e6-4dc3-b490-31f70dfa2fc7
259930,23,23.4,50,86,"2021-10-26 02:31:36",A301,6f6db310-75e6-4dc3-b490-31f70dfa2fc7
259938,24,22.1,81,0,"2021-10-26 02:39:11",A303,6f6db310-75e6-4dc3-b490-31f70dfa2fc7
259956,23,23.3,50,86,"2021-10-26 03:01:59",A301,6f6db310-75e6-4dc3-b490-31f70dfa2fc7
259964,24,22,81,0,"2021-10-26 03:09:33",A303,6f6db310-75e6-4dc3-b490-31f70dfa2fc7
259982,23,23.2,50,86,"2021-10-26 03:32:24",A301,6f6db310-75e6-4dc3-b490-31f70dfa2fc7
259990,24,22,81,0,"2021-10-26 03:39:55",A303,6f6db310-75e6-4dc3-b490-31f70dfa2fc7
260008,23,23.2,50,86,"2021-10-26 04:02:45",A301,6f6db310-75e6-4dc3-b490-31f70dfa2fc7
260016,24,21.9,81,0,"2021-10-26 04:10:19",A303,6f6db310-75e6-4dc3-b490-31f70dfa2fc7
260034,23,23.1,50,86,"2021-10-26 04:33:09",A301,6f6db310-75e6-4dc3-b490-31f70dfa2fc7
260042,24,21.8,81,0,"2021-10-26 04:40:43",A303,6f6db310-75e6-4dc3-b490-31f70dfa2fc7
260059,23,23,50,86,"2021-10-26 05:03:33",A301,6f6db310-75e6-4dc3-b490-31f70dfa2fc7
260067,24,21.8,81,0,"2021-10-26 05:11:05",A303,6f6db310-75e6-4dc3-b490-31f70dfa2fc7
260086,23,23,50,86,"2021-10-26 05:33:56",A301,6f6db310-75e6-4dc3-b490-31f70dfa2fc7
260094,24,21.8,81,0,"2021-10-26 05:41:31",A303,6f6db310-75e6-4dc3-b490-31f70dfa2fc7
260112,23,22.9,50,86,"2021-10-26 06:04:22",A301,6f6db310-75e6-4dc3-b490-31f70dfa2fc7
260120,24,21.8,80,0,"2021-10-26 06:11:55",A303,6f6db310-75e6-4dc3-b490-31f70dfa2fc7
260136,23,22.9,50,93,"2021-10-26 06:34:50",A301,6f6db310-75e6-4dc3-b490-31f70dfa2fc7
260144,24,21.9,80,0,"2021-10-26 06:42:22",A303,6f6db310-75e6-4dc3-b490-31f70dfa2fc7
260161,23,22.9,49,93,"2021-10-26 07:05:18",A301,6f6db310-75e6-4dc3-b490-31f70dfa2fc7
260170,24,22,80,15,"2021-10-26 07:12:51",A303,6f6db310-75e6-4dc3-b490-31f70dfa2fc7
260187,23,22.8,50,93,"2021-10-26 07:35:48",A301,6f6db310-75e6-4dc3-b490-31f70dfa2fc7
260195,24,22.2,81,22,"2021-10-26 07:43:22",A303,6f6db310-75e6-4dc3-b490-31f70dfa2fc7
260211,23,22.9,49,93,"2021-10-26 08:06:20",A301,6f6db310-75e6-4dc3-b490-31f70dfa2fc7
260220,24,22.6,80,22,"2021-10-26 08:13:53",A303,6f6db310-75e6-4dc3-b490-31f70dfa2fc7
260236,23,22.9,49,93,"2021-10-26 08:36:52",A301,6f6db310-75e6-4dc3-b490-31f70dfa2fc7
260245,24,22.8,80,29,"2021-10-26 08:44:24",A303,6f6db310-75e6-4dc3-b490-31f70dfa2fc7
260262,23,23,49,93,"2021-10-26 09:07:21",A301,6f6db310-75e6-4dc3-b490-31f70dfa2fc7
260270,23,23.1,81,29,"2021-10-26 09:14:55",A303,6f6db310-75e6-4dc3-b490-31f70dfa2fc7
260287,23,23.1,49,100,"2021-10-26 09:37:52",A301,6f6db310-75e6-4dc3-b490-31f70dfa2fc7
260295,23,23.3,80,36,"2021-10-26 09:45:26",A303,6f6db310-75e6-4dc3-b490-31f70dfa2fc7
260314,22,23.2,49,100,"2021-10-26 10:08:24",A301,6f6db310-75e6-4dc3-b490-31f70dfa2fc7
260320,23,23.5,80,43,"2021-10-26 10:16:01",A303,6f6db310-75e6-4dc3-b490-31f70dfa2fc7
260338,22,23.3,49,100,"2021-10-26 10:39:00",A301,6f6db310-75e6-4dc3-b490-31f70dfa2fc7
260361,22,23.5,49,100,"2021-10-26 11:09:32",A301,6f6db310-75e6-4dc3-b490-31f70dfa2fc7
260368,23,24.1,80,43,"2021-10-26 11:17:08",A303,6f6db310-75e6-4dc3-b490-31f70dfa2fc7
260387,22,23.6,49,100,"2021-10-26 11:40:06",A301,6f6db310-75e6-4dc3-b490-31f70dfa2fc7
260394,23,24.4,80,43,"2021-10-26 11:47:42",A303,6f6db310-75e6-4dc3-b490-31f70dfa2fc7
260413,22,23.7,49,100,"2021-10-26 12:10:40",A301,6f6db310-75e6-4dc3-b490-31f70dfa2fc7
260420,23,24.6,80,50,"2021-10-26 12:18:18",A303,6f6db310-75e6-4dc3-b490-31f70dfa2fc7
260439,22,23.9,49,100,"2021-10-26 12:41:15",A301,6f6db310-75e6-4dc3-b490-31f70dfa2fc7
260446,23,24.7,80,50,"2021-10-26 12:48:53",A303,6f6db310-75e6-4dc3-b490-31f70dfa2fc7
260466,22,24,48,100,"2021-10-26 13:11:49",A301,6f6db310-75e6-4dc3-b490-31f70dfa2fc7
260473,23,24.8,80,43,"2021-10-26 13:19:28",A303,6f6db310-75e6-4dc3-b490-31f70dfa2fc7
260490,22,24.2,48,100,"2021-10-26 13:42:20",A301,6f6db310-75e6-4dc3-b490-31f70dfa2fc7
260496,23,24.8,80,36,"2021-10-26 13:49:59",A303,6f6db310-75e6-4dc3-b490-31f70dfa2fc7
260514,22,24.3,48,93,"2021-10-26 14:12:52",A301,6f6db310-75e6-4dc3-b490-31f70dfa2fc7
260522,23,24.8,80,43,"2021-10-26 14:20:30",A303,6f6db310-75e6-4dc3-b490-31f70dfa2fc7
260541,22,24.4,48,86,"2021-10-26 14:43:21",A301,6f6db310-75e6-4dc3-b490-31f70dfa2fc7
260549,23,24.8,80,43,"2021-10-26 14:51:01",A303,6f6db310-75e6-4dc3-b490-31f70dfa2fc7
260566,22,24.5,48,86,"2021-10-26 15:13:49",A301,6f6db310-75e6-4dc3-b490-31f70dfa2fc7
260575,23,24.7,80,36,"2021-10-26 15:21:30",A303,6f6db310-75e6-4dc3-b490-31f70dfa2fc7
260586,28,24.8,161,65,"2021-10-26 15:34:29",A302,6f6db310-75e6-4dc3-b490-31f70dfa2fc7
260594,22,24.6,48,86,"2021-10-26 15:44:17",A301,6f6db310-75e6-4dc3-b490-31f70dfa2fc7
260604,23,24.6,80,22,"2021-10-26 15:51:58",A303,6f6db310-75e6-4dc3-b490-31f70dfa2fc7
260620,22,24.6,48,86,"2021-10-26 16:14:45",A301,6f6db310-75e6-4dc3-b490-31f70dfa2fc7
260630,23,24.5,80,8,"2021-10-26 16:22:24",A303,6f6db310-75e6-4dc3-b490-31f70dfa2fc7
260640,28,24.6,161,86,"2021-10-26 16:35:17",A302,6f6db310-75e6-4dc3-b490-31f70dfa2fc7
260648,22,24.6,48,86,"2021-10-26 16:45:12",A301,6f6db310-75e6-4dc3-b490-31f70dfa2fc7
260658,23,24.4,80,8,"2021-10-26 16:52:49",A303,6f6db310-75e6-4dc3-b490-31f70dfa2fc7
260675,22,24.6,48,86,"2021-10-26 17:15:35",A301,6f6db310-75e6-4dc3-b490-31f70dfa2fc7
260685,23,24.2,80,8,"2021-10-26 17:23:13",A303,6f6db310-75e6-4dc3-b490-31f70dfa2fc7
260701,22,24.6,48,86,"2021-10-26 17:46:01",A301,6f6db310-75e6-4dc3-b490-31f70dfa2fc7
260710,23,24.1,80,0,"2021-10-26 17:53:38",A303,6f6db310-75e6-4dc3-b490-31f70dfa2fc7
260727,22,24.6,48,86,"2021-10-26 18:16:24",A301,6f6db310-75e6-4dc3-b490-31f70dfa2fc7
260738,23,23.9,80,0,"2021-10-26 18:24:04",A303,6f6db310-75e6-4dc3-b490-31f70dfa2fc7
260746,28,24.1,161,86,"2021-10-26 18:36:35",A302,6f6db310-75e6-4dc3-b490-31f70dfa2fc7
260755,22,24.5,48,86,"2021-10-26 18:46:48",A301,6f6db310-75e6-4dc3-b490-31f70dfa2fc7
260766,23,23.8,80,0,"2021-10-26 18:54:26",A303,6f6db310-75e6-4dc3-b490-31f70dfa2fc7
260790,23,23.6,80,0,"2021-10-26 19:24:50",A303,6f6db310-75e6-4dc3-b490-31f70dfa2fc7
260797,28,23.8,162,86,"2021-10-26 19:37:13",A302,6f6db310-75e6-4dc3-b490-31f70dfa2fc7
260816,23,23.5,80,0,"2021-10-26 19:55:12",A303,6f6db310-75e6-4dc3-b490-31f70dfa2fc7
260824,28,23.7,162,86,"2021-10-26 20:07:32",A302,6f6db310-75e6-4dc3-b490-31f70dfa2fc7
260833,22,24.3,48,86,"2021-10-26 20:17:58",A301,6f6db310-75e6-4dc3-b490-31f70dfa2fc7
260845,23,23.3,80,0,"2021-10-26 20:25:36",A303,6f6db310-75e6-4dc3-b490-31f70dfa2fc7
260852,28,23.6,162,86,"2021-10-26 20:37:49",A302,6f6db310-75e6-4dc3-b490-31f70dfa2fc7
260861,22,24.2,48,86,"2021-10-26 20:48:23",A301,6f6db310-75e6-4dc3-b490-31f70dfa2fc7
260872,23,23.2,80,0,"2021-10-26 20:55:58",A303,6f6db310-75e6-4dc3-b490-31f70dfa2fc7
260880,28,23.5,161,86,"2021-10-26 21:08:08",A302,6f6db310-75e6-4dc3-b490-31f70dfa2fc7
260888,22,24.1,48,86,"2021-10-26 21:18:44",A301,6f6db310-75e6-4dc3-b490-31f70dfa2fc7
260907,28,23.4,163,86,"2021-10-26 21:38:26",A302,6f6db310-75e6-4dc3-b490-31f70dfa2fc7
260915,22,24.1,48,86,"2021-10-26 21:49:08",A301,6f6db310-75e6-4dc3-b490-31f70dfa2fc7
260927,23,22.9,80,0,"2021-10-26 21:56:44",A303,6f6db310-75e6-4dc3-b490-31f70dfa2fc7
260935,28,23.3,162,86,"2021-10-26 22:08:44",A302,6f6db310-75e6-4dc3-b490-31f70dfa2fc7
260943,22,24,48,86,"2021-10-26 22:19:31",A301,6f6db310-75e6-4dc3-b490-31f70dfa2fc7
260955,23,22.8,80,0,"2021-10-26 22:27:07",A303,6f6db310-75e6-4dc3-b490-31f70dfa2fc7
260963,28,23.2,163,86,"2021-10-26 22:39:02",A302,6f6db310-75e6-4dc3-b490-31f70dfa2fc7
260971,22,23.9,48,86,"2021-10-26 22:49:53",A301,6f6db310-75e6-4dc3-b490-31f70dfa2fc7
260983,23,22.7,80,0,"2021-10-26 22:57:29",A303,6f6db310-75e6-4dc3-b490-31f70dfa2fc7
260991,28,23.1,162,86,"2021-10-26 23:09:20",A302,6f6db310-75e6-4dc3-b490-31f70dfa2fc7
261000,22,23.8,48,86,"2021-10-26 23:20:17",A301,6f6db310-75e6-4dc3-b490-31f70dfa2fc7
261011,23,22.6,80,0,"2021-10-26 23:27:51",A303,6f6db310-75e6-4dc3-b490-31f70dfa2fc7
261019,28,23,163,86,"2021-10-26 23:39:36",A302,6f6db310-75e6-4dc3-b490-31f70dfa2fc7
261028,22,23.7,48,86,"2021-10-26 23:50:38",A301,6f6db310-75e6-4dc3-b490-31f70dfa2fc7
261038,23,22.5,80,0,"2021-10-26 23:58:14",A303,6f6db310-75e6-4dc3-b490-31f70dfa2fc7
261046,28,22.9,163,72,"2021-10-27 00:09:53",A302,6f6db310-75e6-4dc3-b490-31f70dfa2fc7
261055,22,23.7,48,86,"2021-10-27 00:21:01",A301,6f6db310-75e6-4dc3-b490-31f70dfa2fc7
261066,23,22.4,80,0,"2021-10-27 00:28:38",A303,6f6db310-75e6-4dc3-b490-31f70dfa2fc7
261074,28,22.8,163,72,"2021-10-27 00:40:14",A302,6f6db310-75e6-4dc3-b490-31f70dfa2fc7
261084,22,23.6,48,86,"2021-10-27 00:51:24",A301,6f6db310-75e6-4dc3-b490-31f70dfa2fc7
261094,23,22.3,79,0,"2021-10-27 00:58:59",A303,6f6db310-75e6-4dc3-b490-31f70dfa2fc7
261102,28,22.7,163,65,"2021-10-27 01:10:27",A302,6f6db310-75e6-4dc3-b490-31f70dfa2fc7
261112,22,23.5,48,86,"2021-10-27 01:21:45",A301,6f6db310-75e6-4dc3-b490-31f70dfa2fc7
261122,23,22.2,79,0,"2021-10-27 01:29:20",A303,6f6db310-75e6-4dc3-b490-31f70dfa2fc7
261130,28,22.6,162,58,"2021-10-27 01:40:44",A302,6f6db310-75e6-4dc3-b490-31f70dfa2fc7
261139,22,23.4,48,86,"2021-10-27 01:52:09",A301,6f6db310-75e6-4dc3-b490-31f70dfa2fc7
261148,23,22.1,79,0,"2021-10-27 01:59:42",A303,6f6db310-75e6-4dc3-b490-31f70dfa2fc7
261156,28,22.5,162,58,"2021-10-27 02:11:00",A302,6f6db310-75e6-4dc3-b490-31f70dfa2fc7
261165,22,23.3,48,86,"2021-10-27 02:22:29",A301,6f6db310-75e6-4dc3-b490-31f70dfa2fc7
261174,23,22,80,0,"2021-10-27 02:30:07",A303,6f6db310-75e6-4dc3-b490-31f70dfa2fc7
261181,28,22.4,163,50,"2021-10-27 02:41:19",A302,6f6db310-75e6-4dc3-b490-31f70dfa2fc7
261190,22,23.2,48,86,"2021-10-27 02:52:59",A301,6f6db310-75e6-4dc3-b490-31f70dfa2fc7
261200,23,21.9,80,0,"2021-10-27 03:00:29",A303,6f6db310-75e6-4dc3-b490-31f70dfa2fc7
261208,27,22.4,163,50,"2021-10-27 03:11:34",A302,6f6db310-75e6-4dc3-b490-31f70dfa2fc7
261216,22,23.2,48,86,"2021-10-27 03:23:15",A301,6f6db310-75e6-4dc3-b490-31f70dfa2fc7
261226,23,21.8,79,0,"2021-10-27 03:30:53",A303,6f6db310-75e6-4dc3-b490-31f70dfa2fc7
261234,27,22.3,161,50,"2021-10-27 03:41:47",A302,6f6db310-75e6-4dc3-b490-31f70dfa2fc7
261242,22,23.1,48,86,"2021-10-27 03:53:38",A301,6f6db310-75e6-4dc3-b490-31f70dfa2fc7
261253,23,21.7,79,0,"2021-10-27 04:01:13",A303,6f6db310-75e6-4dc3-b490-31f70dfa2fc7
261260,28,22.3,162,50,"2021-10-27 04:12:02",A302,6f6db310-75e6-4dc3-b490-31f70dfa2fc7
261268,22,23,48,86,"2021-10-27 04:23:59",A301,6f6db310-75e6-4dc3-b490-31f70dfa2fc7
261278,23,21.7,79,0,"2021-10-27 04:31:36",A303,6f6db310-75e6-4dc3-b490-31f70dfa2fc7
261286,28,22.2,161,58,"2021-10-27 04:42:24",A302,6f6db310-75e6-4dc3-b490-31f70dfa2fc7
261295,22,23,48,86,"2021-10-27 04:54:23",A301,6f6db310-75e6-4dc3-b490-31f70dfa2fc7
261306,23,21.6,79,0,"2021-10-27 05:02:03",A303,6f6db310-75e6-4dc3-b490-31f70dfa2fc7
261314,28,22.2,161,79,"2021-10-27 05:12:42",A302,6f6db310-75e6-4dc3-b490-31f70dfa2fc7
261321,22,22.9,48,93,"2021-10-27 05:24:51",A301,6f6db310-75e6-4dc3-b490-31f70dfa2fc7
261332,23,21.6,79,8,"2021-10-27 05:32:29",A303,6f6db310-75e6-4dc3-b490-31f70dfa2fc7
261340,28,22.1,161,93,"2021-10-27 05:43:04",A302,6f6db310-75e6-4dc3-b490-31f70dfa2fc7
261347,22,22.8,48,93,"2021-10-27 05:55:19",A301,6f6db310-75e6-4dc3-b490-31f70dfa2fc7
261358,23,21.6,79,15,"2021-10-27 06:02:56",A303,6f6db310-75e6-4dc3-b490-31f70dfa2fc7
261366,28,22.1,162,93,"2021-10-27 06:13:32",A302,6f6db310-75e6-4dc3-b490-31f70dfa2fc7
261373,22,22.8,48,93,"2021-10-27 06:25:48",A301,6f6db310-75e6-4dc3-b490-31f70dfa2fc7
261384,23,21.7,79,8,"2021-10-27 06:33:26",A303,6f6db310-75e6-4dc3-b490-31f70dfa2fc7
261391,28,22.2,160,93,"2021-10-27 06:43:57",A302,6f6db310-75e6-4dc3-b490-31f70dfa2fc7
261398,22,22.8,48,93,"2021-10-27 06:56:17",A301,6f6db310-75e6-4dc3-b490-31f70dfa2fc7
261407,23,21.9,79,29,"2021-10-27 07:03:56",A303,6f6db310-75e6-4dc3-b490-31f70dfa2fc7
261416,28,22.24,159,100,"2021-10-27 07:14:28",A302,6f6db310-75e6-4dc3-b490-31f70dfa2fc7
261423,22,22.8,48,93,"2021-10-27 07:26:49",A301,6f6db310-75e6-4dc3-b490-31f70dfa2fc7
261434,23,22.2,79,29,"2021-10-27 07:34:27",A303,6f6db310-75e6-4dc3-b490-31f70dfa2fc7
261449,22,22.8,48,100,"2021-10-27 07:57:20",A301,6f6db310-75e6-4dc3-b490-31f70dfa2fc7
261459,23,22.6,79,29,"2021-10-27 08:05:01",A303,6f6db310-75e6-4dc3-b490-31f70dfa2fc7
261470,28,22.5,158,100,"2021-10-27 08:15:26",A302,6f6db310-75e6-4dc3-b490-31f70dfa2fc7
261477,22,22.92,48,100,"2021-10-27 08:27:52",A301,6f6db310-75e6-4dc3-b490-31f70dfa2fc7
261488,23,23,79,36,"2021-10-27 08:35:31",A303,6f6db310-75e6-4dc3-b490-31f70dfa2fc7
261508,22,23.1,48,100,"2021-10-27 08:58:22",A301,6f6db310-75e6-4dc3-b490-31f70dfa2fc7
261519,23,23.2,79,36,"2021-10-27 09:06:03",A303,6f6db310-75e6-4dc3-b490-31f70dfa2fc7
261538,22,23.2,48,100,"2021-10-27 09:28:56",A301,6f6db310-75e6-4dc3-b490-31f70dfa2fc7
261549,23,23.4,79,43,"2021-10-27 09:36:40",A303,6f6db310-75e6-4dc3-b490-31f70dfa2fc7
261569,22,23.4,47,100,"2021-10-27 09:59:28",A301,6f6db310-75e6-4dc3-b490-31f70dfa2fc7
261579,23,23.7,79,43,"2021-10-27 10:07:08",A303,6f6db310-75e6-4dc3-b490-31f70dfa2fc7
261599,21,23.5,47,100,"2021-10-27 10:30:00",A301,6f6db310-75e6-4dc3-b490-31f70dfa2fc7
261609,23,23.9,79,50,"2021-10-27 10:37:47",A303,6f6db310-75e6-4dc3-b490-31f70dfa2fc7
261631,21,23.7,47,100,"2021-10-27 11:00:32",A301,6f6db310-75e6-4dc3-b490-31f70dfa2fc7
261640,22,24.1,79,50,"2021-10-27 11:08:14",A303,6f6db310-75e6-4dc3-b490-31f70dfa2fc7
261661,21,23.8,47,100,"2021-10-27 11:31:06",A301,6f6db310-75e6-4dc3-b490-31f70dfa2fc7
261670,22,24.3,79,58,"2021-10-27 11:38:47",A303,6f6db310-75e6-4dc3-b490-31f70dfa2fc7
261700,22,24.4,79,58,"2021-10-27 12:09:21",A303,6f6db310-75e6-4dc3-b490-31f70dfa2fc7
261719,21,24,47,100,"2021-10-27 12:32:12",A301,6f6db310-75e6-4dc3-b490-31f70dfa2fc7
261728,22,24.5,79,58,"2021-10-27 12:39:56",A303,6f6db310-75e6-4dc3-b490-31f70dfa2fc7
261748,21,24.2,47,100,"2021-10-27 13:02:45",A301,6f6db310-75e6-4dc3-b490-31f70dfa2fc7
261757,22,24.6,78,58,"2021-10-27 13:10:30",A303,6f6db310-75e6-4dc3-b490-31f70dfa2fc7
261778,21,24.3,47,100,"2021-10-27 13:33:19",A301,6f6db310-75e6-4dc3-b490-31f70dfa2fc7
261786,22,24.7,79,65,"2021-10-27 13:41:05",A303,6f6db310-75e6-4dc3-b490-31f70dfa2fc7
261806,21,24.4,46,100,"2021-10-27 14:03:53",A301,6f6db310-75e6-4dc3-b490-31f70dfa2fc7
261815,22,24.7,79,58,"2021-10-27 14:11:38",A303,6f6db310-75e6-4dc3-b490-31f70dfa2fc7
261836,21,24.5,47,93,"2021-10-27 14:34:26",A301,6f6db310-75e6-4dc3-b490-31f70dfa2fc7
261845,22,24.7,79,58,"2021-10-27 14:42:11",A303,6f6db310-75e6-4dc3-b490-31f70dfa2fc7
261865,21,24.6,47,86,"2021-10-27 15:04:56",A301,6f6db310-75e6-4dc3-b490-31f70dfa2fc7
261874,22,24.7,79,58,"2021-10-27 15:12:43",A303,6f6db310-75e6-4dc3-b490-31f70dfa2fc7
261896,21,24.7,46,86,"2021-10-27 15:35:26",A301,6f6db310-75e6-4dc3-b490-31f70dfa2fc7
261905,22,24.7,79,43,"2021-10-27 15:43:12",A303,6f6db310-75e6-4dc3-b490-31f70dfa2fc7
261927,21,24.7,46,86,"2021-10-27 16:05:54",A301,6f6db310-75e6-4dc3-b490-31f70dfa2fc7
261956,21,24.7,46,86,"2021-10-27 16:36:20",A301,6f6db310-75e6-4dc3-b490-31f70dfa2fc7
261965,22,24.5,79,15,"2021-10-27 16:44:04",A303,6f6db310-75e6-4dc3-b490-31f70dfa2fc7
261987,21,24.8,46,86,"2021-10-27 17:06:46",A301,6f6db310-75e6-4dc3-b490-31f70dfa2fc7
261995,22,24.3,79,8,"2021-10-27 17:14:29",A303,6f6db310-75e6-4dc3-b490-31f70dfa2fc7
262017,21,24.7,47,86,"2021-10-27 17:37:10",A301,6f6db310-75e6-4dc3-b490-31f70dfa2fc7
262026,22,24.2,79,0,"2021-10-27 17:44:55",A303,6f6db310-75e6-4dc3-b490-31f70dfa2fc7
262048,21,24.7,47,86,"2021-10-27 18:07:35",A301,6f6db310-75e6-4dc3-b490-31f70dfa2fc7
262056,22,24.1,79,8,"2021-10-27 18:15:18",A303,6f6db310-75e6-4dc3-b490-31f70dfa2fc7
262078,21,24.7,47,86,"2021-10-27 18:38:00",A301,6f6db310-75e6-4dc3-b490-31f70dfa2fc7
262085,22,23.9,79,0,"2021-10-27 18:45:41",A303,6f6db310-75e6-4dc3-b490-31f70dfa2fc7
262107,21,24.6,47,86,"2021-10-27 19:08:23",A301,6f6db310-75e6-4dc3-b490-31f70dfa2fc7
262115,22,23.7,79,0,"2021-10-27 19:16:06",A303,6f6db310-75e6-4dc3-b490-31f70dfa2fc7
262137,21,24.6,47,86,"2021-10-27 19:38:46",A301,6f6db310-75e6-4dc3-b490-31f70dfa2fc7
262145,22,23.6,79,0,"2021-10-27 19:46:29",A303,6f6db310-75e6-4dc3-b490-31f70dfa2fc7
262167,21,24.5,47,86,"2021-10-27 20:09:10",A301,6f6db310-75e6-4dc3-b490-31f70dfa2fc7
262175,22,23.5,79,0,"2021-10-27 20:16:52",A303,6f6db310-75e6-4dc3-b490-31f70dfa2fc7
262195,21,24.4,47,86,"2021-10-27 20:39:33",A301,6f6db310-75e6-4dc3-b490-31f70dfa2fc7
262203,22,23.3,79,0,"2021-10-27 20:47:17",A303,6f6db310-75e6-4dc3-b490-31f70dfa2fc7
262232,22,23.2,79,0,"2021-10-27 21:18:54",A303,6f6db310-75e6-4dc3-b490-31f70dfa2fc7
262253,21,24.3,47,86,"2021-10-27 21:40:21",A301,6f6db310-75e6-4dc3-b490-31f70dfa2fc7
262262,22,23,79,0,"2021-10-27 21:49:17",A303,6f6db310-75e6-4dc3-b490-31f70dfa2fc7
262282,21,24.2,47,86,"2021-10-27 22:10:43",A301,6f6db310-75e6-4dc3-b490-31f70dfa2fc7
262292,22,22.9,79,0,"2021-10-27 22:19:40",A303,6f6db310-75e6-4dc3-b490-31f70dfa2fc7
262317,21,24.1,47,86,"2021-10-27 22:44:50",A301,6f6db310-75e6-4dc3-b490-31f70dfa2fc7
262323,22,22.8,78,0,"2021-10-27 22:50:02",A303,6f6db310-75e6-4dc3-b490-31f70dfa2fc7
262347,21,24,47,86,"2021-10-27 23:15:14",A301,6f6db310-75e6-4dc3-b490-31f70dfa2fc7
262354,22,22.7,79,0,"2021-10-27 23:20:27",A303,6f6db310-75e6-4dc3-b490-31f70dfa2fc7
262380,21,23.9,46,86,"2021-10-27 23:45:38",A301,6f6db310-75e6-4dc3-b490-31f70dfa2fc7
262387,22,22.6,78,0,"2021-10-27 23:50:50",A303,6f6db310-75e6-4dc3-b490-31f70dfa2fc7
262409,21,23.8,47,86,"2021-10-28 00:16:02",A301,6f6db310-75e6-4dc3-b490-31f70dfa2fc7
262416,22,22.5,78,0,"2021-10-28 00:21:14",A303,6f6db310-75e6-4dc3-b490-31f70dfa2fc7
262439,21,23.8,47,86,"2021-10-28 00:46:30",A301,6f6db310-75e6-4dc3-b490-31f70dfa2fc7
262445,22,22.4,78,0,"2021-10-28 00:51:38",A303,6f6db310-75e6-4dc3-b490-31f70dfa2fc7
262467,21,23.7,47,86,"2021-10-28 01:16:51",A301,6f6db310-75e6-4dc3-b490-31f70dfa2fc7
262474,22,22.4,78,0,"2021-10-28 01:22:02",A303,6f6db310-75e6-4dc3-b490-31f70dfa2fc7
262497,21,23.6,47,86,"2021-10-28 01:47:16",A301,6f6db310-75e6-4dc3-b490-31f70dfa2fc7
262504,22,22.3,78,0,"2021-10-28 01:52:26",A303,6f6db310-75e6-4dc3-b490-31f70dfa2fc7
262527,21,23.6,47,86,"2021-10-28 02:17:39",A301,6f6db310-75e6-4dc3-b490-31f70dfa2fc7
262534,22,22.2,79,0,"2021-10-28 02:22:50",A303,6f6db310-75e6-4dc3-b490-31f70dfa2fc7
262557,21,23.5,46,86,"2021-10-28 02:48:05",A301,6f6db310-75e6-4dc3-b490-31f70dfa2fc7
262563,22,22.2,77,0,"2021-10-28 02:53:14",A303,6f6db310-75e6-4dc3-b490-31f70dfa2fc7
262586,21,23.4,46,86,"2021-10-28 03:18:29",A301,6f6db310-75e6-4dc3-b490-31f70dfa2fc7
262592,22,22.1,78,0,"2021-10-28 03:23:38",A303,6f6db310-75e6-4dc3-b490-31f70dfa2fc7
262615,21,23.4,46,86,"2021-10-28 03:48:54",A301,6f6db310-75e6-4dc3-b490-31f70dfa2fc7
262621,22,22.1,78,0,"2021-10-28 03:54:04",A303,6f6db310-75e6-4dc3-b490-31f70dfa2fc7
262645,21,23.3,46,86,"2021-10-28 04:19:18",A301,6f6db310-75e6-4dc3-b490-31f70dfa2fc7
262651,22,22,77,0,"2021-10-28 04:24:27",A303,6f6db310-75e6-4dc3-b490-31f70dfa2fc7
262675,21,23.3,46,86,"2021-10-28 04:49:43",A301,6f6db310-75e6-4dc3-b490-31f70dfa2fc7
262682,22,22,78,0,"2021-10-28 04:54:51",A303,6f6db310-75e6-4dc3-b490-31f70dfa2fc7
262709,22,22,78,0,"2021-10-28 05:25:16",A303,6f6db310-75e6-4dc3-b490-31f70dfa2fc7
262731,21,23.2,46,93,"2021-10-28 05:50:35",A301,6f6db310-75e6-4dc3-b490-31f70dfa2fc7
262738,22,22,78,0,"2021-10-28 05:55:44",A303,6f6db310-75e6-4dc3-b490-31f70dfa2fc7
262761,21,23.2,46,93,"2021-10-28 06:21:04",A301,6f6db310-75e6-4dc3-b490-31f70dfa2fc7
262768,22,22,78,0,"2021-10-28 06:26:11",A303,6f6db310-75e6-4dc3-b490-31f70dfa2fc7
262791,21,23.1,46,93,"2021-10-28 06:51:31",A301,6f6db310-75e6-4dc3-b490-31f70dfa2fc7
262799,22,22.1,77,8,"2021-10-28 06:56:37",A303,6f6db310-75e6-4dc3-b490-31f70dfa2fc7
262821,21,23.1,46,93,"2021-10-28 07:22:00",A301,6f6db310-75e6-4dc3-b490-31f70dfa2fc7
262829,22,22.2,77,15,"2021-10-28 07:27:07",A303,6f6db310-75e6-4dc3-b490-31f70dfa2fc7
262851,21,23.1,46,93,"2021-10-28 07:52:32",A301,6f6db310-75e6-4dc3-b490-31f70dfa2fc7
262858,22,22.3,78,36,"2021-10-28 07:57:40",A303,6f6db310-75e6-4dc3-b490-31f70dfa2fc7
262880,21,23.1,46,100,"2021-10-28 08:23:08",A301,6f6db310-75e6-4dc3-b490-31f70dfa2fc7
262888,22,22.7,77,43,"2021-10-28 08:28:14",A303,6f6db310-75e6-4dc3-b490-31f70dfa2fc7
262910,21,23.2,46,93,"2021-10-28 08:53:43",A301,6f6db310-75e6-4dc3-b490-31f70dfa2fc7
262919,22,23.3,77,36,"2021-10-28 08:58:48",A303,6f6db310-75e6-4dc3-b490-31f70dfa2fc7
262941,21,23.3,46,93,"2021-10-28 09:24:15",A301,6f6db310-75e6-4dc3-b490-31f70dfa2fc7
262950,22,23.8,78,36,"2021-10-28 09:29:21",A303,6f6db310-75e6-4dc3-b490-31f70dfa2fc7
262970,21,23.4,46,93,"2021-10-28 09:54:42",A301,6f6db310-75e6-4dc3-b490-31f70dfa2fc7
262978,22,24,78,0,"2021-10-28 09:59:47",A303,6f6db310-75e6-4dc3-b490-31f70dfa2fc7
262995,21,23.6,46,93,"2021-10-28 10:25:11",A301,6f6db310-75e6-4dc3-b490-31f70dfa2fc7
263003,22,24,78,0,"2021-10-28 10:30:15",A303,6f6db310-75e6-4dc3-b490-31f70dfa2fc7
263022,21,23.8,46,93,"2021-10-28 10:55:36",A301,6f6db310-75e6-4dc3-b490-31f70dfa2fc7
263030,22,23.9,78,8,"2021-10-28 11:00:39",A303,6f6db310-75e6-4dc3-b490-31f70dfa2fc7
263050,21,23.9,46,93,"2021-10-28 11:26:08",A301,6f6db310-75e6-4dc3-b490-31f70dfa2fc7
263058,22,23.8,78,8,"2021-10-28 11:31:07",A303,6f6db310-75e6-4dc3-b490-31f70dfa2fc7
263079,21,23.9,46,93,"2021-10-28 11:56:33",A301,6f6db310-75e6-4dc3-b490-31f70dfa2fc7
263087,22,23.8,78,8,"2021-10-28 12:01:35",A303,6f6db310-75e6-4dc3-b490-31f70dfa2fc7
263107,21,24,46,93,"2021-10-28 12:27:03",A301,6f6db310-75e6-4dc3-b490-31f70dfa2fc7
263114,22,23.7,78,15,"2021-10-28 12:32:06",A303,6f6db310-75e6-4dc3-b490-31f70dfa2fc7
263133,21,24,46,93,"2021-10-28 12:57:32",A301,6f6db310-75e6-4dc3-b490-31f70dfa2fc7
263140,22,23.7,78,15,"2021-10-28 13:02:35",A303,6f6db310-75e6-4dc3-b490-31f70dfa2fc7
263161,21,24.1,46,93,"2021-10-28 13:28:01",A301,6f6db310-75e6-4dc3-b490-31f70dfa2fc7
263167,22,23.7,78,15,"2021-10-28 13:33:03",A303,6f6db310-75e6-4dc3-b490-31f70dfa2fc7
263189,21,24.1,46,93,"2021-10-28 13:58:30",A301,6f6db310-75e6-4dc3-b490-31f70dfa2fc7
263195,22,23.7,78,15,"2021-10-28 14:03:32",A303,6f6db310-75e6-4dc3-b490-31f70dfa2fc7
263216,21,24.1,46,93,"2021-10-28 14:28:59",A301,6f6db310-75e6-4dc3-b490-31f70dfa2fc7
263222,22,23.7,78,15,"2021-10-28 14:34:03",A303,6f6db310-75e6-4dc3-b490-31f70dfa2fc7
263244,21,24.1,46,93,"2021-10-28 14:59:30",A301,6f6db310-75e6-4dc3-b490-31f70dfa2fc7
263249,21,23.7,78,15,"2021-10-28 15:04:31",A303,6f6db310-75e6-4dc3-b490-31f70dfa2fc7
263272,21,24.1,46,86,"2021-10-28 15:30:00",A301,6f6db310-75e6-4dc3-b490-31f70dfa2fc7
263278,22,23.7,78,8,"2021-10-28 15:35:00",A303,6f6db310-75e6-4dc3-b490-31f70dfa2fc7
263300,21,24.2,46,86,"2021-10-28 16:00:26",A301,6f6db310-75e6-4dc3-b490-31f70dfa2fc7
263306,21,23.7,78,0,"2021-10-28 16:05:26",A303,6f6db310-75e6-4dc3-b490-31f70dfa2fc7
263329,21,24.2,46,86,"2021-10-28 16:30:51",A301,6f6db310-75e6-4dc3-b490-31f70dfa2fc7
263334,21,23.6,78,0,"2021-10-28 16:35:52",A303,6f6db310-75e6-4dc3-b490-31f70dfa2fc7
263358,21,24.2,46,86,"2021-10-28 17:01:18",A301,6f6db310-75e6-4dc3-b490-31f70dfa2fc7
263363,21,23.5,78,0,"2021-10-28 17:06:18",A303,6f6db310-75e6-4dc3-b490-31f70dfa2fc7
263387,21,24.1,46,86,"2021-10-28 17:31:43",A301,6f6db310-75e6-4dc3-b490-31f70dfa2fc7
263392,21,23.4,77,0,"2021-10-28 17:36:44",A303,6f6db310-75e6-4dc3-b490-31f70dfa2fc7
263415,21,24.1,46,86,"2021-10-28 18:02:10",A301,6f6db310-75e6-4dc3-b490-31f70dfa2fc7
263421,21,23.3,77,0,"2021-10-28 18:07:10",A303,6f6db310-75e6-4dc3-b490-31f70dfa2fc7
263443,21,24.1,46,86,"2021-10-28 18:32:34",A301,6f6db310-75e6-4dc3-b490-31f70dfa2fc7
263449,21,23.2,77,0,"2021-10-28 18:37:31",A303,6f6db310-75e6-4dc3-b490-31f70dfa2fc7
263470,21,24,46,86,"2021-10-28 19:03:01",A301,6f6db310-75e6-4dc3-b490-31f70dfa2fc7
263476,21,23.1,77,0,"2021-10-28 19:07:57",A303,6f6db310-75e6-4dc3-b490-31f70dfa2fc7
263496,21,24,46,86,"2021-10-28 19:33:24",A301,6f6db310-75e6-4dc3-b490-31f70dfa2fc7
263502,21,23,78,0,"2021-10-28 19:38:19",A303,6f6db310-75e6-4dc3-b490-31f70dfa2fc7
263523,21,23.9,46,86,"2021-10-28 20:03:47",A301,6f6db310-75e6-4dc3-b490-31f70dfa2fc7
263529,21,22.8,78,0,"2021-10-28 20:08:43",A303,6f6db310-75e6-4dc3-b490-31f70dfa2fc7
263552,21,23.9,46,86,"2021-10-28 20:34:12",A301,6f6db310-75e6-4dc3-b490-31f70dfa2fc7
263558,21,22.7,78,0,"2021-10-28 20:39:07",A303,6f6db310-75e6-4dc3-b490-31f70dfa2fc7
263579,21,23.8,46,86,"2021-10-28 21:04:35",A301,6f6db310-75e6-4dc3-b490-31f70dfa2fc7
263586,21,22.6,77,0,"2021-10-28 21:09:32",A303,6f6db310-75e6-4dc3-b490-31f70dfa2fc7
263608,21,23.7,46,86,"2021-10-28 21:34:58",A301,6f6db310-75e6-4dc3-b490-31f70dfa2fc7
263613,21,22.5,77,0,"2021-10-28 21:39:54",A303,6f6db310-75e6-4dc3-b490-31f70dfa2fc7
263636,21,23.7,46,86,"2021-10-28 22:05:21",A301,6f6db310-75e6-4dc3-b490-31f70dfa2fc7
263642,21,22.3,78,0,"2021-10-28 22:10:17",A303,6f6db310-75e6-4dc3-b490-31f70dfa2fc7
263663,21,23.6,46,86,"2021-10-28 22:35:46",A301,6f6db310-75e6-4dc3-b490-31f70dfa2fc7
263669,21,22.2,78,0,"2021-10-28 22:40:40",A303,6f6db310-75e6-4dc3-b490-31f70dfa2fc7
263690,21,23.5,46,86,"2021-10-28 23:06:11",A301,6f6db310-75e6-4dc3-b490-31f70dfa2fc7
263696,21,22.1,78,0,"2021-10-28 23:11:03",A303,6f6db310-75e6-4dc3-b490-31f70dfa2fc7
263720,21,22,78,0,"2021-10-28 23:41:26",A303,6f6db310-75e6-4dc3-b490-31f70dfa2fc7
263741,21,23.4,46,86,"2021-10-29 00:06:57",A301,6f6db310-75e6-4dc3-b490-31f70dfa2fc7
263747,21,21.9,78,0,"2021-10-29 00:11:49",A303,6f6db310-75e6-4dc3-b490-31f70dfa2fc7
263765,21,23.3,46,86,"2021-10-29 00:37:19",A301,6f6db310-75e6-4dc3-b490-31f70dfa2fc7
263771,21,21.8,78,0,"2021-10-29 00:42:11",A303,6f6db310-75e6-4dc3-b490-31f70dfa2fc7
263792,21,23.2,46,86,"2021-10-29 01:07:41",A301,6f6db310-75e6-4dc3-b490-31f70dfa2fc7
263797,21,21.7,78,0,"2021-10-29 01:12:33",A303,6f6db310-75e6-4dc3-b490-31f70dfa2fc7
263817,21,23.1,46,86,"2021-10-29 01:38:03",A301,6f6db310-75e6-4dc3-b490-31f70dfa2fc7
263822,21,21.6,78,0,"2021-10-29 01:42:56",A303,6f6db310-75e6-4dc3-b490-31f70dfa2fc7
263844,21,23,46,86,"2021-10-29 02:08:28",A301,6f6db310-75e6-4dc3-b490-31f70dfa2fc7
263849,21,21.5,78,0,"2021-10-29 02:13:18",A303,6f6db310-75e6-4dc3-b490-31f70dfa2fc7
263870,21,23,46,86,"2021-10-29 02:38:51",A301,6f6db310-75e6-4dc3-b490-31f70dfa2fc7
263875,21,21.4,78,0,"2021-10-29 02:43:41",A303,6f6db310-75e6-4dc3-b490-31f70dfa2fc7
263896,21,22.9,46,86,"2021-10-29 03:09:14",A301,6f6db310-75e6-4dc3-b490-31f70dfa2fc7
263901,21,21.4,78,0,"2021-10-29 03:14:05",A303,6f6db310-75e6-4dc3-b490-31f70dfa2fc7
263923,21,22.8,46,86,"2021-10-29 03:39:37",A301,6f6db310-75e6-4dc3-b490-31f70dfa2fc7
263928,21,21.3,78,0,"2021-10-29 03:44:30",A303,6f6db310-75e6-4dc3-b490-31f70dfa2fc7
263949,21,22.8,46,86,"2021-10-29 04:10:02",A301,6f6db310-75e6-4dc3-b490-31f70dfa2fc7
263954,21,21.2,78,0,"2021-10-29 04:14:52",A303,6f6db310-75e6-4dc3-b490-31f70dfa2fc7
263975,21,22.7,46,86,"2021-10-29 04:40:26",A301,6f6db310-75e6-4dc3-b490-31f70dfa2fc7
263980,21,21.2,78,0,"2021-10-29 04:45:15",A303,6f6db310-75e6-4dc3-b490-31f70dfa2fc7
264002,21,22.6,46,93,"2021-10-29 05:10:49",A301,6f6db310-75e6-4dc3-b490-31f70dfa2fc7
264007,21,21.2,78,0,"2021-10-29 05:15:39",A303,6f6db310-75e6-4dc3-b490-31f70dfa2fc7
264029,21,22.6,46,93,"2021-10-29 05:41:14",A301,6f6db310-75e6-4dc3-b490-31f70dfa2fc7
264035,21,21.2,78,0,"2021-10-29 05:46:04",A303,6f6db310-75e6-4dc3-b490-31f70dfa2fc7
264056,21,22.6,46,93,"2021-10-29 06:11:43",A301,6f6db310-75e6-4dc3-b490-31f70dfa2fc7
264062,21,21.2,78,8,"2021-10-29 06:16:32",A303,6f6db310-75e6-4dc3-b490-31f70dfa2fc7
264083,21,22.5,46,93,"2021-10-29 06:42:13",A301,6f6db310-75e6-4dc3-b490-31f70dfa2fc7
264090,21,21.4,78,8,"2021-10-29 06:47:03",A303,6f6db310-75e6-4dc3-b490-31f70dfa2fc7
264110,21,22.5,46,93,"2021-10-29 07:12:44",A301,6f6db310-75e6-4dc3-b490-31f70dfa2fc7
264117,21,21.6,78,22,"2021-10-29 07:17:34",A303,6f6db310-75e6-4dc3-b490-31f70dfa2fc7
264137,21,22.6,46,100,"2021-10-29 07:43:17",A301,6f6db310-75e6-4dc3-b490-31f70dfa2fc7
264145,21,21.9,77,36,"2021-10-29 07:48:08",A303,6f6db310-75e6-4dc3-b490-31f70dfa2fc7
264164,21,22.6,46,100,"2021-10-29 08:13:52",A301,6f6db310-75e6-4dc3-b490-31f70dfa2fc7
264172,21,22.4,77,36,"2021-10-29 08:18:43",A303,6f6db310-75e6-4dc3-b490-31f70dfa2fc7
264192,21,22.8,46,100,"2021-10-29 08:44:27",A301,6f6db310-75e6-4dc3-b490-31f70dfa2fc7
264200,21,22.9,77,43,"2021-10-29 08:49:17",A303,6f6db310-75e6-4dc3-b490-31f70dfa2fc7
264220,21,22.9,46,100,"2021-10-29 09:15:08",A301,6f6db310-75e6-4dc3-b490-31f70dfa2fc7
264228,21,23.4,76,43,"2021-10-29 09:19:52",A303,6f6db310-75e6-4dc3-b490-31f70dfa2fc7
264246,21,23.12,46,100,"2021-10-29 09:45:38",A301,6f6db310-75e6-4dc3-b490-31f70dfa2fc7
264254,21,23.7,77,50,"2021-10-29 09:50:26",A303,6f6db310-75e6-4dc3-b490-31f70dfa2fc7
264274,21,23.4,46,100,"2021-10-29 10:16:13",A301,6f6db310-75e6-4dc3-b490-31f70dfa2fc7
264282,21,24,77,50,"2021-10-29 10:21:01",A303,6f6db310-75e6-4dc3-b490-31f70dfa2fc7
264289,26,23.6,144,100,"2021-10-29 10:28:54",A302,6f6db310-75e6-4dc3-b490-31f70dfa2fc7
264300,21,23.6,45,100,"2021-10-29 10:46:51",A301,6f6db310-75e6-4dc3-b490-31f70dfa2fc7
264309,21,24.4,77,58,"2021-10-29 10:51:36",A303,6f6db310-75e6-4dc3-b490-31f70dfa2fc7
264318,26,24,143,100,"2021-10-29 10:59:30",A302,6f6db310-75e6-4dc3-b490-31f70dfa2fc7
264330,20,23.8,46,100,"2021-10-29 11:17:24",A301,6f6db310-75e6-4dc3-b490-31f70dfa2fc7
264339,21,24.7,77,58,"2021-10-29 11:22:11",A303,6f6db310-75e6-4dc3-b490-31f70dfa2fc7
264347,26,24.4,143,100,"2021-10-29 11:29:52",A302,6f6db310-75e6-4dc3-b490-31f70dfa2fc7
264359,20,24,45,100,"2021-10-29 11:48:00",A301,6f6db310-75e6-4dc3-b490-31f70dfa2fc7
264368,21,24.9,77,58,"2021-10-29 11:52:48",A303,6f6db310-75e6-4dc3-b490-31f70dfa2fc7
264377,26,24.7,142,100,"2021-10-29 12:00:17",A302,6f6db310-75e6-4dc3-b490-31f70dfa2fc7
264389,20,24.2,45,100,"2021-10-29 12:18:40",A301,6f6db310-75e6-4dc3-b490-31f70dfa2fc7
264398,21,25,77,58,"2021-10-29 12:23:21",A303,6f6db310-75e6-4dc3-b490-31f70dfa2fc7
264407,26,24.8,142,100,"2021-10-29 12:30:37",A302,6f6db310-75e6-4dc3-b490-31f70dfa2fc7
264419,20,24.3,45,93,"2021-10-29 12:49:10",A301,6f6db310-75e6-4dc3-b490-31f70dfa2fc7
264428,21,25.1,77,29,"2021-10-29 12:53:54",A303,6f6db310-75e6-4dc3-b490-31f70dfa2fc7
264436,26,24.9,142,93,"2021-10-29 13:00:56",A302,6f6db310-75e6-4dc3-b490-31f70dfa2fc7
264447,20,24.5,45,93,"2021-10-29 13:19:40",A301,6f6db310-75e6-4dc3-b490-31f70dfa2fc7
264456,21,25.1,77,8,"2021-10-29 13:24:23",A303,6f6db310-75e6-4dc3-b490-31f70dfa2fc7
264465,26,25,142,100,"2021-10-29 13:31:12",A302,6f6db310-75e6-4dc3-b490-31f70dfa2fc7
264475,20,24.6,45,100,"2021-10-29 13:50:09",A301,6f6db310-75e6-4dc3-b490-31f70dfa2fc7
264484,21,25.1,77,15,"2021-10-29 13:54:53",A303,6f6db310-75e6-4dc3-b490-31f70dfa2fc7
264492,26,24.9,142,93,"2021-10-29 14:01:27",A302,6f6db310-75e6-4dc3-b490-31f70dfa2fc7
264504,20,24.7,45,86,"2021-10-29 14:20:40",A301,6f6db310-75e6-4dc3-b490-31f70dfa2fc7
264513,21,25,78,15,"2021-10-29 14:25:25",A303,6f6db310-75e6-4dc3-b490-31f70dfa2fc7
264520,26,24.9,143,86,"2021-10-29 14:31:40",A302,6f6db310-75e6-4dc3-b490-31f70dfa2fc7
264536,20,24.8,45,86,"2021-10-29 14:51:09",A301,6f6db310-75e6-4dc3-b490-31f70dfa2fc7
264545,21,24.9,78,15,"2021-10-29 14:55:51",A303,6f6db310-75e6-4dc3-b490-31f70dfa2fc7
264552,26,24.8,144,86,"2021-10-29 15:01:55",A302,6f6db310-75e6-4dc3-b490-31f70dfa2fc7
264567,20,24.8,45,86,"2021-10-29 15:21:38",A301,6f6db310-75e6-4dc3-b490-31f70dfa2fc7
264576,21,24.8,78,8,"2021-10-29 15:26:18",A303,6f6db310-75e6-4dc3-b490-31f70dfa2fc7
264582,26,24.7,142,86,"2021-10-29 15:32:06",A302,6f6db310-75e6-4dc3-b490-31f70dfa2fc7
264597,20,24.9,45,86,"2021-10-29 15:52:05",A301,6f6db310-75e6-4dc3-b490-31f70dfa2fc7
264606,21,24.7,78,8,"2021-10-29 15:56:47",A303,6f6db310-75e6-4dc3-b490-31f70dfa2fc7
264612,26,24.6,144,86,"2021-10-29 16:02:18",A302,6f6db310-75e6-4dc3-b490-31f70dfa2fc7
264627,20,24.9,45,86,"2021-10-29 16:22:31",A301,6f6db310-75e6-4dc3-b490-31f70dfa2fc7
264636,21,24.6,78,8,"2021-10-29 16:27:14",A303,6f6db310-75e6-4dc3-b490-31f70dfa2fc7
264641,26,24.5,143,86,"2021-10-29 16:32:33",A302,6f6db310-75e6-4dc3-b490-31f70dfa2fc7
264658,20,24.8,45,86,"2021-10-29 16:52:58",A301,6f6db310-75e6-4dc3-b490-31f70dfa2fc7
264667,21,24.4,78,8,"2021-10-29 16:57:40",A303,6f6db310-75e6-4dc3-b490-31f70dfa2fc7
264671,26,24.4,144,86,"2021-10-29 17:02:41",A302,6f6db310-75e6-4dc3-b490-31f70dfa2fc7
264684,20,24.8,45,86,"2021-10-29 17:23:25",A301,6f6db310-75e6-4dc3-b490-31f70dfa2fc7
264692,21,24.3,78,8,"2021-10-29 17:28:05",A303,6f6db310-75e6-4dc3-b490-31f70dfa2fc7
264695,26,24.3,143,86,"2021-10-29 17:32:51",A302,6f6db310-75e6-4dc3-b490-31f70dfa2fc7
264712,20,24.7,45,86,"2021-10-29 17:53:52",A301,6f6db310-75e6-4dc3-b490-31f70dfa2fc7
264720,21,24.2,78,0,"2021-10-29 17:58:31",A303,6f6db310-75e6-4dc3-b490-31f70dfa2fc7
264724,26,24.2,145,86,"2021-10-29 18:03:02",A302,6f6db310-75e6-4dc3-b490-31f70dfa2fc7
264742,20,24.7,45,86,"2021-10-29 18:24:18",A301,6f6db310-75e6-4dc3-b490-31f70dfa2fc7
264750,21,24,78,0,"2021-10-29 18:28:55",A303,6f6db310-75e6-4dc3-b490-31f70dfa2fc7
264753,26,24.1,146,86,"2021-10-29 18:33:11",A302,6f6db310-75e6-4dc3-b490-31f70dfa2fc7
264772,20,24.6,45,86,"2021-10-29 18:54:45",A301,6f6db310-75e6-4dc3-b490-31f70dfa2fc7
264779,21,23.9,78,0,"2021-10-29 18:59:22",A303,6f6db310-75e6-4dc3-b490-31f70dfa2fc7
264783,26,24,146,86,"2021-10-29 19:03:20",A302,6f6db310-75e6-4dc3-b490-31f70dfa2fc7
264801,20,24.6,45,86,"2021-10-29 19:25:10",A301,6f6db310-75e6-4dc3-b490-31f70dfa2fc7
264808,21,23.8,77,0,"2021-10-29 19:29:47",A303,6f6db310-75e6-4dc3-b490-31f70dfa2fc7
264812,26,23.9,145,86,"2021-10-29 19:33:28",A302,6f6db310-75e6-4dc3-b490-31f70dfa2fc7
264831,20,24.5,45,86,"2021-10-29 19:55:34",A301,6f6db310-75e6-4dc3-b490-31f70dfa2fc7
264838,21,23.7,77,0,"2021-10-29 20:00:12",A303,6f6db310-75e6-4dc3-b490-31f70dfa2fc7
264839,26,23.8,145,86,"2021-10-29 20:03:37",A302,6f6db310-75e6-4dc3-b490-31f70dfa2fc7
264860,20,24.4,45,86,"2021-10-29 20:25:59",A301,6f6db310-75e6-4dc3-b490-31f70dfa2fc7
264867,21,23.5,77,0,"2021-10-29 20:30:35",A303,6f6db310-75e6-4dc3-b490-31f70dfa2fc7
264869,26,23.7,145,86,"2021-10-29 20:33:45",A302,6f6db310-75e6-4dc3-b490-31f70dfa2fc7
264891,20,24.4,45,86,"2021-10-29 20:56:24",A301,6f6db310-75e6-4dc3-b490-31f70dfa2fc7
264897,21,23.4,77,0,"2021-10-29 21:01:00",A303,6f6db310-75e6-4dc3-b490-31f70dfa2fc7
264898,26,23.6,146,86,"2021-10-29 21:03:54",A302,6f6db310-75e6-4dc3-b490-31f70dfa2fc7
264920,20,24.3,45,86,"2021-10-29 21:26:48",A301,6f6db310-75e6-4dc3-b490-31f70dfa2fc7
264926,21,23.3,77,0,"2021-10-29 21:31:25",A303,6f6db310-75e6-4dc3-b490-31f70dfa2fc7
264927,26,23.5,145,86,"2021-10-29 21:34:02",A302,6f6db310-75e6-4dc3-b490-31f70dfa2fc7
264948,20,24.2,45,86,"2021-10-29 21:57:12",A301,6f6db310-75e6-4dc3-b490-31f70dfa2fc7
264954,21,23.2,77,0,"2021-10-29 22:01:48",A303,6f6db310-75e6-4dc3-b490-31f70dfa2fc7
264956,26,23.4,145,86,"2021-10-29 22:04:08",A302,6f6db310-75e6-4dc3-b490-31f70dfa2fc7
264978,20,24.1,45,86,"2021-10-29 22:27:36",A301,6f6db310-75e6-4dc3-b490-31f70dfa2fc7
264984,21,23,78,0,"2021-10-29 22:32:13",A303,6f6db310-75e6-4dc3-b490-31f70dfa2fc7
264985,26,23.3,145,72,"2021-10-29 22:34:17",A302,6f6db310-75e6-4dc3-b490-31f70dfa2fc7
265007,20,24.1,45,86,"2021-10-29 22:58:01",A301,6f6db310-75e6-4dc3-b490-31f70dfa2fc7
265013,26,23.2,146,72,"2021-10-29 23:04:23",A302,6f6db310-75e6-4dc3-b490-31f70dfa2fc7
265035,21,24,45,86,"2021-10-29 23:28:26",A301,6f6db310-75e6-4dc3-b490-31f70dfa2fc7
265042,21,22.8,77,0,"2021-10-29 23:32:58",A303,6f6db310-75e6-4dc3-b490-31f70dfa2fc7
265043,26,23.1,146,58,"2021-10-29 23:34:27",A302,6f6db310-75e6-4dc3-b490-31f70dfa2fc7
265064,21,23.9,45,86,"2021-10-29 23:58:46",A301,6f6db310-75e6-4dc3-b490-31f70dfa2fc7
265069,26,23,145,50,"2021-10-30 00:04:34",A302,6f6db310-75e6-4dc3-b490-31f70dfa2fc7
265070,21,22.6,78,0,"2021-10-30 00:04:34",A303,6f6db310-75e6-4dc3-b490-31f70dfa2fc7
265091,21,23.8,45,86,"2021-10-30 00:29:10",A301,6f6db310-75e6-4dc3-b490-31f70dfa2fc7
265097,26,22.9,146,50,"2021-10-30 00:34:37",A302,6f6db310-75e6-4dc3-b490-31f70dfa2fc7
265098,21,22.5,77,0,"2021-10-30 00:34:57",A303,6f6db310-75e6-4dc3-b490-31f70dfa2fc7
265120,20,23.7,45,86,"2021-10-30 00:59:32",A301,6f6db310-75e6-4dc3-b490-31f70dfa2fc7
265127,26,22.8,146,50,"2021-10-30 01:04:39",A302,6f6db310-75e6-4dc3-b490-31f70dfa2fc7
265128,21,22.4,77,0,"2021-10-30 01:05:21",A303,6f6db310-75e6-4dc3-b490-31f70dfa2fc7
265154,20,23.6,45,86,"2021-10-30 01:33:37",A301,6f6db310-75e6-4dc3-b490-31f70dfa2fc7
265155,26,22.7,146,50,"2021-10-30 01:34:40",A302,6f6db310-75e6-4dc3-b490-31f70dfa2fc7
265156,21,22.3,77,0,"2021-10-30 01:35:44",A303,6f6db310-75e6-4dc3-b490-31f70dfa2fc7
265182,21,23.5,45,86,"2021-10-30 02:04:01",A301,6f6db310-75e6-4dc3-b490-31f70dfa2fc7
265183,26,22.6,148,58,"2021-10-30 02:04:41",A302,6f6db310-75e6-4dc3-b490-31f70dfa2fc7
265184,21,22.1,77,0,"2021-10-30 02:06:08",A303,6f6db310-75e6-4dc3-b490-31f70dfa2fc7
265210,21,23.4,45,86,"2021-10-30 02:34:25",A301,6f6db310-75e6-4dc3-b490-31f70dfa2fc7
265211,26,22.5,148,58,"2021-10-30 02:34:42",A302,6f6db310-75e6-4dc3-b490-31f70dfa2fc7
265212,21,22,78,0,"2021-10-30 02:36:29",A303,6f6db310-75e6-4dc3-b490-31f70dfa2fc7
265238,26,22.4,148,58,"2021-10-30 03:04:42",A302,6f6db310-75e6-4dc3-b490-31f70dfa2fc7
265239,21,23.4,46,86,"2021-10-30 03:04:49",A301,6f6db310-75e6-4dc3-b490-31f70dfa2fc7
265240,21,21.9,78,0,"2021-10-30 03:06:54",A303,6f6db310-75e6-4dc3-b490-31f70dfa2fc7
265265,26,22.3,147,50,"2021-10-30 03:34:42",A302,6f6db310-75e6-4dc3-b490-31f70dfa2fc7
265266,21,23.3,45,86,"2021-10-30 03:35:13",A301,6f6db310-75e6-4dc3-b490-31f70dfa2fc7
265267,21,21.8,77,0,"2021-10-30 03:37:17",A303,6f6db310-75e6-4dc3-b490-31f70dfa2fc7
265292,26,22.3,147,50,"2021-10-30 04:04:46",A302,6f6db310-75e6-4dc3-b490-31f70dfa2fc7
265293,21,23.2,45,86,"2021-10-30 04:05:38",A301,6f6db310-75e6-4dc3-b490-31f70dfa2fc7
265295,21,21.7,79,0,"2021-10-30 04:07:39",A303,6f6db310-75e6-4dc3-b490-31f70dfa2fc7
265319,26,22.2,144,50,"2021-10-30 04:34:45",A302,6f6db310-75e6-4dc3-b490-31f70dfa2fc7
265320,21,23.1,45,86,"2021-10-30 04:36:04",A301,6f6db310-75e6-4dc3-b490-31f70dfa2fc7
265322,21,21.6,78,0,"2021-10-30 04:38:03",A303,6f6db310-75e6-4dc3-b490-31f70dfa2fc7
265344,26,22.1,143,50,"2021-10-30 05:04:48",A302,6f6db310-75e6-4dc3-b490-31f70dfa2fc7
265347,21,23,46,86,"2021-10-30 05:06:27",A301,6f6db310-75e6-4dc3-b490-31f70dfa2fc7
265350,21,21.5,79,0,"2021-10-30 05:08:27",A303,6f6db310-75e6-4dc3-b490-31f70dfa2fc7
265370,26,22.1,145,93,"2021-10-30 05:34:56",A302,6f6db310-75e6-4dc3-b490-31f70dfa2fc7
265374,21,23,46,93,"2021-10-30 05:36:53",A301,6f6db310-75e6-4dc3-b490-31f70dfa2fc7
265377,21,21.5,79,0,"2021-10-30 05:38:53",A303,6f6db310-75e6-4dc3-b490-31f70dfa2fc7
265401,26,22.1,143,93,"2021-10-30 06:05:09",A302,6f6db310-75e6-4dc3-b490-31f70dfa2fc7
265404,21,22.9,45,93,"2021-10-30 06:07:23",A301,6f6db310-75e6-4dc3-b490-31f70dfa2fc7
265407,21,21.5,79,15,"2021-10-30 06:09:22",A303,6f6db310-75e6-4dc3-b490-31f70dfa2fc7
265430,26,22.1,144,93,"2021-10-30 06:35:23",A302,6f6db310-75e6-4dc3-b490-31f70dfa2fc7
265433,21,22.8,45,93,"2021-10-30 06:37:53",A301,6f6db310-75e6-4dc3-b490-31f70dfa2fc7
265437,21,21.6,78,29,"2021-10-30 06:39:54",A303,6f6db310-75e6-4dc3-b490-31f70dfa2fc7
265458,26,22.1,144,100,"2021-10-30 07:05:42",A302,6f6db310-75e6-4dc3-b490-31f70dfa2fc7
265462,20,22.8,45,93,"2021-10-30 07:08:28",A301,6f6db310-75e6-4dc3-b490-31f70dfa2fc7
265465,20,21.8,78,36,"2021-10-30 07:10:28",A303,6f6db310-75e6-4dc3-b490-31f70dfa2fc7
265484,26,22.2,143,100,"2021-10-30 07:36:03",A302,6f6db310-75e6-4dc3-b490-31f70dfa2fc7
265489,20,22.8,45,100,"2021-10-30 07:39:03",A301,6f6db310-75e6-4dc3-b490-31f70dfa2fc7
265492,20,22.2,78,43,"2021-10-30 07:41:03",A303,6f6db310-75e6-4dc3-b490-31f70dfa2fc7
265512,26,22.4,142,100,"2021-10-30 08:06:23",A302,6f6db310-75e6-4dc3-b490-31f70dfa2fc7
265517,20,22.9,45,100,"2021-10-30 08:09:39",A301,6f6db310-75e6-4dc3-b490-31f70dfa2fc7
265520,20,22.7,77,43,"2021-10-30 08:11:37",A303,6f6db310-75e6-4dc3-b490-31f70dfa2fc7
265543,26,22.7,140,100,"2021-10-30 08:36:48",A302,6f6db310-75e6-4dc3-b490-31f70dfa2fc7
265547,20,23,45,100,"2021-10-30 08:40:18",A301,6f6db310-75e6-4dc3-b490-31f70dfa2fc7
265549,20,23.3,77,50,"2021-10-30 08:42:16",A303,6f6db310-75e6-4dc3-b490-31f70dfa2fc7
265572,26,23,138,100,"2021-10-30 09:07:10",A302,6f6db310-75e6-4dc3-b490-31f70dfa2fc7
265577,20,23.2,45,100,"2021-10-30 09:10:56",A301,6f6db310-75e6-4dc3-b490-31f70dfa2fc7
265579,20,23.9,78,50,"2021-10-30 09:12:51",A303,6f6db310-75e6-4dc3-b490-31f70dfa2fc7
265599,26,23.3,136,100,"2021-10-30 09:37:34",A302,6f6db310-75e6-4dc3-b490-31f70dfa2fc7
265604,20,23.4,45,100,"2021-10-30 09:41:33",A301,6f6db310-75e6-4dc3-b490-31f70dfa2fc7
265607,20,24.3,78,50,"2021-10-30 09:43:28",A303,6f6db310-75e6-4dc3-b490-31f70dfa2fc7
265628,26,23.7,135,100,"2021-10-30 10:07:54",A302,6f6db310-75e6-4dc3-b490-31f70dfa2fc7
265633,20,23.6,44,100,"2021-10-30 10:12:10",A301,6f6db310-75e6-4dc3-b490-31f70dfa2fc7
265636,20,24.6,78,50,"2021-10-30 10:14:05",A303,6f6db310-75e6-4dc3-b490-31f70dfa2fc7
265657,26,24.1,134,100,"2021-10-30 10:38:21",A302,6f6db310-75e6-4dc3-b490-31f70dfa2fc7
265661,20,23.8,45,100,"2021-10-30 10:42:48",A301,6f6db310-75e6-4dc3-b490-31f70dfa2fc7
265664,20,24.9,78,50,"2021-10-30 10:44:41",A303,6f6db310-75e6-4dc3-b490-31f70dfa2fc7
265683,26,24.5,133,100,"2021-10-30 11:08:39",A302,6f6db310-75e6-4dc3-b490-31f70dfa2fc7
265692,20,24,44,100,"2021-10-30 11:13:24",A301,6f6db310-75e6-4dc3-b490-31f70dfa2fc7
265695,20,25.3,78,50,"2021-10-30 11:15:16",A303,6f6db310-75e6-4dc3-b490-31f70dfa2fc7
265714,26,24.9,131,100,"2021-10-30 11:39:04",A302,6f6db310-75e6-4dc3-b490-31f70dfa2fc7
265723,20,24.2,44,100,"2021-10-30 11:44:01",A301,6f6db310-75e6-4dc3-b490-31f70dfa2fc7
265726,20,25.5,78,58,"2021-10-30 11:45:53",A303,6f6db310-75e6-4dc3-b490-31f70dfa2fc7
265743,26,25.3,130,100,"2021-10-30 12:09:30",A302,6f6db310-75e6-4dc3-b490-31f70dfa2fc7
265752,20,24.4,45,93,"2021-10-30 12:14:38",A301,6f6db310-75e6-4dc3-b490-31f70dfa2fc7
265755,20,25.7,78,58,"2021-10-30 12:16:33",A303,6f6db310-75e6-4dc3-b490-31f70dfa2fc7
265774,26,25.5,129,100,"2021-10-30 12:39:49",A302,6f6db310-75e6-4dc3-b490-31f70dfa2fc7
265783,20,24.6,44,93,"2021-10-30 12:45:13",A301,6f6db310-75e6-4dc3-b490-31f70dfa2fc7
265785,20,25.9,78,50,"2021-10-30 12:47:05",A303,6f6db310-75e6-4dc3-b490-31f70dfa2fc7
265804,26,25.6,129,93,"2021-10-30 13:10:06",A302,6f6db310-75e6-4dc3-b490-31f70dfa2fc7
265814,20,24.8,44,86,"2021-10-30 13:15:45",A301,6f6db310-75e6-4dc3-b490-31f70dfa2fc7
265816,20,25.9,78,43,"2021-10-30 13:17:37",A303,6f6db310-75e6-4dc3-b490-31f70dfa2fc7
265834,26,25.6,129,86,"2021-10-30 13:40:20",A302,6f6db310-75e6-4dc3-b490-31f70dfa2fc7
265844,32,25.5,66,86,"2021-10-30 13:46:14",A301,6f6db310-75e6-4dc3-b490-31f70dfa2fc7
265846,20,25.8,79,0,"2021-10-30 13:48:05",A303,6f6db310-75e6-4dc3-b490-31f70dfa2fc7
265864,26,25.5,133,86,"2021-10-30 14:10:30",A302,6f6db310-75e6-4dc3-b490-31f70dfa2fc7
265874,31,24.2,62,86,"2021-10-30 14:16:40",A301,6f6db310-75e6-4dc3-b490-31f70dfa2fc7
265876,30,25.1,109,0,"2021-10-30 14:18:29",A303,6f6db310-75e6-4dc3-b490-31f70dfa2fc7
265894,28,25.1,146,86,"2021-10-30 14:40:37",A302,6f6db310-75e6-4dc3-b490-31f70dfa2fc7
265904,31,24.4,61,86,"2021-10-30 14:47:05",A301,6f6db310-75e6-4dc3-b490-31f70dfa2fc7
265906,29,24.7,108,0,"2021-10-30 14:48:54",A303,6f6db310-75e6-4dc3-b490-31f70dfa2fc7
265931,30,24.5,60,86,"2021-10-30 15:17:31",A301,6f6db310-75e6-4dc3-b490-31f70dfa2fc7
265933,29,24.4,105,0,"2021-10-30 15:19:19",A303,6f6db310-75e6-4dc3-b490-31f70dfa2fc7
265950,30,24.4,167,86,"2021-10-30 15:40:53",A302,6f6db310-75e6-4dc3-b490-31f70dfa2fc7
265960,31,24.5,62,86,"2021-10-30 15:48:00",A301,6f6db310-75e6-4dc3-b490-31f70dfa2fc7
265961,30,24.2,107,0,"2021-10-30 15:49:44",A303,6f6db310-75e6-4dc3-b490-31f70dfa2fc7
265977,30,24.2,189,86,"2021-10-30 16:11:01",A302,6f6db310-75e6-4dc3-b490-31f70dfa2fc7
265987,31,24.4,63,86,"2021-10-30 16:18:26",A301,6f6db310-75e6-4dc3-b490-31f70dfa2fc7
265989,30,24,109,0,"2021-10-30 16:20:11",A303,6f6db310-75e6-4dc3-b490-31f70dfa2fc7
266007,30,24,193,86,"2021-10-30 16:41:10",A302,6f6db310-75e6-4dc3-b490-31f70dfa2fc7
266015,31,24.3,61,86,"2021-10-30 16:48:52",A301,6f6db310-75e6-4dc3-b490-31f70dfa2fc7
266032,30,23.9,194,86,"2021-10-30 17:11:18",A302,6f6db310-75e6-4dc3-b490-31f70dfa2fc7
266042,31,24.2,60,86,"2021-10-30 17:19:20",A301,6f6db310-75e6-4dc3-b490-31f70dfa2fc7
266059,30,23.8,193,86,"2021-10-30 17:41:27",A302,6f6db310-75e6-4dc3-b490-31f70dfa2fc7
266070,31,24.2,60,86,"2021-10-30 17:49:46",A301,6f6db310-75e6-4dc3-b490-31f70dfa2fc7
266087,30,23.7,191,86,"2021-10-30 18:11:36",A302,6f6db310-75e6-4dc3-b490-31f70dfa2fc7
266098,30,24.1,60,86,"2021-10-30 18:20:11",A301,6f6db310-75e6-4dc3-b490-31f70dfa2fc7
266099,28,23.5,103,0,"2021-10-30 18:21:53",A303,6f6db310-75e6-4dc3-b490-31f70dfa2fc7
266125,30,24,59,86,"2021-10-30 18:50:38",A301,6f6db310-75e6-4dc3-b490-31f70dfa2fc7
266126,28,23.4,102,0,"2021-10-30 18:52:18",A303,6f6db310-75e6-4dc3-b490-31f70dfa2fc7
266143,30,23.5,190,86,"2021-10-30 19:11:54",A302,6f6db310-75e6-4dc3-b490-31f70dfa2fc7
266154,30,24,59,86,"2021-10-30 19:21:05",A301,6f6db310-75e6-4dc3-b490-31f70dfa2fc7
266171,30,23.4,192,79,"2021-10-30 19:42:04",A302,6f6db310-75e6-4dc3-b490-31f70dfa2fc7
266181,30,23.9,59,86,"2021-10-30 19:51:31",A301,6f6db310-75e6-4dc3-b490-31f70dfa2fc7
266198,30,23.4,191,72,"2021-10-30 20:12:12",A302,6f6db310-75e6-4dc3-b490-31f70dfa2fc7
266209,30,23.9,58,86,"2021-10-30 20:21:57",A301,6f6db310-75e6-4dc3-b490-31f70dfa2fc7
266226,30,23.3,191,65,"2021-10-30 20:42:26",A302,6f6db310-75e6-4dc3-b490-31f70dfa2fc7
266237,30,23.8,58,86,"2021-10-30 20:52:23",A301,6f6db310-75e6-4dc3-b490-31f70dfa2fc7
266253,30,23.3,191,58,"2021-10-30 21:12:28",A302,6f6db310-75e6-4dc3-b490-31f70dfa2fc7
266264,30,23.8,58,86,"2021-10-30 21:22:50",A301,6f6db310-75e6-4dc3-b490-31f70dfa2fc7
266282,30,23.2,190,50,"2021-10-30 21:42:37",A302,6f6db310-75e6-4dc3-b490-31f70dfa2fc7
266292,30,23.7,58,86,"2021-10-30 21:53:17",A301,6f6db310-75e6-4dc3-b490-31f70dfa2fc7
266308,30,23.1,189,50,"2021-10-30 22:12:44",A302,6f6db310-75e6-4dc3-b490-31f70dfa2fc7
266319,30,23.7,58,86,"2021-10-30 22:23:42",A301,6f6db310-75e6-4dc3-b490-31f70dfa2fc7
266335,30,23.1,190,50,"2021-10-30 22:42:55",A302,6f6db310-75e6-4dc3-b490-31f70dfa2fc7
266346,30,23.6,58,86,"2021-10-30 22:54:09",A301,6f6db310-75e6-4dc3-b490-31f70dfa2fc7
266362,30,23,189,50,"2021-10-30 23:12:59",A302,6f6db310-75e6-4dc3-b490-31f70dfa2fc7
266373,30,23.6,58,86,"2021-10-30 23:24:34",A301,6f6db310-75e6-4dc3-b490-31f70dfa2fc7
266388,30,23,190,50,"2021-10-30 23:43:06",A302,6f6db310-75e6-4dc3-b490-31f70dfa2fc7
266399,30,23.5,58,86,"2021-10-30 23:55:00",A301,6f6db310-75e6-4dc3-b490-31f70dfa2fc7
