id,soil_moisture,soil_temperature,soil_electrocoductivity,battery_level,createdAt,sensor_id,owner
154841,19,23.7,117,86,"2021-08-01 00:12:45",A201,9653f952-2137-469f-a020-618fd5744ff7
154854,19,24.5,110,86,"2021-08-01 00:24:35",A202,9653f952-2137-469f-a020-618fd5744ff7
154857,24,20.3,253,114,"2021-08-01 00:27:15",A203,9653f952-2137-469f-a020-618fd5744ff7
154867,19,23.5,118,86,"2021-08-01 00:43:05",A201,9653f952-2137-469f-a020-618fd5744ff7
154880,19,24.3,110,86,"2021-08-01 00:55:58",A202,9653f952-2137-469f-a020-618fd5744ff7
154883,24,20.2,252,114,"2021-08-01 00:57:29",A203,9653f952-2137-469f-a020-618fd5744ff7
154893,19,23.4,118,86,"2021-08-01 01:13:25",A201,9653f952-2137-469f-a020-618fd5744ff7
154906,19,24.1,110,86,"2021-08-01 01:26:23",A202,9653f952-2137-469f-a020-618fd5744ff7
154908,24,20.1,249,114,"2021-08-01 01:27:43",A203,9653f952-2137-469f-a020-618fd5744ff7
154919,19,23.2,118,86,"2021-08-01 01:43:43",A201,9653f952-2137-469f-a020-618fd5744ff7
154932,19,23.9,110,86,"2021-08-01 01:56:46",A202,9653f952-2137-469f-a020-618fd5744ff7
154934,24,20,247,114,"2021-08-01 01:57:55",A203,9653f952-2137-469f-a020-618fd5744ff7
154945,19,23.1,118,86,"2021-08-01 02:14:02",A201,9653f952-2137-469f-a020-618fd5744ff7
154957,19,23.8,110,86,"2021-08-01 02:27:10",A202,9653f952-2137-469f-a020-618fd5744ff7
154959,24,19.9,247,114,"2021-08-01 02:28:08",A203,9653f952-2137-469f-a020-618fd5744ff7
154970,19,23,117,86,"2021-08-01 02:44:20",A201,9653f952-2137-469f-a020-618fd5744ff7
154983,19,23.6,109,86,"2021-08-01 02:57:34",A202,9653f952-2137-469f-a020-618fd5744ff7
154985,24,19.8,251,114,"2021-08-01 02:58:23",A203,9653f952-2137-469f-a020-618fd5744ff7
154997,19,22.8,118,86,"2021-08-01 03:14:41",A201,9653f952-2137-469f-a020-618fd5744ff7
155008,19,23.4,111,86,"2021-08-01 03:27:58",A202,9653f952-2137-469f-a020-618fd5744ff7
155010,24,19.7,250,114,"2021-08-01 03:28:34",A203,9653f952-2137-469f-a020-618fd5744ff7
155022,19,22.7,118,86,"2021-08-01 03:44:58",A201,9653f952-2137-469f-a020-618fd5744ff7
155032,19,23.3,111,86,"2021-08-01 03:58:21",A202,9653f952-2137-469f-a020-618fd5744ff7
155034,24,19.6,248,114,"2021-08-01 03:58:47",A203,9653f952-2137-469f-a020-618fd5744ff7
155045,19,22.6,117,86,"2021-08-01 04:15:17",A201,9653f952-2137-469f-a020-618fd5744ff7
155056,19,23.1,110,86,"2021-08-01 04:28:44",A202,9653f952-2137-469f-a020-618fd5744ff7
155057,24,19.5,249,114,"2021-08-01 04:28:58",A203,9653f952-2137-469f-a020-618fd5744ff7
155080,19,23,110,86,"2021-08-01 04:59:08",A202,9653f952-2137-469f-a020-618fd5744ff7
155081,24,19.4,251,107,"2021-08-01 04:59:11",A203,9653f952-2137-469f-a020-618fd5744ff7
155093,19,22.4,117,93,"2021-08-01 05:15:54",A201,9653f952-2137-469f-a020-618fd5744ff7
155104,24,19.3,251,107,"2021-08-01 05:29:26",A203,9653f952-2137-469f-a020-618fd5744ff7
155105,19,22.8,110,93,"2021-08-01 05:29:34",A202,9653f952-2137-469f-a020-618fd5744ff7
155117,19,22.3,117,93,"2021-08-01 05:46:15",A201,9653f952-2137-469f-a020-618fd5744ff7
155128,24,19.3,249,107,"2021-08-01 05:59:44",A203,9653f952-2137-469f-a020-618fd5744ff7
155129,19,22.7,110,93,"2021-08-01 06:00:04",A202,9653f952-2137-469f-a020-618fd5744ff7
155140,19,22.2,116,93,"2021-08-01 06:16:38",A201,9653f952-2137-469f-a020-618fd5744ff7
155152,24,19.3,247,107,"2021-08-01 06:30:15",A203,9653f952-2137-469f-a020-618fd5744ff7
155154,19,22.7,109,93,"2021-08-01 06:30:38",A202,9653f952-2137-469f-a020-618fd5744ff7
155166,19,22.2,117,93,"2021-08-01 06:47:01",A201,9653f952-2137-469f-a020-618fd5744ff7
155179,19,22.7,108,93,"2021-08-01 07:01:12",A202,9653f952-2137-469f-a020-618fd5744ff7
155190,19,22.3,117,93,"2021-08-01 07:17:26",A201,9653f952-2137-469f-a020-618fd5744ff7
155202,19,22.8,109,93,"2021-08-01 07:31:47",A202,9653f952-2137-469f-a020-618fd5744ff7
155214,19,22.5,117,93,"2021-08-01 07:47:50",A201,9653f952-2137-469f-a020-618fd5744ff7
155226,24,19.4,248,107,"2021-08-01 08:01:13",A203,9653f952-2137-469f-a020-618fd5744ff7
155228,19,23,108,100,"2021-08-01 08:02:21",A202,9653f952-2137-469f-a020-618fd5744ff7
155240,19,22.7,118,100,"2021-08-01 08:18:16",A201,9653f952-2137-469f-a020-618fd5744ff7
155253,19,23.2,109,100,"2021-08-01 08:32:57",A202,9653f952-2137-469f-a020-618fd5744ff7
155264,19,22.9,118,100,"2021-08-01 08:48:43",A201,9653f952-2137-469f-a020-618fd5744ff7
155277,19,23.4,109,100,"2021-08-01 09:03:35",A202,9653f952-2137-469f-a020-618fd5744ff7
155289,19,23.3,118,100,"2021-08-01 09:19:08",A201,9653f952-2137-469f-a020-618fd5744ff7
155302,19,23.7,108,100,"2021-08-01 09:34:18",A202,9653f952-2137-469f-a020-618fd5744ff7
155314,19,23.6,118,100,"2021-08-01 09:49:33",A201,9653f952-2137-469f-a020-618fd5744ff7
155327,19,24,108,100,"2021-08-01 10:04:51",A202,9653f952-2137-469f-a020-618fd5744ff7
155337,19,23.9,118,100,"2021-08-01 10:20:01",A201,9653f952-2137-469f-a020-618fd5744ff7
155350,19,24.3,108,100,"2021-08-01 10:35:29",A202,9653f952-2137-469f-a020-618fd5744ff7
155360,19,24.3,118,100,"2021-08-01 10:50:28",A201,9653f952-2137-469f-a020-618fd5744ff7
155374,19,24.6,108,100,"2021-08-01 11:06:10",A202,9653f952-2137-469f-a020-618fd5744ff7
155384,19,24.6,118,100,"2021-08-01 11:20:55",A201,9653f952-2137-469f-a020-618fd5744ff7
155406,19,24.9,119,100,"2021-08-01 11:51:23",A201,9653f952-2137-469f-a020-618fd5744ff7
155420,19,25.2,108,100,"2021-08-01 12:07:32",A202,9653f952-2137-469f-a020-618fd5744ff7
155431,19,25.2,119,100,"2021-08-01 12:21:54",A201,9653f952-2137-469f-a020-618fd5744ff7
155445,19,25.6,108,100,"2021-08-01 12:38:14",A202,9653f952-2137-469f-a020-618fd5744ff7
155456,19,25.5,119,100,"2021-08-01 12:52:23",A201,9653f952-2137-469f-a020-618fd5744ff7
155468,19,25.9,108,100,"2021-08-01 13:08:56",A202,9653f952-2137-469f-a020-618fd5744ff7
155479,19,25.7,119,100,"2021-08-01 13:22:51",A201,9653f952-2137-469f-a020-618fd5744ff7
155492,19,26.1,108,100,"2021-08-01 13:39:37",A202,9653f952-2137-469f-a020-618fd5744ff7
155503,19,25.9,119,100,"2021-08-01 13:53:19",A201,9653f952-2137-469f-a020-618fd5744ff7
155516,19,26.4,108,100,"2021-08-01 14:10:19",A202,9653f952-2137-469f-a020-618fd5744ff7
155527,19,26,119,93,"2021-08-01 14:23:52",A201,9653f952-2137-469f-a020-618fd5744ff7
155539,19,26.5,108,86,"2021-08-01 14:40:59",A202,9653f952-2137-469f-a020-618fd5744ff7
155549,19,26.1,119,86,"2021-08-01 14:54:13",A201,9653f952-2137-469f-a020-618fd5744ff7
155562,19,26.6,108,86,"2021-08-01 15:11:37",A202,9653f952-2137-469f-a020-618fd5744ff7
155571,19,26,119,86,"2021-08-01 15:24:39",A201,9653f952-2137-469f-a020-618fd5744ff7
155585,19,26.7,109,86,"2021-08-01 15:42:14",A202,9653f952-2137-469f-a020-618fd5744ff7
155595,19,26,119,86,"2021-08-01 15:55:05",A201,9653f952-2137-469f-a020-618fd5744ff7
155610,19,26.7,109,86,"2021-08-01 16:12:51",A202,9653f952-2137-469f-a020-618fd5744ff7
155620,19,25.9,119,86,"2021-08-01 16:25:30",A201,9653f952-2137-469f-a020-618fd5744ff7
155635,19,26.6,109,86,"2021-08-01 16:43:25",A202,9653f952-2137-469f-a020-618fd5744ff7
155644,19,25.7,119,86,"2021-08-01 16:55:55",A201,9653f952-2137-469f-a020-618fd5744ff7
155657,19,26.5,109,86,"2021-08-01 17:13:58",A202,9653f952-2137-469f-a020-618fd5744ff7
155667,19,25.5,118,86,"2021-08-01 17:26:19",A201,9653f952-2137-469f-a020-618fd5744ff7
155682,19,26.4,110,86,"2021-08-01 17:44:30",A202,9653f952-2137-469f-a020-618fd5744ff7
155692,19,25.4,118,86,"2021-08-01 17:56:45",A201,9653f952-2137-469f-a020-618fd5744ff7
155712,19,25.2,118,86,"2021-08-01 18:27:04",A201,9653f952-2137-469f-a020-618fd5744ff7
155731,19,25,117,86,"2021-08-01 18:57:28",A201,9653f952-2137-469f-a020-618fd5744ff7
155745,19,25.9,108,86,"2021-08-01 19:16:08",A202,9653f952-2137-469f-a020-618fd5744ff7
155755,19,24.9,118,86,"2021-08-01 19:27:52",A201,9653f952-2137-469f-a020-618fd5744ff7
155769,19,25.8,108,86,"2021-08-01 19:46:39",A202,9653f952-2137-469f-a020-618fd5744ff7
155779,19,24.7,118,86,"2021-08-01 19:58:14",A201,9653f952-2137-469f-a020-618fd5744ff7
155793,19,25.7,109,86,"2021-08-01 20:17:11",A202,9653f952-2137-469f-a020-618fd5744ff7
155816,19,25.5,109,86,"2021-08-01 20:47:43",A202,9653f952-2137-469f-a020-618fd5744ff7
155826,19,24.5,117,86,"2021-08-01 20:59:03",A201,9653f952-2137-469f-a020-618fd5744ff7
155840,19,25.4,109,86,"2021-08-01 21:18:14",A202,9653f952-2137-469f-a020-618fd5744ff7
155849,19,24.4,117,86,"2021-08-01 21:29:23",A201,9653f952-2137-469f-a020-618fd5744ff7
155864,19,25.3,109,86,"2021-08-01 21:48:45",A202,9653f952-2137-469f-a020-618fd5744ff7
155874,19,24.3,117,86,"2021-08-01 22:01:39",A201,9653f952-2137-469f-a020-618fd5744ff7
155887,19,25.1,109,86,"2021-08-01 22:19:14",A202,9653f952-2137-469f-a020-618fd5744ff7
155898,19,24.2,117,86,"2021-08-01 22:32:02",A201,9653f952-2137-469f-a020-618fd5744ff7
155910,19,25,109,86,"2021-08-01 22:49:43",A202,9653f952-2137-469f-a020-618fd5744ff7
155920,19,24.1,117,86,"2021-08-01 23:02:22",A201,9653f952-2137-469f-a020-618fd5744ff7
155933,19,24.9,109,86,"2021-08-01 23:20:12",A202,9653f952-2137-469f-a020-618fd5744ff7
155944,19,23.9,117,86,"2021-08-01 23:32:45",A201,9653f952-2137-469f-a020-618fd5744ff7
155958,19,24.8,109,86,"2021-08-01 23:50:39",A202,9653f952-2137-469f-a020-618fd5744ff7
155969,19,23.86,116,86,"2021-08-02 00:03:06",A201,9653f952-2137-469f-a020-618fd5744ff7
155982,19,24.6,108,86,"2021-08-02 00:21:06",A202,9653f952-2137-469f-a020-618fd5744ff7
155993,19,23.7,116,86,"2021-08-02 00:33:28",A201,9653f952-2137-469f-a020-618fd5744ff7
156005,19,24.5,108,86,"2021-08-02 00:51:33",A202,9653f952-2137-469f-a020-618fd5744ff7
156016,19,23.6,117,86,"2021-08-02 01:03:47",A201,9653f952-2137-469f-a020-618fd5744ff7
156029,19,24.3,109,86,"2021-08-02 01:22:00",A202,9653f952-2137-469f-a020-618fd5744ff7
156040,19,23.5,117,86,"2021-08-02 01:34:08",A201,9653f952-2137-469f-a020-618fd5744ff7
156052,19,24.2,108,86,"2021-08-02 01:52:27",A202,9653f952-2137-469f-a020-618fd5744ff7
156062,19,23.4,117,86,"2021-08-02 02:04:28",A201,9653f952-2137-469f-a020-618fd5744ff7
156076,19,24.08,108,86,"2021-08-02 02:22:54",A202,9653f952-2137-469f-a020-618fd5744ff7
156099,19,23.9,109,86,"2021-08-02 02:53:20",A202,9653f952-2137-469f-a020-618fd5744ff7
156109,19,23.2,117,86,"2021-08-02 03:05:10",A201,9653f952-2137-469f-a020-618fd5744ff7
156121,19,23.8,109,86,"2021-08-02 03:23:47",A202,9653f952-2137-469f-a020-618fd5744ff7
156131,19,23.1,115,86,"2021-08-02 03:35:31",A201,9653f952-2137-469f-a020-618fd5744ff7
156142,24,20.1,247,114,"2021-08-02 03:45:22",A203,9653f952-2137-469f-a020-618fd5744ff7
156147,19,23.7,109,86,"2021-08-02 03:54:13",A202,9653f952-2137-469f-a020-618fd5744ff7
156157,19,23,116,86,"2021-08-02 04:05:51",A201,9653f952-2137-469f-a020-618fd5744ff7
156167,24,20,248,114,"2021-08-02 04:15:36",A203,9653f952-2137-469f-a020-618fd5744ff7
156172,19,23.6,109,86,"2021-08-02 04:24:38",A202,9653f952-2137-469f-a020-618fd5744ff7
156181,19,22.9,116,86,"2021-08-02 04:36:12",A201,9653f952-2137-469f-a020-618fd5744ff7
156190,24,19.9,248,107,"2021-08-02 04:45:51",A203,9653f952-2137-469f-a020-618fd5744ff7
156195,19,23.4,109,86,"2021-08-02 04:55:04",A202,9653f952-2137-469f-a020-618fd5744ff7
156205,19,22.8,116,93,"2021-08-02 05:06:32",A201,9653f952-2137-469f-a020-618fd5744ff7
156215,24,19.9,247,107,"2021-08-02 05:16:06",A203,9653f952-2137-469f-a020-618fd5744ff7
156221,19,23.3,108,93,"2021-08-02 05:25:33",A202,9653f952-2137-469f-a020-618fd5744ff7
156230,19,22.7,116,93,"2021-08-02 05:36:54",A201,9653f952-2137-469f-a020-618fd5744ff7
156244,19,23.2,108,93,"2021-08-02 05:56:05",A202,9653f952-2137-469f-a020-618fd5744ff7
156254,19,22.6,115,93,"2021-08-02 06:07:17",A201,9653f952-2137-469f-a020-618fd5744ff7
156263,24,19.8,248,107,"2021-08-02 06:16:46",A203,9653f952-2137-469f-a020-618fd5744ff7
156268,19,23.2,108,93,"2021-08-02 06:26:39",A202,9653f952-2137-469f-a020-618fd5744ff7
156278,19,22.6,115,93,"2021-08-02 06:37:41",A201,9653f952-2137-469f-a020-618fd5744ff7
156287,24,19.8,247,107,"2021-08-02 06:47:09",A203,9653f952-2137-469f-a020-618fd5744ff7
156293,19,23.2,107,93,"2021-08-02 06:57:13",A202,9653f952-2137-469f-a020-618fd5744ff7
156309,24,19.8,247,107,"2021-08-02 07:17:32",A203,9653f952-2137-469f-a020-618fd5744ff7
156315,19,23.3,107,93,"2021-08-02 07:27:50",A202,9653f952-2137-469f-a020-618fd5744ff7
156324,19,22.8,116,100,"2021-08-02 07:38:33",A201,9653f952-2137-469f-a020-618fd5744ff7
156333,24,19.9,247,107,"2021-08-02 07:47:57",A203,9653f952-2137-469f-a020-618fd5744ff7
156339,19,23.5,107,100,"2021-08-02 07:58:28",A202,9653f952-2137-469f-a020-618fd5744ff7
156348,19,23.1,116,100,"2021-08-02 08:09:00",A201,9653f952-2137-469f-a020-618fd5744ff7
156357,24,20,246,107,"2021-08-02 08:18:22",A203,9653f952-2137-469f-a020-618fd5744ff7
156362,19,23.7,107,100,"2021-08-02 08:29:07",A202,9653f952-2137-469f-a020-618fd5744ff7
156372,19,23.4,117,100,"2021-08-02 08:39:26",A201,9653f952-2137-469f-a020-618fd5744ff7
156381,24,20.2,248,107,"2021-08-02 08:48:48",A203,9653f952-2137-469f-a020-618fd5744ff7
156388,19,24,107,93,"2021-08-02 08:59:46",A202,9653f952-2137-469f-a020-618fd5744ff7
156396,19,23.8,117,100,"2021-08-02 09:09:54",A201,9653f952-2137-469f-a020-618fd5744ff7
156405,24,20.3,245,107,"2021-08-02 09:19:17",A203,9653f952-2137-469f-a020-618fd5744ff7
156412,19,24.3,107,100,"2021-08-02 09:30:26",A202,9653f952-2137-469f-a020-618fd5744ff7
156420,19,24.2,117,100,"2021-08-02 09:40:23",A201,9653f952-2137-469f-a020-618fd5744ff7
156431,24,20.5,246,100,"2021-08-02 09:51:19",A203,9653f952-2137-469f-a020-618fd5744ff7
156436,19,24.7,107,100,"2021-08-02 10:01:07",A202,9653f952-2137-469f-a020-618fd5744ff7
156445,19,24.6,117,100,"2021-08-02 10:10:50",A201,9653f952-2137-469f-a020-618fd5744ff7
156453,24,20.7,247,107,"2021-08-02 10:21:42",A203,9653f952-2137-469f-a020-618fd5744ff7
156459,19,25,107,100,"2021-08-02 10:31:48",A202,9653f952-2137-469f-a020-618fd5744ff7
156466,19,24.9,117,100,"2021-08-02 10:41:19",A201,9653f952-2137-469f-a020-618fd5744ff7
156475,24,20.9,249,100,"2021-08-02 10:52:05",A203,9653f952-2137-469f-a020-618fd5744ff7
156482,19,25.3,106,100,"2021-08-02 11:02:30",A202,9653f952-2137-469f-a020-618fd5744ff7
156491,19,25.2,117,100,"2021-08-02 11:11:49",A201,9653f952-2137-469f-a020-618fd5744ff7
156500,24,21.1,247,100,"2021-08-02 11:22:31",A203,9653f952-2137-469f-a020-618fd5744ff7
156506,19,25.6,107,100,"2021-08-02 11:33:13",A202,9653f952-2137-469f-a020-618fd5744ff7
156514,19,25.5,118,100,"2021-08-02 11:42:18",A201,9653f952-2137-469f-a020-618fd5744ff7
156523,24,21.3,248,100,"2021-08-02 11:52:56",A203,9653f952-2137-469f-a020-618fd5744ff7
156531,19,25.9,106,100,"2021-08-02 12:03:56",A202,9653f952-2137-469f-a020-618fd5744ff7
156539,19,25.8,118,100,"2021-08-02 12:12:47",A201,9653f952-2137-469f-a020-618fd5744ff7
156548,24,21.6,244,100,"2021-08-02 12:23:21",A203,9653f952-2137-469f-a020-618fd5744ff7
156555,19,26.3,107,100,"2021-08-02 12:34:38",A202,9653f952-2137-469f-a020-618fd5744ff7
156563,19,26,118,100,"2021-08-02 12:43:16",A201,9653f952-2137-469f-a020-618fd5744ff7
156571,24,21.8,246,100,"2021-08-02 12:53:44",A203,9653f952-2137-469f-a020-618fd5744ff7
156577,19,26.5,107,100,"2021-08-02 13:05:21",A202,9653f952-2137-469f-a020-618fd5744ff7
156584,19,26.1,118,100,"2021-08-02 13:13:46",A201,9653f952-2137-469f-a020-618fd5744ff7
156592,24,21.9,248,100,"2021-08-02 13:24:08",A203,9653f952-2137-469f-a020-618fd5744ff7
156600,19,26.7,107,100,"2021-08-02 13:36:03",A202,9653f952-2137-469f-a020-618fd5744ff7
156609,19,26.2,118,100,"2021-08-02 13:44:17",A201,9653f952-2137-469f-a020-618fd5744ff7
156616,24,22,247,100,"2021-08-02 13:54:32",A203,9653f952-2137-469f-a020-618fd5744ff7
156625,19,26.9,107,100,"2021-08-02 14:06:45",A202,9653f952-2137-469f-a020-618fd5744ff7
156632,19,26.3,118,100,"2021-08-02 14:14:45",A201,9653f952-2137-469f-a020-618fd5744ff7
156640,24,22.1,248,100,"2021-08-02 14:24:57",A203,9653f952-2137-469f-a020-618fd5744ff7
156648,19,27.02,107,93,"2021-08-02 14:37:26",A202,9653f952-2137-469f-a020-618fd5744ff7
156656,19,26.3,118,93,"2021-08-02 14:45:15",A201,9653f952-2137-469f-a020-618fd5744ff7
156663,24,22.2,249,107,"2021-08-02 14:55:19",A203,9653f952-2137-469f-a020-618fd5744ff7
156673,19,27.2,107,86,"2021-08-02 15:08:06",A202,9653f952-2137-469f-a020-618fd5744ff7
156680,19,26.3,117,86,"2021-08-02 15:15:41",A201,9653f952-2137-469f-a020-618fd5744ff7
156688,24,22.2,248,107,"2021-08-02 15:25:40",A203,9653f952-2137-469f-a020-618fd5744ff7
156698,19,27.2,107,86,"2021-08-02 15:38:43",A202,9653f952-2137-469f-a020-618fd5744ff7
156702,19,26.2,118,86,"2021-08-02 15:46:08",A201,9653f952-2137-469f-a020-618fd5744ff7
156710,24,22.2,244,107,"2021-08-02 15:56:01",A203,9653f952-2137-469f-a020-618fd5744ff7
156719,19,27.2,108,86,"2021-08-02 16:09:19",A202,9653f952-2137-469f-a020-618fd5744ff7
156726,19,26.1,118,86,"2021-08-02 16:16:36",A201,9653f952-2137-469f-a020-618fd5744ff7
156734,24,22.2,245,107,"2021-08-02 16:26:19",A203,9653f952-2137-469f-a020-618fd5744ff7
156743,19,27.1,108,86,"2021-08-02 16:39:54",A202,9653f952-2137-469f-a020-618fd5744ff7
156750,19,26,117,86,"2021-08-02 16:47:00",A201,9653f952-2137-469f-a020-618fd5744ff7
156758,24,22.2,248,107,"2021-08-02 16:56:34",A203,9653f952-2137-469f-a020-618fd5744ff7
156767,19,27,108,86,"2021-08-02 17:10:27",A202,9653f952-2137-469f-a020-618fd5744ff7
156774,19,25.9,117,86,"2021-08-02 17:17:24",A201,9653f952-2137-469f-a020-618fd5744ff7
156782,24,22.1,248,107,"2021-08-02 17:26:50",A203,9653f952-2137-469f-a020-618fd5744ff7
156798,19,25.7,117,86,"2021-08-02 17:47:48",A201,9653f952-2137-469f-a020-618fd5744ff7
156803,24,22,250,107,"2021-08-02 17:57:05",A203,9653f952-2137-469f-a020-618fd5744ff7
156827,19,25.4,116,86,"2021-08-02 18:48:35",A201,9653f952-2137-469f-a020-618fd5744ff7
156835,24,21.8,250,107,"2021-08-02 18:57:33",A203,9653f952-2137-469f-a020-618fd5744ff7
156847,19,25.2,116,86,"2021-08-02 19:18:59",A201,9653f952-2137-469f-a020-618fd5744ff7
156855,24,21.7,250,107,"2021-08-02 19:27:47",A203,9653f952-2137-469f-a020-618fd5744ff7
156864,19,26.2,108,86,"2021-08-02 19:43:04",A202,9653f952-2137-469f-a020-618fd5744ff7
156869,19,25,116,86,"2021-08-02 19:49:22",A201,9653f952-2137-469f-a020-618fd5744ff7
156877,24,21.58,250,107,"2021-08-02 19:57:59",A203,9653f952-2137-469f-a020-618fd5744ff7
156886,19,26.02,108,86,"2021-08-02 20:13:34",A202,9653f952-2137-469f-a020-618fd5744ff7
156892,19,24.9,116,86,"2021-08-02 20:19:43",A201,9653f952-2137-469f-a020-618fd5744ff7
156901,24,21.4,250,107,"2021-08-02 20:28:11",A203,9653f952-2137-469f-a020-618fd5744ff7
156911,19,25.9,108,86,"2021-08-02 20:44:04",A202,9653f952-2137-469f-a020-618fd5744ff7
156917,19,24.7,115,86,"2021-08-02 20:50:07",A201,9653f952-2137-469f-a020-618fd5744ff7
156924,24,21.3,246,107,"2021-08-02 20:58:25",A203,9653f952-2137-469f-a020-618fd5744ff7
156935,19,25.7,108,86,"2021-08-02 21:14:33",A202,9653f952-2137-469f-a020-618fd5744ff7
156941,19,24.6,116,86,"2021-08-02 21:20:30",A201,9653f952-2137-469f-a020-618fd5744ff7
156949,24,21.2,246,107,"2021-08-02 21:28:39",A203,9653f952-2137-469f-a020-618fd5744ff7
156960,19,25.5,108,86,"2021-08-02 21:45:01",A202,9653f952-2137-469f-a020-618fd5744ff7
156966,19,24.5,116,86,"2021-08-02 21:50:53",A201,9653f952-2137-469f-a020-618fd5744ff7
156974,24,21.1,244,114,"2021-08-02 21:58:48",A203,9653f952-2137-469f-a020-618fd5744ff7
156986,19,25.4,108,86,"2021-08-02 22:15:29",A202,9653f952-2137-469f-a020-618fd5744ff7
156991,19,24.3,115,86,"2021-08-02 22:21:14",A201,9653f952-2137-469f-a020-618fd5744ff7
156999,24,21,247,114,"2021-08-02 22:28:59",A203,9653f952-2137-469f-a020-618fd5744ff7
157011,19,25.2,108,86,"2021-08-02 22:45:56",A202,9653f952-2137-469f-a020-618fd5744ff7
157016,19,24.2,116,86,"2021-08-02 22:51:34",A201,9653f952-2137-469f-a020-618fd5744ff7
157024,24,20.9,250,114,"2021-08-02 22:59:10",A203,9653f952-2137-469f-a020-618fd5744ff7
157036,19,25,108,86,"2021-08-02 23:16:23",A202,9653f952-2137-469f-a020-618fd5744ff7
157041,19,24.1,115,86,"2021-08-02 23:21:53",A201,9653f952-2137-469f-a020-618fd5744ff7
157049,24,20.8,251,114,"2021-08-02 23:29:18",A203,9653f952-2137-469f-a020-618fd5744ff7
157061,19,24.9,108,86,"2021-08-02 23:46:49",A202,9653f952-2137-469f-a020-618fd5744ff7
157064,19,23.9,115,86,"2021-08-02 23:52:15",A201,9653f952-2137-469f-a020-618fd5744ff7
157071,24,20.7,251,114,"2021-08-02 23:59:29",A203,9653f952-2137-469f-a020-618fd5744ff7
157083,19,24.7,108,86,"2021-08-03 00:17:15",A202,9653f952-2137-469f-a020-618fd5744ff7
157087,19,23.8,115,86,"2021-08-03 00:22:35",A201,9653f952-2137-469f-a020-618fd5744ff7
157095,24,20.6,251,114,"2021-08-03 00:29:37",A203,9653f952-2137-469f-a020-618fd5744ff7
157107,19,24.5,106,86,"2021-08-03 00:47:40",A202,9653f952-2137-469f-a020-618fd5744ff7
157111,19,23.7,115,86,"2021-08-03 00:52:56",A201,9653f952-2137-469f-a020-618fd5744ff7
157119,24,20.5,252,114,"2021-08-03 00:59:47",A203,9653f952-2137-469f-a020-618fd5744ff7
157131,19,24.4,107,86,"2021-08-03 01:18:06",A202,9653f952-2137-469f-a020-618fd5744ff7
157134,19,23.5,115,86,"2021-08-03 01:23:15",A201,9653f952-2137-469f-a020-618fd5744ff7
157141,24,20.5,250,114,"2021-08-03 01:29:54",A203,9653f952-2137-469f-a020-618fd5744ff7
157154,19,24.2,108,86,"2021-08-03 01:48:31",A202,9653f952-2137-469f-a020-618fd5744ff7
157157,19,23.4,115,86,"2021-08-03 01:53:36",A201,9653f952-2137-469f-a020-618fd5744ff7
157165,24,20.4,250,114,"2021-08-03 02:00:04",A203,9653f952-2137-469f-a020-618fd5744ff7
157179,19,24.1,108,86,"2021-08-03 02:18:56",A202,9653f952-2137-469f-a020-618fd5744ff7
157182,19,23.3,115,86,"2021-08-03 02:23:56",A201,9653f952-2137-469f-a020-618fd5744ff7
157190,24,20.3,249,114,"2021-08-03 02:30:12",A203,9653f952-2137-469f-a020-618fd5744ff7
157204,19,23.9,107,86,"2021-08-03 02:49:19",A202,9653f952-2137-469f-a020-618fd5744ff7
157206,19,23.2,114,86,"2021-08-03 02:54:15",A201,9653f952-2137-469f-a020-618fd5744ff7
157214,24,20.2,247,114,"2021-08-03 03:00:18",A203,9653f952-2137-469f-a020-618fd5744ff7
157226,19,23.74,108,86,"2021-08-03 03:19:42",A202,9653f952-2137-469f-a020-618fd5744ff7
157229,19,23.06,114,86,"2021-08-03 03:24:34",A201,9653f952-2137-469f-a020-618fd5744ff7
157237,24,20.1,248,114,"2021-08-03 03:30:25",A203,9653f952-2137-469f-a020-618fd5744ff7
157251,19,23.6,107,86,"2021-08-03 03:51:04",A202,9653f952-2137-469f-a020-618fd5744ff7
157261,24,20,249,114,"2021-08-03 04:00:34",A203,9653f952-2137-469f-a020-618fd5744ff7
157275,19,23.4,106,86,"2021-08-03 04:21:29",A202,9653f952-2137-469f-a020-618fd5744ff7
157278,19,22.8,114,86,"2021-08-03 04:25:12",A201,9653f952-2137-469f-a020-618fd5744ff7
157285,24,19.9,248,114,"2021-08-03 04:30:40",A203,9653f952-2137-469f-a020-618fd5744ff7
157297,19,23.3,107,86,"2021-08-03 04:51:54",A202,9653f952-2137-469f-a020-618fd5744ff7
157300,19,22.7,114,93,"2021-08-03 04:55:33",A201,9653f952-2137-469f-a020-618fd5744ff7
157308,24,19.8,249,107,"2021-08-03 05:00:50",A203,9653f952-2137-469f-a020-618fd5744ff7
157322,19,23.1,106,93,"2021-08-03 05:22:21",A202,9653f952-2137-469f-a020-618fd5744ff7
157324,19,22.6,114,93,"2021-08-03 05:25:53",A201,9653f952-2137-469f-a020-618fd5744ff7
157332,24,19.7,249,107,"2021-08-03 05:30:59",A203,9653f952-2137-469f-a020-618fd5744ff7
157345,19,23,105,93,"2021-08-03 05:52:50",A202,9653f952-2137-469f-a020-618fd5744ff7
157347,19,22.5,114,93,"2021-08-03 05:56:13",A201,9653f952-2137-469f-a020-618fd5744ff7
157353,24,19.6,249,107,"2021-08-03 06:01:09",A203,9653f952-2137-469f-a020-618fd5744ff7
157370,19,22.9,106,86,"2021-08-03 06:23:20",A202,9653f952-2137-469f-a020-618fd5744ff7
157372,19,22.4,114,93,"2021-08-03 06:26:36",A201,9653f952-2137-469f-a020-618fd5744ff7
157377,24,19.6,250,107,"2021-08-03 06:31:26",A203,9653f952-2137-469f-a020-618fd5744ff7
157393,19,22.9,107,93,"2021-08-03 06:53:52",A202,9653f952-2137-469f-a020-618fd5744ff7
157395,19,22.42,114,93,"2021-08-03 06:57:01",A201,9653f952-2137-469f-a020-618fd5744ff7
157399,24,19.6,248,107,"2021-08-03 07:01:37",A203,9653f952-2137-469f-a020-618fd5744ff7
157418,19,22.9,107,93,"2021-08-03 07:24:26",A202,9653f952-2137-469f-a020-618fd5744ff7
157420,19,22.5,114,93,"2021-08-03 07:27:22",A201,9653f952-2137-469f-a020-618fd5744ff7
157445,19,23,106,93,"2021-08-03 07:55:03",A202,9653f952-2137-469f-a020-618fd5744ff7
157446,19,22.7,114,93,"2021-08-03 07:57:47",A201,9653f952-2137-469f-a020-618fd5744ff7
157451,24,19.7,248,107,"2021-08-03 08:02:10",A203,9653f952-2137-469f-a020-618fd5744ff7
157470,19,23.2,106,93,"2021-08-03 08:25:43",A202,9653f952-2137-469f-a020-618fd5744ff7
157471,19,22.9,113,100,"2021-08-03 08:28:15",A201,9653f952-2137-469f-a020-618fd5744ff7
157478,24,19.9,248,107,"2021-08-03 08:32:33",A203,9653f952-2137-469f-a020-618fd5744ff7
157497,19,23.4,105,100,"2021-08-03 08:56:24",A202,9653f952-2137-469f-a020-618fd5744ff7
157498,19,23.3,115,100,"2021-08-03 08:58:43",A201,9653f952-2137-469f-a020-618fd5744ff7
157505,24,20,246,100,"2021-08-03 09:02:54",A203,9653f952-2137-469f-a020-618fd5744ff7
157524,19,23.8,106,100,"2021-08-03 09:27:09",A202,9653f952-2137-469f-a020-618fd5744ff7
157525,19,23.7,115,100,"2021-08-03 09:29:13",A201,9653f952-2137-469f-a020-618fd5744ff7
157531,24,20.2,246,100,"2021-08-03 09:33:20",A203,9653f952-2137-469f-a020-618fd5744ff7
157552,19,24.2,105,100,"2021-08-03 09:57:51",A202,9653f952-2137-469f-a020-618fd5744ff7
157553,19,24.1,115,100,"2021-08-03 09:59:42",A201,9653f952-2137-469f-a020-618fd5744ff7
157557,24,20.5,247,100,"2021-08-03 10:03:43",A203,9653f952-2137-469f-a020-618fd5744ff7
157582,19,24.6,105,100,"2021-08-03 10:28:38",A202,9653f952-2137-469f-a020-618fd5744ff7
157583,19,24.6,114,100,"2021-08-03 10:30:11",A201,9653f952-2137-469f-a020-618fd5744ff7
157587,24,20.7,244,100,"2021-08-03 10:34:07",A203,9653f952-2137-469f-a020-618fd5744ff7
157609,19,25,105,100,"2021-08-03 10:59:19",A202,9653f952-2137-469f-a020-618fd5744ff7
157610,19,25,116,100,"2021-08-03 11:00:41",A201,9653f952-2137-469f-a020-618fd5744ff7
157613,24,21,246,100,"2021-08-03 11:04:31",A203,9653f952-2137-469f-a020-618fd5744ff7
157637,19,25.5,105,100,"2021-08-03 11:30:04",A202,9653f952-2137-469f-a020-618fd5744ff7
157638,19,25.4,116,100,"2021-08-03 11:31:12",A201,9653f952-2137-469f-a020-618fd5744ff7
157641,24,21.3,248,100,"2021-08-03 11:34:59",A203,9653f952-2137-469f-a020-618fd5744ff7
157666,19,25.8,105,100,"2021-08-03 12:00:50",A202,9653f952-2137-469f-a020-618fd5744ff7
157667,19,25.7,116,100,"2021-08-03 12:01:44",A201,9653f952-2137-469f-a020-618fd5744ff7
157670,24,21.5,247,100,"2021-08-03 12:05:26",A203,9653f952-2137-469f-a020-618fd5744ff7
157693,19,26.2,105,100,"2021-08-03 12:31:35",A202,9653f952-2137-469f-a020-618fd5744ff7
157694,19,26,116,100,"2021-08-03 12:32:14",A201,9653f952-2137-469f-a020-618fd5744ff7
157697,23,21.8,240,100,"2021-08-03 12:35:51",A203,9653f952-2137-469f-a020-618fd5744ff7
157721,19,26.5,106,100,"2021-08-03 13:02:20",A202,9653f952-2137-469f-a020-618fd5744ff7
157722,19,26.2,116,100,"2021-08-03 13:02:46",A201,9653f952-2137-469f-a020-618fd5744ff7
157724,23,22,244,100,"2021-08-03 13:06:19",A203,9653f952-2137-469f-a020-618fd5744ff7
157749,19,26.8,106,93,"2021-08-03 13:33:05",A202,9653f952-2137-469f-a020-618fd5744ff7
157750,19,26.4,116,93,"2021-08-03 13:33:13",A201,9653f952-2137-469f-a020-618fd5744ff7
157753,23,22.1,246,107,"2021-08-03 13:36:42",A203,9653f952-2137-469f-a020-618fd5744ff7
157775,19,26.4,116,93,"2021-08-03 14:03:44",A201,9653f952-2137-469f-a020-618fd5744ff7
157776,19,27,106,86,"2021-08-03 14:03:47",A202,9653f952-2137-469f-a020-618fd5744ff7
157779,23,22.2,246,107,"2021-08-03 14:07:07",A203,9653f952-2137-469f-a020-618fd5744ff7
157802,19,26.5,116,86,"2021-08-03 14:34:12",A201,9653f952-2137-469f-a020-618fd5744ff7
157803,19,27.1,105,86,"2021-08-03 14:34:29",A202,9653f952-2137-469f-a020-618fd5744ff7
157806,23,22.3,247,107,"2021-08-03 14:37:29",A203,9653f952-2137-469f-a020-618fd5744ff7
157828,19,26.4,116,86,"2021-08-03 15:04:40",A201,9653f952-2137-469f-a020-618fd5744ff7
157831,23,22.3,248,107,"2021-08-03 15:07:49",A203,9653f952-2137-469f-a020-618fd5744ff7
157856,19,27.2,106,86,"2021-08-03 15:35:50",A202,9653f952-2137-469f-a020-618fd5744ff7
157858,23,22.3,246,107,"2021-08-03 15:38:12",A203,9653f952-2137-469f-a020-618fd5744ff7
157882,19,26.3,116,86,"2021-08-03 16:05:34",A201,9653f952-2137-469f-a020-618fd5744ff7
157884,19,27.2,106,86,"2021-08-03 16:06:30",A202,9653f952-2137-469f-a020-618fd5744ff7
157886,23,22.3,248,107,"2021-08-03 16:08:30",A203,9653f952-2137-469f-a020-618fd5744ff7
157909,19,26.2,115,86,"2021-08-03 16:36:00",A201,9653f952-2137-469f-a020-618fd5744ff7
157911,19,27.1,106,86,"2021-08-03 16:37:08",A202,9653f952-2137-469f-a020-618fd5744ff7
157913,23,22.3,245,107,"2021-08-03 16:38:50",A203,9653f952-2137-469f-a020-618fd5744ff7
157934,19,26,115,86,"2021-08-03 17:06:24",A201,9653f952-2137-469f-a020-618fd5744ff7
157936,19,27,106,86,"2021-08-03 17:07:44",A202,9653f952-2137-469f-a020-618fd5744ff7
157938,23,22.2,249,107,"2021-08-03 17:09:06",A203,9653f952-2137-469f-a020-618fd5744ff7
158000,23,22,250,107,"2021-08-03 18:39:55",A203,9653f952-2137-469f-a020-618fd5744ff7
158015,19,25.5,115,86,"2021-08-03 19:08:02",A201,9653f952-2137-469f-a020-618fd5744ff7
158017,20,26.4,108,86,"2021-08-03 19:09:58",A202,9653f952-2137-469f-a020-618fd5744ff7
158018,23,21.9,249,107,"2021-08-03 19:10:09",A203,9653f952-2137-469f-a020-618fd5744ff7
158041,19,25.3,114,86,"2021-08-03 19:38:28",A201,9653f952-2137-469f-a020-618fd5744ff7
158043,23,21.8,248,107,"2021-08-03 19:40:26",A203,9653f952-2137-469f-a020-618fd5744ff7
158044,20,26.1,107,86,"2021-08-03 19:40:32",A202,9653f952-2137-469f-a020-618fd5744ff7
158070,19,25.2,115,86,"2021-08-03 20:08:52",A201,9653f952-2137-469f-a020-618fd5744ff7
158072,23,21.8,249,107,"2021-08-03 20:10:44",A203,9653f952-2137-469f-a020-618fd5744ff7
158074,19,25.9,107,86,"2021-08-03 20:11:06",A202,9653f952-2137-469f-a020-618fd5744ff7
158099,19,25.1,114,86,"2021-08-03 20:39:16",A201,9653f952-2137-469f-a020-618fd5744ff7
158100,23,21.7,249,107,"2021-08-03 20:40:58",A203,9653f952-2137-469f-a020-618fd5744ff7
158102,19,25.7,107,86,"2021-08-03 20:41:39",A202,9653f952-2137-469f-a020-618fd5744ff7
158128,19,25,114,86,"2021-08-03 21:09:40",A201,9653f952-2137-469f-a020-618fd5744ff7
158129,23,21.6,249,107,"2021-08-03 21:11:11",A203,9653f952-2137-469f-a020-618fd5744ff7
158131,19,25.5,107,86,"2021-08-03 21:12:12",A202,9653f952-2137-469f-a020-618fd5744ff7
158155,19,24.9,115,86,"2021-08-03 21:40:02",A201,9653f952-2137-469f-a020-618fd5744ff7
158157,19,25.3,107,86,"2021-08-03 21:42:43",A202,9653f952-2137-469f-a020-618fd5744ff7
158183,19,24.7,115,86,"2021-08-03 22:10:25",A201,9653f952-2137-469f-a020-618fd5744ff7
158184,23,21.5,246,107,"2021-08-03 22:11:39",A203,9653f952-2137-469f-a020-618fd5744ff7
158186,19,25.2,106,86,"2021-08-03 22:13:15",A202,9653f952-2137-469f-a020-618fd5744ff7
158210,19,24.5,115,86,"2021-08-03 22:40:46",A201,9653f952-2137-469f-a020-618fd5744ff7
158211,23,21.4,246,107,"2021-08-03 22:41:51",A203,9653f952-2137-469f-a020-618fd5744ff7
158214,19,25,106,86,"2021-08-03 22:43:45",A202,9653f952-2137-469f-a020-618fd5744ff7
158239,19,24.3,114,86,"2021-08-03 23:11:08",A201,9653f952-2137-469f-a020-618fd5744ff7
158240,23,21.3,245,107,"2021-08-03 23:12:03",A203,9653f952-2137-469f-a020-618fd5744ff7
158243,19,24.8,107,86,"2021-08-03 23:14:15",A202,9653f952-2137-469f-a020-618fd5744ff7
158269,19,24.1,114,86,"2021-08-03 23:41:30",A201,9653f952-2137-469f-a020-618fd5744ff7
158270,23,21.2,245,107,"2021-08-03 23:42:15",A203,9653f952-2137-469f-a020-618fd5744ff7
158273,19,24.6,107,86,"2021-08-03 23:44:44",A202,9653f952-2137-469f-a020-618fd5744ff7
158307,19,23.98,114,86,"2021-08-04 00:11:51",A201,9653f952-2137-469f-a020-618fd5744ff7
158310,19,24.4,107,86,"2021-08-04 00:15:13",A202,9653f952-2137-469f-a020-618fd5744ff7
158334,23,21,250,107,"2021-08-04 00:42:35",A203,9653f952-2137-469f-a020-618fd5744ff7
158335,19,23.7,113,86,"2021-08-04 00:44:04",A201,9653f952-2137-469f-a020-618fd5744ff7
158338,19,24.2,106,86,"2021-08-04 00:45:42",A202,9653f952-2137-469f-a020-618fd5744ff7
158362,23,20.9,248,114,"2021-08-04 01:12:46",A203,9653f952-2137-469f-a020-618fd5744ff7
158364,19,23.58,114,86,"2021-08-04 01:14:26",A201,9653f952-2137-469f-a020-618fd5744ff7
158367,19,24,106,86,"2021-08-04 01:16:10",A202,9653f952-2137-469f-a020-618fd5744ff7
158390,23,20.9,250,107,"2021-08-04 01:42:57",A203,9653f952-2137-469f-a020-618fd5744ff7
158392,19,23.4,114,86,"2021-08-04 01:44:49",A201,9653f952-2137-469f-a020-618fd5744ff7
158395,19,23.8,107,86,"2021-08-04 01:46:39",A202,9653f952-2137-469f-a020-618fd5744ff7
158416,23,20.8,250,107,"2021-08-04 02:13:09",A203,9653f952-2137-469f-a020-618fd5744ff7
158420,19,23.2,113,86,"2021-08-04 02:15:12",A201,9653f952-2137-469f-a020-618fd5744ff7
158422,19,23.6,106,86,"2021-08-04 02:17:09",A202,9653f952-2137-469f-a020-618fd5744ff7
158445,19,23.1,114,86,"2021-08-04 02:45:36",A201,9653f952-2137-469f-a020-618fd5744ff7
158448,19,23.5,105,86,"2021-08-04 02:47:39",A202,9653f952-2137-469f-a020-618fd5744ff7
158466,23,20.7,250,107,"2021-08-04 03:13:29",A203,9653f952-2137-469f-a020-618fd5744ff7
158471,19,23,113,86,"2021-08-04 03:15:58",A201,9653f952-2137-469f-a020-618fd5744ff7
158474,19,23.4,106,86,"2021-08-04 03:18:09",A202,9653f952-2137-469f-a020-618fd5744ff7
158495,23,20.6,249,107,"2021-08-04 03:43:42",A203,9653f952-2137-469f-a020-618fd5744ff7
158500,19,22.8,113,86,"2021-08-04 03:46:21",A201,9653f952-2137-469f-a020-618fd5744ff7
158505,19,23.2,106,86,"2021-08-04 03:48:37",A202,9653f952-2137-469f-a020-618fd5744ff7
158522,23,20.6,248,107,"2021-08-04 04:13:53",A203,9653f952-2137-469f-a020-618fd5744ff7
158527,19,22.7,113,86,"2021-08-04 04:16:43",A201,9653f952-2137-469f-a020-618fd5744ff7
158532,19,23.1,106,86,"2021-08-04 04:19:07",A202,9653f952-2137-469f-a020-618fd5744ff7
158550,23,20.58,249,107,"2021-08-04 04:44:05",A203,9653f952-2137-469f-a020-618fd5744ff7
158556,19,22.7,113,86,"2021-08-04 04:47:05",A201,9653f952-2137-469f-a020-618fd5744ff7
158562,19,23,106,86,"2021-08-04 04:49:36",A202,9653f952-2137-469f-a020-618fd5744ff7
158579,23,20.5,248,107,"2021-08-04 05:14:18",A203,9653f952-2137-469f-a020-618fd5744ff7
158585,19,22.6,113,93,"2021-08-04 05:17:29",A201,9653f952-2137-469f-a020-618fd5744ff7
158590,19,22.9,105,93,"2021-08-04 05:20:08",A202,9653f952-2137-469f-a020-618fd5744ff7
158604,23,20.5,247,107,"2021-08-04 05:44:31",A203,9653f952-2137-469f-a020-618fd5744ff7
158610,19,22.5,113,93,"2021-08-04 05:47:53",A201,9653f952-2137-469f-a020-618fd5744ff7
158616,19,22.8,106,93,"2021-08-04 05:50:41",A202,9653f952-2137-469f-a020-618fd5744ff7
158632,23,20.5,247,107,"2021-08-04 06:14:52",A203,9653f952-2137-469f-a020-618fd5744ff7
158637,19,22.5,113,93,"2021-08-04 06:18:19",A201,9653f952-2137-469f-a020-618fd5744ff7
158643,19,22.8,105,93,"2021-08-04 06:21:16",A202,9653f952-2137-469f-a020-618fd5744ff7
158659,23,20.5,246,107,"2021-08-04 06:45:08",A203,9653f952-2137-469f-a020-618fd5744ff7
158665,19,22.5,113,93,"2021-08-04 06:48:46",A201,9653f952-2137-469f-a020-618fd5744ff7
158671,19,22.8,105,93,"2021-08-04 06:51:54",A202,9653f952-2137-469f-a020-618fd5744ff7
158686,23,20.5,245,107,"2021-08-04 07:15:29",A203,9653f952-2137-469f-a020-618fd5744ff7
158692,19,22.6,113,100,"2021-08-04 07:19:13",A201,9653f952-2137-469f-a020-618fd5744ff7
158698,19,22.8,106,93,"2021-08-04 07:22:32",A202,9653f952-2137-469f-a020-618fd5744ff7
158713,23,20.6,245,100,"2021-08-04 07:45:53",A203,9653f952-2137-469f-a020-618fd5744ff7
158720,19,22.7,113,100,"2021-08-04 07:49:44",A201,9653f952-2137-469f-a020-618fd5744ff7
158727,19,23,105,100,"2021-08-04 07:53:12",A202,9653f952-2137-469f-a020-618fd5744ff7
158742,23,20.7,245,100,"2021-08-04 08:16:17",A203,9653f952-2137-469f-a020-618fd5744ff7
158750,19,23,113,93,"2021-08-04 08:20:11",A201,9653f952-2137-469f-a020-618fd5744ff7
158756,19,23.1,105,93,"2021-08-04 08:23:54",A202,9653f952-2137-469f-a020-618fd5744ff7
158771,23,20.8,247,100,"2021-08-04 08:46:39",A203,9653f952-2137-469f-a020-618fd5744ff7
158779,19,23.4,112,100,"2021-08-04 08:50:41",A201,9653f952-2137-469f-a020-618fd5744ff7
158785,19,23.4,105,100,"2021-08-04 08:54:35",A202,9653f952-2137-469f-a020-618fd5744ff7
158800,23,21,248,100,"2021-08-04 09:17:05",A203,9653f952-2137-469f-a020-618fd5744ff7
158809,19,23.7,114,100,"2021-08-04 09:21:11",A201,9653f952-2137-469f-a020-618fd5744ff7
158816,19,23.6,105,100,"2021-08-04 09:25:17",A202,9653f952-2137-469f-a020-618fd5744ff7
158828,23,21.2,249,100,"2021-08-04 09:47:31",A203,9653f952-2137-469f-a020-618fd5744ff7
158837,19,24.1,114,100,"2021-08-04 09:51:41",A201,9653f952-2137-469f-a020-618fd5744ff7
158845,19,23.8,105,100,"2021-08-04 09:56:00",A202,9653f952-2137-469f-a020-618fd5744ff7
158858,23,21.4,247,100,"2021-08-04 10:17:58",A203,9653f952-2137-469f-a020-618fd5744ff7
158868,19,24.4,114,100,"2021-08-04 10:22:14",A201,9653f952-2137-469f-a020-618fd5744ff7
158874,19,24.1,104,100,"2021-08-04 10:26:44",A202,9653f952-2137-469f-a020-618fd5744ff7
158895,19,24.7,114,100,"2021-08-04 10:52:43",A201,9653f952-2137-469f-a020-618fd5744ff7
158903,19,24.3,104,100,"2021-08-04 10:57:28",A202,9653f952-2137-469f-a020-618fd5744ff7
158915,23,21.9,244,100,"2021-08-04 11:18:52",A203,9653f952-2137-469f-a020-618fd5744ff7
158927,19,24.9,114,100,"2021-08-04 11:23:15",A201,9653f952-2137-469f-a020-618fd5744ff7
158932,19,24.6,104,100,"2021-08-04 11:28:13",A202,9653f952-2137-469f-a020-618fd5744ff7
158944,23,22.1,246,93,"2021-08-04 11:49:19",A203,9653f952-2137-469f-a020-618fd5744ff7
158957,19,25.1,114,100,"2021-08-04 11:53:50",A201,9653f952-2137-469f-a020-618fd5744ff7
158961,19,24.8,105,100,"2021-08-04 11:59:02",A202,9653f952-2137-469f-a020-618fd5744ff7
158978,23,22.4,247,93,"2021-08-04 12:21:28",A203,9653f952-2137-469f-a020-618fd5744ff7
158986,19,25.3,115,100,"2021-08-04 12:24:20",A201,9653f952-2137-469f-a020-618fd5744ff7
158991,19,25,105,100,"2021-08-04 12:29:44",A202,9653f952-2137-469f-a020-618fd5744ff7
159015,19,25.5,115,100,"2021-08-04 12:54:53",A201,9653f952-2137-469f-a020-618fd5744ff7
159022,19,25.28,106,100,"2021-08-04 13:00:31",A202,9653f952-2137-469f-a020-618fd5744ff7
159036,23,22.9,244,100,"2021-08-04 13:22:17",A203,9653f952-2137-469f-a020-618fd5744ff7
159044,19,25.7,115,93,"2021-08-04 13:25:28",A201,9653f952-2137-469f-a020-618fd5744ff7
159050,19,25.48,106,100,"2021-08-04 13:31:19",A202,9653f952-2137-469f-a020-618fd5744ff7
159072,19,25.8,115,100,"2021-08-04 13:55:59",A201,9653f952-2137-469f-a020-618fd5744ff7
159079,19,25.6,106,100,"2021-08-04 14:02:05",A202,9653f952-2137-469f-a020-618fd5744ff7
159091,23,23.3,247,100,"2021-08-04 14:23:05",A203,9653f952-2137-469f-a020-618fd5744ff7
159101,19,25.9,115,93,"2021-08-04 14:26:31",A201,9653f952-2137-469f-a020-618fd5744ff7
159109,19,25.8,105,93,"2021-08-04 14:32:50",A202,9653f952-2137-469f-a020-618fd5744ff7
159120,23,23.4,247,100,"2021-08-04 14:53:23",A203,9653f952-2137-469f-a020-618fd5744ff7
159130,19,25.9,115,86,"2021-08-04 14:57:03",A201,9653f952-2137-469f-a020-618fd5744ff7
159136,19,25.9,106,86,"2021-08-04 15:03:34",A202,9653f952-2137-469f-a020-618fd5744ff7
159147,23,23.5,249,107,"2021-08-04 15:23:39",A203,9653f952-2137-469f-a020-618fd5744ff7
159157,19,25.8,115,86,"2021-08-04 15:27:33",A201,9653f952-2137-469f-a020-618fd5744ff7
159164,19,25.9,106,86,"2021-08-04 15:34:13",A202,9653f952-2137-469f-a020-618fd5744ff7
159174,23,23.5,245,107,"2021-08-04 15:53:55",A203,9653f952-2137-469f-a020-618fd5744ff7
159194,19,25.9,107,86,"2021-08-04 16:04:51",A202,9653f952-2137-469f-a020-618fd5744ff7
159203,23,23.4,247,107,"2021-08-04 16:24:06",A203,9653f952-2137-469f-a020-618fd5744ff7
159214,19,25.5,115,86,"2021-08-04 16:28:27",A201,9653f952-2137-469f-a020-618fd5744ff7
159223,19,25.8,107,86,"2021-08-04 16:35:29",A202,9653f952-2137-469f-a020-618fd5744ff7
159232,23,23.4,246,107,"2021-08-04 16:54:20",A203,9653f952-2137-469f-a020-618fd5744ff7
159243,19,25.4,114,86,"2021-08-04 16:58:55",A201,9653f952-2137-469f-a020-618fd5744ff7
159252,19,25.7,107,86,"2021-08-04 17:06:07",A202,9653f952-2137-469f-a020-618fd5744ff7
159261,23,23.3,249,107,"2021-08-04 17:24:33",A203,9653f952-2137-469f-a020-618fd5744ff7
159271,19,25.2,115,86,"2021-08-04 17:29:22",A201,9653f952-2137-469f-a020-618fd5744ff7
159288,23,23.2,249,107,"2021-08-04 17:54:45",A203,9653f952-2137-469f-a020-618fd5744ff7
159296,19,25.1,115,86,"2021-08-04 17:59:49",A201,9653f952-2137-469f-a020-618fd5744ff7
159312,19,24.8,115,86,"2021-08-04 18:30:14",A201,9653f952-2137-469f-a020-618fd5744ff7
159321,23,23,248,107,"2021-08-04 18:55:04",A203,9653f952-2137-469f-a020-618fd5744ff7
159331,19,24.6,114,86,"2021-08-04 19:00:38",A201,9653f952-2137-469f-a020-618fd5744ff7
159341,23,22.9,249,107,"2021-08-04 19:25:13",A203,9653f952-2137-469f-a020-618fd5744ff7
159352,19,24.4,114,86,"2021-08-04 19:31:03",A201,9653f952-2137-469f-a020-618fd5744ff7
159362,19,25.1,107,86,"2021-08-04 19:38:59",A202,9653f952-2137-469f-a020-618fd5744ff7
159369,23,22.8,249,107,"2021-08-04 19:55:22",A203,9653f952-2137-469f-a020-618fd5744ff7
159380,19,24.3,114,86,"2021-08-04 20:01:31",A201,9653f952-2137-469f-a020-618fd5744ff7
159390,19,25,107,86,"2021-08-04 20:09:32",A202,9653f952-2137-469f-a020-618fd5744ff7
159397,23,22.7,250,107,"2021-08-04 20:25:31",A203,9653f952-2137-469f-a020-618fd5744ff7
159408,19,24.1,115,86,"2021-08-04 20:31:54",A201,9653f952-2137-469f-a020-618fd5744ff7
159418,19,24.9,107,86,"2021-08-04 20:40:06",A202,9653f952-2137-469f-a020-618fd5744ff7
159424,23,22.6,248,107,"2021-08-04 20:55:40",A203,9653f952-2137-469f-a020-618fd5744ff7
159436,19,24,114,86,"2021-08-04 21:02:21",A201,9653f952-2137-469f-a020-618fd5744ff7
159447,23,24.8,123,86,"2021-08-04 21:10:39",A202,9653f952-2137-469f-a020-618fd5744ff7
159454,23,22.5,248,107,"2021-08-04 21:25:51",A203,9653f952-2137-469f-a020-618fd5744ff7
159465,19,23.9,114,86,"2021-08-04 21:32:43",A201,9653f952-2137-469f-a020-618fd5744ff7
159475,24,24.6,144,86,"2021-08-04 21:41:11",A202,9653f952-2137-469f-a020-618fd5744ff7
159482,23,22.4,246,107,"2021-08-04 21:55:59",A203,9653f952-2137-469f-a020-618fd5744ff7
159494,19,23.8,113,86,"2021-08-04 22:03:07",A201,9653f952-2137-469f-a020-618fd5744ff7
159504,24,24.4,145,86,"2021-08-04 22:11:42",A202,9653f952-2137-469f-a020-618fd5744ff7
159510,23,22.4,245,107,"2021-08-04 22:26:08",A203,9653f952-2137-469f-a020-618fd5744ff7
159523,19,23.7,114,86,"2021-08-04 22:33:33",A201,9653f952-2137-469f-a020-618fd5744ff7
159531,24,24.28,143,86,"2021-08-04 22:42:14",A202,9653f952-2137-469f-a020-618fd5744ff7
159537,23,22.3,246,107,"2021-08-04 22:56:16",A203,9653f952-2137-469f-a020-618fd5744ff7
159550,19,23.6,114,86,"2021-08-04 23:03:57",A201,9653f952-2137-469f-a020-618fd5744ff7
159560,24,24.1,141,86,"2021-08-04 23:12:47",A202,9653f952-2137-469f-a020-618fd5744ff7
159566,23,22.2,247,107,"2021-08-04 23:26:24",A203,9653f952-2137-469f-a020-618fd5744ff7
159579,19,23.5,114,86,"2021-08-04 23:34:20",A201,9653f952-2137-469f-a020-618fd5744ff7
159590,24,24,142,86,"2021-08-04 23:43:17",A202,9653f952-2137-469f-a020-618fd5744ff7
159596,23,22.2,245,107,"2021-08-04 23:56:31",A203,9653f952-2137-469f-a020-618fd5744ff7
159610,19,23.4,114,86,"2021-08-05 00:04:45",A201,9653f952-2137-469f-a020-618fd5744ff7
159620,24,23.9,141,86,"2021-08-05 00:13:50",A202,9653f952-2137-469f-a020-618fd5744ff7
159626,23,22.1,249,107,"2021-08-05 00:26:40",A203,9653f952-2137-469f-a020-618fd5744ff7
159639,19,23.2,113,86,"2021-08-05 00:35:09",A201,9653f952-2137-469f-a020-618fd5744ff7
159650,24,23.72,141,86,"2021-08-05 00:44:22",A202,9653f952-2137-469f-a020-618fd5744ff7
159656,23,22,247,107,"2021-08-05 00:56:48",A203,9653f952-2137-469f-a020-618fd5744ff7
159671,19,23.1,114,86,"2021-08-05 01:05:33",A201,9653f952-2137-469f-a020-618fd5744ff7
159681,23,23.6,140,86,"2021-08-05 01:14:54",A202,9653f952-2137-469f-a020-618fd5744ff7
159686,23,21.9,249,107,"2021-08-05 01:26:56",A203,9653f952-2137-469f-a020-618fd5744ff7
159700,19,23,114,86,"2021-08-05 01:35:58",A201,9653f952-2137-469f-a020-618fd5744ff7
159712,23,23.5,139,86,"2021-08-05 01:45:25",A202,9653f952-2137-469f-a020-618fd5744ff7
159716,23,21.8,249,107,"2021-08-05 01:57:03",A203,9653f952-2137-469f-a020-618fd5744ff7
159731,19,22.9,114,86,"2021-08-05 02:06:22",A201,9653f952-2137-469f-a020-618fd5744ff7
159742,23,23.4,138,86,"2021-08-05 02:15:56",A202,9653f952-2137-469f-a020-618fd5744ff7
159746,23,21.7,249,107,"2021-08-05 02:27:10",A203,9653f952-2137-469f-a020-618fd5744ff7
159759,19,22.8,114,86,"2021-08-05 02:36:45",A201,9653f952-2137-469f-a020-618fd5744ff7
159771,23,23.2,138,86,"2021-08-05 02:46:27",A202,9653f952-2137-469f-a020-618fd5744ff7
159775,23,21.7,249,107,"2021-08-05 02:57:18",A203,9653f952-2137-469f-a020-618fd5744ff7
159789,19,22.7,114,86,"2021-08-05 03:07:11",A201,9653f952-2137-469f-a020-618fd5744ff7
159800,23,23.1,138,86,"2021-08-05 03:16:58",A202,9653f952-2137-469f-a020-618fd5744ff7
159804,23,21.6,249,107,"2021-08-05 03:27:25",A203,9653f952-2137-469f-a020-618fd5744ff7
159819,19,22.6,114,86,"2021-08-05 03:37:32",A201,9653f952-2137-469f-a020-618fd5744ff7
159831,23,23,137,86,"2021-08-05 03:47:30",A202,9653f952-2137-469f-a020-618fd5744ff7
159835,23,21.6,246,107,"2021-08-05 03:57:33",A203,9653f952-2137-469f-a020-618fd5744ff7
159849,19,22.5,114,86,"2021-08-05 04:08:02",A201,9653f952-2137-469f-a020-618fd5744ff7
159860,23,22.88,137,86,"2021-08-05 04:18:00",A202,9653f952-2137-469f-a020-618fd5744ff7
159864,23,21.5,245,107,"2021-08-05 04:27:43",A203,9653f952-2137-469f-a020-618fd5744ff7
159877,19,22.4,113,86,"2021-08-05 04:38:19",A201,9653f952-2137-469f-a020-618fd5744ff7
159889,23,22.7,135,86,"2021-08-05 04:48:31",A202,9653f952-2137-469f-a020-618fd5744ff7
159893,23,21.5,247,107,"2021-08-05 04:57:45",A203,9653f952-2137-469f-a020-618fd5744ff7
159908,19,22.3,113,93,"2021-08-05 05:08:43",A201,9653f952-2137-469f-a020-618fd5744ff7
159919,23,22.6,135,93,"2021-08-05 05:19:02",A202,9653f952-2137-469f-a020-618fd5744ff7
159924,23,21.4,244,107,"2021-08-05 05:27:54",A203,9653f952-2137-469f-a020-618fd5744ff7
159938,19,22.2,114,93,"2021-08-05 05:39:10",A201,9653f952-2137-469f-a020-618fd5744ff7
159948,23,22.6,136,93,"2021-08-05 05:49:35",A202,9653f952-2137-469f-a020-618fd5744ff7
159953,23,21.4,246,107,"2021-08-05 05:58:05",A203,9653f952-2137-469f-a020-618fd5744ff7
159968,19,22.2,114,93,"2021-08-05 06:09:33",A201,9653f952-2137-469f-a020-618fd5744ff7
159978,23,22.5,135,93,"2021-08-05 06:20:10",A202,9653f952-2137-469f-a020-618fd5744ff7
159983,23,21.4,245,107,"2021-08-05 06:28:17",A203,9653f952-2137-469f-a020-618fd5744ff7
159998,19,22.2,114,93,"2021-08-05 06:39:58",A201,9653f952-2137-469f-a020-618fd5744ff7
160009,23,22.6,134,93,"2021-08-05 06:51:45",A202,9653f952-2137-469f-a020-618fd5744ff7
160013,23,21.4,244,107,"2021-08-05 06:58:30",A203,9653f952-2137-469f-a020-618fd5744ff7
160028,19,22.3,113,100,"2021-08-05 07:10:26",A201,9653f952-2137-469f-a020-618fd5744ff7
160041,23,21.4,244,107,"2021-08-05 07:28:46",A203,9653f952-2137-469f-a020-618fd5744ff7
160056,19,22.5,114,100,"2021-08-05 07:40:54",A201,9653f952-2137-469f-a020-618fd5744ff7
160066,23,22.8,132,100,"2021-08-05 07:52:38",A202,9653f952-2137-469f-a020-618fd5744ff7
160070,23,21.5,242,107,"2021-08-05 07:59:03",A203,9653f952-2137-469f-a020-618fd5744ff7
160086,19,22.7,114,100,"2021-08-05 08:11:23",A201,9653f952-2137-469f-a020-618fd5744ff7
160095,23,23,132,100,"2021-08-05 08:23:05",A202,9653f952-2137-469f-a020-618fd5744ff7
160099,23,21.6,244,107,"2021-08-05 08:29:19",A203,9653f952-2137-469f-a020-618fd5744ff7
160113,19,23,114,100,"2021-08-05 08:41:51",A201,9653f952-2137-469f-a020-618fd5744ff7
160122,23,23.2,131,100,"2021-08-05 08:53:33",A202,9653f952-2137-469f-a020-618fd5744ff7
160127,23,21.8,244,100,"2021-08-05 08:59:35",A203,9653f952-2137-469f-a020-618fd5744ff7
160142,19,23.3,115,100,"2021-08-05 09:12:22",A201,9653f952-2137-469f-a020-618fd5744ff7
160155,23,21.9,248,100,"2021-08-05 09:29:55",A203,9653f952-2137-469f-a020-618fd5744ff7
160172,19,23.6,115,100,"2021-08-05 09:42:52",A201,9653f952-2137-469f-a020-618fd5744ff7
160181,23,23.7,130,100,"2021-08-05 09:54:32",A202,9653f952-2137-469f-a020-618fd5744ff7
160185,23,22.1,244,100,"2021-08-05 10:00:17",A203,9653f952-2137-469f-a020-618fd5744ff7
160200,19,24,116,100,"2021-08-05 10:13:23",A201,9653f952-2137-469f-a020-618fd5744ff7
160208,23,23.9,130,100,"2021-08-05 10:25:01",A202,9653f952-2137-469f-a020-618fd5744ff7
160212,23,22.3,247,100,"2021-08-05 10:30:37",A203,9653f952-2137-469f-a020-618fd5744ff7
160228,19,24.5,116,100,"2021-08-05 10:43:53",A201,9653f952-2137-469f-a020-618fd5744ff7
160236,22,24.2,130,100,"2021-08-05 10:55:36",A202,9653f952-2137-469f-a020-618fd5744ff7
160239,23,22.6,246,100,"2021-08-05 11:00:57",A203,9653f952-2137-469f-a020-618fd5744ff7
160254,19,24.8,117,100,"2021-08-05 11:14:24",A201,9653f952-2137-469f-a020-618fd5744ff7
160264,22,24.5,128,100,"2021-08-05 11:26:04",A202,9653f952-2137-469f-a020-618fd5744ff7
160267,23,22.8,243,100,"2021-08-05 11:31:17",A203,9653f952-2137-469f-a020-618fd5744ff7
160282,19,25,116,100,"2021-08-05 11:44:56",A201,9653f952-2137-469f-a020-618fd5744ff7
160294,22,24.7,127,100,"2021-08-05 11:56:39",A202,9653f952-2137-469f-a020-618fd5744ff7
160296,23,23.1,245,100,"2021-08-05 12:01:40",A203,9653f952-2137-469f-a020-618fd5744ff7
160313,19,25.2,116,100,"2021-08-05 12:15:28",A201,9653f952-2137-469f-a020-618fd5744ff7
160325,22,24.9,127,100,"2021-08-05 12:27:08",A202,9653f952-2137-469f-a020-618fd5744ff7
160327,23,23.3,247,93,"2021-08-05 12:32:04",A203,9653f952-2137-469f-a020-618fd5744ff7
160344,19,25.4,117,100,"2021-08-05 12:46:00",A201,9653f952-2137-469f-a020-618fd5744ff7
160357,23,23.5,247,100,"2021-08-05 13:02:26",A203,9653f952-2137-469f-a020-618fd5744ff7
160375,19,25.5,117,100,"2021-08-05 13:16:34",A201,9653f952-2137-469f-a020-618fd5744ff7
160386,22,25.3,126,93,"2021-08-05 13:28:14",A202,9653f952-2137-469f-a020-618fd5744ff7
160388,23,23.7,245,100,"2021-08-05 13:32:48",A203,9653f952-2137-469f-a020-618fd5744ff7
160406,19,25.6,117,100,"2021-08-05 13:47:04",A201,9653f952-2137-469f-a020-618fd5744ff7
160418,22,25.4,126,100,"2021-08-05 13:58:45",A202,9653f952-2137-469f-a020-618fd5744ff7
160420,23,23.9,241,100,"2021-08-05 14:03:07",A203,9653f952-2137-469f-a020-618fd5744ff7
160439,19,25.6,117,93,"2021-08-05 14:17:37",A201,9653f952-2137-469f-a020-618fd5744ff7
160450,22,25.5,125,93,"2021-08-05 14:29:16",A202,9653f952-2137-469f-a020-618fd5744ff7
160452,23,24,246,100,"2021-08-05 14:33:27",A203,9653f952-2137-469f-a020-618fd5744ff7
160472,19,25.6,117,86,"2021-08-05 14:48:06",A201,9653f952-2137-469f-a020-618fd5744ff7
160483,22,25.5,125,86,"2021-08-05 14:59:45",A202,9653f952-2137-469f-a020-618fd5744ff7
160485,23,24,247,100,"2021-08-05 15:03:44",A203,9653f952-2137-469f-a020-618fd5744ff7
160503,19,25.4,117,86,"2021-08-05 15:18:35",A201,9653f952-2137-469f-a020-618fd5744ff7
160512,22,25.5,126,86,"2021-08-05 15:30:15",A202,9653f952-2137-469f-a020-618fd5744ff7
160514,23,24,248,107,"2021-08-05 15:34:01",A203,9653f952-2137-469f-a020-618fd5744ff7
160532,19,25.3,117,86,"2021-08-05 15:49:05",A201,9653f952-2137-469f-a020-618fd5744ff7
160542,22,25.5,126,86,"2021-08-05 16:00:40",A202,9653f952-2137-469f-a020-618fd5744ff7
160544,23,24,248,107,"2021-08-05 16:04:15",A203,9653f952-2137-469f-a020-618fd5744ff7
160561,19,25.1,116,86,"2021-08-05 16:19:33",A201,9653f952-2137-469f-a020-618fd5744ff7
160571,22,25.4,126,86,"2021-08-05 16:31:05",A202,9653f952-2137-469f-a020-618fd5744ff7
160573,23,23.9,248,107,"2021-08-05 16:34:28",A203,9653f952-2137-469f-a020-618fd5744ff7
160592,19,24.9,116,86,"2021-08-05 16:49:59",A201,9653f952-2137-469f-a020-618fd5744ff7
160603,22,25.3,125,86,"2021-08-05 17:01:29",A202,9653f952-2137-469f-a020-618fd5744ff7
160605,23,23.9,249,107,"2021-08-05 17:04:41",A203,9653f952-2137-469f-a020-618fd5744ff7
160622,19,24.7,116,86,"2021-08-05 17:20:26",A201,9653f952-2137-469f-a020-618fd5744ff7
160643,19,24.5,116,86,"2021-08-05 17:50:54",A201,9653f952-2137-469f-a020-618fd5744ff7
160651,23,23.7,248,107,"2021-08-05 18:05:04",A203,9653f952-2137-469f-a020-618fd5744ff7
160667,23,23.6,244,107,"2021-08-05 18:35:18",A203,9653f952-2137-469f-a020-618fd5744ff7
160679,19,24.2,116,86,"2021-08-05 18:51:46",A201,9653f952-2137-469f-a020-618fd5744ff7
160686,23,23.5,243,107,"2021-08-05 19:05:26",A203,9653f952-2137-469f-a020-618fd5744ff7
160704,19,24,116,86,"2021-08-05 19:22:10",A201,9653f952-2137-469f-a020-618fd5744ff7
160714,21,24.6,125,86,"2021-08-05 19:33:22",A202,9653f952-2137-469f-a020-618fd5744ff7
160716,23,23.3,244,107,"2021-08-05 19:35:36",A203,9653f952-2137-469f-a020-618fd5744ff7
160731,19,23.9,116,86,"2021-08-05 19:52:34",A201,9653f952-2137-469f-a020-618fd5744ff7
160742,21,24.5,124,86,"2021-08-05 20:03:41",A202,9653f952-2137-469f-a020-618fd5744ff7
160744,23,23.2,248,107,"2021-08-05 20:05:44",A203,9653f952-2137-469f-a020-618fd5744ff7
160760,19,23.7,116,86,"2021-08-05 20:23:00",A201,9653f952-2137-469f-a020-618fd5744ff7
160769,22,24.3,124,86,"2021-08-05 20:34:00",A202,9653f952-2137-469f-a020-618fd5744ff7
160771,23,23,249,107,"2021-08-05 20:35:52",A203,9653f952-2137-469f-a020-618fd5744ff7
160789,19,23.5,116,86,"2021-08-05 20:53:24",A201,9653f952-2137-469f-a020-618fd5744ff7
160800,21,24.1,124,86,"2021-08-05 21:04:19",A202,9653f952-2137-469f-a020-618fd5744ff7
160802,23,22.9,249,107,"2021-08-05 21:06:01",A203,9653f952-2137-469f-a020-618fd5744ff7
160819,19,23.4,116,86,"2021-08-05 21:23:52",A201,9653f952-2137-469f-a020-618fd5744ff7
160830,21,24,123,86,"2021-08-05 21:34:39",A202,9653f952-2137-469f-a020-618fd5744ff7
160832,23,22.8,250,107,"2021-08-05 21:36:09",A203,9653f952-2137-469f-a020-618fd5744ff7
160859,23,22.7,249,107,"2021-08-05 22:06:18",A203,9653f952-2137-469f-a020-618fd5744ff7
160877,19,23.1,116,86,"2021-08-05 22:24:37",A201,9653f952-2137-469f-a020-618fd5744ff7
160888,21,23.7,123,86,"2021-08-05 22:35:21",A202,9653f952-2137-469f-a020-618fd5744ff7
160889,23,22.6,248,107,"2021-08-05 22:36:25",A203,9653f952-2137-469f-a020-618fd5744ff7
160909,19,23,116,86,"2021-08-05 22:55:01",A201,9653f952-2137-469f-a020-618fd5744ff7
160919,21,23.5,123,86,"2021-08-05 23:05:35",A202,9653f952-2137-469f-a020-618fd5744ff7
160920,23,22.5,245,107,"2021-08-05 23:06:34",A203,9653f952-2137-469f-a020-618fd5744ff7
160940,20,22.9,116,86,"2021-08-05 23:25:25",A201,9653f952-2137-469f-a020-618fd5744ff7
160950,21,23.4,123,86,"2021-08-05 23:35:53",A202,9653f952-2137-469f-a020-618fd5744ff7
160951,23,22.4,244,107,"2021-08-05 23:36:41",A203,9653f952-2137-469f-a020-618fd5744ff7
160970,20,22.8,116,86,"2021-08-05 23:55:47",A201,9653f952-2137-469f-a020-618fd5744ff7
160980,21,23.3,123,86,"2021-08-06 00:06:10",A202,9653f952-2137-469f-a020-618fd5744ff7
160981,23,22.3,244,107,"2021-08-06 00:06:47",A203,9653f952-2137-469f-a020-618fd5744ff7
161002,19,22.6,115,86,"2021-08-06 00:26:11",A201,9653f952-2137-469f-a020-618fd5744ff7
161010,21,23.2,123,86,"2021-08-06 00:36:26",A202,9653f952-2137-469f-a020-618fd5744ff7
161011,23,22.3,245,107,"2021-08-06 00:36:53",A203,9653f952-2137-469f-a020-618fd5744ff7
161031,20,22.5,115,86,"2021-08-06 00:56:33",A201,9653f952-2137-469f-a020-618fd5744ff7
161040,21,23,123,86,"2021-08-06 01:06:42",A202,9653f952-2137-469f-a020-618fd5744ff7
161041,23,22.2,249,107,"2021-08-06 01:06:59",A203,9653f952-2137-469f-a020-618fd5744ff7
161063,20,22.4,115,86,"2021-08-06 01:26:56",A201,9653f952-2137-469f-a020-618fd5744ff7
161071,21,22.9,123,86,"2021-08-06 01:36:58",A202,9653f952-2137-469f-a020-618fd5744ff7
161072,23,22.1,249,114,"2021-08-06 01:37:03",A203,9653f952-2137-469f-a020-618fd5744ff7
161090,20,22.3,116,86,"2021-08-06 01:57:19",A201,9653f952-2137-469f-a020-618fd5744ff7
161099,23,21.9,249,107,"2021-08-06 02:07:08",A203,9653f952-2137-469f-a020-618fd5744ff7
161100,21,22.8,122,86,"2021-08-06 02:07:16",A202,9653f952-2137-469f-a020-618fd5744ff7
161120,20,22.2,116,86,"2021-08-06 02:27:41",A201,9653f952-2137-469f-a020-618fd5744ff7
161129,23,21.8,247,114,"2021-08-06 02:37:14",A203,9653f952-2137-469f-a020-618fd5744ff7
161130,21,22.6,123,86,"2021-08-06 02:37:30",A202,9653f952-2137-469f-a020-618fd5744ff7
161152,20,22.1,116,86,"2021-08-06 02:58:03",A201,9653f952-2137-469f-a020-618fd5744ff7
161161,23,21.7,249,107,"2021-08-06 03:07:19",A203,9653f952-2137-469f-a020-618fd5744ff7
161162,21,22.5,122,86,"2021-08-06 03:07:45",A202,9653f952-2137-469f-a020-618fd5744ff7
161186,20,21.9,116,86,"2021-08-06 03:30:15",A201,9653f952-2137-469f-a020-618fd5744ff7
161192,23,21.7,246,114,"2021-08-06 03:37:24",A203,9653f952-2137-469f-a020-618fd5744ff7
161193,21,22.4,122,86,"2021-08-06 03:38:01",A202,9653f952-2137-469f-a020-618fd5744ff7
161217,20,21.8,116,86,"2021-08-06 04:00:39",A201,9653f952-2137-469f-a020-618fd5744ff7
161223,23,21.6,244,114,"2021-08-06 04:07:28",A203,9653f952-2137-469f-a020-618fd5744ff7
161224,21,22.3,122,86,"2021-08-06 04:08:18",A202,9653f952-2137-469f-a020-618fd5744ff7
161246,20,21.7,116,86,"2021-08-06 04:31:02",A201,9653f952-2137-469f-a020-618fd5744ff7
161252,23,21.5,244,114,"2021-08-06 04:37:34",A203,9653f952-2137-469f-a020-618fd5744ff7
161253,21,22.2,122,86,"2021-08-06 04:38:32",A202,9653f952-2137-469f-a020-618fd5744ff7
161278,20,21.6,116,86,"2021-08-06 05:01:25",A201,9653f952-2137-469f-a020-618fd5744ff7
161284,23,21.4,246,107,"2021-08-06 05:07:38",A203,9653f952-2137-469f-a020-618fd5744ff7
161285,21,22.1,122,86,"2021-08-06 05:08:48",A202,9653f952-2137-469f-a020-618fd5744ff7
161309,20,21.6,116,86,"2021-08-06 05:31:49",A201,9653f952-2137-469f-a020-618fd5744ff7
161315,23,21.4,249,107,"2021-08-06 05:37:44",A203,9653f952-2137-469f-a020-618fd5744ff7
161316,21,22,121,86,"2021-08-06 05:39:06",A202,9653f952-2137-469f-a020-618fd5744ff7
161339,20,21.5,116,93,"2021-08-06 06:02:14",A201,9653f952-2137-469f-a020-618fd5744ff7
161343,23,21.3,249,107,"2021-08-06 06:07:54",A203,9653f952-2137-469f-a020-618fd5744ff7
161345,21,21.9,121,93,"2021-08-06 06:09:24",A202,9653f952-2137-469f-a020-618fd5744ff7
161370,20,21.6,116,93,"2021-08-06 06:32:41",A201,9653f952-2137-469f-a020-618fd5744ff7
161375,23,21.3,248,107,"2021-08-06 06:38:04",A203,9653f952-2137-469f-a020-618fd5744ff7
161377,21,21.9,120,93,"2021-08-06 06:39:46",A202,9653f952-2137-469f-a020-618fd5744ff7
161399,20,21.6,116,93,"2021-08-06 07:03:08",A201,9653f952-2137-469f-a020-618fd5744ff7
161404,23,21.4,248,107,"2021-08-06 07:08:19",A203,9653f952-2137-469f-a020-618fd5744ff7
161406,21,21.9,120,93,"2021-08-06 07:10:11",A202,9653f952-2137-469f-a020-618fd5744ff7
161429,20,21.8,116,100,"2021-08-06 07:33:35",A201,9653f952-2137-469f-a020-618fd5744ff7
161434,23,21.4,247,107,"2021-08-06 07:38:34",A203,9653f952-2137-469f-a020-618fd5744ff7
161436,21,22,120,93,"2021-08-06 07:40:38",A202,9653f952-2137-469f-a020-618fd5744ff7
161458,20,22.1,116,100,"2021-08-06 08:04:06",A201,9653f952-2137-469f-a020-618fd5744ff7
161463,23,21.5,248,100,"2021-08-06 08:08:52",A203,9653f952-2137-469f-a020-618fd5744ff7
161466,21,22.2,119,93,"2021-08-06 08:11:06",A202,9653f952-2137-469f-a020-618fd5744ff7
161488,20,22.4,117,100,"2021-08-06 08:34:35",A201,9653f952-2137-469f-a020-618fd5744ff7
161493,23,21.6,246,100,"2021-08-06 08:39:10",A203,9653f952-2137-469f-a020-618fd5744ff7
161496,21,22.42,118,100,"2021-08-06 08:41:34",A202,9653f952-2137-469f-a020-618fd5744ff7
161519,20,22.8,117,93,"2021-08-06 09:05:06",A201,9653f952-2137-469f-a020-618fd5744ff7
161523,23,21.7,242,100,"2021-08-06 09:09:26",A203,9653f952-2137-469f-a020-618fd5744ff7
161526,21,22.7,118,93,"2021-08-06 09:12:02",A202,9653f952-2137-469f-a020-618fd5744ff7
161548,20,23.1,118,100,"2021-08-06 09:35:36",A201,9653f952-2137-469f-a020-618fd5744ff7
161553,23,21.9,242,100,"2021-08-06 09:39:44",A203,9653f952-2137-469f-a020-618fd5744ff7
161556,21,22.96,117,100,"2021-08-06 09:42:30",A202,9653f952-2137-469f-a020-618fd5744ff7
161578,20,23.4,117,100,"2021-08-06 10:06:07",A201,9653f952-2137-469f-a020-618fd5744ff7
161583,23,22.1,244,100,"2021-08-06 10:10:04",A203,9653f952-2137-469f-a020-618fd5744ff7
161587,21,23.2,117,100,"2021-08-06 10:12:59",A202,9653f952-2137-469f-a020-618fd5744ff7
161612,23,22.2,246,100,"2021-08-06 10:40:22",A203,9653f952-2137-469f-a020-618fd5744ff7
161616,21,23.3,117,100,"2021-08-06 10:43:30",A202,9653f952-2137-469f-a020-618fd5744ff7
161637,20,23.9,118,100,"2021-08-06 11:07:11",A201,9653f952-2137-469f-a020-618fd5744ff7
161641,23,22.3,244,100,"2021-08-06 11:10:41",A203,9653f952-2137-469f-a020-618fd5744ff7
161646,21,23.6,117,100,"2021-08-06 11:14:01",A202,9653f952-2137-469f-a020-618fd5744ff7
161667,20,24.1,118,100,"2021-08-06 11:37:43",A201,9653f952-2137-469f-a020-618fd5744ff7
161671,23,22.6,247,100,"2021-08-06 11:41:04",A203,9653f952-2137-469f-a020-618fd5744ff7
161676,21,23.8,116,100,"2021-08-06 11:44:33",A202,9653f952-2137-469f-a020-618fd5744ff7
161697,20,24.4,118,100,"2021-08-06 12:08:16",A201,9653f952-2137-469f-a020-618fd5744ff7
161705,21,24.1,116,100,"2021-08-06 12:15:09",A202,9653f952-2137-469f-a020-618fd5744ff7
161725,20,24.6,119,100,"2021-08-06 12:38:49",A201,9653f952-2137-469f-a020-618fd5744ff7
161729,23,23,241,100,"2021-08-06 12:41:46",A203,9653f952-2137-469f-a020-618fd5744ff7
161755,20,24.8,119,100,"2021-08-06 13:09:22",A201,9653f952-2137-469f-a020-618fd5744ff7
161758,23,23.2,244,100,"2021-08-06 13:12:06",A203,9653f952-2137-469f-a020-618fd5744ff7
161764,21,24.6,116,100,"2021-08-06 13:16:14",A202,9653f952-2137-469f-a020-618fd5744ff7
161786,20,24.9,119,100,"2021-08-06 13:39:56",A201,9653f952-2137-469f-a020-618fd5744ff7
161789,23,23.4,247,100,"2021-08-06 13:42:28",A203,9653f952-2137-469f-a020-618fd5744ff7
161794,20,24.8,115,100,"2021-08-06 13:46:43",A202,9653f952-2137-469f-a020-618fd5744ff7
161815,23,23.5,247,100,"2021-08-06 14:12:51",A203,9653f952-2137-469f-a020-618fd5744ff7
161821,20,25,115,100,"2021-08-06 14:17:15",A202,9653f952-2137-469f-a020-618fd5744ff7
161843,20,25,119,86,"2021-08-06 14:41:00",A201,9653f952-2137-469f-a020-618fd5744ff7
161848,23,23.6,247,100,"2021-08-06 14:44:54",A203,9653f952-2137-469f-a020-618fd5744ff7
161850,20,25.1,115,86,"2021-08-06 14:47:46",A202,9653f952-2137-469f-a020-618fd5744ff7
161871,20,25,119,86,"2021-08-06 15:11:31",A201,9653f952-2137-469f-a020-618fd5744ff7
161877,23,23.7,246,107,"2021-08-06 15:15:16",A203,9653f952-2137-469f-a020-618fd5744ff7
161879,20,25.2,116,86,"2021-08-06 15:18:18",A202,9653f952-2137-469f-a020-618fd5744ff7
161901,20,24.92,119,86,"2021-08-06 15:42:01",A201,9653f952-2137-469f-a020-618fd5744ff7
161907,23,23.7,244,107,"2021-08-06 15:45:33",A203,9653f952-2137-469f-a020-618fd5744ff7
161909,20,25.3,116,86,"2021-08-06 15:48:42",A202,9653f952-2137-469f-a020-618fd5744ff7
161930,20,24.9,119,86,"2021-08-06 16:12:32",A201,9653f952-2137-469f-a020-618fd5744ff7
161936,23,23.7,243,107,"2021-08-06 16:15:51",A203,9653f952-2137-469f-a020-618fd5744ff7
161938,20,25.3,116,86,"2021-08-06 16:19:08",A202,9653f952-2137-469f-a020-618fd5744ff7
161960,20,24.7,119,86,"2021-08-06 16:42:59",A201,9653f952-2137-469f-a020-618fd5744ff7
161965,23,23.6,245,107,"2021-08-06 16:46:08",A203,9653f952-2137-469f-a020-618fd5744ff7
161967,20,25.2,116,86,"2021-08-06 16:49:33",A202,9653f952-2137-469f-a020-618fd5744ff7
161990,20,24.6,119,86,"2021-08-06 17:13:26",A201,9653f952-2137-469f-a020-618fd5744ff7
161994,23,23.6,243,107,"2021-08-06 17:16:23",A203,9653f952-2137-469f-a020-618fd5744ff7
161998,20,25.2,116,86,"2021-08-06 17:19:57",A202,9653f952-2137-469f-a020-618fd5744ff7
162017,20,24.4,119,86,"2021-08-06 17:43:54",A201,9653f952-2137-469f-a020-618fd5744ff7
162036,20,24.3,119,86,"2021-08-06 18:14:23",A201,9653f952-2137-469f-a020-618fd5744ff7
162039,23,23.4,246,107,"2021-08-06 18:16:50",A203,9653f952-2137-469f-a020-618fd5744ff7
162055,20,24.1,118,86,"2021-08-06 18:44:47",A201,9653f952-2137-469f-a020-618fd5744ff7
162058,23,23.3,248,107,"2021-08-06 18:47:04",A203,9653f952-2137-469f-a020-618fd5744ff7
162078,20,24,119,86,"2021-08-06 19:15:15",A201,9653f952-2137-469f-a020-618fd5744ff7
162081,23,23.2,248,107,"2021-08-06 19:17:15",A203,9653f952-2137-469f-a020-618fd5744ff7
162084,20,24.8,116,86,"2021-08-06 19:21:25",A202,9653f952-2137-469f-a020-618fd5744ff7
162109,20,23.8,118,86,"2021-08-06 19:45:40",A201,9653f952-2137-469f-a020-618fd5744ff7
162111,23,23.1,249,107,"2021-08-06 19:47:28",A203,9653f952-2137-469f-a020-618fd5744ff7
162115,20,24.7,116,86,"2021-08-06 19:51:46",A202,9653f952-2137-469f-a020-618fd5744ff7
162140,20,23.7,119,86,"2021-08-06 20:16:07",A201,9653f952-2137-469f-a020-618fd5744ff7
162143,23,23,248,107,"2021-08-06 20:17:43",A203,9653f952-2137-469f-a020-618fd5744ff7
162146,20,24.5,116,86,"2021-08-06 20:22:06",A202,9653f952-2137-469f-a020-618fd5744ff7
162169,20,23.6,118,86,"2021-08-06 20:46:33",A201,9653f952-2137-469f-a020-618fd5744ff7
162172,23,22.9,248,107,"2021-08-06 20:47:56",A203,9653f952-2137-469f-a020-618fd5744ff7
162176,20,24.4,116,86,"2021-08-06 20:52:28",A202,9653f952-2137-469f-a020-618fd5744ff7
162198,20,23.5,119,86,"2021-08-06 21:17:01",A201,9653f952-2137-469f-a020-618fd5744ff7
162200,23,22.8,247,107,"2021-08-06 21:18:06",A203,9653f952-2137-469f-a020-618fd5744ff7
162203,20,24.3,116,86,"2021-08-06 21:22:48",A202,9653f952-2137-469f-a020-618fd5744ff7
162226,20,23.4,118,86,"2021-08-06 21:47:27",A201,9653f952-2137-469f-a020-618fd5744ff7
162228,23,22.7,247,107,"2021-08-06 21:48:18",A203,9653f952-2137-469f-a020-618fd5744ff7
162232,20,24.2,116,86,"2021-08-06 21:53:08",A202,9653f952-2137-469f-a020-618fd5744ff7
162256,20,23.3,119,86,"2021-08-06 22:17:53",A201,9653f952-2137-469f-a020-618fd5744ff7
162258,23,22.7,244,107,"2021-08-06 22:18:29",A203,9653f952-2137-469f-a020-618fd5744ff7
162262,20,24.1,116,86,"2021-08-06 22:23:28",A202,9653f952-2137-469f-a020-618fd5744ff7
162286,20,23.2,117,86,"2021-08-06 22:48:15",A201,9653f952-2137-469f-a020-618fd5744ff7
162288,23,22.6,245,107,"2021-08-06 22:48:40",A203,9653f952-2137-469f-a020-618fd5744ff7
162314,20,23,119,86,"2021-08-06 23:18:40",A201,9653f952-2137-469f-a020-618fd5744ff7
162316,23,22.5,242,107,"2021-08-06 23:18:50",A203,9653f952-2137-469f-a020-618fd5744ff7
162320,20,23.9,116,86,"2021-08-06 23:24:03",A202,9653f952-2137-469f-a020-618fd5744ff7
162342,23,22.4,248,107,"2021-08-06 23:48:57",A203,9653f952-2137-469f-a020-618fd5744ff7
162344,20,22.9,119,86,"2021-08-06 23:49:03",A201,9653f952-2137-469f-a020-618fd5744ff7
162348,20,23.7,116,86,"2021-08-06 23:54:20",A202,9653f952-2137-469f-a020-618fd5744ff7
162371,23,22.3,246,107,"2021-08-07 00:19:06",A203,9653f952-2137-469f-a020-618fd5744ff7
162373,20,22.8,119,86,"2021-08-07 00:19:28",A201,9653f952-2137-469f-a020-618fd5744ff7
162377,20,23.6,116,86,"2021-08-07 00:24:37",A202,9653f952-2137-469f-a020-618fd5744ff7
162400,23,22.2,248,107,"2021-08-07 00:49:15",A203,9653f952-2137-469f-a020-618fd5744ff7
162402,20,22.7,118,86,"2021-08-07 00:49:52",A201,9653f952-2137-469f-a020-618fd5744ff7
162406,20,23.5,116,86,"2021-08-07 00:54:55",A202,9653f952-2137-469f-a020-618fd5744ff7
162429,23,22.1,248,107,"2021-08-07 01:19:23",A203,9653f952-2137-469f-a020-618fd5744ff7
162431,20,22.6,119,86,"2021-08-07 01:20:16",A201,9653f952-2137-469f-a020-618fd5744ff7
162435,20,23.4,115,86,"2021-08-07 01:25:11",A202,9653f952-2137-469f-a020-618fd5744ff7
162459,23,22,247,107,"2021-08-07 01:49:32",A203,9653f952-2137-469f-a020-618fd5744ff7
162461,20,22.5,118,86,"2021-08-07 01:50:40",A201,9653f952-2137-469f-a020-618fd5744ff7
162465,20,23.2,116,86,"2021-08-07 01:55:27",A202,9653f952-2137-469f-a020-618fd5744ff7
162489,23,21.9,247,107,"2021-08-07 02:19:40",A203,9653f952-2137-469f-a020-618fd5744ff7
162490,20,22.4,118,86,"2021-08-07 02:21:03",A201,9653f952-2137-469f-a020-618fd5744ff7
162494,20,23.1,115,86,"2021-08-07 02:25:43",A202,9653f952-2137-469f-a020-618fd5744ff7
162517,23,21.8,245,114,"2021-08-07 02:49:47",A203,9653f952-2137-469f-a020-618fd5744ff7
162519,20,22.3,119,86,"2021-08-07 02:51:27",A201,9653f952-2137-469f-a020-618fd5744ff7
162523,20,23,115,86,"2021-08-07 02:55:58",A202,9653f952-2137-469f-a020-618fd5744ff7
162547,23,21.7,243,114,"2021-08-07 03:19:54",A203,9653f952-2137-469f-a020-618fd5744ff7
162549,20,22.1,119,86,"2021-08-07 03:21:50",A201,9653f952-2137-469f-a020-618fd5744ff7
162552,20,22.8,116,86,"2021-08-07 03:26:13",A202,9653f952-2137-469f-a020-618fd5744ff7
162577,23,21.6,243,114,"2021-08-07 03:50:01",A203,9653f952-2137-469f-a020-618fd5744ff7
162579,20,22,118,86,"2021-08-07 03:52:14",A201,9653f952-2137-469f-a020-618fd5744ff7
162581,20,22.7,115,86,"2021-08-07 03:56:29",A202,9653f952-2137-469f-a020-618fd5744ff7
162604,23,21.5,245,114,"2021-08-07 04:20:07",A203,9653f952-2137-469f-a020-618fd5744ff7
162607,20,21.9,118,86,"2021-08-07 04:22:36",A201,9653f952-2137-469f-a020-618fd5744ff7
162610,20,22.6,115,86,"2021-08-07 04:26:43",A202,9653f952-2137-469f-a020-618fd5744ff7
162632,23,21.4,248,107,"2021-08-07 04:50:14",A203,9653f952-2137-469f-a020-618fd5744ff7
162635,20,21.8,118,86,"2021-08-07 04:52:59",A201,9653f952-2137-469f-a020-618fd5744ff7
162638,20,22.5,116,86,"2021-08-07 04:56:58",A202,9653f952-2137-469f-a020-618fd5744ff7
162662,23,21.4,248,107,"2021-08-07 05:20:21",A203,9653f952-2137-469f-a020-618fd5744ff7
162664,20,21.7,118,93,"2021-08-07 05:23:23",A201,9653f952-2137-469f-a020-618fd5744ff7
162666,20,22.3,115,93,"2021-08-07 05:27:14",A202,9653f952-2137-469f-a020-618fd5744ff7
162690,23,21.3,248,107,"2021-08-07 05:50:30",A203,9653f952-2137-469f-a020-618fd5744ff7
162693,20,21.6,118,93,"2021-08-07 05:53:46",A201,9653f952-2137-469f-a020-618fd5744ff7
162695,20,22.3,115,93,"2021-08-07 05:57:33",A202,9653f952-2137-469f-a020-618fd5744ff7
162719,23,21.3,248,107,"2021-08-07 06:20:46",A203,9653f952-2137-469f-a020-618fd5744ff7
162722,20,21.6,118,93,"2021-08-07 06:24:14",A201,9653f952-2137-469f-a020-618fd5744ff7
162724,20,22.2,115,93,"2021-08-07 06:27:54",A202,9653f952-2137-469f-a020-618fd5744ff7
162746,23,21.3,247,107,"2021-08-07 06:50:59",A203,9653f952-2137-469f-a020-618fd5744ff7
162749,20,21.7,118,93,"2021-08-07 06:54:40",A201,9653f952-2137-469f-a020-618fd5744ff7
162751,20,22.2,114,93,"2021-08-07 06:58:19",A202,9653f952-2137-469f-a020-618fd5744ff7
162774,23,21.4,246,107,"2021-08-07 07:21:15",A203,9653f952-2137-469f-a020-618fd5744ff7
162776,20,21.8,118,100,"2021-08-07 07:25:10",A201,9653f952-2137-469f-a020-618fd5744ff7
162778,20,22.3,114,93,"2021-08-07 07:28:46",A202,9653f952-2137-469f-a020-618fd5744ff7
162802,23,21.4,246,107,"2021-08-07 07:51:35",A203,9653f952-2137-469f-a020-618fd5744ff7
162804,20,22.1,119,100,"2021-08-07 07:55:39",A201,9653f952-2137-469f-a020-618fd5744ff7
162806,20,22.5,113,100,"2021-08-07 07:59:14",A202,9653f952-2137-469f-a020-618fd5744ff7
162829,23,21.6,247,100,"2021-08-07 08:21:55",A203,9653f952-2137-469f-a020-618fd5744ff7
162832,20,22.4,119,100,"2021-08-07 08:26:11",A201,9653f952-2137-469f-a020-618fd5744ff7
162834,20,22.8,113,100,"2021-08-07 08:29:43",A202,9653f952-2137-469f-a020-618fd5744ff7
162858,23,21.7,246,100,"2021-08-07 08:52:14",A203,9653f952-2137-469f-a020-618fd5744ff7
162860,20,22.8,119,100,"2021-08-07 08:56:41",A201,9653f952-2137-469f-a020-618fd5744ff7
162862,20,23,113,100,"2021-08-07 09:00:13",A202,9653f952-2137-469f-a020-618fd5744ff7
162887,23,21.9,242,100,"2021-08-07 09:22:35",A203,9653f952-2137-469f-a020-618fd5744ff7
162890,20,23.3,119,100,"2021-08-07 09:27:11",A201,9653f952-2137-469f-a020-618fd5744ff7
162894,20,23.3,112,100,"2021-08-07 09:31:54",A202,9653f952-2137-469f-a020-618fd5744ff7
162916,23,22.1,242,100,"2021-08-07 09:52:58",A203,9653f952-2137-469f-a020-618fd5744ff7
162919,20,23.7,120,100,"2021-08-07 09:57:44",A201,9653f952-2137-469f-a020-618fd5744ff7
162922,20,23.6,112,100,"2021-08-07 10:02:19",A202,9653f952-2137-469f-a020-618fd5744ff7
162943,23,22.3,244,100,"2021-08-07 10:23:19",A203,9653f952-2137-469f-a020-618fd5744ff7
162947,20,24.2,121,100,"2021-08-07 10:28:14",A201,9653f952-2137-469f-a020-618fd5744ff7
162951,20,24,112,100,"2021-08-07 10:32:46",A202,9653f952-2137-469f-a020-618fd5744ff7
162970,23,22.5,245,100,"2021-08-07 10:53:40",A203,9653f952-2137-469f-a020-618fd5744ff7
162973,20,24.6,122,100,"2021-08-07 10:58:48",A201,9653f952-2137-469f-a020-618fd5744ff7
162977,20,24.3,112,100,"2021-08-07 11:03:11",A202,9653f952-2137-469f-a020-618fd5744ff7
162997,23,22.7,245,100,"2021-08-07 11:24:04",A203,9653f952-2137-469f-a020-618fd5744ff7
163002,20,24.8,122,100,"2021-08-07 11:29:20",A201,9653f952-2137-469f-a020-618fd5744ff7
163006,20,24.6,112,100,"2021-08-07 11:33:39",A202,9653f952-2137-469f-a020-618fd5744ff7
163026,23,22.9,243,100,"2021-08-07 11:54:28",A203,9653f952-2137-469f-a020-618fd5744ff7
163035,20,24.8,112,100,"2021-08-07 12:04:05",A202,9653f952-2137-469f-a020-618fd5744ff7
163053,23,23.1,240,100,"2021-08-07 12:24:50",A203,9653f952-2137-469f-a020-618fd5744ff7
163059,20,25.2,122,100,"2021-08-07 12:30:26",A201,9653f952-2137-469f-a020-618fd5744ff7
163063,20,25.1,112,100,"2021-08-07 12:34:30",A202,9653f952-2137-469f-a020-618fd5744ff7
163083,23,23.3,245,100,"2021-08-07 12:55:11",A203,9653f952-2137-469f-a020-618fd5744ff7
163089,20,25.4,121,100,"2021-08-07 13:00:57",A201,9653f952-2137-469f-a020-618fd5744ff7
163093,20,25.3,112,100,"2021-08-07 13:04:56",A202,9653f952-2137-469f-a020-618fd5744ff7
163112,23,23.4,245,100,"2021-08-07 13:25:33",A203,9653f952-2137-469f-a020-618fd5744ff7
163117,20,25.4,121,93,"2021-08-07 13:31:28",A201,9653f952-2137-469f-a020-618fd5744ff7
163121,20,25.4,111,93,"2021-08-07 13:35:20",A202,9653f952-2137-469f-a020-618fd5744ff7
163139,23,23.4,245,100,"2021-08-07 13:55:52",A203,9653f952-2137-469f-a020-618fd5744ff7
163146,20,25.4,122,100,"2021-08-07 14:02:01",A201,9653f952-2137-469f-a020-618fd5744ff7
163148,20,25.5,112,100,"2021-08-07 14:05:45",A202,9653f952-2137-469f-a020-618fd5744ff7
163166,23,23.5,247,100,"2021-08-07 14:26:15",A203,9653f952-2137-469f-a020-618fd5744ff7
163173,20,25.3,122,93,"2021-08-07 14:32:33",A201,9653f952-2137-469f-a020-618fd5744ff7
163177,20,25.6,112,100,"2021-08-07 14:36:12",A202,9653f952-2137-469f-a020-618fd5744ff7
163195,23,23.6,247,100,"2021-08-07 14:56:38",A203,9653f952-2137-469f-a020-618fd5744ff7
163202,20,25.2,122,86,"2021-08-07 15:03:05",A201,9653f952-2137-469f-a020-618fd5744ff7
163206,20,25.7,112,86,"2021-08-07 15:06:37",A202,9653f952-2137-469f-a020-618fd5744ff7
163225,23,23.6,246,107,"2021-08-07 15:26:58",A203,9653f952-2137-469f-a020-618fd5744ff7
163231,20,25.2,122,86,"2021-08-07 15:33:36",A201,9653f952-2137-469f-a020-618fd5744ff7
163235,20,25.7,112,86,"2021-08-07 15:37:00",A202,9653f952-2137-469f-a020-618fd5744ff7
163253,23,23.6,246,107,"2021-08-07 15:57:16",A203,9653f952-2137-469f-a020-618fd5744ff7
163260,20,25.1,122,86,"2021-08-07 16:04:05",A201,9653f952-2137-469f-a020-618fd5744ff7
163265,20,25.8,112,86,"2021-08-07 16:07:22",A202,9653f952-2137-469f-a020-618fd5744ff7
163281,23,23.6,244,107,"2021-08-07 16:27:33",A203,9653f952-2137-469f-a020-618fd5744ff7
163288,20,25,122,86,"2021-08-07 16:34:35",A201,9653f952-2137-469f-a020-618fd5744ff7
163293,20,25.8,112,86,"2021-08-07 16:37:42",A202,9653f952-2137-469f-a020-618fd5744ff7
163310,23,23.6,246,107,"2021-08-07 16:57:50",A203,9653f952-2137-469f-a020-618fd5744ff7
163318,20,24.9,122,86,"2021-08-07 17:05:02",A201,9653f952-2137-469f-a020-618fd5744ff7
163323,20,25.7,112,86,"2021-08-07 17:08:02",A202,9653f952-2137-469f-a020-618fd5744ff7
163339,23,23.6,247,107,"2021-08-07 17:28:04",A203,9653f952-2137-469f-a020-618fd5744ff7
163345,20,24.8,122,86,"2021-08-07 17:35:31",A201,9653f952-2137-469f-a020-618fd5744ff7
163349,20,25.6,113,86,"2021-08-07 17:38:21",A202,9653f952-2137-469f-a020-618fd5744ff7
163362,23,23.5,247,107,"2021-08-07 17:58:19",A203,9653f952-2137-469f-a020-618fd5744ff7
163370,20,24.6,121,86,"2021-08-07 18:05:57",A201,9653f952-2137-469f-a020-618fd5744ff7
163386,23,23.4,247,107,"2021-08-07 18:28:34",A203,9653f952-2137-469f-a020-618fd5744ff7
163392,20,24.5,122,86,"2021-08-07 18:36:25",A201,9653f952-2137-469f-a020-618fd5744ff7
163407,23,23.4,248,107,"2021-08-07 18:58:47",A203,9653f952-2137-469f-a020-618fd5744ff7
163414,20,24.3,122,86,"2021-08-07 19:06:52",A201,9653f952-2137-469f-a020-618fd5744ff7
163431,23,23.3,248,107,"2021-08-07 19:28:59",A203,9653f952-2137-469f-a020-618fd5744ff7
163442,20,24.2,121,86,"2021-08-07 19:37:19",A201,9653f952-2137-469f-a020-618fd5744ff7
163446,20,25.2,112,86,"2021-08-07 19:39:28",A202,9653f952-2137-469f-a020-618fd5744ff7
163460,23,23.2,247,107,"2021-08-07 19:59:12",A203,9653f952-2137-469f-a020-618fd5744ff7
163469,20,24.1,121,86,"2021-08-07 20:07:46",A201,9653f952-2137-469f-a020-618fd5744ff7
163473,20,25.1,112,86,"2021-08-07 20:09:44",A202,9653f952-2137-469f-a020-618fd5744ff7
163487,23,23.1,248,107,"2021-08-07 20:29:25",A203,9653f952-2137-469f-a020-618fd5744ff7
163497,20,24,121,86,"2021-08-07 20:38:13",A201,9653f952-2137-469f-a020-618fd5744ff7
163501,20,25,112,86,"2021-08-07 20:40:01",A202,9653f952-2137-469f-a020-618fd5744ff7
163514,23,23,246,107,"2021-08-07 20:59:37",A203,9653f952-2137-469f-a020-618fd5744ff7
163524,20,23.9,120,86,"2021-08-07 21:08:38",A201,9653f952-2137-469f-a020-618fd5744ff7
163528,20,24.9,112,86,"2021-08-07 21:10:13",A202,9653f952-2137-469f-a020-618fd5744ff7
163552,20,23.8,121,86,"2021-08-07 21:39:05",A201,9653f952-2137-469f-a020-618fd5744ff7
163556,20,24.8,113,86,"2021-08-07 21:40:29",A202,9653f952-2137-469f-a020-618fd5744ff7
163569,23,22.8,245,107,"2021-08-07 22:00:01",A203,9653f952-2137-469f-a020-618fd5744ff7
163581,20,23.7,121,86,"2021-08-07 22:09:30",A201,9653f952-2137-469f-a020-618fd5744ff7
163584,20,24.7,112,86,"2021-08-07 22:10:43",A202,9653f952-2137-469f-a020-618fd5744ff7
163597,23,22.8,244,107,"2021-08-07 22:30:11",A203,9653f952-2137-469f-a020-618fd5744ff7
163610,20,23.6,121,86,"2021-08-07 22:39:55",A201,9653f952-2137-469f-a020-618fd5744ff7
163612,20,24.5,112,86,"2021-08-07 22:40:57",A202,9653f952-2137-469f-a020-618fd5744ff7
163625,23,22.7,242,114,"2021-08-07 23:00:20",A203,9653f952-2137-469f-a020-618fd5744ff7
163638,20,23.5,120,86,"2021-08-07 23:10:20",A201,9653f952-2137-469f-a020-618fd5744ff7
163640,20,24.4,112,86,"2021-08-07 23:11:11",A202,9653f952-2137-469f-a020-618fd5744ff7
163652,21,22.6,249,100,"2021-08-07 23:30:18",A203,9653f952-2137-469f-a020-618fd5744ff7
163663,20,23.4,121,86,"2021-08-07 23:40:45",A201,9653f952-2137-469f-a020-618fd5744ff7
163665,20,24.3,112,86,"2021-08-07 23:41:25",A202,9653f952-2137-469f-a020-618fd5744ff7
163677,19,22.5,250,86,"2021-08-08 00:00:09",A203,9653f952-2137-469f-a020-618fd5744ff7
163692,20,23.3,121,86,"2021-08-08 00:11:10",A201,9653f952-2137-469f-a020-618fd5744ff7
163693,20,24.2,112,86,"2021-08-08 00:11:38",A202,9653f952-2137-469f-a020-618fd5744ff7
163705,18,22.42,250,86,"2021-08-08 00:30:00",A203,9653f952-2137-469f-a020-618fd5744ff7
163717,20,23.2,121,86,"2021-08-08 00:41:36",A201,9653f952-2137-469f-a020-618fd5744ff7
163718,20,24.1,112,86,"2021-08-08 00:41:51",A202,9653f952-2137-469f-a020-618fd5744ff7
163730,18,22.4,250,86,"2021-08-08 00:59:48",A203,9653f952-2137-469f-a020-618fd5744ff7
163744,20,23.1,121,86,"2021-08-08 01:12:00",A201,9653f952-2137-469f-a020-618fd5744ff7
163745,20,24,112,86,"2021-08-08 01:12:05",A202,9653f952-2137-469f-a020-618fd5744ff7
163757,18,22.3,249,86,"2021-08-08 01:29:36",A203,9653f952-2137-469f-a020-618fd5744ff7
163771,20,23.9,112,86,"2021-08-08 01:42:16",A202,9653f952-2137-469f-a020-618fd5744ff7
163772,20,23,121,86,"2021-08-08 01:42:25",A201,9653f952-2137-469f-a020-618fd5744ff7
163784,17,22.2,249,86,"2021-08-08 01:59:25",A203,9653f952-2137-469f-a020-618fd5744ff7
163797,20,23.7,112,86,"2021-08-08 02:12:27",A202,9653f952-2137-469f-a020-618fd5744ff7
163798,20,22.9,121,86,"2021-08-08 02:12:49",A201,9653f952-2137-469f-a020-618fd5744ff7
163810,17,22.2,249,86,"2021-08-08 02:29:12",A203,9653f952-2137-469f-a020-618fd5744ff7
163825,20,23.6,112,86,"2021-08-08 02:42:39",A202,9653f952-2137-469f-a020-618fd5744ff7
163826,20,22.8,120,86,"2021-08-08 02:43:12",A201,9653f952-2137-469f-a020-618fd5744ff7
163837,16,22.1,249,86,"2021-08-08 02:58:58",A203,9653f952-2137-469f-a020-618fd5744ff7
163852,20,23.5,111,86,"2021-08-08 03:12:50",A202,9653f952-2137-469f-a020-618fd5744ff7
163853,20,22.7,121,86,"2021-08-08 03:13:36",A201,9653f952-2137-469f-a020-618fd5744ff7
163865,16,22,250,86,"2021-08-08 03:28:44",A203,9653f952-2137-469f-a020-618fd5744ff7
163879,20,23.4,112,86,"2021-08-08 03:43:01",A202,9653f952-2137-469f-a020-618fd5744ff7
163880,20,22.6,121,86,"2021-08-08 03:44:00",A201,9653f952-2137-469f-a020-618fd5744ff7
163892,16,21.9,249,86,"2021-08-08 03:58:31",A203,9653f952-2137-469f-a020-618fd5744ff7
163907,20,23.3,112,86,"2021-08-08 04:13:12",A202,9653f952-2137-469f-a020-618fd5744ff7
163909,20,22.5,121,86,"2021-08-08 04:14:26",A201,9653f952-2137-469f-a020-618fd5744ff7
163919,20,21.8,249,86,"2021-08-08 04:28:17",A203,9653f952-2137-469f-a020-618fd5744ff7
163933,20,23.2,112,86,"2021-08-08 04:43:23",A202,9653f952-2137-469f-a020-618fd5744ff7
163936,20,22.4,121,86,"2021-08-08 04:44:48",A201,9653f952-2137-469f-a020-618fd5744ff7
163946,22,21.8,249,86,"2021-08-08 04:58:09",A203,9653f952-2137-469f-a020-618fd5744ff7
163960,20,23.1,111,86,"2021-08-08 05:13:36",A202,9653f952-2137-469f-a020-618fd5744ff7
163963,20,22.4,121,86,"2021-08-08 05:15:13",A201,9653f952-2137-469f-a020-618fd5744ff7
163971,23,21.7,250,93,"2021-08-08 05:28:06",A203,9653f952-2137-469f-a020-618fd5744ff7
163986,20,23,112,86,"2021-08-08 05:43:48",A202,9653f952-2137-469f-a020-618fd5744ff7
163989,20,22.3,121,86,"2021-08-08 05:45:38",A201,9653f952-2137-469f-a020-618fd5744ff7
164010,20,23,111,93,"2021-08-08 06:14:03",A202,9653f952-2137-469f-a020-618fd5744ff7
164012,20,22.3,120,93,"2021-08-08 06:17:55",A201,9653f952-2137-469f-a020-618fd5744ff7
164035,20,22.9,111,93,"2021-08-08 06:44:19",A202,9653f952-2137-469f-a020-618fd5744ff7
164038,20,22.3,121,93,"2021-08-08 06:48:18",A201,9653f952-2137-469f-a020-618fd5744ff7
164061,20,23,111,93,"2021-08-08 07:14:38",A202,9653f952-2137-469f-a020-618fd5744ff7
164065,20,22.4,121,93,"2021-08-08 07:18:44",A201,9653f952-2137-469f-a020-618fd5744ff7
164087,20,23,111,93,"2021-08-08 07:44:59",A202,9653f952-2137-469f-a020-618fd5744ff7
164091,20,22.6,121,93,"2021-08-08 07:49:09",A201,9653f952-2137-469f-a020-618fd5744ff7
164096,23,21.8,242,107,"2021-08-08 07:59:09",A203,9653f952-2137-469f-a020-618fd5744ff7
164114,20,23.2,111,93,"2021-08-08 08:15:20",A202,9653f952-2137-469f-a020-618fd5744ff7
164118,20,22.8,121,93,"2021-08-08 08:19:36",A201,9653f952-2137-469f-a020-618fd5744ff7
164140,20,23.3,110,93,"2021-08-08 08:45:43",A202,9653f952-2137-469f-a020-618fd5744ff7
164143,20,23,121,93,"2021-08-08 08:50:04",A201,9653f952-2137-469f-a020-618fd5744ff7
164166,20,23.5,111,93,"2021-08-08 09:16:07",A202,9653f952-2137-469f-a020-618fd5744ff7
164170,20,23.2,121,100,"2021-08-08 09:20:32",A201,9653f952-2137-469f-a020-618fd5744ff7
164192,20,23.7,109,100,"2021-08-08 09:46:31",A202,9653f952-2137-469f-a020-618fd5744ff7
164195,20,23.6,122,100,"2021-08-08 09:51:01",A201,9653f952-2137-469f-a020-618fd5744ff7
164200,23,22.3,244,100,"2021-08-08 10:00:30",A203,9653f952-2137-469f-a020-618fd5744ff7
164219,20,24,110,100,"2021-08-08 10:16:57",A202,9653f952-2137-469f-a020-618fd5744ff7
164221,20,24,122,100,"2021-08-08 10:21:31",A201,9653f952-2137-469f-a020-618fd5744ff7
164226,23,22.5,245,100,"2021-08-08 10:30:52",A203,9653f952-2137-469f-a020-618fd5744ff7
164245,20,24.3,110,100,"2021-08-08 10:47:24",A202,9653f952-2137-469f-a020-618fd5744ff7
164249,20,24.5,123,100,"2021-08-08 10:52:01",A201,9653f952-2137-469f-a020-618fd5744ff7
164254,23,22.7,244,100,"2021-08-08 11:01:18",A203,9653f952-2137-469f-a020-618fd5744ff7
164271,20,24.7,109,100,"2021-08-08 11:17:51",A202,9653f952-2137-469f-a020-618fd5744ff7
164275,20,25,123,100,"2021-08-08 11:22:32",A201,9653f952-2137-469f-a020-618fd5744ff7
164295,20,25.1,109,100,"2021-08-08 11:48:20",A202,9653f952-2137-469f-a020-618fd5744ff7
164300,20,25.3,124,100,"2021-08-08 11:53:02",A201,9653f952-2137-469f-a020-618fd5744ff7
164320,20,25.4,109,100,"2021-08-08 12:18:47",A202,9653f952-2137-469f-a020-618fd5744ff7
164325,20,25.6,123,100,"2021-08-08 12:23:34",A201,9653f952-2137-469f-a020-618fd5744ff7
164331,23,23.5,245,100,"2021-08-08 12:32:32",A203,9653f952-2137-469f-a020-618fd5744ff7
164347,20,25.7,109,100,"2021-08-08 12:49:14",A202,9653f952-2137-469f-a020-618fd5744ff7
164352,20,25.8,123,100,"2021-08-08 12:54:05",A201,9653f952-2137-469f-a020-618fd5744ff7
164373,20,26,109,100,"2021-08-08 13:19:45",A202,9653f952-2137-469f-a020-618fd5744ff7
164378,20,26,124,100,"2021-08-08 13:24:36",A201,9653f952-2137-469f-a020-618fd5744ff7
164384,23,23.9,245,93,"2021-08-08 13:33:21",A203,9653f952-2137-469f-a020-618fd5744ff7
164400,20,26.2,109,100,"2021-08-08 13:50:15",A202,9653f952-2137-469f-a020-618fd5744ff7
164404,20,26.2,124,100,"2021-08-08 13:55:08",A201,9653f952-2137-469f-a020-618fd5744ff7
164423,19,26.4,110,86,"2021-08-08 14:20:41",A202,9653f952-2137-469f-a020-618fd5744ff7
164428,20,26.3,124,93,"2021-08-08 14:25:37",A201,9653f952-2137-469f-a020-618fd5744ff7
164447,20,26.6,110,86,"2021-08-08 14:51:06",A202,9653f952-2137-469f-a020-618fd5744ff7
164453,20,26.4,124,86,"2021-08-08 14:56:09",A201,9653f952-2137-469f-a020-618fd5744ff7
164457,23,24.3,244,107,"2021-08-08 15:04:24",A203,9653f952-2137-469f-a020-618fd5744ff7
164475,19,26.6,110,86,"2021-08-08 15:21:29",A202,9653f952-2137-469f-a020-618fd5744ff7
164481,20,26.4,124,86,"2021-08-08 15:26:34",A201,9653f952-2137-469f-a020-618fd5744ff7
164485,23,24.3,243,107,"2021-08-08 15:34:41",A203,9653f952-2137-469f-a020-618fd5744ff7
164506,20,26.3,124,86,"2021-08-08 15:57:01",A201,9653f952-2137-469f-a020-618fd5744ff7
164510,23,24.2,245,107,"2021-08-08 16:04:58",A203,9653f952-2137-469f-a020-618fd5744ff7
164527,19,26.6,110,86,"2021-08-08 16:22:11",A202,9653f952-2137-469f-a020-618fd5744ff7
164532,20,26.1,123,86,"2021-08-08 16:27:30",A201,9653f952-2137-469f-a020-618fd5744ff7
164536,23,24.1,244,107,"2021-08-08 16:35:14",A203,9653f952-2137-469f-a020-618fd5744ff7
164552,19,26.6,111,86,"2021-08-08 16:52:31",A202,9653f952-2137-469f-a020-618fd5744ff7
164558,20,25.9,123,86,"2021-08-08 16:57:55",A201,9653f952-2137-469f-a020-618fd5744ff7
164563,23,24,244,107,"2021-08-08 17:07:13",A203,9653f952-2137-469f-a020-618fd5744ff7
164579,19,26.5,110,86,"2021-08-08 17:22:47",A202,9653f952-2137-469f-a020-618fd5744ff7
164585,20,25.7,123,86,"2021-08-08 17:28:17",A201,9653f952-2137-469f-a020-618fd5744ff7
164590,23,23.9,242,107,"2021-08-08 17:37:34",A203,9653f952-2137-469f-a020-618fd5744ff7
164606,19,26.4,111,86,"2021-08-08 17:53:05",A202,9653f952-2137-469f-a020-618fd5744ff7
164611,20,25.5,123,86,"2021-08-08 17:58:41",A201,9653f952-2137-469f-a020-618fd5744ff7
164615,23,23.8,242,107,"2021-08-08 18:07:54",A203,9653f952-2137-469f-a020-618fd5744ff7
164633,20,25.4,122,86,"2021-08-08 18:29:06",A201,9653f952-2137-469f-a020-618fd5744ff7
164637,23,23.7,242,107,"2021-08-08 18:38:18",A203,9653f952-2137-469f-a020-618fd5744ff7
164652,20,25.2,122,86,"2021-08-08 18:59:30",A201,9653f952-2137-469f-a020-618fd5744ff7
164657,23,23.6,247,107,"2021-08-08 19:08:35",A203,9653f952-2137-469f-a020-618fd5744ff7
164671,20,26,111,86,"2021-08-08 19:23:54",A202,9653f952-2137-469f-a020-618fd5744ff7
164677,20,25,123,86,"2021-08-08 19:29:52",A201,9653f952-2137-469f-a020-618fd5744ff7
164682,23,23.5,247,107,"2021-08-08 19:38:54",A203,9653f952-2137-469f-a020-618fd5744ff7
164697,19,25.9,111,86,"2021-08-08 19:54:09",A202,9653f952-2137-469f-a020-618fd5744ff7
164703,20,24.9,123,86,"2021-08-08 20:00:17",A201,9653f952-2137-469f-a020-618fd5744ff7
164708,23,23.4,247,107,"2021-08-08 20:09:11",A203,9653f952-2137-469f-a020-618fd5744ff7
164723,20,25.7,111,86,"2021-08-08 20:24:22",A202,9653f952-2137-469f-a020-618fd5744ff7
164728,20,24.7,123,86,"2021-08-08 20:30:39",A201,9653f952-2137-469f-a020-618fd5744ff7
164733,23,23.3,246,107,"2021-08-08 20:39:31",A203,9653f952-2137-469f-a020-618fd5744ff7
164749,19,25.6,110,86,"2021-08-08 20:54:36",A202,9653f952-2137-469f-a020-618fd5744ff7
164754,20,24.6,123,86,"2021-08-08 21:01:04",A201,9653f952-2137-469f-a020-618fd5744ff7
164759,23,23.2,245,107,"2021-08-08 21:09:49",A203,9653f952-2137-469f-a020-618fd5744ff7
164776,20,25.4,110,86,"2021-08-08 21:24:51",A202,9653f952-2137-469f-a020-618fd5744ff7
164781,20,24.5,123,86,"2021-08-08 21:31:25",A201,9653f952-2137-469f-a020-618fd5744ff7
164786,23,23.1,245,107,"2021-08-08 21:40:09",A203,9653f952-2137-469f-a020-618fd5744ff7
164804,19,25.3,110,86,"2021-08-08 21:55:06",A202,9653f952-2137-469f-a020-618fd5744ff7
164808,20,24.3,123,86,"2021-08-08 22:01:48",A201,9653f952-2137-469f-a020-618fd5744ff7
164812,23,23,246,107,"2021-08-08 22:10:26",A203,9653f952-2137-469f-a020-618fd5744ff7
164828,20,25.1,110,86,"2021-08-08 22:25:20",A202,9653f952-2137-469f-a020-618fd5744ff7
164833,20,24.2,123,86,"2021-08-08 22:32:11",A201,9653f952-2137-469f-a020-618fd5744ff7
164838,23,22.9,245,107,"2021-08-08 22:40:43",A203,9653f952-2137-469f-a020-618fd5744ff7
164856,20,25,110,86,"2021-08-08 22:55:34",A202,9653f952-2137-469f-a020-618fd5744ff7
164861,20,24.1,123,86,"2021-08-08 23:02:32",A201,9653f952-2137-469f-a020-618fd5744ff7
164866,23,22.8,243,107,"2021-08-08 23:11:02",A203,9653f952-2137-469f-a020-618fd5744ff7
164883,19,24.9,111,86,"2021-08-08 23:25:47",A202,9653f952-2137-469f-a020-618fd5744ff7
164888,20,24,122,86,"2021-08-08 23:32:56",A201,9653f952-2137-469f-a020-618fd5744ff7
164893,23,22.7,241,107,"2021-08-08 23:41:20",A203,9653f952-2137-469f-a020-618fd5744ff7
164910,20,24.8,110,86,"2021-08-08 23:56:01",A202,9653f952-2137-469f-a020-618fd5744ff7
164915,20,23.9,123,86,"2021-08-09 00:03:17",A201,9653f952-2137-469f-a020-618fd5744ff7
164920,23,22.7,241,107,"2021-08-09 00:11:38",A203,9653f952-2137-469f-a020-618fd5744ff7
164938,19,24.7,110,86,"2021-08-09 00:26:14",A202,9653f952-2137-469f-a020-618fd5744ff7
164943,20,23.8,122,86,"2021-08-09 00:33:39",A201,9653f952-2137-469f-a020-618fd5744ff7
164948,23,22.6,246,107,"2021-08-09 00:41:53",A203,9653f952-2137-469f-a020-618fd5744ff7
164966,20,24.6,110,86,"2021-08-09 00:56:28",A202,9653f952-2137-469f-a020-618fd5744ff7
164971,20,23.7,122,86,"2021-08-09 01:04:01",A201,9653f952-2137-469f-a020-618fd5744ff7
164976,23,22.5,246,107,"2021-08-09 01:12:11",A203,9653f952-2137-469f-a020-618fd5744ff7
164992,20,24.5,110,86,"2021-08-09 01:26:41",A202,9653f952-2137-469f-a020-618fd5744ff7
164997,20,23.6,122,86,"2021-08-09 01:34:24",A201,9653f952-2137-469f-a020-618fd5744ff7
164999,9,22.5,248,65,"2021-08-09 01:36:02",A203,9653f952-2137-469f-a020-618fd5744ff7
165019,20,24.4,110,86,"2021-08-09 01:56:54",A202,9653f952-2137-469f-a020-618fd5744ff7
165024,20,23.5,122,86,"2021-08-09 02:04:46",A201,9653f952-2137-469f-a020-618fd5744ff7
165046,20,24.3,110,86,"2021-08-09 02:27:06",A202,9653f952-2137-469f-a020-618fd5744ff7
165052,20,23.4,122,86,"2021-08-09 02:35:08",A201,9653f952-2137-469f-a020-618fd5744ff7
165073,20,24.2,110,86,"2021-08-09 02:57:18",A202,9653f952-2137-469f-a020-618fd5744ff7
165079,20,23.4,122,86,"2021-08-09 03:05:29",A201,9653f952-2137-469f-a020-618fd5744ff7
165099,20,24.1,110,86,"2021-08-09 03:27:30",A202,9653f952-2137-469f-a020-618fd5744ff7
165105,20,23.3,122,86,"2021-08-09 03:35:50",A201,9653f952-2137-469f-a020-618fd5744ff7
165125,20,23.98,110,86,"2021-08-09 03:57:42",A202,9653f952-2137-469f-a020-618fd5744ff7
165131,20,23.2,122,86,"2021-08-09 04:06:12",A201,9653f952-2137-469f-a020-618fd5744ff7
165152,20,23.9,109,86,"2021-08-09 04:27:53",A202,9653f952-2137-469f-a020-618fd5744ff7
165157,20,23.1,122,86,"2021-08-09 04:36:34",A201,9653f952-2137-469f-a020-618fd5744ff7
165177,20,23.8,110,86,"2021-08-09 04:58:06",A202,9653f952-2137-469f-a020-618fd5744ff7
165182,20,23,121,86,"2021-08-09 05:06:56",A201,9653f952-2137-469f-a020-618fd5744ff7
165202,20,23.7,110,86,"2021-08-09 05:28:19",A202,9653f952-2137-469f-a020-618fd5744ff7
165207,20,23,121,86,"2021-08-09 05:37:19",A201,9653f952-2137-469f-a020-618fd5744ff7
165227,20,23.6,110,86,"2021-08-09 05:58:33",A202,9653f952-2137-469f-a020-618fd5744ff7
165233,20,22.9,122,86,"2021-08-09 06:07:41",A201,9653f952-2137-469f-a020-618fd5744ff7
165253,20,23.5,110,86,"2021-08-09 06:28:48",A202,9653f952-2137-469f-a020-618fd5744ff7
165259,20,22.9,122,86,"2021-08-09 06:38:04",A201,9653f952-2137-469f-a020-618fd5744ff7
165277,20,23.5,110,86,"2021-08-09 06:59:03",A202,9653f952-2137-469f-a020-618fd5744ff7
165283,20,22.9,122,93,"2021-08-09 07:08:28",A201,9653f952-2137-469f-a020-618fd5744ff7
165303,20,23.5,110,93,"2021-08-09 07:29:21",A202,9653f952-2137-469f-a020-618fd5744ff7
165309,20,23,122,93,"2021-08-09 07:38:52",A201,9653f952-2137-469f-a020-618fd5744ff7
165328,20,23.5,109,93,"2021-08-09 07:59:41",A202,9653f952-2137-469f-a020-618fd5744ff7
165334,20,23.1,122,93,"2021-08-09 08:09:18",A201,9653f952-2137-469f-a020-618fd5744ff7
165354,20,23.6,109,93,"2021-08-09 08:30:02",A202,9653f952-2137-469f-a020-618fd5744ff7
165360,20,23.2,122,93,"2021-08-09 08:39:44",A201,9653f952-2137-469f-a020-618fd5744ff7
165380,20,23.7,109,93,"2021-08-09 09:00:22",A202,9653f952-2137-469f-a020-618fd5744ff7
165385,20,23.4,122,93,"2021-08-09 09:10:10",A201,9653f952-2137-469f-a020-618fd5744ff7
165404,19,23.9,109,93,"2021-08-09 09:30:44",A202,9653f952-2137-469f-a020-618fd5744ff7
165409,20,23.6,122,100,"2021-08-09 09:40:36",A201,9653f952-2137-469f-a020-618fd5744ff7
165428,19,24.1,108,93,"2021-08-09 10:01:08",A202,9653f952-2137-469f-a020-618fd5744ff7
165433,20,23.8,123,100,"2021-08-09 10:11:04",A201,9653f952-2137-469f-a020-618fd5744ff7
165451,19,24.3,108,100,"2021-08-09 10:31:31",A202,9653f952-2137-469f-a020-618fd5744ff7
165456,20,24.2,123,100,"2021-08-09 10:41:32",A201,9653f952-2137-469f-a020-618fd5744ff7
165475,19,24.7,108,100,"2021-08-09 11:01:55",A202,9653f952-2137-469f-a020-618fd5744ff7
165480,20,24.5,123,100,"2021-08-09 11:12:01",A201,9653f952-2137-469f-a020-618fd5744ff7
165500,19,25,107,100,"2021-08-09 11:32:20",A202,9653f952-2137-469f-a020-618fd5744ff7
165505,20,24.8,124,100,"2021-08-09 11:42:30",A201,9653f952-2137-469f-a020-618fd5744ff7
165527,19,25.4,108,100,"2021-08-09 12:04:03",A202,9653f952-2137-469f-a020-618fd5744ff7
165532,20,25.1,122,100,"2021-08-09 12:13:00",A201,9653f952-2137-469f-a020-618fd5744ff7
165552,19,25.7,107,100,"2021-08-09 12:34:29",A202,9653f952-2137-469f-a020-618fd5744ff7
165557,20,25.3,122,100,"2021-08-09 12:43:32",A201,9653f952-2137-469f-a020-618fd5744ff7
165577,19,26,107,100,"2021-08-09 13:04:57",A202,9653f952-2137-469f-a020-618fd5744ff7
165601,19,26.3,108,100,"2021-08-09 13:35:24",A202,9653f952-2137-469f-a020-618fd5744ff7
165606,20,25.9,124,100,"2021-08-09 13:44:35",A201,9653f952-2137-469f-a020-618fd5744ff7
165624,19,26.5,108,93,"2021-08-09 14:05:50",A202,9653f952-2137-469f-a020-618fd5744ff7
165629,20,26,124,93,"2021-08-09 14:15:00",A201,9653f952-2137-469f-a020-618fd5744ff7
165651,19,26.7,108,86,"2021-08-09 14:36:09",A202,9653f952-2137-469f-a020-618fd5744ff7
165656,20,26.1,124,86,"2021-08-09 14:45:26",A201,9653f952-2137-469f-a020-618fd5744ff7
165678,19,26.9,108,86,"2021-08-09 15:06:23",A202,9653f952-2137-469f-a020-618fd5744ff7
165683,20,26.1,125,86,"2021-08-09 15:15:52",A201,9653f952-2137-469f-a020-618fd5744ff7
165702,19,26.9,109,86,"2021-08-09 15:36:36",A202,9653f952-2137-469f-a020-618fd5744ff7
165707,20,26,124,86,"2021-08-09 15:46:10",A201,9653f952-2137-469f-a020-618fd5744ff7
165727,19,26.8,109,86,"2021-08-09 16:06:49",A202,9653f952-2137-469f-a020-618fd5744ff7
165732,20,25.8,123,86,"2021-08-09 16:16:33",A201,9653f952-2137-469f-a020-618fd5744ff7
165751,19,26.7,109,86,"2021-08-09 16:37:02",A202,9653f952-2137-469f-a020-618fd5744ff7
165756,20,25.6,123,86,"2021-08-09 16:46:56",A201,9653f952-2137-469f-a020-618fd5744ff7
165776,19,26.5,108,86,"2021-08-09 17:07:14",A202,9653f952-2137-469f-a020-618fd5744ff7
165780,20,25.4,122,86,"2021-08-09 17:17:18",A201,9653f952-2137-469f-a020-618fd5744ff7
165801,20,25.2,123,86,"2021-08-09 17:47:41",A201,9653f952-2137-469f-a020-618fd5744ff7
165815,20,25,123,86,"2021-08-09 18:18:02",A201,9653f952-2137-469f-a020-618fd5744ff7
165849,19,25.8,109,86,"2021-08-09 19:07:59",A202,9653f952-2137-469f-a020-618fd5744ff7
165853,20,24.7,123,86,"2021-08-09 19:18:45",A201,9653f952-2137-469f-a020-618fd5744ff7
165873,19,25.6,109,86,"2021-08-09 19:38:11",A202,9653f952-2137-469f-a020-618fd5744ff7
165877,20,24.6,123,86,"2021-08-09 19:49:08",A201,9653f952-2137-469f-a020-618fd5744ff7
165895,19,25.5,109,86,"2021-08-09 20:08:22",A202,9653f952-2137-469f-a020-618fd5744ff7
165900,20,24.4,123,86,"2021-08-09 20:19:31",A201,9653f952-2137-469f-a020-618fd5744ff7
165921,19,25.3,109,86,"2021-08-09 20:38:34",A202,9653f952-2137-469f-a020-618fd5744ff7
165926,20,24.3,123,86,"2021-08-09 20:49:52",A201,9653f952-2137-469f-a020-618fd5744ff7
165946,19,25.2,109,86,"2021-08-09 21:08:44",A202,9653f952-2137-469f-a020-618fd5744ff7
165951,20,24.2,123,86,"2021-08-09 21:20:14",A201,9653f952-2137-469f-a020-618fd5744ff7
165970,19,25.1,109,86,"2021-08-09 21:38:56",A202,9653f952-2137-469f-a020-618fd5744ff7
165975,20,24.1,123,86,"2021-08-09 21:50:36",A201,9653f952-2137-469f-a020-618fd5744ff7
166000,20,24,123,86,"2021-08-09 22:20:57",A201,9653f952-2137-469f-a020-618fd5744ff7
166020,19,24.8,109,86,"2021-08-09 22:39:19",A202,9653f952-2137-469f-a020-618fd5744ff7
166025,20,23.9,123,86,"2021-08-09 22:51:19",A201,9653f952-2137-469f-a020-618fd5744ff7
166046,19,24.7,108,86,"2021-08-09 23:09:29",A202,9653f952-2137-469f-a020-618fd5744ff7
166051,20,23.7,123,86,"2021-08-09 23:21:41",A201,9653f952-2137-469f-a020-618fd5744ff7
166072,19,24.6,108,86,"2021-08-09 23:39:39",A202,9653f952-2137-469f-a020-618fd5744ff7
166077,20,23.6,122,86,"2021-08-09 23:52:02",A201,9653f952-2137-469f-a020-618fd5744ff7
166096,19,24.4,109,86,"2021-08-10 00:09:50",A202,9653f952-2137-469f-a020-618fd5744ff7
166101,20,23.5,122,86,"2021-08-10 00:22:25",A201,9653f952-2137-469f-a020-618fd5744ff7
166120,19,24.3,108,86,"2021-08-10 00:40:01",A202,9653f952-2137-469f-a020-618fd5744ff7
166125,20,23.4,122,86,"2021-08-10 00:52:46",A201,9653f952-2137-469f-a020-618fd5744ff7
166145,19,24.2,108,86,"2021-08-10 01:10:12",A202,9653f952-2137-469f-a020-618fd5744ff7
166151,20,23.4,122,86,"2021-08-10 01:23:08",A201,9653f952-2137-469f-a020-618fd5744ff7
166170,19,24.1,108,86,"2021-08-10 01:40:22",A202,9653f952-2137-469f-a020-618fd5744ff7
166176,20,23.3,122,86,"2021-08-10 01:53:29",A201,9653f952-2137-469f-a020-618fd5744ff7
166195,19,24,109,86,"2021-08-10 02:10:33",A202,9653f952-2137-469f-a020-618fd5744ff7
166199,20,23.2,123,86,"2021-08-10 02:23:51",A201,9653f952-2137-469f-a020-618fd5744ff7
166219,19,23.9,109,86,"2021-08-10 02:40:44",A202,9653f952-2137-469f-a020-618fd5744ff7
166225,20,23.2,122,86,"2021-08-10 02:54:14",A201,9653f952-2137-469f-a020-618fd5744ff7
166244,19,23.9,108,86,"2021-08-10 03:10:55",A202,9653f952-2137-469f-a020-618fd5744ff7
166249,20,23.1,122,86,"2021-08-10 03:24:35",A201,9653f952-2137-469f-a020-618fd5744ff7
166268,19,23.8,108,86,"2021-08-10 03:41:07",A202,9653f952-2137-469f-a020-618fd5744ff7
166273,20,23,122,86,"2021-08-10 03:54:56",A201,9653f952-2137-469f-a020-618fd5744ff7
166293,19,23.7,108,86,"2021-08-10 04:11:18",A202,9653f952-2137-469f-a020-618fd5744ff7
166299,20,23,122,86,"2021-08-10 04:25:19",A201,9653f952-2137-469f-a020-618fd5744ff7
166318,19,23.6,108,86,"2021-08-10 04:41:29",A202,9653f952-2137-469f-a020-618fd5744ff7
166324,20,22.9,122,86,"2021-08-10 04:55:40",A201,9653f952-2137-469f-a020-618fd5744ff7
166340,19,23.6,108,86,"2021-08-10 05:11:40",A202,9653f952-2137-469f-a020-618fd5744ff7
166346,20,22.9,122,93,"2021-08-10 05:26:02",A201,9653f952-2137-469f-a020-618fd5744ff7
166364,19,23.5,108,93,"2021-08-10 05:41:53",A202,9653f952-2137-469f-a020-618fd5744ff7
166370,20,22.9,121,93,"2021-08-10 05:56:27",A201,9653f952-2137-469f-a020-618fd5744ff7
166386,19,23.5,108,93,"2021-08-10 06:12:10",A202,9653f952-2137-469f-a020-618fd5744ff7
166392,20,22.9,122,93,"2021-08-10 06:26:51",A201,9653f952-2137-469f-a020-618fd5744ff7
166409,19,23.5,108,93,"2021-08-10 06:42:30",A202,9653f952-2137-469f-a020-618fd5744ff7
166416,20,23,122,93,"2021-08-10 06:57:15",A201,9653f952-2137-469f-a020-618fd5744ff7
166434,19,23.6,108,93,"2021-08-10 07:12:46",A202,9653f952-2137-469f-a020-618fd5744ff7
166441,20,23.1,122,93,"2021-08-10 07:27:42",A201,9653f952-2137-469f-a020-618fd5744ff7
166459,19,23.7,107,93,"2021-08-10 07:43:05",A202,9653f952-2137-469f-a020-618fd5744ff7
166466,20,23.3,122,100,"2021-08-10 07:58:08",A201,9653f952-2137-469f-a020-618fd5744ff7
166482,19,23.8,107,93,"2021-08-10 08:13:26",A202,9653f952-2137-469f-a020-618fd5744ff7
166489,20,23.5,122,93,"2021-08-10 08:28:35",A201,9653f952-2137-469f-a020-618fd5744ff7
166507,19,24,107,100,"2021-08-10 08:43:46",A202,9653f952-2137-469f-a020-618fd5744ff7
166515,20,23.8,123,100,"2021-08-10 09:00:55",A201,9653f952-2137-469f-a020-618fd5744ff7
166531,19,24.2,107,93,"2021-08-10 09:14:07",A202,9653f952-2137-469f-a020-618fd5744ff7
166539,20,24.1,123,100,"2021-08-10 09:31:17",A201,9653f952-2137-469f-a020-618fd5744ff7
166555,19,24.4,107,93,"2021-08-10 09:44:27",A202,9653f952-2137-469f-a020-618fd5744ff7
166562,20,24.4,123,100,"2021-08-10 10:01:39",A201,9653f952-2137-469f-a020-618fd5744ff7
166579,19,24.6,107,93,"2021-08-10 10:14:47",A202,9653f952-2137-469f-a020-618fd5744ff7
166585,20,24.6,123,93,"2021-08-10 10:32:04",A201,9653f952-2137-469f-a020-618fd5744ff7
166602,19,24.8,107,86,"2021-08-10 10:45:04",A202,9653f952-2137-469f-a020-618fd5744ff7
166610,20,24.7,123,86,"2021-08-10 11:02:21",A201,9653f952-2137-469f-a020-618fd5744ff7
166626,19,24.9,107,86,"2021-08-10 11:15:19",A202,9653f952-2137-469f-a020-618fd5744ff7
166633,20,24.7,123,93,"2021-08-10 11:32:39",A201,9653f952-2137-469f-a020-618fd5744ff7
166649,19,25,107,93,"2021-08-10 11:45:33",A202,9653f952-2137-469f-a020-618fd5744ff7
166657,20,24.6,123,93,"2021-08-10 12:02:59",A201,9653f952-2137-469f-a020-618fd5744ff7
166673,19,25,106,93,"2021-08-10 12:15:47",A202,9653f952-2137-469f-a020-618fd5744ff7
166679,20,24.6,123,100,"2021-08-10 12:33:17",A201,9653f952-2137-469f-a020-618fd5744ff7
166694,19,24.9,107,100,"2021-08-10 12:46:04",A202,9653f952-2137-469f-a020-618fd5744ff7
166701,20,24.5,123,100,"2021-08-10 13:03:36",A201,9653f952-2137-469f-a020-618fd5744ff7
166717,19,24.9,107,100,"2021-08-10 13:16:21",A202,9653f952-2137-469f-a020-618fd5744ff7
166725,20,24.5,123,100,"2021-08-10 13:33:56",A201,9653f952-2137-469f-a020-618fd5744ff7
166739,19,24.9,106,100,"2021-08-10 13:46:39",A202,9653f952-2137-469f-a020-618fd5744ff7
166748,20,24.6,123,100,"2021-08-10 14:04:19",A201,9653f952-2137-469f-a020-618fd5744ff7
166769,20,24.6,123,93,"2021-08-10 14:34:38",A201,9653f952-2137-469f-a020-618fd5744ff7
166784,19,25.1,107,86,"2021-08-10 14:47:15",A202,9653f952-2137-469f-a020-618fd5744ff7
166794,20,24.7,123,86,"2021-08-10 15:05:01",A201,9653f952-2137-469f-a020-618fd5744ff7
166807,19,25.1,107,86,"2021-08-10 15:17:32",A202,9653f952-2137-469f-a020-618fd5744ff7
166814,20,24.7,123,86,"2021-08-10 15:35:19",A201,9653f952-2137-469f-a020-618fd5744ff7
166829,19,25.1,106,86,"2021-08-10 15:47:48",A202,9653f952-2137-469f-a020-618fd5744ff7
166838,20,24.6,123,86,"2021-08-10 16:05:39",A201,9653f952-2137-469f-a020-618fd5744ff7
166850,19,25.1,107,86,"2021-08-10 16:18:02",A202,9653f952-2137-469f-a020-618fd5744ff7
166857,20,24.6,123,86,"2021-08-10 16:35:57",A201,9653f952-2137-469f-a020-618fd5744ff7
166871,19,25.1,107,86,"2021-08-10 16:48:17",A202,9653f952-2137-469f-a020-618fd5744ff7
166878,20,24.5,123,86,"2021-08-10 17:06:14",A201,9653f952-2137-469f-a020-618fd5744ff7
166895,20,24.4,123,86,"2021-08-10 17:36:33",A201,9653f952-2137-469f-a020-618fd5744ff7
166908,20,24.2,123,86,"2021-08-10 18:06:49",A201,9653f952-2137-469f-a020-618fd5744ff7
166916,19,24.8,106,86,"2021-08-10 18:18:53",A202,9653f952-2137-469f-a020-618fd5744ff7
166919,20,24.1,123,86,"2021-08-10 18:37:07",A201,9653f952-2137-469f-a020-618fd5744ff7
166927,19,24.7,107,86,"2021-08-10 18:49:05",A202,9653f952-2137-469f-a020-618fd5744ff7
166930,20,24,122,86,"2021-08-10 19:07:24",A201,9653f952-2137-469f-a020-618fd5744ff7
166945,19,24.6,108,86,"2021-08-10 19:19:17",A202,9653f952-2137-469f-a020-618fd5744ff7
166952,20,23.9,123,86,"2021-08-10 19:37:43",A201,9653f952-2137-469f-a020-618fd5744ff7
166965,19,24.5,107,86,"2021-08-10 19:49:29",A202,9653f952-2137-469f-a020-618fd5744ff7
166974,20,23.8,122,86,"2021-08-10 20:07:59",A201,9653f952-2137-469f-a020-618fd5744ff7
166987,19,24.4,107,86,"2021-08-10 20:19:41",A202,9653f952-2137-469f-a020-618fd5744ff7
166998,20,23.7,122,86,"2021-08-10 20:38:17",A201,9653f952-2137-469f-a020-618fd5744ff7
167009,19,24.3,107,86,"2021-08-10 20:49:53",A202,9653f952-2137-469f-a020-618fd5744ff7
167021,20,23.6,122,86,"2021-08-10 21:08:34",A201,9653f952-2137-469f-a020-618fd5744ff7
167032,19,24.2,107,86,"2021-08-10 21:20:05",A202,9653f952-2137-469f-a020-618fd5744ff7
167045,20,23.5,122,86,"2021-08-10 21:38:51",A201,9653f952-2137-469f-a020-618fd5744ff7
167056,19,24.1,107,86,"2021-08-10 21:50:17",A202,9653f952-2137-469f-a020-618fd5744ff7
167067,20,23.4,122,86,"2021-08-10 22:09:08",A201,9653f952-2137-469f-a020-618fd5744ff7
167078,19,24,107,86,"2021-08-10 22:20:29",A202,9653f952-2137-469f-a020-618fd5744ff7
167090,20,23.4,122,86,"2021-08-10 22:39:27",A201,9653f952-2137-469f-a020-618fd5744ff7
167101,19,23.9,107,86,"2021-08-10 22:50:40",A202,9653f952-2137-469f-a020-618fd5744ff7
167113,20,23.3,122,86,"2021-08-10 23:09:44",A201,9653f952-2137-469f-a020-618fd5744ff7
167122,19,23.9,107,86,"2021-08-10 23:20:52",A202,9653f952-2137-469f-a020-618fd5744ff7
167136,20,23.2,122,86,"2021-08-10 23:40:02",A201,9653f952-2137-469f-a020-618fd5744ff7
167146,19,23.8,107,86,"2021-08-10 23:51:04",A202,9653f952-2137-469f-a020-618fd5744ff7
167158,20,23.1,121,86,"2021-08-11 00:10:20",A201,9653f952-2137-469f-a020-618fd5744ff7
167168,19,23.7,107,86,"2021-08-11 00:21:16",A202,9653f952-2137-469f-a020-618fd5744ff7
167178,20,23.1,121,86,"2021-08-11 00:40:36",A201,9653f952-2137-469f-a020-618fd5744ff7
167188,19,23.6,107,86,"2021-08-11 00:51:28",A202,9653f952-2137-469f-a020-618fd5744ff7
167200,20,23,122,86,"2021-08-11 01:10:52",A201,9653f952-2137-469f-a020-618fd5744ff7
167210,19,23.6,107,86,"2021-08-11 01:21:40",A202,9653f952-2137-469f-a020-618fd5744ff7
167224,20,23,122,86,"2021-08-11 01:41:09",A201,9653f952-2137-469f-a020-618fd5744ff7
167234,19,23.5,107,86,"2021-08-11 01:51:52",A202,9653f952-2137-469f-a020-618fd5744ff7
167248,20,22.9,122,86,"2021-08-11 02:11:27",A201,9653f952-2137-469f-a020-618fd5744ff7
167258,19,23.4,107,86,"2021-08-11 02:22:03",A202,9653f952-2137-469f-a020-618fd5744ff7
167270,20,22.9,122,86,"2021-08-11 02:41:44",A201,9653f952-2137-469f-a020-618fd5744ff7
167280,19,23.4,107,86,"2021-08-11 02:52:14",A202,9653f952-2137-469f-a020-618fd5744ff7
167293,20,22.8,122,86,"2021-08-11 03:12:02",A201,9653f952-2137-469f-a020-618fd5744ff7
167303,19,23.3,107,86,"2021-08-11 03:22:26",A202,9653f952-2137-469f-a020-618fd5744ff7
167313,20,22.8,122,86,"2021-08-11 03:42:19",A201,9653f952-2137-469f-a020-618fd5744ff7
167323,19,23.2,106,86,"2021-08-11 03:52:37",A202,9653f952-2137-469f-a020-618fd5744ff7
167334,20,22.7,122,86,"2021-08-11 04:12:36",A201,9653f952-2137-469f-a020-618fd5744ff7
167344,19,23.2,106,86,"2021-08-11 04:22:48",A202,9653f952-2137-469f-a020-618fd5744ff7
167358,20,22.6,121,86,"2021-08-11 04:42:53",A201,9653f952-2137-469f-a020-618fd5744ff7
167368,19,23.1,107,86,"2021-08-11 04:52:58",A202,9653f952-2137-469f-a020-618fd5744ff7
167382,20,22.6,121,86,"2021-08-11 05:13:09",A201,9653f952-2137-469f-a020-618fd5744ff7
167392,19,23.1,107,86,"2021-08-11 05:23:11",A202,9653f952-2137-469f-a020-618fd5744ff7
167406,20,22.6,122,86,"2021-08-11 05:43:29",A201,9653f952-2137-469f-a020-618fd5744ff7
167416,19,23,107,86,"2021-08-11 05:53:22",A202,9653f952-2137-469f-a020-618fd5744ff7
167431,20,22.5,122,86,"2021-08-11 06:13:45",A201,9653f952-2137-469f-a020-618fd5744ff7
167441,19,23,107,86,"2021-08-11 06:23:33",A202,9653f952-2137-469f-a020-618fd5744ff7
167456,20,22.5,121,86,"2021-08-11 06:44:02",A201,9653f952-2137-469f-a020-618fd5744ff7
167466,19,22.9,107,86,"2021-08-11 06:53:45",A202,9653f952-2137-469f-a020-618fd5744ff7
167480,20,22.4,121,86,"2021-08-11 07:14:21",A201,9653f952-2137-469f-a020-618fd5744ff7
167490,19,22.88,107,86,"2021-08-11 07:23:57",A202,9653f952-2137-469f-a020-618fd5744ff7
167511,19,22.8,107,86,"2021-08-11 07:54:09",A202,9653f952-2137-469f-a020-618fd5744ff7
167525,20,22.4,122,86,"2021-08-11 08:14:54",A201,9653f952-2137-469f-a020-618fd5744ff7
167535,19,22.8,107,86,"2021-08-11 08:24:22",A202,9653f952-2137-469f-a020-618fd5744ff7
167546,20,22.4,122,86,"2021-08-11 08:45:13",A201,9653f952-2137-469f-a020-618fd5744ff7
167557,19,22.8,107,86,"2021-08-11 08:54:35",A202,9653f952-2137-469f-a020-618fd5744ff7
167571,20,22.4,122,86,"2021-08-11 09:15:31",A201,9653f952-2137-469f-a020-618fd5744ff7
167581,19,22.8,107,86,"2021-08-11 09:24:49",A202,9653f952-2137-469f-a020-618fd5744ff7
167597,20,22.4,121,86,"2021-08-11 09:45:49",A201,9653f952-2137-469f-a020-618fd5744ff7
167607,19,22.8,106,86,"2021-08-11 09:55:03",A202,9653f952-2137-469f-a020-618fd5744ff7
167619,20,22.5,121,86,"2021-08-11 10:16:08",A201,9653f952-2137-469f-a020-618fd5744ff7
167631,19,22.8,107,86,"2021-08-11 10:25:16",A202,9653f952-2137-469f-a020-618fd5744ff7
167644,20,22.5,121,93,"2021-08-11 10:46:25",A201,9653f952-2137-469f-a020-618fd5744ff7
167656,19,22.8,107,93,"2021-08-11 10:55:31",A202,9653f952-2137-469f-a020-618fd5744ff7
167664,23,21.8,244,93,"2021-08-11 11:07:21",A203,9653f952-2137-469f-a020-618fd5744ff7
167669,20,22.6,121,93,"2021-08-11 11:16:44",A201,9653f952-2137-469f-a020-618fd5744ff7
167682,19,22.8,106,93,"2021-08-11 11:25:46",A202,9653f952-2137-469f-a020-618fd5744ff7
167693,23,21.8,243,107,"2021-08-11 11:39:16",A203,9653f952-2137-469f-a020-618fd5744ff7
167696,20,22.6,122,93,"2021-08-11 11:47:04",A201,9653f952-2137-469f-a020-618fd5744ff7
167711,19,22.8,106,93,"2021-08-11 11:56:02",A202,9653f952-2137-469f-a020-618fd5744ff7
167721,23,21.9,244,107,"2021-08-11 12:09:41",A203,9653f952-2137-469f-a020-618fd5744ff7
167724,20,22.7,122,93,"2021-08-11 12:17:23",A201,9653f952-2137-469f-a020-618fd5744ff7
167737,19,22.9,106,93,"2021-08-11 12:26:19",A202,9653f952-2137-469f-a020-618fd5744ff7
167748,23,22,244,107,"2021-08-11 12:40:03",A203,9653f952-2137-469f-a020-618fd5744ff7
167751,20,22.8,122,93,"2021-08-11 12:47:44",A201,9653f952-2137-469f-a020-618fd5744ff7
167765,19,23,106,93,"2021-08-11 12:56:36",A202,9653f952-2137-469f-a020-618fd5744ff7
167775,23,22.1,243,107,"2021-08-11 13:10:31",A203,9653f952-2137-469f-a020-618fd5744ff7
167778,20,22.9,121,93,"2021-08-11 13:18:03",A201,9653f952-2137-469f-a020-618fd5744ff7
167792,19,23.1,107,93,"2021-08-11 13:26:57",A202,9653f952-2137-469f-a020-618fd5744ff7
167802,23,22.2,243,100,"2021-08-11 13:40:57",A203,9653f952-2137-469f-a020-618fd5744ff7
167805,20,23.1,121,93,"2021-08-11 13:48:27",A201,9653f952-2137-469f-a020-618fd5744ff7
167818,26,23.2,163,93,"2021-08-11 13:57:10",A202,9653f952-2137-469f-a020-618fd5744ff7
167827,23,22.4,237,107,"2021-08-11 14:11:27",A203,9653f952-2137-469f-a020-618fd5744ff7
167831,20,23.3,122,93,"2021-08-11 14:18:50",A201,9653f952-2137-469f-a020-618fd5744ff7
167854,23,22.6,243,107,"2021-08-11 14:41:57",A203,9653f952-2137-469f-a020-618fd5744ff7
167865,25,23.4,156,86,"2021-08-11 14:59:10",A202,9653f952-2137-469f-a020-618fd5744ff7
167875,23,22.7,243,107,"2021-08-11 15:12:19",A203,9653f952-2137-469f-a020-618fd5744ff7
167879,20,23.4,122,86,"2021-08-11 15:19:32",A201,9653f952-2137-469f-a020-618fd5744ff7
167893,25,23.4,155,86,"2021-08-11 15:29:36",A202,9653f952-2137-469f-a020-618fd5744ff7
167905,23,22.8,243,107,"2021-08-11 15:42:44",A203,9653f952-2137-469f-a020-618fd5744ff7
167909,20,23.6,122,86,"2021-08-11 15:49:54",A201,9653f952-2137-469f-a020-618fd5744ff7
167921,25,23.4,154,86,"2021-08-11 16:00:00",A202,9653f952-2137-469f-a020-618fd5744ff7
167932,23,22.8,240,107,"2021-08-11 16:13:08",A203,9653f952-2137-469f-a020-618fd5744ff7
167935,20,23.6,121,86,"2021-08-11 16:20:12",A201,9653f952-2137-469f-a020-618fd5744ff7
167948,25,23.4,153,86,"2021-08-11 16:30:23",A202,9653f952-2137-469f-a020-618fd5744ff7
167960,23,22.8,243,107,"2021-08-11 16:43:29",A203,9653f952-2137-469f-a020-618fd5744ff7
167963,20,23.6,122,86,"2021-08-11 16:50:31",A201,9653f952-2137-469f-a020-618fd5744ff7
167977,25,23.4,152,86,"2021-08-11 17:00:45",A202,9653f952-2137-469f-a020-618fd5744ff7
167990,20,23.5,122,86,"2021-08-11 17:20:51",A201,9653f952-2137-469f-a020-618fd5744ff7
168001,25,23.4,152,86,"2021-08-11 17:31:06",A202,9653f952-2137-469f-a020-618fd5744ff7
168009,23,22.6,244,107,"2021-08-11 17:44:09",A203,9653f952-2137-469f-a020-618fd5744ff7
168010,20,23.4,122,86,"2021-08-11 17:51:07",A201,9653f952-2137-469f-a020-618fd5744ff7
168018,25,23.3,150,86,"2021-08-11 18:01:25",A202,9653f952-2137-469f-a020-618fd5744ff7
168025,23,22.4,244,107,"2021-08-11 18:14:28",A203,9653f952-2137-469f-a020-618fd5744ff7
168026,20,23.3,122,86,"2021-08-11 18:21:26",A201,9653f952-2137-469f-a020-618fd5744ff7
168032,25,23.2,149,86,"2021-08-11 18:31:45",A202,9653f952-2137-469f-a020-618fd5744ff7
168040,23,22.3,244,107,"2021-08-11 18:44:46",A203,9653f952-2137-469f-a020-618fd5744ff7
168043,20,23.2,122,86,"2021-08-11 18:51:42",A201,9653f952-2137-469f-a020-618fd5744ff7
168053,25,23.2,149,86,"2021-08-11 19:02:03",A202,9653f952-2137-469f-a020-618fd5744ff7
168060,23,22.2,241,107,"2021-08-11 19:15:05",A203,9653f952-2137-469f-a020-618fd5744ff7
168074,25,23.1,149,86,"2021-08-11 19:32:21",A202,9653f952-2137-469f-a020-618fd5744ff7
168085,23,22.1,242,107,"2021-08-11 19:45:22",A203,9653f952-2137-469f-a020-618fd5744ff7
168090,20,23,121,86,"2021-08-11 19:52:17",A201,9653f952-2137-469f-a020-618fd5744ff7
168103,24,23,149,86,"2021-08-11 20:02:40",A202,9653f952-2137-469f-a020-618fd5744ff7
168113,23,22,244,107,"2021-08-11 20:15:40",A203,9653f952-2137-469f-a020-618fd5744ff7
168117,20,22.8,122,86,"2021-08-11 20:22:33",A201,9653f952-2137-469f-a020-618fd5744ff7
168130,24,22.9,148,86,"2021-08-11 20:32:58",A202,9653f952-2137-469f-a020-618fd5744ff7
168139,23,21.9,244,107,"2021-08-11 20:45:57",A203,9653f952-2137-469f-a020-618fd5744ff7
168144,20,22.7,121,86,"2021-08-11 20:52:51",A201,9653f952-2137-469f-a020-618fd5744ff7
168157,24,22.8,147,86,"2021-08-11 21:03:17",A202,9653f952-2137-469f-a020-618fd5744ff7
168166,23,21.8,245,107,"2021-08-11 21:16:13",A203,9653f952-2137-469f-a020-618fd5744ff7
168172,20,22.6,121,86,"2021-08-11 21:23:08",A201,9653f952-2137-469f-a020-618fd5744ff7
168185,24,22.7,145,86,"2021-08-11 21:33:34",A202,9653f952-2137-469f-a020-618fd5744ff7
168192,23,21.7,245,107,"2021-08-11 21:46:31",A203,9653f952-2137-469f-a020-618fd5744ff7
168196,20,22.5,122,86,"2021-08-11 21:53:23",A201,9653f952-2137-469f-a020-618fd5744ff7
168209,24,22.6,146,86,"2021-08-11 22:03:51",A202,9653f952-2137-469f-a020-618fd5744ff7
168216,23,21.6,245,107,"2021-08-11 22:16:46",A203,9653f952-2137-469f-a020-618fd5744ff7
168221,20,22.4,121,86,"2021-08-11 22:23:39",A201,9653f952-2137-469f-a020-618fd5744ff7
168234,24,22.42,146,86,"2021-08-11 22:34:08",A202,9653f952-2137-469f-a020-618fd5744ff7
168243,23,21.6,246,114,"2021-08-11 22:47:03",A203,9653f952-2137-469f-a020-618fd5744ff7
168248,20,22.3,121,86,"2021-08-11 22:53:56",A201,9653f952-2137-469f-a020-618fd5744ff7
168261,24,22.3,147,86,"2021-08-11 23:04:25",A202,9653f952-2137-469f-a020-618fd5744ff7
168271,23,21.5,244,114,"2021-08-11 23:17:18",A203,9653f952-2137-469f-a020-618fd5744ff7
168276,20,22.2,122,86,"2021-08-11 23:24:11",A201,9653f952-2137-469f-a020-618fd5744ff7
168289,24,22.3,146,86,"2021-08-11 23:34:42",A202,9653f952-2137-469f-a020-618fd5744ff7
168297,23,21.4,244,114,"2021-08-11 23:47:35",A203,9653f952-2137-469f-a020-618fd5744ff7
168303,20,22.1,121,86,"2021-08-11 23:54:27",A201,9653f952-2137-469f-a020-618fd5744ff7
168315,24,22.2,146,86,"2021-08-12 00:04:58",A202,9653f952-2137-469f-a020-618fd5744ff7
168323,23,21.3,243,114,"2021-08-12 00:17:51",A203,9653f952-2137-469f-a020-618fd5744ff7
168328,20,22,121,86,"2021-08-12 00:24:43",A201,9653f952-2137-469f-a020-618fd5744ff7
168341,24,22.1,145,86,"2021-08-12 00:35:14",A202,9653f952-2137-469f-a020-618fd5744ff7
168350,23,21.2,243,107,"2021-08-12 00:48:06",A203,9653f952-2137-469f-a020-618fd5744ff7
168356,20,21.9,122,86,"2021-08-12 00:55:00",A201,9653f952-2137-469f-a020-618fd5744ff7
168368,24,21.9,144,86,"2021-08-12 01:05:32",A202,9653f952-2137-469f-a020-618fd5744ff7
168378,23,21.1,241,107,"2021-08-12 01:18:23",A203,9653f952-2137-469f-a020-618fd5744ff7
168383,20,21.9,121,86,"2021-08-12 01:25:16",A201,9653f952-2137-469f-a020-618fd5744ff7
168395,24,21.9,144,86,"2021-08-12 01:35:50",A202,9653f952-2137-469f-a020-618fd5744ff7
168404,23,21,242,107,"2021-08-12 01:48:41",A203,9653f952-2137-469f-a020-618fd5744ff7
168409,20,21.8,121,86,"2021-08-12 01:55:33",A201,9653f952-2137-469f-a020-618fd5744ff7
168421,24,21.7,144,86,"2021-08-12 02:06:08",A202,9653f952-2137-469f-a020-618fd5744ff7
168431,23,21,242,107,"2021-08-12 02:18:58",A203,9653f952-2137-469f-a020-618fd5744ff7
168435,20,21.7,121,86,"2021-08-12 02:25:49",A201,9653f952-2137-469f-a020-618fd5744ff7
168447,24,21.7,143,86,"2021-08-12 02:36:26",A202,9653f952-2137-469f-a020-618fd5744ff7
168457,23,21,243,107,"2021-08-12 02:49:15",A203,9653f952-2137-469f-a020-618fd5744ff7
168463,20,21.7,121,86,"2021-08-12 02:56:07",A201,9653f952-2137-469f-a020-618fd5744ff7
168475,24,21.6,143,86,"2021-08-12 03:06:43",A202,9653f952-2137-469f-a020-618fd5744ff7
168484,23,20.9,243,107,"2021-08-12 03:19:31",A203,9653f952-2137-469f-a020-618fd5744ff7
168489,20,21.6,121,86,"2021-08-12 03:26:24",A201,9653f952-2137-469f-a020-618fd5744ff7
168501,24,21.5,143,86,"2021-08-12 03:37:01",A202,9653f952-2137-469f-a020-618fd5744ff7
168511,23,20.9,242,107,"2021-08-12 03:49:48",A203,9653f952-2137-469f-a020-618fd5744ff7
168516,20,21.6,121,86,"2021-08-12 03:56:40",A201,9653f952-2137-469f-a020-618fd5744ff7
168528,24,21.5,142,86,"2021-08-12 04:07:19",A202,9653f952-2137-469f-a020-618fd5744ff7
168538,23,20.9,242,107,"2021-08-12 04:20:06",A203,9653f952-2137-469f-a020-618fd5744ff7
168543,20,21.6,121,86,"2021-08-12 04:26:56",A201,9653f952-2137-469f-a020-618fd5744ff7
168555,24,21.4,142,86,"2021-08-12 04:37:37",A202,9653f952-2137-469f-a020-618fd5744ff7
168564,23,20.9,243,107,"2021-08-12 04:50:27",A203,9653f952-2137-469f-a020-618fd5744ff7
168570,20,21.5,121,86,"2021-08-12 04:57:11",A201,9653f952-2137-469f-a020-618fd5744ff7
168582,24,21.4,141,86,"2021-08-12 05:07:55",A202,9653f952-2137-469f-a020-618fd5744ff7
168590,23,20.9,242,107,"2021-08-12 05:20:40",A203,9653f952-2137-469f-a020-618fd5744ff7
168597,20,21.5,121,93,"2021-08-12 05:27:29",A201,9653f952-2137-469f-a020-618fd5744ff7
168609,24,21.3,142,93,"2021-08-12 05:38:14",A202,9653f952-2137-469f-a020-618fd5744ff7
168618,23,20.88,241,107,"2021-08-12 05:51:00",A203,9653f952-2137-469f-a020-618fd5744ff7
168625,20,21.5,120,93,"2021-08-12 05:57:46",A201,9653f952-2137-469f-a020-618fd5744ff7
168634,24,21.3,140,93,"2021-08-12 06:08:35",A202,9653f952-2137-469f-a020-618fd5744ff7
168641,23,20.9,241,107,"2021-08-12 06:21:21",A203,9653f952-2137-469f-a020-618fd5744ff7
168648,20,21.5,121,93,"2021-08-12 06:28:06",A201,9653f952-2137-469f-a020-618fd5744ff7
168658,24,21.3,138,93,"2021-08-12 06:38:59",A202,9653f952-2137-469f-a020-618fd5744ff7
168666,23,20.9,240,107,"2021-08-12 06:51:45",A203,9653f952-2137-469f-a020-618fd5744ff7
168673,20,21.6,121,93,"2021-08-12 06:58:26",A201,9653f952-2137-469f-a020-618fd5744ff7
168685,24,21.4,139,93,"2021-08-12 07:09:23",A202,9653f952-2137-469f-a020-618fd5744ff7
168694,23,21,242,107,"2021-08-12 07:22:10",A203,9653f952-2137-469f-a020-618fd5744ff7
168701,20,21.7,121,93,"2021-08-12 07:28:49",A201,9653f952-2137-469f-a020-618fd5744ff7
168713,24,21.5,139,93,"2021-08-12 07:39:48",A202,9653f952-2137-469f-a020-618fd5744ff7
168722,23,21.1,241,107,"2021-08-12 07:52:38",A203,9653f952-2137-469f-a020-618fd5744ff7
168727,20,21.9,121,93,"2021-08-12 07:59:07",A201,9653f952-2137-469f-a020-618fd5744ff7
168738,24,21.7,139,93,"2021-08-12 08:10:15",A202,9653f952-2137-469f-a020-618fd5744ff7
168746,23,21.2,241,100,"2021-08-12 08:23:08",A203,9653f952-2137-469f-a020-618fd5744ff7
168752,20,22.1,121,93,"2021-08-12 08:29:31",A201,9653f952-2137-469f-a020-618fd5744ff7
168764,24,21.9,138,93,"2021-08-12 08:40:44",A202,9653f952-2137-469f-a020-618fd5744ff7
168772,23,21.4,239,100,"2021-08-12 08:53:38",A203,9653f952-2137-469f-a020-618fd5744ff7
168779,20,22.4,122,93,"2021-08-12 08:59:53",A201,9653f952-2137-469f-a020-618fd5744ff7
168791,24,22.1,137,93,"2021-08-12 09:11:13",A202,9653f952-2137-469f-a020-618fd5744ff7
168800,23,21.6,240,100,"2021-08-12 09:24:09",A203,9653f952-2137-469f-a020-618fd5744ff7
168806,20,22.9,121,100,"2021-08-12 09:30:14",A201,9653f952-2137-469f-a020-618fd5744ff7
168818,24,22.4,135,93,"2021-08-12 09:41:42",A202,9653f952-2137-469f-a020-618fd5744ff7
168826,23,21.9,241,100,"2021-08-12 09:54:41",A203,9653f952-2137-469f-a020-618fd5744ff7
168834,20,23.3,121,93,"2021-08-12 10:00:38",A201,9653f952-2137-469f-a020-618fd5744ff7
168846,24,22.7,136,93,"2021-08-12 10:12:12",A202,9653f952-2137-469f-a020-618fd5744ff7
168855,23,22.3,241,100,"2021-08-12 10:25:11",A203,9653f952-2137-469f-a020-618fd5744ff7
168862,20,23.7,122,100,"2021-08-12 10:30:59",A201,9653f952-2137-469f-a020-618fd5744ff7
168875,24,22.9,134,93,"2021-08-12 10:42:42",A202,9653f952-2137-469f-a020-618fd5744ff7
168885,23,22.6,239,100,"2021-08-12 10:55:44",A203,9653f952-2137-469f-a020-618fd5744ff7
168893,20,24.1,122,100,"2021-08-12 11:01:24",A201,9653f952-2137-469f-a020-618fd5744ff7
168902,24,23.2,136,93,"2021-08-12 11:13:14",A202,9653f952-2137-469f-a020-618fd5744ff7
168911,23,22.9,238,100,"2021-08-12 11:26:17",A203,9653f952-2137-469f-a020-618fd5744ff7
168919,20,24.4,122,100,"2021-08-12 11:33:48",A201,9653f952-2137-469f-a020-618fd5744ff7
168930,24,23.4,136,100,"2021-08-12 11:43:46",A202,9653f952-2137-469f-a020-618fd5744ff7
168939,23,23.3,241,100,"2021-08-12 11:56:51",A203,9653f952-2137-469f-a020-618fd5744ff7
168945,26,24.9,227,93,"2021-08-12 12:04:06",A201,9653f952-2137-469f-a020-618fd5744ff7
168955,23,23.7,135,100,"2021-08-12 12:14:18",A202,9653f952-2137-469f-a020-618fd5744ff7
168965,23,23.6,237,100,"2021-08-12 12:27:25",A203,9653f952-2137-469f-a020-618fd5744ff7
168972,27,25.5,244,100,"2021-08-12 12:34:25",A201,9653f952-2137-469f-a020-618fd5744ff7
168982,23,23.9,134,93,"2021-08-12 12:44:50",A202,9653f952-2137-469f-a020-618fd5744ff7
168991,23,23.9,241,100,"2021-08-12 12:57:57",A203,9653f952-2137-469f-a020-618fd5744ff7
168999,26,25.3,243,93,"2021-08-12 13:04:47",A201,9653f952-2137-469f-a020-618fd5744ff7
169008,23,24.1,134,100,"2021-08-12 13:15:28",A202,9653f952-2137-469f-a020-618fd5744ff7
169017,23,24.2,242,100,"2021-08-12 13:28:30",A203,9653f952-2137-469f-a020-618fd5744ff7
169024,26,25.3,238,93,"2021-08-12 13:35:09",A201,9653f952-2137-469f-a020-618fd5744ff7
169034,23,24.2,134,93,"2021-08-12 13:45:54",A202,9653f952-2137-469f-a020-618fd5744ff7
169043,23,24.3,241,107,"2021-08-12 13:58:59",A203,9653f952-2137-469f-a020-618fd5744ff7
169049,26,25.3,239,93,"2021-08-12 14:05:30",A201,9653f952-2137-469f-a020-618fd5744ff7
169060,23,24.3,133,93,"2021-08-12 14:16:24",A202,9653f952-2137-469f-a020-618fd5744ff7
169070,23,24.5,238,107,"2021-08-12 14:29:29",A203,9653f952-2137-469f-a020-618fd5744ff7
169077,26,25.2,234,93,"2021-08-12 14:35:52",A201,9653f952-2137-469f-a020-618fd5744ff7
169089,23,24.4,133,86,"2021-08-12 14:46:52",A202,9653f952-2137-469f-a020-618fd5744ff7
169097,23,24.5,239,107,"2021-08-12 14:59:57",A203,9653f952-2137-469f-a020-618fd5744ff7
169105,26,25.2,233,93,"2021-08-12 15:06:13",A201,9653f952-2137-469f-a020-618fd5744ff7
169116,23,24.4,134,86,"2021-08-12 15:17:19",A202,9653f952-2137-469f-a020-618fd5744ff7
169127,23,24.5,238,114,"2021-08-12 15:30:19",A203,9653f952-2137-469f-a020-618fd5744ff7
169135,29,25,257,86,"2021-08-12 15:36:30",A201,9653f952-2137-469f-a020-618fd5744ff7
169146,26,24.4,155,86,"2021-08-12 15:47:39",A202,9653f952-2137-469f-a020-618fd5744ff7
169156,23,24.3,245,107,"2021-08-12 16:00:38",A203,9653f952-2137-469f-a020-618fd5744ff7
169162,28,24.7,248,86,"2021-08-12 16:06:48",A201,9653f952-2137-469f-a020-618fd5744ff7
169173,27,24.1,160,86,"2021-08-12 16:17:57",A202,9653f952-2137-469f-a020-618fd5744ff7
169184,23,24,247,107,"2021-08-12 16:30:58",A203,9653f952-2137-469f-a020-618fd5744ff7
169190,28,24.3,248,86,"2021-08-12 16:37:02",A201,9653f952-2137-469f-a020-618fd5744ff7
169200,27,23.9,160,86,"2021-08-12 16:48:17",A202,9653f952-2137-469f-a020-618fd5744ff7
169210,23,23.8,245,107,"2021-08-12 17:01:17",A203,9653f952-2137-469f-a020-618fd5744ff7
169216,28,24,246,86,"2021-08-12 17:07:18",A201,9653f952-2137-469f-a020-618fd5744ff7
169228,27,23.7,160,86,"2021-08-12 17:18:37",A202,9653f952-2137-469f-a020-618fd5744ff7
169236,23,23.6,244,107,"2021-08-12 17:31:37",A203,9653f952-2137-469f-a020-618fd5744ff7
169244,28,23.8,245,86,"2021-08-12 17:37:34",A201,9653f952-2137-469f-a020-618fd5744ff7
169256,27,23.5,161,86,"2021-08-12 17:48:57",A202,9653f952-2137-469f-a020-618fd5744ff7
169264,23,23.4,246,107,"2021-08-12 18:01:57",A203,9653f952-2137-469f-a020-618fd5744ff7
169270,27,23.6,243,86,"2021-08-12 18:07:51",A201,9653f952-2137-469f-a020-618fd5744ff7
169279,26,23.4,157,86,"2021-08-12 18:19:17",A202,9653f952-2137-469f-a020-618fd5744ff7
169287,23,23.2,247,107,"2021-08-12 18:32:18",A203,9653f952-2137-469f-a020-618fd5744ff7
169291,27,23.5,243,86,"2021-08-12 18:38:10",A201,9653f952-2137-469f-a020-618fd5744ff7
169298,26,23.3,157,86,"2021-08-12 18:49:36",A202,9653f952-2137-469f-a020-618fd5744ff7
169304,23,23.1,247,107,"2021-08-12 19:02:35",A203,9653f952-2137-469f-a020-618fd5744ff7
169309,27,23.3,241,86,"2021-08-12 19:08:23",A201,9653f952-2137-469f-a020-618fd5744ff7
169321,26,23.2,158,86,"2021-08-12 19:19:56",A202,9653f952-2137-469f-a020-618fd5744ff7
169334,23,22.9,247,107,"2021-08-12 19:32:55",A203,9653f952-2137-469f-a020-618fd5744ff7
169352,26,23,158,86,"2021-08-12 19:50:15",A202,9653f952-2137-469f-a020-618fd5744ff7
169363,23,22.8,242,107,"2021-08-12 20:03:12",A203,9653f952-2137-469f-a020-618fd5744ff7
169370,27,23,240,86,"2021-08-12 20:08:55",A201,9653f952-2137-469f-a020-618fd5744ff7
169380,26,22.9,158,86,"2021-08-12 20:20:34",A202,9653f952-2137-469f-a020-618fd5744ff7
169391,23,22.6,243,107,"2021-08-12 20:33:30",A203,9653f952-2137-469f-a020-618fd5744ff7
169396,27,22.8,240,86,"2021-08-12 20:39:13",A201,9653f952-2137-469f-a020-618fd5744ff7
169407,26,22.8,156,86,"2021-08-12 20:50:53",A202,9653f952-2137-469f-a020-618fd5744ff7
169418,23,22.5,243,107,"2021-08-12 21:03:48",A203,9653f952-2137-469f-a020-618fd5744ff7
169424,27,22.7,238,86,"2021-08-12 21:09:26",A201,9653f952-2137-469f-a020-618fd5744ff7
169436,26,22.7,156,86,"2021-08-12 21:21:12",A202,9653f952-2137-469f-a020-618fd5744ff7
169448,23,22.4,246,107,"2021-08-12 21:34:07",A203,9653f952-2137-469f-a020-618fd5744ff7
169456,27,22.6,237,86,"2021-08-12 21:39:42",A201,9653f952-2137-469f-a020-618fd5744ff7
169465,26,22.6,156,86,"2021-08-12 21:51:30",A202,9653f952-2137-469f-a020-618fd5744ff7
169477,23,22.3,247,107,"2021-08-12 22:04:25",A203,9653f952-2137-469f-a020-618fd5744ff7
169484,27,22.42,236,86,"2021-08-12 22:09:58",A201,9653f952-2137-469f-a020-618fd5744ff7
169493,26,22.6,157,86,"2021-08-12 22:21:47",A202,9653f952-2137-469f-a020-618fd5744ff7
169506,23,22.2,246,107,"2021-08-12 22:34:42",A203,9653f952-2137-469f-a020-618fd5744ff7
169514,27,22.3,235,86,"2021-08-12 22:40:13",A201,9653f952-2137-469f-a020-618fd5744ff7
169525,26,22.5,156,86,"2021-08-12 22:52:06",A202,9653f952-2137-469f-a020-618fd5744ff7
169538,23,22.1,247,114,"2021-08-12 23:05:00",A203,9653f952-2137-469f-a020-618fd5744ff7
169544,27,22.2,233,86,"2021-08-12 23:10:29",A201,9653f952-2137-469f-a020-618fd5744ff7
169555,26,22.4,155,86,"2021-08-12 23:22:24",A202,9653f952-2137-469f-a020-618fd5744ff7
169567,23,22,246,107,"2021-08-12 23:35:17",A203,9653f952-2137-469f-a020-618fd5744ff7
169574,27,22.1,234,86,"2021-08-12 23:40:44",A201,9653f952-2137-469f-a020-618fd5744ff7
169584,26,22.3,155,86,"2021-08-12 23:52:42",A202,9653f952-2137-469f-a020-618fd5744ff7
169597,23,21.9,242,107,"2021-08-13 00:05:35",A203,9653f952-2137-469f-a020-618fd5744ff7
169614,26,22.2,152,86,"2021-08-13 00:22:59",A202,9653f952-2137-469f-a020-618fd5744ff7
169626,23,21.8,241,114,"2021-08-13 00:35:51",A203,9653f952-2137-469f-a020-618fd5744ff7
169644,26,22.1,153,86,"2021-08-13 00:53:16",A202,9653f952-2137-469f-a020-618fd5744ff7
169656,23,21.7,243,107,"2021-08-13 01:06:09",A203,9653f952-2137-469f-a020-618fd5744ff7
169664,27,21.7,231,86,"2021-08-13 01:11:29",A201,9653f952-2137-469f-a020-618fd5744ff7
169674,26,22,153,86,"2021-08-13 01:23:33",A202,9653f952-2137-469f-a020-618fd5744ff7
169686,23,21.6,246,114,"2021-08-13 01:36:25",A203,9653f952-2137-469f-a020-618fd5744ff7
169694,27,21.6,231,86,"2021-08-13 01:41:43",A201,9653f952-2137-469f-a020-618fd5744ff7
169704,26,21.9,153,86,"2021-08-13 01:53:49",A202,9653f952-2137-469f-a020-618fd5744ff7
169717,23,21.5,246,114,"2021-08-13 02:06:42",A203,9653f952-2137-469f-a020-618fd5744ff7
169725,27,21.5,228,86,"2021-08-13 02:11:59",A201,9653f952-2137-469f-a020-618fd5744ff7
169735,26,21.8,153,86,"2021-08-13 02:24:06",A202,9653f952-2137-469f-a020-618fd5744ff7
169747,23,21.4,246,114,"2021-08-13 02:36:56",A203,9653f952-2137-469f-a020-618fd5744ff7
169755,27,21.4,230,86,"2021-08-13 02:42:12",A201,9653f952-2137-469f-a020-618fd5744ff7
169765,26,21.72,152,86,"2021-08-13 02:54:21",A202,9653f952-2137-469f-a020-618fd5744ff7
169777,23,21.3,246,114,"2021-08-13 03:07:12",A203,9653f952-2137-469f-a020-618fd5744ff7
169784,27,21.3,230,86,"2021-08-13 03:12:27",A201,9653f952-2137-469f-a020-618fd5744ff7
169793,26,21.7,153,86,"2021-08-13 03:24:36",A202,9653f952-2137-469f-a020-618fd5744ff7
169805,23,21.2,247,114,"2021-08-13 03:37:28",A203,9653f952-2137-469f-a020-618fd5744ff7
169814,27,21.2,229,86,"2021-08-13 03:42:41",A201,9653f952-2137-469f-a020-618fd5744ff7
169822,26,21.6,152,86,"2021-08-13 03:54:53",A202,9653f952-2137-469f-a020-618fd5744ff7
169832,23,21.1,246,114,"2021-08-13 04:07:44",A203,9653f952-2137-469f-a020-618fd5744ff7
169840,27,21,226,86,"2021-08-13 04:12:58",A201,9653f952-2137-469f-a020-618fd5744ff7
169848,26,21.5,151,86,"2021-08-13 04:25:09",A202,9653f952-2137-469f-a020-618fd5744ff7
169859,23,21,245,114,"2021-08-13 04:38:00",A203,9653f952-2137-469f-a020-618fd5744ff7
169877,26,21.4,150,86,"2021-08-13 04:55:27",A202,9653f952-2137-469f-a020-618fd5744ff7
169888,23,20.9,245,107,"2021-08-13 05:08:17",A203,9653f952-2137-469f-a020-618fd5744ff7
169896,27,20.9,227,86,"2021-08-13 05:13:25",A201,9653f952-2137-469f-a020-618fd5744ff7
169905,26,21.3,151,86,"2021-08-13 05:25:44",A202,9653f952-2137-469f-a020-618fd5744ff7
169916,23,20.9,243,107,"2021-08-13 05:38:34",A203,9653f952-2137-469f-a020-618fd5744ff7
169924,27,20.8,228,86,"2021-08-13 05:43:39",A201,9653f952-2137-469f-a020-618fd5744ff7
169933,26,21.2,152,86,"2021-08-13 05:56:02",A202,9653f952-2137-469f-a020-618fd5744ff7
169944,23,20.9,242,107,"2021-08-13 06:08:53",A203,9653f952-2137-469f-a020-618fd5744ff7
169952,27,20.8,227,93,"2021-08-13 06:13:55",A201,9653f952-2137-469f-a020-618fd5744ff7
169962,26,21.2,151,93,"2021-08-13 06:26:21",A202,9653f952-2137-469f-a020-618fd5744ff7
169973,23,20.9,242,107,"2021-08-13 06:39:11",A203,9653f952-2137-469f-a020-618fd5744ff7
169979,27,20.9,227,93,"2021-08-13 06:44:11",A201,9653f952-2137-469f-a020-618fd5744ff7
169989,26,21.2,151,93,"2021-08-13 06:56:42",A202,9653f952-2137-469f-a020-618fd5744ff7
170000,23,21,243,107,"2021-08-13 07:09:35",A203,9653f952-2137-469f-a020-618fd5744ff7
170009,27,21,227,93,"2021-08-13 07:14:28",A201,9653f952-2137-469f-a020-618fd5744ff7
170018,26,21.2,149,93,"2021-08-13 07:27:05",A202,9653f952-2137-469f-a020-618fd5744ff7
170029,23,21,242,107,"2021-08-13 07:39:57",A203,9653f952-2137-469f-a020-618fd5744ff7
170038,26,21.1,225,93,"2021-08-13 07:44:47",A201,9653f952-2137-469f-a020-618fd5744ff7
170046,26,21.4,150,93,"2021-08-13 07:57:30",A202,9653f952-2137-469f-a020-618fd5744ff7
170058,23,21.2,242,107,"2021-08-13 08:10:23",A203,9653f952-2137-469f-a020-618fd5744ff7
170065,26,21.4,227,93,"2021-08-13 08:15:05",A201,9653f952-2137-469f-a020-618fd5744ff7
170073,26,21.5,149,93,"2021-08-13 08:27:56",A202,9653f952-2137-469f-a020-618fd5744ff7
170086,23,21.3,243,107,"2021-08-13 08:40:51",A203,9653f952-2137-469f-a020-618fd5744ff7
170094,26,21.7,228,100,"2021-08-13 08:45:25",A201,9653f952-2137-469f-a020-618fd5744ff7
170102,26,21.7,149,100,"2021-08-13 08:58:24",A202,9653f952-2137-469f-a020-618fd5744ff7
170114,23,21.5,244,100,"2021-08-13 09:11:20",A203,9653f952-2137-469f-a020-618fd5744ff7
170121,26,22.1,226,100,"2021-08-13 09:15:46",A201,9653f952-2137-469f-a020-618fd5744ff7
170128,26,22,147,100,"2021-08-13 09:28:54",A202,9653f952-2137-469f-a020-618fd5744ff7
170139,23,21.7,243,100,"2021-08-13 09:41:51",A203,9653f952-2137-469f-a020-618fd5744ff7
170147,26,22.6,228,100,"2021-08-13 09:46:08",A201,9653f952-2137-469f-a020-618fd5744ff7
170155,26,22.3,148,100,"2021-08-13 09:59:24",A202,9653f952-2137-469f-a020-618fd5744ff7
170167,23,22,245,100,"2021-08-13 10:12:24",A203,9653f952-2137-469f-a020-618fd5744ff7
170174,26,23.1,228,100,"2021-08-13 10:16:30",A201,9653f952-2137-469f-a020-618fd5744ff7
170184,26,22.6,147,100,"2021-08-13 10:29:54",A202,9653f952-2137-469f-a020-618fd5744ff7
170197,23,22.3,242,100,"2021-08-13 10:42:55",A203,9653f952-2137-469f-a020-618fd5744ff7
170203,26,23.6,228,100,"2021-08-13 10:46:52",A201,9653f952-2137-469f-a020-618fd5744ff7
170214,26,22.9,146,100,"2021-08-13 11:00:25",A202,9653f952-2137-469f-a020-618fd5744ff7
170226,23,22.6,243,100,"2021-08-13 11:13:27",A203,9653f952-2137-469f-a020-618fd5744ff7
170233,26,24,228,100,"2021-08-13 11:17:14",A201,9653f952-2137-469f-a020-618fd5744ff7
170243,26,23.2,146,93,"2021-08-13 11:30:54",A202,9653f952-2137-469f-a020-618fd5744ff7
170256,23,22.9,243,107,"2021-08-13 11:43:51",A203,9653f952-2137-469f-a020-618fd5744ff7
170263,26,24.3,227,93,"2021-08-13 11:47:33",A201,9653f952-2137-469f-a020-618fd5744ff7
170272,26,23.4,146,86,"2021-08-13 12:01:17",A202,9653f952-2137-469f-a020-618fd5744ff7
170286,23,23,241,107,"2021-08-13 12:14:14",A203,9653f952-2137-469f-a020-618fd5744ff7
170293,26,24.4,228,93,"2021-08-13 12:17:51",A201,9653f952-2137-469f-a020-618fd5744ff7
170303,26,23.5,147,100,"2021-08-13 12:31:38",A202,9653f952-2137-469f-a020-618fd5744ff7
170314,23,23.1,241,107,"2021-08-13 12:44:34",A203,9653f952-2137-469f-a020-618fd5744ff7
170319,26,24.4,227,100,"2021-08-13 12:48:06",A201,9653f952-2137-469f-a020-618fd5744ff7
170331,26,23.5,147,100,"2021-08-13 13:02:01",A202,9653f952-2137-469f-a020-618fd5744ff7
170342,23,23.1,239,107,"2021-08-13 13:14:59",A203,9653f952-2137-469f-a020-618fd5744ff7
170347,26,24.3,228,100,"2021-08-13 13:18:25",A201,9653f952-2137-469f-a020-618fd5744ff7
170359,26,23.5,146,100,"2021-08-13 13:32:28",A202,9653f952-2137-469f-a020-618fd5744ff7
170371,23,23.2,239,107,"2021-08-13 13:45:27",A203,9653f952-2137-469f-a020-618fd5744ff7
170375,26,24.3,227,100,"2021-08-13 13:48:47",A201,9653f952-2137-469f-a020-618fd5744ff7
170385,26,23.5,147,100,"2021-08-13 14:02:55",A202,9653f952-2137-469f-a020-618fd5744ff7
170400,23,23.3,241,100,"2021-08-13 14:17:30",A203,9653f952-2137-469f-a020-618fd5744ff7
170402,26,24.3,228,93,"2021-08-13 14:19:06",A201,9653f952-2137-469f-a020-618fd5744ff7
170413,26,23.6,147,93,"2021-08-13 14:33:22",A202,9653f952-2137-469f-a020-618fd5744ff7
170428,23,23.4,243,107,"2021-08-13 14:47:50",A203,9653f952-2137-469f-a020-618fd5744ff7
170429,26,24.3,227,93,"2021-08-13 14:49:25",A201,9653f952-2137-469f-a020-618fd5744ff7
170441,26,23.7,146,86,"2021-08-13 15:03:48",A202,9653f952-2137-469f-a020-618fd5744ff7
170454,23,23.5,245,107,"2021-08-13 15:18:10",A203,9653f952-2137-469f-a020-618fd5744ff7
170456,26,24.32,227,86,"2021-08-13 15:19:46",A201,9653f952-2137-469f-a020-618fd5744ff7
170469,25,23.7,146,86,"2021-08-13 15:34:13",A202,9653f952-2137-469f-a020-618fd5744ff7
170482,23,23.5,245,107,"2021-08-13 15:48:27",A203,9653f952-2137-469f-a020-618fd5744ff7
170483,26,24.3,226,86,"2021-08-13 15:50:02",A201,9653f952-2137-469f-a020-618fd5744ff7
170495,26,23.7,147,86,"2021-08-13 16:04:35",A202,9653f952-2137-469f-a020-618fd5744ff7
170507,23,23.4,245,107,"2021-08-13 16:18:42",A203,9653f952-2137-469f-a020-618fd5744ff7
170509,26,24.2,225,86,"2021-08-13 16:20:20",A201,9653f952-2137-469f-a020-618fd5744ff7
170521,25,23.7,146,86,"2021-08-13 16:34:55",A202,9653f952-2137-469f-a020-618fd5744ff7
170534,23,23.2,245,107,"2021-08-13 16:48:58",A203,9653f952-2137-469f-a020-618fd5744ff7
170536,26,24,224,86,"2021-08-13 16:50:40",A201,9653f952-2137-469f-a020-618fd5744ff7
170549,25,23.6,147,86,"2021-08-13 17:06:26",A202,9653f952-2137-469f-a020-618fd5744ff7
170562,23,23,242,107,"2021-08-13 17:19:11",A203,9653f952-2137-469f-a020-618fd5744ff7
170586,23,22.9,239,107,"2021-08-13 17:49:26",A203,9653f952-2137-469f-a020-618fd5744ff7
170588,26,23.6,223,86,"2021-08-13 17:51:11",A201,9653f952-2137-469f-a020-618fd5744ff7
170605,23,22.7,242,107,"2021-08-13 18:19:40",A203,9653f952-2137-469f-a020-618fd5744ff7
170623,23,22.6,245,107,"2021-08-13 18:49:53",A203,9653f952-2137-469f-a020-618fd5744ff7
170645,23,22.5,246,107,"2021-08-13 19:20:09",A203,9653f952-2137-469f-a020-618fd5744ff7
170646,26,23,221,86,"2021-08-13 19:21:57",A201,9653f952-2137-469f-a020-618fd5744ff7
170657,25,23,146,86,"2021-08-13 19:38:24",A202,9653f952-2137-469f-a020-618fd5744ff7
170670,23,22.4,246,107,"2021-08-13 19:50:23",A203,9653f952-2137-469f-a020-618fd5744ff7
170671,26,22.8,221,86,"2021-08-13 19:52:12",A201,9653f952-2137-469f-a020-618fd5744ff7
170684,25,22.9,144,86,"2021-08-13 20:08:46",A202,9653f952-2137-469f-a020-618fd5744ff7
170697,23,22.3,245,107,"2021-08-13 20:20:35",A203,9653f952-2137-469f-a020-618fd5744ff7
170698,26,22.7,217,86,"2021-08-13 20:22:28",A201,9653f952-2137-469f-a020-618fd5744ff7
170713,25,22.8,145,86,"2021-08-13 20:39:09",A202,9653f952-2137-469f-a020-618fd5744ff7
170726,23,22.2,246,107,"2021-08-13 20:50:48",A203,9653f952-2137-469f-a020-618fd5744ff7
170727,26,22.5,218,86,"2021-08-13 20:52:43",A201,9653f952-2137-469f-a020-618fd5744ff7
170738,25,22.7,146,86,"2021-08-13 21:09:32",A202,9653f952-2137-469f-a020-618fd5744ff7
170750,23,22.2,244,107,"2021-08-13 21:21:00",A203,9653f952-2137-469f-a020-618fd5744ff7
170751,26,22.4,218,86,"2021-08-13 21:22:59",A201,9653f952-2137-469f-a020-618fd5744ff7
170765,25,22.6,146,86,"2021-08-13 21:39:54",A202,9653f952-2137-469f-a020-618fd5744ff7
170778,23,22.1,246,114,"2021-08-13 21:51:11",A203,9653f952-2137-469f-a020-618fd5744ff7
170780,26,22.3,219,86,"2021-08-13 21:53:14",A201,9653f952-2137-469f-a020-618fd5744ff7
170794,25,22.5,146,86,"2021-08-13 22:10:15",A202,9653f952-2137-469f-a020-618fd5744ff7
170806,23,22,244,107,"2021-08-13 22:21:23",A203,9653f952-2137-469f-a020-618fd5744ff7
170808,26,22.2,219,86,"2021-08-13 22:23:29",A201,9653f952-2137-469f-a020-618fd5744ff7
170819,25,22.4,146,86,"2021-08-13 22:40:36",A202,9653f952-2137-469f-a020-618fd5744ff7
170832,23,21.9,241,114,"2021-08-13 22:51:34",A203,9653f952-2137-469f-a020-618fd5744ff7
170834,26,22.1,218,86,"2021-08-13 22:53:43",A201,9653f952-2137-469f-a020-618fd5744ff7
170847,25,22.3,146,86,"2021-08-13 23:10:57",A202,9653f952-2137-469f-a020-618fd5744ff7
170859,23,21.8,243,114,"2021-08-13 23:21:44",A203,9653f952-2137-469f-a020-618fd5744ff7
170862,26,21.9,217,86,"2021-08-13 23:23:58",A201,9653f952-2137-469f-a020-618fd5744ff7
170874,25,22.2,146,86,"2021-08-13 23:41:17",A202,9653f952-2137-469f-a020-618fd5744ff7
170886,23,21.7,245,114,"2021-08-13 23:51:53",A203,9653f952-2137-469f-a020-618fd5744ff7
170889,26,21.8,216,86,"2021-08-13 23:54:13",A201,9653f952-2137-469f-a020-618fd5744ff7
170901,25,22.1,145,86,"2021-08-14 00:11:38",A202,9653f952-2137-469f-a020-618fd5744ff7
170913,23,21.6,246,114,"2021-08-14 00:22:03",A203,9653f952-2137-469f-a020-618fd5744ff7
170916,26,21.6,217,86,"2021-08-14 00:24:28",A201,9653f952-2137-469f-a020-618fd5744ff7
170928,25,22,145,86,"2021-08-14 00:41:58",A202,9653f952-2137-469f-a020-618fd5744ff7
170938,23,21.5,246,114,"2021-08-14 00:52:13",A203,9653f952-2137-469f-a020-618fd5744ff7
170942,26,21.5,217,86,"2021-08-14 00:54:41",A201,9653f952-2137-469f-a020-618fd5744ff7
170957,25,21.8,145,86,"2021-08-14 01:12:17",A202,9653f952-2137-469f-a020-618fd5744ff7
170966,23,21.4,246,114,"2021-08-14 01:22:25",A203,9653f952-2137-469f-a020-618fd5744ff7
170969,26,21.4,218,86,"2021-08-14 01:24:56",A201,9653f952-2137-469f-a020-618fd5744ff7
170984,25,21.7,145,86,"2021-08-14 01:42:37",A202,9653f952-2137-469f-a020-618fd5744ff7
170994,23,21.3,246,114,"2021-08-14 01:52:34",A203,9653f952-2137-469f-a020-618fd5744ff7
170998,26,21.2,216,86,"2021-08-14 01:55:11",A201,9653f952-2137-469f-a020-618fd5744ff7
171013,25,21.6,145,86,"2021-08-14 02:12:56",A202,9653f952-2137-469f-a020-618fd5744ff7
171022,23,21.2,246,114,"2021-08-14 02:22:44",A203,9653f952-2137-469f-a020-618fd5744ff7
171027,26,21.1,215,86,"2021-08-14 02:25:24",A201,9653f952-2137-469f-a020-618fd5744ff7
171041,25,21.5,145,86,"2021-08-14 02:43:18",A202,9653f952-2137-469f-a020-618fd5744ff7
171049,23,21.1,246,114,"2021-08-14 02:52:52",A203,9653f952-2137-469f-a020-618fd5744ff7
171054,26,21,216,86,"2021-08-14 02:55:39",A201,9653f952-2137-469f-a020-618fd5744ff7
171068,25,21.4,144,86,"2021-08-14 03:13:35",A202,9653f952-2137-469f-a020-618fd5744ff7
171076,23,21,244,114,"2021-08-14 03:23:01",A203,9653f952-2137-469f-a020-618fd5744ff7
171081,26,20.9,214,86,"2021-08-14 03:25:52",A201,9653f952-2137-469f-a020-618fd5744ff7
171096,25,21.3,144,86,"2021-08-14 03:43:54",A202,9653f952-2137-469f-a020-618fd5744ff7
171110,23,21,242,114,"2021-08-14 03:53:10",A203,9653f952-2137-469f-a020-618fd5744ff7
171114,26,20.7,215,86,"2021-08-14 03:56:06",A201,9653f952-2137-469f-a020-618fd5744ff7
171128,25,21.2,143,86,"2021-08-14 04:14:13",A202,9653f952-2137-469f-a020-618fd5744ff7
171135,23,20.9,243,114,"2021-08-14 04:23:20",A203,9653f952-2137-469f-a020-618fd5744ff7
171140,26,20.6,214,86,"2021-08-14 04:26:21",A201,9653f952-2137-469f-a020-618fd5744ff7
171158,23,20.8,242,114,"2021-08-14 04:53:30",A203,9653f952-2137-469f-a020-618fd5744ff7
171163,26,20.5,213,86,"2021-08-14 04:56:33",A201,9653f952-2137-469f-a020-618fd5744ff7
171177,25,21,144,86,"2021-08-14 05:14:52",A202,9653f952-2137-469f-a020-618fd5744ff7
171184,23,20.7,244,107,"2021-08-14 05:23:39",A203,9653f952-2137-469f-a020-618fd5744ff7
171189,26,20.4,213,86,"2021-08-14 05:26:49",A201,9653f952-2137-469f-a020-618fd5744ff7
171202,25,20.9,145,86,"2021-08-14 05:45:13",A202,9653f952-2137-469f-a020-618fd5744ff7
171208,23,20.7,245,107,"2021-08-14 05:53:50",A203,9653f952-2137-469f-a020-618fd5744ff7
171214,26,20.4,212,93,"2021-08-14 05:57:04",A201,9653f952-2137-469f-a020-618fd5744ff7
171229,25,20.9,144,93,"2021-08-14 06:15:35",A202,9653f952-2137-469f-a020-618fd5744ff7
171235,23,20.7,244,107,"2021-08-14 06:24:03",A203,9653f952-2137-469f-a020-618fd5744ff7
171241,26,20.3,212,93,"2021-08-14 06:27:19",A201,9653f952-2137-469f-a020-618fd5744ff7
171255,25,20.8,144,93,"2021-08-14 06:45:57",A202,9653f952-2137-469f-a020-618fd5744ff7
171261,23,20.6,243,107,"2021-08-14 06:54:15",A203,9653f952-2137-469f-a020-618fd5744ff7
171267,26,20.4,213,93,"2021-08-14 06:57:35",A201,9653f952-2137-469f-a020-618fd5744ff7
171282,25,20.8,140,93,"2021-08-14 07:16:22",A202,9653f952-2137-469f-a020-618fd5744ff7
171288,23,20.7,242,107,"2021-08-14 07:24:30",A203,9653f952-2137-469f-a020-618fd5744ff7
171293,26,20.5,215,93,"2021-08-14 07:27:53",A201,9653f952-2137-469f-a020-618fd5744ff7
171305,25,20.9,142,93,"2021-08-14 07:46:49",A202,9653f952-2137-469f-a020-618fd5744ff7
171311,23,20.8,243,107,"2021-08-14 07:54:50",A203,9653f952-2137-469f-a020-618fd5744ff7
171315,26,20.7,215,93,"2021-08-14 07:58:10",A201,9653f952-2137-469f-a020-618fd5744ff7
171330,25,21,141,93,"2021-08-14 08:17:19",A202,9653f952-2137-469f-a020-618fd5744ff7
171336,23,20.9,242,107,"2021-08-14 08:25:09",A203,9653f952-2137-469f-a020-618fd5744ff7
171340,26,21,214,100,"2021-08-14 08:28:29",A201,9653f952-2137-469f-a020-618fd5744ff7
171356,25,21.2,141,100,"2021-08-14 08:47:50",A202,9653f952-2137-469f-a020-618fd5744ff7
171362,23,21,242,107,"2021-08-14 08:55:30",A203,9653f952-2137-469f-a020-618fd5744ff7
171365,26,21.3,212,100,"2021-08-14 08:58:51",A201,9653f952-2137-469f-a020-618fd5744ff7
171387,23,21.2,242,100,"2021-08-14 09:25:52",A203,9653f952-2137-469f-a020-618fd5744ff7
171390,26,21.7,215,100,"2021-08-14 09:29:09",A201,9653f952-2137-469f-a020-618fd5744ff7
171406,25,21.7,142,93,"2021-08-14 09:48:52",A202,9653f952-2137-469f-a020-618fd5744ff7
171412,23,21.4,242,107,"2021-08-14 09:56:15",A203,9653f952-2137-469f-a020-618fd5744ff7
171415,26,22.1,214,93,"2021-08-14 09:59:31",A201,9653f952-2137-469f-a020-618fd5744ff7
171432,30,22,183,100,"2021-08-14 10:19:21",A202,9653f952-2137-469f-a020-618fd5744ff7
171438,23,21.6,243,107,"2021-08-14 10:26:38",A203,9653f952-2137-469f-a020-618fd5744ff7
171441,26,22.5,215,100,"2021-08-14 10:29:49",A201,9653f952-2137-469f-a020-618fd5744ff7
171459,31,22.3,217,100,"2021-08-14 10:49:48",A202,9653f952-2137-469f-a020-618fd5744ff7
171465,23,21.8,243,107,"2021-08-14 10:56:59",A203,9653f952-2137-469f-a020-618fd5744ff7
171469,26,22.8,216,100,"2021-08-14 11:00:10",A201,9653f952-2137-469f-a020-618fd5744ff7
171488,30,22.4,197,100,"2021-08-14 11:20:19",A202,9653f952-2137-469f-a020-618fd5744ff7
171494,23,22,245,107,"2021-08-14 11:27:24",A203,9653f952-2137-469f-a020-618fd5744ff7
171497,26,23,215,100,"2021-08-14 11:30:31",A201,9653f952-2137-469f-a020-618fd5744ff7
171514,23,22.1,243,107,"2021-08-14 11:57:46",A203,9653f952-2137-469f-a020-618fd5744ff7
171516,26,23.2,215,100,"2021-08-14 12:00:53",A201,9653f952-2137-469f-a020-618fd5744ff7
171531,29,22.6,191,93,"2021-08-14 12:21:19",A202,9653f952-2137-469f-a020-618fd5744ff7
171536,23,22.2,239,107,"2021-08-14 12:28:02",A203,9653f952-2137-469f-a020-618fd5744ff7
171540,26,23.3,216,93,"2021-08-14 12:31:10",A201,9653f952-2137-469f-a020-618fd5744ff7
171556,29,22.6,193,86,"2021-08-14 12:51:42",A202,9653f952-2137-469f-a020-618fd5744ff7
171561,23,22.2,239,114,"2021-08-14 12:58:15",A203,9653f952-2137-469f-a020-618fd5744ff7
171565,26,23.3,215,86,"2021-08-14 13:01:26",A201,9653f952-2137-469f-a020-618fd5744ff7
171581,30,22.6,194,86,"2021-08-14 13:22:04",A202,9653f952-2137-469f-a020-618fd5744ff7
171586,23,22.2,240,107,"2021-08-14 13:28:25",A203,9653f952-2137-469f-a020-618fd5744ff7
171590,26,23.2,215,93,"2021-08-14 13:31:40",A201,9653f952-2137-469f-a020-618fd5744ff7
171607,30,22.52,192,86,"2021-08-14 13:52:25",A202,9653f952-2137-469f-a020-618fd5744ff7
171612,23,22.1,241,107,"2021-08-14 13:58:38",A203,9653f952-2137-469f-a020-618fd5744ff7
171618,26,23,215,86,"2021-08-14 14:03:54",A201,9653f952-2137-469f-a020-618fd5744ff7
171633,30,22.42,196,86,"2021-08-14 14:22:48",A202,9653f952-2137-469f-a020-618fd5744ff7
171638,23,22,241,107,"2021-08-14 14:28:50",A203,9653f952-2137-469f-a020-618fd5744ff7
171644,26,22.9,214,86,"2021-08-14 14:34:19",A201,9653f952-2137-469f-a020-618fd5744ff7
171658,30,22.4,192,86,"2021-08-14 14:53:12",A202,9653f952-2137-469f-a020-618fd5744ff7
171663,23,22,242,107,"2021-08-14 14:59:05",A203,9653f952-2137-469f-a020-618fd5744ff7
171668,26,22.7,215,86,"2021-08-14 15:04:43",A201,9653f952-2137-469f-a020-618fd5744ff7
171684,30,22.3,194,86,"2021-08-14 15:23:36",A202,9653f952-2137-469f-a020-618fd5744ff7
171688,23,22,241,107,"2021-08-14 15:29:19",A203,9653f952-2137-469f-a020-618fd5744ff7
171695,26,22.64,213,86,"2021-08-14 15:35:08",A201,9653f952-2137-469f-a020-618fd5744ff7
171710,30,22.3,194,86,"2021-08-14 15:54:00",A202,9653f952-2137-469f-a020-618fd5744ff7
171714,23,21.9,240,107,"2021-08-14 15:59:33",A203,9653f952-2137-469f-a020-618fd5744ff7
171720,26,22.6,210,86,"2021-08-14 16:05:31",A201,9653f952-2137-469f-a020-618fd5744ff7
171734,30,22.28,194,86,"2021-08-14 16:24:24",A202,9653f952-2137-469f-a020-618fd5744ff7
171738,23,21.9,243,107,"2021-08-14 16:29:46",A203,9653f952-2137-469f-a020-618fd5744ff7
171745,26,22.5,214,86,"2021-08-14 16:35:57",A201,9653f952-2137-469f-a020-618fd5744ff7
171759,30,22.2,193,86,"2021-08-14 16:54:46",A202,9653f952-2137-469f-a020-618fd5744ff7
171763,23,21.9,243,107,"2021-08-14 17:00:02",A203,9653f952-2137-469f-a020-618fd5744ff7
171768,26,22.3,215,86,"2021-08-14 17:06:22",A201,9653f952-2137-469f-a020-618fd5744ff7
171783,30,22.2,192,86,"2021-08-14 17:25:09",A202,9653f952-2137-469f-a020-618fd5744ff7
171787,23,21.8,243,107,"2021-08-14 17:30:14",A203,9653f952-2137-469f-a020-618fd5744ff7
171794,26,22.2,215,86,"2021-08-14 17:36:44",A201,9653f952-2137-469f-a020-618fd5744ff7
171811,23,21.8,244,107,"2021-08-14 18:00:28",A203,9653f952-2137-469f-a020-618fd5744ff7
171817,26,22.2,214,86,"2021-08-14 18:07:06",A201,9653f952-2137-469f-a020-618fd5744ff7
171828,23,21.7,245,107,"2021-08-14 18:30:40",A203,9653f952-2137-469f-a020-618fd5744ff7
171833,26,22.1,215,86,"2021-08-14 18:37:31",A201,9653f952-2137-469f-a020-618fd5744ff7
171843,23,21.7,246,107,"2021-08-14 19:00:53",A203,9653f952-2137-469f-a020-618fd5744ff7
171850,26,22,214,86,"2021-08-14 19:07:55",A201,9653f952-2137-469f-a020-618fd5744ff7
171863,29,22,191,86,"2021-08-14 19:26:41",A202,9653f952-2137-469f-a020-618fd5744ff7
171866,23,21.6,246,107,"2021-08-14 19:31:05",A203,9653f952-2137-469f-a020-618fd5744ff7
171874,26,21.9,214,86,"2021-08-14 19:38:19",A201,9653f952-2137-469f-a020-618fd5744ff7
171889,29,21.9,190,86,"2021-08-14 19:57:05",A202,9653f952-2137-469f-a020-618fd5744ff7
171892,23,21.6,246,107,"2021-08-14 20:01:18",A203,9653f952-2137-469f-a020-618fd5744ff7
171900,26,21.7,213,86,"2021-08-14 20:08:45",A201,9653f952-2137-469f-a020-618fd5744ff7
171913,29,21.8,190,86,"2021-08-14 20:27:27",A202,9653f952-2137-469f-a020-618fd5744ff7
171916,23,21.5,245,107,"2021-08-14 20:31:34",A203,9653f952-2137-469f-a020-618fd5744ff7
171921,26,21.6,211,86,"2021-08-14 20:39:07",A201,9653f952-2137-469f-a020-618fd5744ff7
171937,29,21.7,186,86,"2021-08-14 20:57:50",A202,9653f952-2137-469f-a020-618fd5744ff7
171940,23,21.4,245,107,"2021-08-14 21:01:43",A203,9653f952-2137-469f-a020-618fd5744ff7
171947,26,21.5,212,86,"2021-08-14 21:09:29",A201,9653f952-2137-469f-a020-618fd5744ff7
171963,29,21.7,187,86,"2021-08-14 21:28:12",A202,9653f952-2137-469f-a020-618fd5744ff7
171966,23,21.4,244,107,"2021-08-14 21:31:53",A203,9653f952-2137-469f-a020-618fd5744ff7
171974,26,21.4,213,86,"2021-08-14 21:39:52",A201,9653f952-2137-469f-a020-618fd5744ff7
171990,29,21.6,188,86,"2021-08-14 21:58:34",A202,9653f952-2137-469f-a020-618fd5744ff7
171992,23,21.3,246,114,"2021-08-14 22:02:05",A203,9653f952-2137-469f-a020-618fd5744ff7
171999,26,21.3,214,86,"2021-08-14 22:10:16",A201,9653f952-2137-469f-a020-618fd5744ff7
172016,29,21.5,187,86,"2021-08-14 22:29:01",A202,9653f952-2137-469f-a020-618fd5744ff7
172019,23,21.2,246,107,"2021-08-14 22:32:15",A203,9653f952-2137-469f-a020-618fd5744ff7
172026,26,21.2,213,86,"2021-08-14 22:40:39",A201,9653f952-2137-469f-a020-618fd5744ff7
172042,29,21.4,186,86,"2021-08-14 22:59:17",A202,9653f952-2137-469f-a020-618fd5744ff7
172045,23,21.2,246,107,"2021-08-14 23:02:26",A203,9653f952-2137-469f-a020-618fd5744ff7
172052,26,21.1,213,86,"2021-08-14 23:11:01",A201,9653f952-2137-469f-a020-618fd5744ff7
172067,29,21.4,187,86,"2021-08-14 23:29:39",A202,9653f952-2137-469f-a020-618fd5744ff7
172070,23,21.1,243,107,"2021-08-14 23:32:35",A203,9653f952-2137-469f-a020-618fd5744ff7
172077,26,21,213,86,"2021-08-14 23:41:23",A201,9653f952-2137-469f-a020-618fd5744ff7
172094,29,21.3,186,86,"2021-08-15 00:00:00",A202,9653f952-2137-469f-a020-618fd5744ff7
172097,23,21.1,245,107,"2021-08-15 00:02:47",A203,9653f952-2137-469f-a020-618fd5744ff7
172103,26,20.9,213,86,"2021-08-15 00:11:47",A201,9653f952-2137-469f-a020-618fd5744ff7
172119,29,21.2,185,86,"2021-08-15 00:30:21",A202,9653f952-2137-469f-a020-618fd5744ff7
172128,26,20.8,210,86,"2021-08-15 00:42:11",A201,9653f952-2137-469f-a020-618fd5744ff7
172143,29,21.1,182,86,"2021-08-15 01:00:42",A202,9653f952-2137-469f-a020-618fd5744ff7
172145,23,21,241,107,"2021-08-15 01:03:07",A203,9653f952-2137-469f-a020-618fd5744ff7
172153,26,20.8,211,86,"2021-08-15 01:12:32",A201,9653f952-2137-469f-a020-618fd5744ff7
172169,29,21.1,182,86,"2021-08-15 01:31:03",A202,9653f952-2137-469f-a020-618fd5744ff7
172171,23,20.9,241,114,"2021-08-15 01:33:18",A203,9653f952-2137-469f-a020-618fd5744ff7
172179,26,20.7,211,86,"2021-08-15 01:42:55",A201,9653f952-2137-469f-a020-618fd5744ff7
172195,29,21,184,86,"2021-08-15 02:01:24",A202,9653f952-2137-469f-a020-618fd5744ff7
172196,23,20.9,243,107,"2021-08-15 02:03:28",A203,9653f952-2137-469f-a020-618fd5744ff7
172205,26,20.6,211,86,"2021-08-15 02:13:17",A201,9653f952-2137-469f-a020-618fd5744ff7
172222,29,20.9,185,86,"2021-08-15 02:31:46",A202,9653f952-2137-469f-a020-618fd5744ff7
172223,23,20.8,243,107,"2021-08-15 02:33:39",A203,9653f952-2137-469f-a020-618fd5744ff7
172232,26,20.5,212,86,"2021-08-15 02:43:40",A201,9653f952-2137-469f-a020-618fd5744ff7
172248,29,20.9,185,86,"2021-08-15 03:02:06",A202,9653f952-2137-469f-a020-618fd5744ff7
172249,23,20.8,244,114,"2021-08-15 03:03:49",A203,9653f952-2137-469f-a020-618fd5744ff7
172259,26,20.5,212,86,"2021-08-15 03:14:03",A201,9653f952-2137-469f-a020-618fd5744ff7
172274,29,20.8,184,86,"2021-08-15 03:32:28",A202,9653f952-2137-469f-a020-618fd5744ff7
172275,23,20.7,244,107,"2021-08-15 03:33:59",A203,9653f952-2137-469f-a020-618fd5744ff7
172284,26,20.4,212,86,"2021-08-15 03:44:32",A201,9653f952-2137-469f-a020-618fd5744ff7
172297,29,20.8,184,86,"2021-08-15 04:02:49",A202,9653f952-2137-469f-a020-618fd5744ff7
172298,23,20.7,243,107,"2021-08-15 04:04:09",A203,9653f952-2137-469f-a020-618fd5744ff7
172308,26,20.3,211,86,"2021-08-15 04:14:49",A201,9653f952-2137-469f-a020-618fd5744ff7
172321,29,20.7,184,86,"2021-08-15 04:33:10",A202,9653f952-2137-469f-a020-618fd5744ff7
172322,23,20.6,243,107,"2021-08-15 04:34:18",A203,9653f952-2137-469f-a020-618fd5744ff7
172333,26,20.3,212,86,"2021-08-15 04:45:11",A201,9653f952-2137-469f-a020-618fd5744ff7
172347,29,20.7,184,86,"2021-08-15 05:03:31",A202,9653f952-2137-469f-a020-618fd5744ff7
172348,23,20.6,232,107,"2021-08-15 05:04:31",A203,9653f952-2137-469f-a020-618fd5744ff7
172359,26,20.2,212,86,"2021-08-15 05:15:32",A201,9653f952-2137-469f-a020-618fd5744ff7
172373,29,20.6,183,86,"2021-08-15 05:33:52",A202,9653f952-2137-469f-a020-618fd5744ff7
172374,23,20.5,232,107,"2021-08-15 05:34:43",A203,9653f952-2137-469f-a020-618fd5744ff7
172385,26,20.2,212,93,"2021-08-15 05:45:57",A201,9653f952-2137-469f-a020-618fd5744ff7
172397,29,20.6,183,93,"2021-08-15 06:04:15",A202,9653f952-2137-469f-a020-618fd5744ff7
172398,23,20.5,231,107,"2021-08-15 06:04:53",A203,9653f952-2137-469f-a020-618fd5744ff7
172408,26,20.2,211,93,"2021-08-15 06:16:21",A201,9653f952-2137-469f-a020-618fd5744ff7
172421,29,20.6,183,93,"2021-08-15 06:34:39",A202,9653f952-2137-469f-a020-618fd5744ff7
172422,23,20.5,232,107,"2021-08-15 06:35:08",A203,9653f952-2137-469f-a020-618fd5744ff7
172433,26,20.2,212,93,"2021-08-15 06:46:45",A201,9653f952-2137-469f-a020-618fd5744ff7
172446,29,20.6,183,93,"2021-08-15 07:05:06",A202,9653f952-2137-469f-a020-618fd5744ff7
172447,23,20.6,232,107,"2021-08-15 07:05:22",A203,9653f952-2137-469f-a020-618fd5744ff7
172457,26,20.3,211,93,"2021-08-15 07:17:10",A201,9653f952-2137-469f-a020-618fd5744ff7
172471,29,20.7,182,93,"2021-08-15 07:35:32",A202,9653f952-2137-469f-a020-618fd5744ff7
172472,23,20.6,231,107,"2021-08-15 07:35:39",A203,9653f952-2137-469f-a020-618fd5744ff7
172483,26,20.5,211,93,"2021-08-15 07:47:37",A201,9653f952-2137-469f-a020-618fd5744ff7
172496,23,20.6,231,107,"2021-08-15 08:05:59",A203,9653f952-2137-469f-a020-618fd5744ff7
172497,29,20.8,182,93,"2021-08-15 08:06:01",A202,9653f952-2137-469f-a020-618fd5744ff7
172508,26,20.7,209,93,"2021-08-15 08:18:09",A201,9653f952-2137-469f-a020-618fd5744ff7
172523,23,20.7,231,107,"2021-08-15 08:36:15",A203,9653f952-2137-469f-a020-618fd5744ff7
172524,29,20.9,182,93,"2021-08-15 08:36:30",A202,9653f952-2137-469f-a020-618fd5744ff7
172535,26,21,212,100,"2021-08-15 08:48:29",A201,9653f952-2137-469f-a020-618fd5744ff7
172548,23,20.8,231,107,"2021-08-15 09:06:34",A203,9653f952-2137-469f-a020-618fd5744ff7
172549,29,21.1,181,93,"2021-08-15 09:07:03",A202,9653f952-2137-469f-a020-618fd5744ff7
172559,26,21.3,211,100,"2021-08-15 09:18:56",A201,9653f952-2137-469f-a020-618fd5744ff7
172572,23,20.9,230,107,"2021-08-15 09:36:52",A203,9653f952-2137-469f-a020-618fd5744ff7
172573,29,21.2,181,100,"2021-08-15 09:37:29",A202,9653f952-2137-469f-a020-618fd5744ff7
172584,26,21.6,211,100,"2021-08-15 09:49:23",A201,9653f952-2137-469f-a020-618fd5744ff7
172599,23,21.1,230,107,"2021-08-15 10:07:11",A203,9653f952-2137-469f-a020-618fd5744ff7
172600,29,21.4,180,100,"2021-08-15 10:08:00",A202,9653f952-2137-469f-a020-618fd5744ff7
172609,26,22,210,100,"2021-08-15 10:19:52",A201,9653f952-2137-469f-a020-618fd5744ff7
172623,23,21.3,228,107,"2021-08-15 10:37:32",A203,9653f952-2137-469f-a020-618fd5744ff7
172624,29,21.6,180,100,"2021-08-15 10:38:31",A202,9653f952-2137-469f-a020-618fd5744ff7
172635,26,22.3,212,100,"2021-08-15 10:50:19",A201,9653f952-2137-469f-a020-618fd5744ff7
172649,23,21.5,229,107,"2021-08-15 11:07:53",A203,9653f952-2137-469f-a020-618fd5744ff7
172650,29,21.8,179,100,"2021-08-15 11:09:02",A202,9653f952-2137-469f-a020-618fd5744ff7
172661,26,22.6,212,100,"2021-08-15 11:20:47",A201,9653f952-2137-469f-a020-618fd5744ff7
172672,23,21.6,232,107,"2021-08-15 11:38:14",A203,9653f952-2137-469f-a020-618fd5744ff7
172673,29,22,178,100,"2021-08-15 11:39:34",A202,9653f952-2137-469f-a020-618fd5744ff7
172683,26,22.7,212,100,"2021-08-15 11:51:16",A201,9653f952-2137-469f-a020-618fd5744ff7
172693,23,21.8,231,100,"2021-08-15 12:08:36",A203,9653f952-2137-469f-a020-618fd5744ff7
172694,29,22.1,179,100,"2021-08-15 12:10:07",A202,9653f952-2137-469f-a020-618fd5744ff7
172703,26,22.9,212,100,"2021-08-15 12:21:45",A201,9653f952-2137-469f-a020-618fd5744ff7
172718,23,21.9,230,107,"2021-08-15 12:39:01",A203,9653f952-2137-469f-a020-618fd5744ff7
172719,29,22.3,177,100,"2021-08-15 12:40:39",A202,9653f952-2137-469f-a020-618fd5744ff7
172728,25,23.1,210,100,"2021-08-15 12:52:14",A201,9653f952-2137-469f-a020-618fd5744ff7
172741,23,22.1,227,107,"2021-08-15 13:09:20",A203,9653f952-2137-469f-a020-618fd5744ff7
172742,29,22.4,178,100,"2021-08-15 13:11:11",A202,9653f952-2137-469f-a020-618fd5744ff7
172751,25,23.2,211,100,"2021-08-15 13:22:47",A201,9653f952-2137-469f-a020-618fd5744ff7
172765,23,22.2,229,100,"2021-08-15 13:39:43",A203,9653f952-2137-469f-a020-618fd5744ff7
172766,29,22.5,178,100,"2021-08-15 13:41:45",A202,9653f952-2137-469f-a020-618fd5744ff7
172776,25,23.3,211,93,"2021-08-15 13:53:13",A201,9653f952-2137-469f-a020-618fd5744ff7
172788,23,22.3,231,107,"2021-08-15 14:10:08",A203,9653f952-2137-469f-a020-618fd5744ff7
172789,29,22.5,178,93,"2021-08-15 14:12:17",A202,9653f952-2137-469f-a020-618fd5744ff7
172798,25,23.3,212,93,"2021-08-15 14:23:41",A201,9653f952-2137-469f-a020-618fd5744ff7
172811,23,22.4,230,107,"2021-08-15 14:40:28",A203,9653f952-2137-469f-a020-618fd5744ff7
172812,29,22.6,178,86,"2021-08-15 14:42:47",A202,9653f952-2137-469f-a020-618fd5744ff7
172821,25,23.3,210,86,"2021-08-15 14:54:08",A201,9653f952-2137-469f-a020-618fd5744ff7
172834,23,22.4,229,107,"2021-08-15 15:10:48",A203,9653f952-2137-469f-a020-618fd5744ff7
172835,29,22.6,178,86,"2021-08-15 15:13:17",A202,9653f952-2137-469f-a020-618fd5744ff7
172845,25,23.2,206,86,"2021-08-15 15:24:35",A201,9653f952-2137-469f-a020-618fd5744ff7
172860,23,22.4,230,107,"2021-08-15 15:41:08",A203,9653f952-2137-469f-a020-618fd5744ff7
172861,29,22.6,178,86,"2021-08-15 15:43:46",A202,9653f952-2137-469f-a020-618fd5744ff7
172871,25,23.14,210,86,"2021-08-15 15:55:03",A201,9653f952-2137-469f-a020-618fd5744ff7
172886,23,22.4,229,107,"2021-08-15 16:11:24",A203,9653f952-2137-469f-a020-618fd5744ff7
172887,29,22.6,177,86,"2021-08-15 16:14:16",A202,9653f952-2137-469f-a020-618fd5744ff7
172895,25,23,211,86,"2021-08-15 16:25:29",A201,9653f952-2137-469f-a020-618fd5744ff7
172910,23,22.4,230,107,"2021-08-15 16:43:21",A203,9653f952-2137-469f-a020-618fd5744ff7
172911,29,22.6,179,86,"2021-08-15 16:44:41",A202,9653f952-2137-469f-a020-618fd5744ff7
172920,25,22.9,210,86,"2021-08-15 16:55:55",A201,9653f952-2137-469f-a020-618fd5744ff7
172935,23,22.4,232,107,"2021-08-15 17:13:44",A203,9653f952-2137-469f-a020-618fd5744ff7
172936,29,22.5,177,86,"2021-08-15 17:15:07",A202,9653f952-2137-469f-a020-618fd5744ff7
172945,25,22.8,210,86,"2021-08-15 17:26:19",A201,9653f952-2137-469f-a020-618fd5744ff7
172960,29,22.5,178,86,"2021-08-15 17:45:32",A202,9653f952-2137-469f-a020-618fd5744ff7
172970,25,22.6,207,86,"2021-08-15 17:56:44",A201,9653f952-2137-469f-a020-618fd5744ff7
172979,29,22.4,178,86,"2021-08-15 18:15:56",A202,9653f952-2137-469f-a020-618fd5744ff7
172987,25,22.4,207,86,"2021-08-15 18:27:08",A201,9653f952-2137-469f-a020-618fd5744ff7
172995,29,22.3,177,86,"2021-08-15 18:46:19",A202,9653f952-2137-469f-a020-618fd5744ff7
173003,25,22.2,210,86,"2021-08-15 18:57:37",A201,9653f952-2137-469f-a020-618fd5744ff7
173013,23,22.1,231,107,"2021-08-15 19:15:01",A203,9653f952-2137-469f-a020-618fd5744ff7
173014,29,22.2,177,86,"2021-08-15 19:16:42",A202,9653f952-2137-469f-a020-618fd5744ff7
173024,25,22.1,207,86,"2021-08-15 19:27:56",A201,9653f952-2137-469f-a020-618fd5744ff7
173038,23,22.1,232,107,"2021-08-15 19:45:17",A203,9653f952-2137-469f-a020-618fd5744ff7
173039,29,22.1,178,86,"2021-08-15 19:48:11",A202,9653f952-2137-469f-a020-618fd5744ff7
173049,25,21.9,207,86,"2021-08-15 19:58:21",A201,9653f952-2137-469f-a020-618fd5744ff7
173062,23,22,233,107,"2021-08-15 20:15:35",A203,9653f952-2137-469f-a020-618fd5744ff7
173063,29,22,177,86,"2021-08-15 20:18:34",A202,9653f952-2137-469f-a020-618fd5744ff7
173073,25,21.7,204,86,"2021-08-15 20:28:43",A201,9653f952-2137-469f-a020-618fd5744ff7
173088,23,21.9,232,107,"2021-08-15 20:45:55",A203,9653f952-2137-469f-a020-618fd5744ff7
173089,29,21.9,178,86,"2021-08-15 20:48:58",A202,9653f952-2137-469f-a020-618fd5744ff7
173099,25,21.5,207,86,"2021-08-15 20:59:06",A201,9653f952-2137-469f-a020-618fd5744ff7
173115,23,21.8,230,114,"2021-08-15 21:16:08",A203,9653f952-2137-469f-a020-618fd5744ff7
173116,29,21.8,177,86,"2021-08-15 21:19:20",A202,9653f952-2137-469f-a020-618fd5744ff7
173126,25,21.4,206,86,"2021-08-15 21:29:31",A201,9653f952-2137-469f-a020-618fd5744ff7
173140,23,21.7,232,114,"2021-08-15 21:46:27",A203,9653f952-2137-469f-a020-618fd5744ff7
173141,29,21.7,172,86,"2021-08-15 21:49:42",A202,9653f952-2137-469f-a020-618fd5744ff7
173150,25,21.2,206,86,"2021-08-15 21:59:52",A201,9653f952-2137-469f-a020-618fd5744ff7
173164,23,21.6,231,114,"2021-08-15 22:16:41",A203,9653f952-2137-469f-a020-618fd5744ff7
173165,29,21.6,177,86,"2021-08-15 22:20:04",A202,9653f952-2137-469f-a020-618fd5744ff7
173175,25,21,205,86,"2021-08-15 22:30:15",A201,9653f952-2137-469f-a020-618fd5744ff7
173191,23,21.5,233,114,"2021-08-15 22:46:56",A203,9653f952-2137-469f-a020-618fd5744ff7
173192,29,21.4,177,86,"2021-08-15 22:50:25",A202,9653f952-2137-469f-a020-618fd5744ff7
173201,25,20.9,203,86,"2021-08-15 23:00:37",A201,9653f952-2137-469f-a020-618fd5744ff7
173218,23,21.4,230,114,"2021-08-15 23:17:11",A203,9653f952-2137-469f-a020-618fd5744ff7
173219,29,21.3,177,86,"2021-08-15 23:20:47",A202,9653f952-2137-469f-a020-618fd5744ff7
173227,25,20.7,205,86,"2021-08-15 23:31:00",A201,9653f952-2137-469f-a020-618fd5744ff7
173242,23,21.3,232,114,"2021-08-15 23:47:26",A203,9653f952-2137-469f-a020-618fd5744ff7
173243,29,21.2,176,86,"2021-08-15 23:51:08",A202,9653f952-2137-469f-a020-618fd5744ff7
173252,25,20.6,204,86,"2021-08-16 00:01:23",A201,9653f952-2137-469f-a020-618fd5744ff7
173269,23,21.2,229,114,"2021-08-16 00:17:40",A203,9653f952-2137-469f-a020-618fd5744ff7
173270,29,21,177,86,"2021-08-16 00:21:29",A202,9653f952-2137-469f-a020-618fd5744ff7
173279,25,20.4,203,86,"2021-08-16 00:31:44",A201,9653f952-2137-469f-a020-618fd5744ff7
173296,23,21.1,230,114,"2021-08-16 00:47:54",A203,9653f952-2137-469f-a020-618fd5744ff7
173297,29,20.9,177,86,"2021-08-16 00:51:50",A202,9653f952-2137-469f-a020-618fd5744ff7
173306,25,20.3,205,86,"2021-08-16 01:02:06",A201,9653f952-2137-469f-a020-618fd5744ff7
173321,23,21,231,114,"2021-08-16 01:18:08",A203,9653f952-2137-469f-a020-618fd5744ff7
173322,29,20.8,177,86,"2021-08-16 01:22:10",A202,9653f952-2137-469f-a020-618fd5744ff7
173331,25,20.2,203,86,"2021-08-16 01:32:27",A201,9653f952-2137-469f-a020-618fd5744ff7
173348,23,20.9,232,114,"2021-08-16 01:48:20",A203,9653f952-2137-469f-a020-618fd5744ff7
173349,29,20.7,177,86,"2021-08-16 01:52:29",A202,9653f952-2137-469f-a020-618fd5744ff7
173358,25,20,204,86,"2021-08-16 02:02:50",A201,9653f952-2137-469f-a020-618fd5744ff7
173371,23,20.9,230,114,"2021-08-16 02:18:34",A203,9653f952-2137-469f-a020-618fd5744ff7
173372,29,20.54,176,86,"2021-08-16 02:22:49",A202,9653f952-2137-469f-a020-618fd5744ff7
173380,25,19.9,203,86,"2021-08-16 02:33:11",A201,9653f952-2137-469f-a020-618fd5744ff7
173396,23,20.8,229,114,"2021-08-16 02:48:46",A203,9653f952-2137-469f-a020-618fd5744ff7
173397,29,20.4,174,86,"2021-08-16 02:53:09",A202,9653f952-2137-469f-a020-618fd5744ff7
173404,25,19.8,203,86,"2021-08-16 03:03:32",A201,9653f952-2137-469f-a020-618fd5744ff7
173421,23,20.7,231,114,"2021-08-16 03:19:00",A203,9653f952-2137-469f-a020-618fd5744ff7
173422,29,20.3,176,86,"2021-08-16 03:23:27",A202,9653f952-2137-469f-a020-618fd5744ff7
173430,25,19.6,203,86,"2021-08-16 03:33:54",A201,9653f952-2137-469f-a020-618fd5744ff7
173444,23,20.6,232,114,"2021-08-16 03:49:12",A203,9653f952-2137-469f-a020-618fd5744ff7
173445,29,20.2,174,86,"2021-08-16 03:53:46",A202,9653f952-2137-469f-a020-618fd5744ff7
173453,25,19.5,202,86,"2021-08-16 04:04:16",A201,9653f952-2137-469f-a020-618fd5744ff7
173470,23,20.5,232,114,"2021-08-16 04:19:23",A203,9653f952-2137-469f-a020-618fd5744ff7
173471,29,20.1,176,86,"2021-08-16 04:24:04",A202,9653f952-2137-469f-a020-618fd5744ff7
173480,25,19.4,203,86,"2021-08-16 04:34:34",A201,9653f952-2137-469f-a020-618fd5744ff7
173504,25,19.3,203,93,"2021-08-16 05:04:56",A201,9653f952-2137-469f-a020-618fd5744ff7
173518,23,20.3,232,107,"2021-08-16 05:19:51",A203,9653f952-2137-469f-a020-618fd5744ff7
173520,29,19.9,176,93,"2021-08-16 05:24:45",A202,9653f952-2137-469f-a020-618fd5744ff7
173529,25,19.2,200,93,"2021-08-16 05:35:19",A201,9653f952-2137-469f-a020-618fd5744ff7
173544,23,20.3,232,107,"2021-08-16 05:50:09",A203,9653f952-2137-469f-a020-618fd5744ff7
173547,29,19.8,174,93,"2021-08-16 05:55:09",A202,9653f952-2137-469f-a020-618fd5744ff7
173554,25,19.1,199,93,"2021-08-16 06:05:42",A201,9653f952-2137-469f-a020-618fd5744ff7
173569,23,20.2,232,107,"2021-08-16 06:20:28",A203,9653f952-2137-469f-a020-618fd5744ff7
173572,29,19.7,171,93,"2021-08-16 06:25:36",A202,9653f952-2137-469f-a020-618fd5744ff7
173580,25,19.2,199,100,"2021-08-16 06:36:07",A201,9653f952-2137-469f-a020-618fd5744ff7
173593,23,20.2,231,107,"2021-08-16 06:50:52",A203,9653f952-2137-469f-a020-618fd5744ff7
173596,29,19.8,171,100,"2021-08-16 06:56:04",A202,9653f952-2137-469f-a020-618fd5744ff7
173603,25,19.4,200,100,"2021-08-16 07:06:33",A201,9653f952-2137-469f-a020-618fd5744ff7
173615,23,20.2,231,107,"2021-08-16 07:21:14",A203,9653f952-2137-469f-a020-618fd5744ff7
173618,29,19.9,172,100,"2021-08-16 07:26:34",A202,9653f952-2137-469f-a020-618fd5744ff7
173626,25,19.6,201,100,"2021-08-16 07:37:00",A201,9653f952-2137-469f-a020-618fd5744ff7
173641,23,20.2,231,107,"2021-08-16 07:51:39",A203,9653f952-2137-469f-a020-618fd5744ff7
173644,28,20.1,171,100,"2021-08-16 07:57:05",A202,9653f952-2137-469f-a020-618fd5744ff7
173651,25,20,202,100,"2021-08-16 08:07:28",A201,9653f952-2137-469f-a020-618fd5744ff7
173664,23,20.2,231,107,"2021-08-16 08:22:05",A203,9653f952-2137-469f-a020-618fd5744ff7
173674,25,20.4,202,100,"2021-08-16 08:37:56",A201,9653f952-2137-469f-a020-618fd5744ff7
173688,23,20.3,230,107,"2021-08-16 08:52:32",A203,9653f952-2137-469f-a020-618fd5744ff7
173691,28,20.6,172,100,"2021-08-16 08:58:12",A202,9653f952-2137-469f-a020-618fd5744ff7
173698,25,20.8,201,100,"2021-08-16 09:08:26",A201,9653f952-2137-469f-a020-618fd5744ff7
173713,23,20.5,231,107,"2021-08-16 09:22:58",A203,9653f952-2137-469f-a020-618fd5744ff7
173716,28,20.9,172,100,"2021-08-16 09:28:44",A202,9653f952-2137-469f-a020-618fd5744ff7
173723,25,21.3,201,100,"2021-08-16 09:38:51",A201,9653f952-2137-469f-a020-618fd5744ff7
173737,23,20.7,231,100,"2021-08-16 09:53:26",A203,9653f952-2137-469f-a020-618fd5744ff7
173740,28,21.1,171,100,"2021-08-16 09:59:19",A202,9653f952-2137-469f-a020-618fd5744ff7
173747,25,21.7,202,100,"2021-08-16 10:09:21",A201,9653f952-2137-469f-a020-618fd5744ff7
173761,23,20.9,230,100,"2021-08-16 10:23:55",A203,9653f952-2137-469f-a020-618fd5744ff7
173764,28,21.34,170,100,"2021-08-16 10:29:54",A202,9653f952-2137-469f-a020-618fd5744ff7
173786,28,21.6,170,100,"2021-08-16 11:00:29",A202,9653f952-2137-469f-a020-618fd5744ff7
173792,25,22.6,201,100,"2021-08-16 11:10:21",A201,9653f952-2137-469f-a020-618fd5744ff7
173808,23,21.4,230,100,"2021-08-16 11:24:53",A203,9653f952-2137-469f-a020-618fd5744ff7
173812,28,21.9,169,100,"2021-08-16 11:31:05",A202,9653f952-2137-469f-a020-618fd5744ff7
173816,25,22.9,204,100,"2021-08-16 11:40:53",A201,9653f952-2137-469f-a020-618fd5744ff7
173831,23,21.6,229,100,"2021-08-16 11:55:24",A203,9653f952-2137-469f-a020-618fd5744ff7
173835,28,22.1,171,100,"2021-08-16 12:01:42",A202,9653f952-2137-469f-a020-618fd5744ff7
173840,25,23.2,203,100,"2021-08-16 12:11:22",A201,9653f952-2137-469f-a020-618fd5744ff7
173856,23,21.8,231,100,"2021-08-16 12:25:57",A203,9653f952-2137-469f-a020-618fd5744ff7
173866,25,23.5,202,100,"2021-08-16 12:41:55",A201,9653f952-2137-469f-a020-618fd5744ff7
173880,23,22,231,100,"2021-08-16 12:56:27",A203,9653f952-2137-469f-a020-618fd5744ff7
173884,28,22.6,171,100,"2021-08-16 13:02:56",A202,9653f952-2137-469f-a020-618fd5744ff7
173904,23,22.2,230,100,"2021-08-16 13:26:59",A203,9653f952-2137-469f-a020-618fd5744ff7
173907,28,22.8,171,100,"2021-08-16 13:33:33",A202,9653f952-2137-469f-a020-618fd5744ff7
173926,23,22.4,231,100,"2021-08-16 13:57:31",A203,9653f952-2137-469f-a020-618fd5744ff7
173931,28,22.9,169,100,"2021-08-16 14:04:11",A202,9653f952-2137-469f-a020-618fd5744ff7
173936,25,24.2,203,100,"2021-08-16 14:13:28",A201,9653f952-2137-469f-a020-618fd5744ff7
173951,23,22.5,229,107,"2021-08-16 14:28:00",A203,9653f952-2137-469f-a020-618fd5744ff7
173957,28,23.1,170,93,"2021-08-16 14:34:47",A202,9653f952-2137-469f-a020-618fd5744ff7
173964,25,24.3,203,93,"2021-08-16 14:43:59",A201,9653f952-2137-469f-a020-618fd5744ff7
173977,23,22.6,231,107,"2021-08-16 14:58:27",A203,9653f952-2137-469f-a020-618fd5744ff7
173984,28,23.2,170,86,"2021-08-16 15:05:21",A202,9653f952-2137-469f-a020-618fd5744ff7
173990,25,24.3,203,86,"2021-08-16 15:14:27",A201,9653f952-2137-469f-a020-618fd5744ff7
174006,28,23.3,171,86,"2021-08-16 15:35:56",A202,9653f952-2137-469f-a020-618fd5744ff7
174009,25,24.3,204,86,"2021-08-16 15:44:56",A201,9653f952-2137-469f-a020-618fd5744ff7
174021,23,22.8,232,107,"2021-08-16 15:59:21",A203,9653f952-2137-469f-a020-618fd5744ff7
174029,25,24.2,204,86,"2021-08-16 16:15:23",A201,9653f952-2137-469f-a020-618fd5744ff7
174040,23,22.8,232,107,"2021-08-16 16:29:42",A203,9653f952-2137-469f-a020-618fd5744ff7
174046,28,23.3,171,86,"2021-08-16 16:36:58",A202,9653f952-2137-469f-a020-618fd5744ff7
174057,23,22.8,232,107,"2021-08-16 17:00:05",A203,9653f952-2137-469f-a020-618fd5744ff7
174060,28,23.3,169,86,"2021-08-16 17:07:28",A202,9653f952-2137-469f-a020-618fd5744ff7
174063,25,23.8,201,86,"2021-08-16 17:18:05",A201,9653f952-2137-469f-a020-618fd5744ff7
174065,23,22.8,232,107,"2021-08-16 17:30:27",A203,9653f952-2137-469f-a020-618fd5744ff7
174080,25,23.2,201,86,"2021-08-16 18:49:07",A201,9653f952-2137-469f-a020-618fd5744ff7
174085,23,22.62,233,107,"2021-08-16 19:01:26",A203,9653f952-2137-469f-a020-618fd5744ff7
174098,23,22.6,231,107,"2021-08-16 19:31:45",A203,9653f952-2137-469f-a020-618fd5744ff7
174104,28,22.8,170,86,"2021-08-16 19:39:39",A202,9653f952-2137-469f-a020-618fd5744ff7
174111,25,22.8,201,86,"2021-08-16 19:49:48",A201,9653f952-2137-469f-a020-618fd5744ff7
174124,23,22.5,234,107,"2021-08-16 20:02:05",A203,9653f952-2137-469f-a020-618fd5744ff7
174130,28,22.7,171,86,"2021-08-16 20:10:04",A202,9653f952-2137-469f-a020-618fd5744ff7
174136,25,22.6,201,86,"2021-08-16 20:20:09",A201,9653f952-2137-469f-a020-618fd5744ff7
174148,23,22.4,234,107,"2021-08-16 20:32:22",A203,9653f952-2137-469f-a020-618fd5744ff7
174154,28,22.6,171,86,"2021-08-16 20:40:28",A202,9653f952-2137-469f-a020-618fd5744ff7
174160,25,22.5,201,86,"2021-08-16 20:50:29",A201,9653f952-2137-469f-a020-618fd5744ff7
174172,23,22.32,233,107,"2021-08-16 21:02:40",A203,9653f952-2137-469f-a020-618fd5744ff7
174179,28,22.5,170,86,"2021-08-16 21:10:51",A202,9653f952-2137-469f-a020-618fd5744ff7
174185,25,22.3,199,86,"2021-08-16 21:20:49",A201,9653f952-2137-469f-a020-618fd5744ff7
174196,23,22.3,231,107,"2021-08-16 21:32:59",A203,9653f952-2137-469f-a020-618fd5744ff7
174202,28,22.3,170,86,"2021-08-16 21:41:16",A202,9653f952-2137-469f-a020-618fd5744ff7
174207,25,22.1,198,86,"2021-08-16 21:51:08",A201,9653f952-2137-469f-a020-618fd5744ff7
174219,23,22.2,231,107,"2021-08-16 22:03:18",A203,9653f952-2137-469f-a020-618fd5744ff7
174226,28,22.2,169,86,"2021-08-16 22:11:39",A202,9653f952-2137-469f-a020-618fd5744ff7
174242,23,22.1,231,107,"2021-08-16 22:33:36",A203,9653f952-2137-469f-a020-618fd5744ff7
174250,28,22.1,170,86,"2021-08-16 22:42:02",A202,9653f952-2137-469f-a020-618fd5744ff7
174256,25,21.8,199,86,"2021-08-16 22:51:47",A201,9653f952-2137-469f-a020-618fd5744ff7
174268,23,22,233,107,"2021-08-16 23:03:53",A203,9653f952-2137-469f-a020-618fd5744ff7
174275,28,22,170,86,"2021-08-16 23:12:24",A202,9653f952-2137-469f-a020-618fd5744ff7
174281,25,21.6,199,86,"2021-08-16 23:22:06",A201,9653f952-2137-469f-a020-618fd5744ff7
174294,23,21.9,233,114,"2021-08-16 23:34:08",A203,9653f952-2137-469f-a020-618fd5744ff7
174301,28,21.8,169,86,"2021-08-16 23:42:47",A202,9653f952-2137-469f-a020-618fd5744ff7
174307,25,21.5,198,86,"2021-08-16 23:52:26",A201,9653f952-2137-469f-a020-618fd5744ff7
174318,23,21.8,229,114,"2021-08-17 00:04:23",A203,9653f952-2137-469f-a020-618fd5744ff7
174325,28,21.7,170,86,"2021-08-17 00:13:08",A202,9653f952-2137-469f-a020-618fd5744ff7
174329,25,21.3,196,86,"2021-08-17 00:22:43",A201,9653f952-2137-469f-a020-618fd5744ff7
174342,23,21.7,231,114,"2021-08-17 00:34:37",A203,9653f952-2137-469f-a020-618fd5744ff7
174349,28,21.6,169,86,"2021-08-17 00:43:30",A202,9653f952-2137-469f-a020-618fd5744ff7
174355,25,21.2,196,86,"2021-08-17 00:53:02",A201,9653f952-2137-469f-a020-618fd5744ff7
174368,23,21.6,230,114,"2021-08-17 01:04:53",A203,9653f952-2137-469f-a020-618fd5744ff7
174376,28,21.4,170,86,"2021-08-17 01:13:51",A202,9653f952-2137-469f-a020-618fd5744ff7
174381,25,21,197,86,"2021-08-17 01:23:20",A201,9653f952-2137-469f-a020-618fd5744ff7
174393,23,21.5,232,107,"2021-08-17 01:35:07",A203,9653f952-2137-469f-a020-618fd5744ff7
174401,28,21.3,169,86,"2021-08-17 01:44:12",A202,9653f952-2137-469f-a020-618fd5744ff7
174405,25,20.9,198,86,"2021-08-17 01:53:39",A201,9653f952-2137-469f-a020-618fd5744ff7
174416,23,21.4,233,107,"2021-08-17 02:05:23",A203,9653f952-2137-469f-a020-618fd5744ff7
174424,28,21.2,168,86,"2021-08-17 02:14:32",A202,9653f952-2137-469f-a020-618fd5744ff7
174428,25,20.7,197,86,"2021-08-17 02:23:56",A201,9653f952-2137-469f-a020-618fd5744ff7
174441,23,21.3,233,114,"2021-08-17 02:35:37",A203,9653f952-2137-469f-a020-618fd5744ff7
174449,28,21.1,163,86,"2021-08-17 02:44:53",A202,9653f952-2137-469f-a020-618fd5744ff7
174452,25,20.6,197,86,"2021-08-17 02:54:16",A201,9653f952-2137-469f-a020-618fd5744ff7
174466,23,21.3,231,107,"2021-08-17 03:05:52",A203,9653f952-2137-469f-a020-618fd5744ff7
174473,28,21,166,86,"2021-08-17 03:15:14",A202,9653f952-2137-469f-a020-618fd5744ff7
174477,25,20.5,197,86,"2021-08-17 03:24:33",A201,9653f952-2137-469f-a020-618fd5744ff7
174490,23,21.2,228,114,"2021-08-17 03:36:07",A203,9653f952-2137-469f-a020-618fd5744ff7
174498,28,20.9,169,86,"2021-08-17 03:45:35",A202,9653f952-2137-469f-a020-618fd5744ff7
174502,25,20.4,196,86,"2021-08-17 03:54:52",A201,9653f952-2137-469f-a020-618fd5744ff7
174515,23,21.1,232,107,"2021-08-17 04:06:20",A203,9653f952-2137-469f-a020-618fd5744ff7
174522,28,20.8,169,86,"2021-08-17 04:15:56",A202,9653f952-2137-469f-a020-618fd5744ff7
174525,25,20.3,194,86,"2021-08-17 04:25:09",A201,9653f952-2137-469f-a020-618fd5744ff7
174537,23,21,231,107,"2021-08-17 04:36:40",A203,9653f952-2137-469f-a020-618fd5744ff7
174544,28,20.7,168,86,"2021-08-17 04:46:17",A202,9653f952-2137-469f-a020-618fd5744ff7
174548,25,20.2,195,93,"2021-08-17 04:55:27",A201,9653f952-2137-469f-a020-618fd5744ff7
174561,23,21,231,107,"2021-08-17 05:06:53",A203,9653f952-2137-469f-a020-618fd5744ff7
174570,28,20.6,169,93,"2021-08-17 05:16:41",A202,9653f952-2137-469f-a020-618fd5744ff7
174574,25,20.2,195,93,"2021-08-17 05:25:47",A201,9653f952-2137-469f-a020-618fd5744ff7
174584,23,20.9,232,107,"2021-08-17 05:37:10",A203,9653f952-2137-469f-a020-618fd5744ff7
174593,28,20.5,169,86,"2021-08-17 05:47:05",A202,9653f952-2137-469f-a020-618fd5744ff7
174597,25,20.1,195,93,"2021-08-17 05:56:07",A201,9653f952-2137-469f-a020-618fd5744ff7
174609,23,20.88,231,107,"2021-08-17 06:07:30",A203,9653f952-2137-469f-a020-618fd5744ff7
174617,28,20.5,169,93,"2021-08-17 06:17:30",A202,9653f952-2137-469f-a020-618fd5744ff7
174622,25,20.1,195,93,"2021-08-17 06:26:33",A201,9653f952-2137-469f-a020-618fd5744ff7
174635,23,20.8,229,107,"2021-08-17 06:37:48",A203,9653f952-2137-469f-a020-618fd5744ff7
174642,28,20.5,168,93,"2021-08-17 06:47:58",A202,9653f952-2137-469f-a020-618fd5744ff7
174646,25,20.2,195,93,"2021-08-17 06:56:49",A201,9653f952-2137-469f-a020-618fd5744ff7
174664,28,20.5,168,93,"2021-08-17 07:18:28",A202,9653f952-2137-469f-a020-618fd5744ff7
174669,25,20.3,194,93,"2021-08-17 07:27:12",A201,9653f952-2137-469f-a020-618fd5744ff7
174681,23,20.7,232,107,"2021-08-17 07:38:37",A203,9653f952-2137-469f-a020-618fd5744ff7
174686,28,20.6,167,93,"2021-08-17 07:49:00",A202,9653f952-2137-469f-a020-618fd5744ff7
174691,25,20.5,193,93,"2021-08-17 07:57:36",A201,9653f952-2137-469f-a020-618fd5744ff7
174700,23,20.7,232,107,"2021-08-17 08:09:00",A203,9653f952-2137-469f-a020-618fd5744ff7
174707,27,20.7,167,93,"2021-08-17 08:19:33",A202,9653f952-2137-469f-a020-618fd5744ff7
174712,25,20.8,196,93,"2021-08-17 08:27:59",A201,9653f952-2137-469f-a020-618fd5744ff7
174722,23,20.8,232,107,"2021-08-17 08:39:25",A203,9653f952-2137-469f-a020-618fd5744ff7
174731,27,20.9,166,93,"2021-08-17 08:50:06",A202,9653f952-2137-469f-a020-618fd5744ff7
174734,25,21.1,197,100,"2021-08-17 08:58:25",A201,9653f952-2137-469f-a020-618fd5744ff7
174743,23,20.8,229,107,"2021-08-17 09:09:53",A203,9653f952-2137-469f-a020-618fd5744ff7
174753,27,21.1,166,100,"2021-08-17 09:20:40",A202,9653f952-2137-469f-a020-618fd5744ff7
174757,25,21.4,197,100,"2021-08-17 09:28:51",A201,9653f952-2137-469f-a020-618fd5744ff7
174767,23,20.9,232,107,"2021-08-17 09:40:21",A203,9653f952-2137-469f-a020-618fd5744ff7
174777,27,21.3,165,100,"2021-08-17 09:51:14",A202,9653f952-2137-469f-a020-618fd5744ff7
174780,25,21.8,198,100,"2021-08-17 09:59:18",A201,9653f952-2137-469f-a020-618fd5744ff7
174789,23,21,230,100,"2021-08-17 10:10:48",A203,9653f952-2137-469f-a020-618fd5744ff7
174799,27,21.6,164,100,"2021-08-17 10:21:50",A202,9653f952-2137-469f-a020-618fd5744ff7
174803,25,22.3,197,100,"2021-08-17 10:29:47",A201,9653f952-2137-469f-a020-618fd5744ff7
174815,23,21.2,228,100,"2021-08-17 10:41:17",A203,9653f952-2137-469f-a020-618fd5744ff7
174827,27,21.9,163,100,"2021-08-17 10:52:26",A202,9653f952-2137-469f-a020-618fd5744ff7
174830,25,22.8,198,100,"2021-08-17 11:00:09",A201,9653f952-2137-469f-a020-618fd5744ff7
174840,23,21.4,230,100,"2021-08-17 11:11:49",A203,9653f952-2137-469f-a020-618fd5744ff7
174850,27,22.2,162,100,"2021-08-17 11:23:03",A202,9653f952-2137-469f-a020-618fd5744ff7
174861,23,21.5,228,100,"2021-08-17 11:42:18",A203,9653f952-2137-469f-a020-618fd5744ff7
174872,27,22.5,163,100,"2021-08-17 11:53:39",A202,9653f952-2137-469f-a020-618fd5744ff7
174877,25,23.6,196,100,"2021-08-17 12:01:04",A201,9653f952-2137-469f-a020-618fd5744ff7
174886,23,21.7,231,100,"2021-08-17 12:12:51",A203,9653f952-2137-469f-a020-618fd5744ff7
174898,27,22.8,160,100,"2021-08-17 12:24:16",A202,9653f952-2137-469f-a020-618fd5744ff7
174903,25,24,200,100,"2021-08-17 12:31:31",A201,9653f952-2137-469f-a020-618fd5744ff7
174915,23,21.9,231,100,"2021-08-17 12:43:20",A203,9653f952-2137-469f-a020-618fd5744ff7
174927,27,23,161,93,"2021-08-17 12:54:52",A202,9653f952-2137-469f-a020-618fd5744ff7
174932,25,24.3,198,100,"2021-08-17 13:02:00",A201,9653f952-2137-469f-a020-618fd5744ff7
174940,23,22.1,231,100,"2021-08-17 13:13:49",A203,9653f952-2137-469f-a020-618fd5744ff7
174950,27,23.2,161,100,"2021-08-17 13:25:30",A202,9653f952-2137-469f-a020-618fd5744ff7
174955,25,24.5,197,100,"2021-08-17 13:32:25",A201,9653f952-2137-469f-a020-618fd5744ff7
174965,23,22.2,230,100,"2021-08-17 13:44:20",A203,9653f952-2137-469f-a020-618fd5744ff7
174975,27,23.4,160,93,"2021-08-17 13:56:07",A202,9653f952-2137-469f-a020-618fd5744ff7
174980,25,24.7,197,93,"2021-08-17 14:02:51",A201,9653f952-2137-469f-a020-618fd5744ff7
174990,23,22.3,230,100,"2021-08-17 14:14:49",A203,9653f952-2137-469f-a020-618fd5744ff7
174999,27,23.52,162,100,"2021-08-17 14:26:43",A202,9653f952-2137-469f-a020-618fd5744ff7
175003,25,24.8,198,93,"2021-08-17 14:33:18",A201,9653f952-2137-469f-a020-618fd5744ff7
175014,23,22.4,231,100,"2021-08-17 14:45:18",A203,9653f952-2137-469f-a020-618fd5744ff7
175022,27,23.7,161,86,"2021-08-17 14:57:18",A202,9653f952-2137-469f-a020-618fd5744ff7
175027,25,24.8,197,86,"2021-08-17 15:03:44",A201,9653f952-2137-469f-a020-618fd5744ff7
175046,27,23.7,161,86,"2021-08-17 15:27:52",A202,9653f952-2137-469f-a020-618fd5744ff7
175051,25,24.8,197,86,"2021-08-17 15:34:10",A201,9653f952-2137-469f-a020-618fd5744ff7
175060,23,22.6,231,107,"2021-08-17 15:46:11",A203,9653f952-2137-469f-a020-618fd5744ff7
175072,27,23.8,161,86,"2021-08-17 15:58:24",A202,9653f952-2137-469f-a020-618fd5744ff7
175077,25,24.7,198,86,"2021-08-17 16:04:33",A201,9653f952-2137-469f-a020-618fd5744ff7
175088,23,22.6,232,107,"2021-08-17 16:16:35",A203,9653f952-2137-469f-a020-618fd5744ff7
175100,27,23.8,161,86,"2021-08-17 16:28:54",A202,9653f952-2137-469f-a020-618fd5744ff7
175105,25,24.6,198,86,"2021-08-17 16:34:56",A201,9653f952-2137-469f-a020-618fd5744ff7
175118,23,22.7,233,107,"2021-08-17 16:46:58",A203,9653f952-2137-469f-a020-618fd5744ff7
175131,27,23.8,162,86,"2021-08-17 16:59:23",A202,9653f952-2137-469f-a020-618fd5744ff7
175136,25,24.4,198,86,"2021-08-17 17:05:19",A201,9653f952-2137-469f-a020-618fd5744ff7
175150,23,22.7,232,107,"2021-08-17 17:17:20",A203,9653f952-2137-469f-a020-618fd5744ff7
175163,27,23.7,162,86,"2021-08-17 17:29:52",A202,9653f952-2137-469f-a020-618fd5744ff7
175168,25,24.3,197,86,"2021-08-17 17:35:40",A201,9653f952-2137-469f-a020-618fd5744ff7
175181,23,22.6,233,107,"2021-08-17 17:47:43",A203,9653f952-2137-469f-a020-618fd5744ff7
175196,25,24.1,195,86,"2021-08-17 18:06:02",A201,9653f952-2137-469f-a020-618fd5744ff7
175205,23,22.6,233,107,"2021-08-17 18:18:05",A203,9653f952-2137-469f-a020-618fd5744ff7
175215,25,23.9,196,86,"2021-08-17 18:36:24",A201,9653f952-2137-469f-a020-618fd5744ff7
175221,23,22.6,232,107,"2021-08-17 18:48:26",A203,9653f952-2137-469f-a020-618fd5744ff7
175231,25,23.7,197,86,"2021-08-17 19:06:46",A201,9653f952-2137-469f-a020-618fd5744ff7
175244,23,22.6,233,107,"2021-08-17 19:20:21",A203,9653f952-2137-469f-a020-618fd5744ff7
175256,27,23.4,162,86,"2021-08-17 19:31:42",A202,9653f952-2137-469f-a020-618fd5744ff7
175259,25,23.58,197,86,"2021-08-17 19:37:07",A201,9653f952-2137-469f-a020-618fd5744ff7
175272,23,22.5,233,107,"2021-08-17 19:50:43",A203,9653f952-2137-469f-a020-618fd5744ff7
175285,27,23.3,161,86,"2021-08-17 20:02:07",A202,9653f952-2137-469f-a020-618fd5744ff7
175288,25,23.4,197,86,"2021-08-17 20:07:28",A201,9653f952-2137-469f-a020-618fd5744ff7
175301,23,22.5,231,107,"2021-08-17 20:21:04",A203,9653f952-2137-469f-a020-618fd5744ff7
175314,27,23.2,162,86,"2021-08-17 20:32:33",A202,9653f952-2137-469f-a020-618fd5744ff7
175317,25,23.3,197,86,"2021-08-17 20:37:48",A201,9653f952-2137-469f-a020-618fd5744ff7
175329,23,22.4,231,107,"2021-08-17 20:51:25",A203,9653f952-2137-469f-a020-618fd5744ff7
175341,26,23.2,159,86,"2021-08-17 21:02:58",A202,9653f952-2137-469f-a020-618fd5744ff7
175344,25,23.1,195,86,"2021-08-17 21:08:11",A201,9653f952-2137-469f-a020-618fd5744ff7
175356,23,22.4,231,107,"2021-08-17 21:21:47",A203,9653f952-2137-469f-a020-618fd5744ff7
175368,26,23.1,160,86,"2021-08-17 21:33:25",A202,9653f952-2137-469f-a020-618fd5744ff7
175371,25,23,194,86,"2021-08-17 21:38:32",A201,9653f952-2137-469f-a020-618fd5744ff7
175384,23,22.3,231,107,"2021-08-17 21:52:08",A203,9653f952-2137-469f-a020-618fd5744ff7
175396,26,23,160,86,"2021-08-17 22:03:51",A202,9653f952-2137-469f-a020-618fd5744ff7
175400,25,22.8,196,86,"2021-08-17 22:08:51",A201,9653f952-2137-469f-a020-618fd5744ff7
175411,23,22.2,231,107,"2021-08-17 22:22:28",A203,9653f952-2137-469f-a020-618fd5744ff7
175425,26,22.9,161,86,"2021-08-17 22:35:21",A202,9653f952-2137-469f-a020-618fd5744ff7
175427,25,22.7,195,86,"2021-08-17 22:39:12",A201,9653f952-2137-469f-a020-618fd5744ff7
175440,23,22.2,230,107,"2021-08-17 22:52:49",A203,9653f952-2137-469f-a020-618fd5744ff7
175453,26,22.8,161,86,"2021-08-17 23:05:46",A202,9653f952-2137-469f-a020-618fd5744ff7
175455,25,22.6,196,86,"2021-08-17 23:09:32",A201,9653f952-2137-469f-a020-618fd5744ff7
175468,23,22.1,232,107,"2021-08-17 23:23:08",A203,9653f952-2137-469f-a020-618fd5744ff7
175481,26,22.7,162,86,"2021-08-17 23:36:10",A202,9653f952-2137-469f-a020-618fd5744ff7
175483,25,22.5,196,86,"2021-08-17 23:39:52",A201,9653f952-2137-469f-a020-618fd5744ff7
175495,23,22.1,232,107,"2021-08-17 23:53:27",A203,9653f952-2137-469f-a020-618fd5744ff7
175509,27,22.6,161,86,"2021-08-18 00:06:34",A202,9653f952-2137-469f-a020-618fd5744ff7
175511,25,22.4,196,86,"2021-08-18 00:10:12",A201,9653f952-2137-469f-a020-618fd5744ff7
175525,23,22,234,107,"2021-08-18 00:23:46",A203,9653f952-2137-469f-a020-618fd5744ff7
175538,26,22.5,161,86,"2021-08-18 00:36:57",A202,9653f952-2137-469f-a020-618fd5744ff7
175540,25,22.3,195,86,"2021-08-18 00:40:31",A201,9653f952-2137-469f-a020-618fd5744ff7
175555,23,22,232,107,"2021-08-18 00:54:03",A203,9653f952-2137-469f-a020-618fd5744ff7
175567,27,22.4,161,86,"2021-08-18 01:07:19",A202,9653f952-2137-469f-a020-618fd5744ff7
175569,25,22.2,194,86,"2021-08-18 01:10:50",A201,9653f952-2137-469f-a020-618fd5744ff7
175583,23,21.9,231,114,"2021-08-18 01:24:20",A203,9653f952-2137-469f-a020-618fd5744ff7
175596,26,22.3,162,86,"2021-08-18 01:37:41",A202,9653f952-2137-469f-a020-618fd5744ff7
175598,25,22.1,193,86,"2021-08-18 01:41:11",A201,9653f952-2137-469f-a020-618fd5744ff7
175624,27,22.2,162,86,"2021-08-18 02:08:03",A202,9653f952-2137-469f-a020-618fd5744ff7
175626,25,21.9,195,86,"2021-08-18 02:11:28",A201,9653f952-2137-469f-a020-618fd5744ff7
175641,23,21.8,230,114,"2021-08-18 02:24:53",A203,9653f952-2137-469f-a020-618fd5744ff7
175654,27,22.1,162,86,"2021-08-18 02:38:25",A202,9653f952-2137-469f-a020-618fd5744ff7
175655,25,21.8,194,86,"2021-08-18 02:41:46",A201,9653f952-2137-469f-a020-618fd5744ff7
175670,23,21.7,230,114,"2021-08-18 02:55:08",A203,9653f952-2137-469f-a020-618fd5744ff7
175682,27,22,162,86,"2021-08-18 03:08:46",A202,9653f952-2137-469f-a020-618fd5744ff7
175683,25,21.7,193,86,"2021-08-18 03:12:05",A201,9653f952-2137-469f-a020-618fd5744ff7
175698,23,21.7,232,114,"2021-08-18 03:25:24",A203,9653f952-2137-469f-a020-618fd5744ff7
175710,27,21.9,159,86,"2021-08-18 03:39:08",A202,9653f952-2137-469f-a020-618fd5744ff7
175711,25,21.5,194,86,"2021-08-18 03:42:23",A201,9653f952-2137-469f-a020-618fd5744ff7
175727,23,21.6,232,114,"2021-08-18 03:55:40",A203,9653f952-2137-469f-a020-618fd5744ff7
175740,27,21.8,158,86,"2021-08-18 04:09:29",A202,9653f952-2137-469f-a020-618fd5744ff7
175741,25,21.4,194,86,"2021-08-18 04:12:42",A201,9653f952-2137-469f-a020-618fd5744ff7
175756,23,21.5,233,114,"2021-08-18 04:25:57",A203,9653f952-2137-469f-a020-618fd5744ff7
175769,25,21.3,193,93,"2021-08-18 04:43:00",A201,9653f952-2137-469f-a020-618fd5744ff7
175783,23,21.4,232,107,"2021-08-18 04:56:12",A203,9653f952-2137-469f-a020-618fd5744ff7
175796,26,21.6,160,93,"2021-08-18 05:10:14",A202,9653f952-2137-469f-a020-618fd5744ff7
175797,25,21.2,193,93,"2021-08-18 05:13:19",A201,9653f952-2137-469f-a020-618fd5744ff7
175808,23,21.4,230,107,"2021-08-18 05:26:32",A203,9653f952-2137-469f-a020-618fd5744ff7
175822,26,21.5,159,93,"2021-08-18 05:40:38",A202,9653f952-2137-469f-a020-618fd5744ff7
175823,25,21.1,191,93,"2021-08-18 05:43:40",A201,9653f952-2137-469f-a020-618fd5744ff7
175836,23,21.3,232,107,"2021-08-18 05:56:52",A203,9653f952-2137-469f-a020-618fd5744ff7
175850,26,21.5,158,93,"2021-08-18 06:11:06",A202,9653f952-2137-469f-a020-618fd5744ff7
175851,25,21.1,190,93,"2021-08-18 06:14:01",A201,9653f952-2137-469f-a020-618fd5744ff7
175864,23,21.2,231,107,"2021-08-18 06:27:17",A203,9653f952-2137-469f-a020-618fd5744ff7
175878,26,21.5,158,93,"2021-08-18 06:41:37",A202,9653f952-2137-469f-a020-618fd5744ff7
175879,25,21.2,193,100,"2021-08-18 06:44:24",A201,9653f952-2137-469f-a020-618fd5744ff7
175893,23,21.2,230,107,"2021-08-18 06:57:42",A203,9653f952-2137-469f-a020-618fd5744ff7
175907,26,21.5,156,100,"2021-08-18 07:12:10",A202,9653f952-2137-469f-a020-618fd5744ff7
175908,25,21.3,194,100,"2021-08-18 07:14:50",A201,9653f952-2137-469f-a020-618fd5744ff7
175922,23,21.2,232,100,"2021-08-18 07:28:11",A203,9653f952-2137-469f-a020-618fd5744ff7
175935,26,21.66,156,100,"2021-08-18 07:42:45",A202,9653f952-2137-469f-a020-618fd5744ff7
175936,25,21.6,193,100,"2021-08-18 07:45:13",A201,9653f952-2137-469f-a020-618fd5744ff7
175949,23,21.2,232,100,"2021-08-18 07:58:41",A203,9653f952-2137-469f-a020-618fd5744ff7
175962,26,21.8,156,100,"2021-08-18 08:13:21",A202,9653f952-2137-469f-a020-618fd5744ff7
175963,25,22,193,100,"2021-08-18 08:15:40",A201,9653f952-2137-469f-a020-618fd5744ff7
175977,23,21.2,230,100,"2021-08-18 08:29:12",A203,9653f952-2137-469f-a020-618fd5744ff7
175990,26,22.1,154,100,"2021-08-18 08:43:56",A202,9653f952-2137-469f-a020-618fd5744ff7
175991,25,22.4,195,100,"2021-08-18 08:46:06",A201,9653f952-2137-469f-a020-618fd5744ff7
176003,23,21.3,231,100,"2021-08-18 08:59:43",A203,9653f952-2137-469f-a020-618fd5744ff7
176015,26,22.3,153,100,"2021-08-18 09:14:32",A202,9653f952-2137-469f-a020-618fd5744ff7
176016,25,22.9,196,100,"2021-08-18 09:16:33",A201,9653f952-2137-469f-a020-618fd5744ff7
176030,23,21.4,229,100,"2021-08-18 09:30:13",A203,9653f952-2137-469f-a020-618fd5744ff7
176042,26,22.6,153,100,"2021-08-18 09:45:09",A202,9653f952-2137-469f-a020-618fd5744ff7
176043,25,23.5,196,100,"2021-08-18 09:47:00",A201,9653f952-2137-469f-a020-618fd5744ff7
176058,23,21.5,232,100,"2021-08-18 10:00:44",A203,9653f952-2137-469f-a020-618fd5744ff7
176068,26,22.8,153,100,"2021-08-18 10:15:46",A202,9653f952-2137-469f-a020-618fd5744ff7
176069,25,23.9,198,100,"2021-08-18 10:17:27",A201,9653f952-2137-469f-a020-618fd5744ff7
176085,23,21.7,232,100,"2021-08-18 10:31:15",A203,9653f952-2137-469f-a020-618fd5744ff7
176097,26,23,153,100,"2021-08-18 10:46:22",A202,9653f952-2137-469f-a020-618fd5744ff7
176098,25,24.2,195,100,"2021-08-18 10:47:54",A201,9653f952-2137-469f-a020-618fd5744ff7
176112,23,21.9,230,100,"2021-08-18 11:01:50",A203,9653f952-2137-469f-a020-618fd5744ff7
176124,26,23.2,152,100,"2021-08-18 11:17:00",A202,9653f952-2137-469f-a020-618fd5744ff7
176125,24,24.5,197,100,"2021-08-18 11:18:22",A201,9653f952-2137-469f-a020-618fd5744ff7
176141,23,22,228,93,"2021-08-18 11:32:25",A203,9653f952-2137-469f-a020-618fd5744ff7
176153,26,23.4,151,100,"2021-08-18 11:47:40",A202,9653f952-2137-469f-a020-618fd5744ff7
176154,24,24.7,196,100,"2021-08-18 11:48:50",A201,9653f952-2137-469f-a020-618fd5744ff7
176169,23,22.2,230,100,"2021-08-18 12:02:59",A203,9653f952-2137-469f-a020-618fd5744ff7
176181,26,23.6,151,100,"2021-08-18 12:18:19",A202,9653f952-2137-469f-a020-618fd5744ff7
176182,24,25.1,196,100,"2021-08-18 12:19:19",A201,9653f952-2137-469f-a020-618fd5744ff7
176195,23,22.4,230,93,"2021-08-18 12:33:35",A203,9653f952-2137-469f-a020-618fd5744ff7
176206,25,23.8,151,100,"2021-08-18 12:49:01",A202,9653f952-2137-469f-a020-618fd5744ff7
176207,24,25.4,197,100,"2021-08-18 12:49:49",A201,9653f952-2137-469f-a020-618fd5744ff7
176222,23,22.6,230,93,"2021-08-18 13:04:14",A203,9653f952-2137-469f-a020-618fd5744ff7
176234,25,24,149,100,"2021-08-18 13:19:43",A202,9653f952-2137-469f-a020-618fd5744ff7
176236,24,25.7,198,100,"2021-08-18 13:20:20",A201,9653f952-2137-469f-a020-618fd5744ff7
176251,23,22.8,232,100,"2021-08-18 13:34:50",A203,9653f952-2137-469f-a020-618fd5744ff7
176263,25,24.2,150,93,"2021-08-18 13:50:22",A202,9653f952-2137-469f-a020-618fd5744ff7
176265,24,26,198,100,"2021-08-18 13:50:48",A201,9653f952-2137-469f-a020-618fd5744ff7
176277,23,22.94,232,100,"2021-08-18 14:05:26",A203,9653f952-2137-469f-a020-618fd5744ff7
176289,25,24.4,150,86,"2021-08-18 14:21:00",A202,9653f952-2137-469f-a020-618fd5744ff7
176291,24,26.2,198,93,"2021-08-18 14:21:17",A201,9653f952-2137-469f-a020-618fd5744ff7
176303,23,23.1,232,107,"2021-08-18 14:35:54",A203,9653f952-2137-469f-a020-618fd5744ff7
176315,25,24.6,150,86,"2021-08-18 14:51:34",A202,9653f952-2137-469f-a020-618fd5744ff7
176317,24,26.3,194,86,"2021-08-18 14:51:42",A201,9653f952-2137-469f-a020-618fd5744ff7
176331,23,23.2,231,107,"2021-08-18 15:06:22",A203,9653f952-2137-469f-a020-618fd5744ff7
176343,25,24.7,170,86,"2021-08-18 15:22:02",A202,9653f952-2137-469f-a020-618fd5744ff7
176344,24,26.2,198,86,"2021-08-18 15:22:08",A201,9653f952-2137-469f-a020-618fd5744ff7
176357,23,23.3,231,107,"2021-08-18 15:36:48",A203,9653f952-2137-469f-a020-618fd5744ff7
176370,24,26.1,197,86,"2021-08-18 15:52:31",A201,9653f952-2137-469f-a020-618fd5744ff7
176371,25,24.5,169,86,"2021-08-18 15:52:33",A202,9653f952-2137-469f-a020-618fd5744ff7
176386,23,23.3,230,107,"2021-08-18 16:07:15",A203,9653f952-2137-469f-a020-618fd5744ff7
176399,24,25.9,197,86,"2021-08-18 16:22:55",A201,9653f952-2137-469f-a020-618fd5744ff7
176400,25,24.4,168,86,"2021-08-18 16:23:03",A202,9653f952-2137-469f-a020-618fd5744ff7
176414,23,23.3,230,107,"2021-08-18 16:37:41",A203,9653f952-2137-469f-a020-618fd5744ff7
176429,24,25.7,197,86,"2021-08-18 16:53:18",A201,9653f952-2137-469f-a020-618fd5744ff7
176430,25,24.3,166,86,"2021-08-18 16:53:31",A202,9653f952-2137-469f-a020-618fd5744ff7
176445,23,23.32,230,107,"2021-08-18 17:08:06",A203,9653f952-2137-469f-a020-618fd5744ff7
176460,24,25.5,195,86,"2021-08-18 17:23:40",A201,9653f952-2137-469f-a020-618fd5744ff7
176461,25,24.2,168,86,"2021-08-18 17:24:00",A202,9653f952-2137-469f-a020-618fd5744ff7
176477,23,23.3,231,107,"2021-08-18 17:38:28",A203,9653f952-2137-469f-a020-618fd5744ff7
176492,24,25.3,196,86,"2021-08-18 17:54:04",A201,9653f952-2137-469f-a020-618fd5744ff7
176493,25,24.1,167,86,"2021-08-18 17:54:28",A202,9653f952-2137-469f-a020-618fd5744ff7
176512,24,25.1,195,86,"2021-08-18 18:24:27",A201,9653f952-2137-469f-a020-618fd5744ff7
176513,25,23.9,166,86,"2021-08-18 18:25:00",A202,9653f952-2137-469f-a020-618fd5744ff7
176529,24,25,195,86,"2021-08-18 18:54:49",A201,9653f952-2137-469f-a020-618fd5744ff7
176550,25,23.7,166,86,"2021-08-18 19:25:50",A202,9653f952-2137-469f-a020-618fd5744ff7
176564,23,23.2,232,107,"2021-08-18 19:40:00",A203,9653f952-2137-469f-a020-618fd5744ff7
176576,25,23.6,166,86,"2021-08-18 19:56:17",A202,9653f952-2137-469f-a020-618fd5744ff7
176578,24,24.5,194,86,"2021-08-18 19:57:28",A201,9653f952-2137-469f-a020-618fd5744ff7
176590,23,23.2,233,107,"2021-08-18 20:10:22",A203,9653f952-2137-469f-a020-618fd5744ff7
176604,26,23.5,165,86,"2021-08-18 20:26:43",A202,9653f952-2137-469f-a020-618fd5744ff7
176606,24,24.2,193,86,"2021-08-18 20:27:51",A201,9653f952-2137-469f-a020-618fd5744ff7
176618,23,23.1,232,107,"2021-08-18 20:40:46",A203,9653f952-2137-469f-a020-618fd5744ff7
176632,25,23.4,164,86,"2021-08-18 20:57:09",A202,9653f952-2137-469f-a020-618fd5744ff7
176634,24,24,195,86,"2021-08-18 20:58:15",A201,9653f952-2137-469f-a020-618fd5744ff7
176644,23,23,233,107,"2021-08-18 21:11:04",A203,9653f952-2137-469f-a020-618fd5744ff7
176660,26,23.3,165,86,"2021-08-18 21:27:35",A202,9653f952-2137-469f-a020-618fd5744ff7
176662,24,23.8,194,86,"2021-08-18 21:28:36",A201,9653f952-2137-469f-a020-618fd5744ff7
176674,23,23,233,107,"2021-08-18 21:41:24",A203,9653f952-2137-469f-a020-618fd5744ff7
176690,26,23.2,163,86,"2021-08-18 21:58:00",A202,9653f952-2137-469f-a020-618fd5744ff7
176692,24,23.6,194,86,"2021-08-18 21:58:59",A201,9653f952-2137-469f-a020-618fd5744ff7
176704,23,22.9,234,107,"2021-08-18 22:11:45",A203,9653f952-2137-469f-a020-618fd5744ff7
176720,26,23.1,165,86,"2021-08-18 22:28:25",A202,9653f952-2137-469f-a020-618fd5744ff7
176722,24,23.5,190,86,"2021-08-18 22:29:22",A201,9653f952-2137-469f-a020-618fd5744ff7
176734,23,22.8,233,107,"2021-08-18 22:42:04",A203,9653f952-2137-469f-a020-618fd5744ff7
176751,26,23,164,86,"2021-08-18 22:58:50",A202,9653f952-2137-469f-a020-618fd5744ff7
176752,24,23.3,194,86,"2021-08-18 22:59:43",A201,9653f952-2137-469f-a020-618fd5744ff7
176763,23,22.8,234,107,"2021-08-18 23:12:24",A203,9653f952-2137-469f-a020-618fd5744ff7
176780,26,22.9,165,86,"2021-08-18 23:29:14",A202,9653f952-2137-469f-a020-618fd5744ff7
176781,24,23.1,193,86,"2021-08-18 23:30:06",A201,9653f952-2137-469f-a020-618fd5744ff7
176790,23,22.7,234,107,"2021-08-18 23:42:42",A203,9653f952-2137-469f-a020-618fd5744ff7
176806,26,22.8,165,86,"2021-08-18 23:59:37",A202,9653f952-2137-469f-a020-618fd5744ff7
176807,24,23,194,86,"2021-08-19 00:00:28",A201,9653f952-2137-469f-a020-618fd5744ff7
176817,23,22.6,234,107,"2021-08-19 00:13:02",A203,9653f952-2137-469f-a020-618fd5744ff7
176834,26,22.7,165,86,"2021-08-19 00:30:00",A202,9653f952-2137-469f-a020-618fd5744ff7
176835,24,22.8,194,86,"2021-08-19 00:30:49",A201,9653f952-2137-469f-a020-618fd5744ff7
176845,23,22.6,235,107,"2021-08-19 00:43:19",A203,9653f952-2137-469f-a020-618fd5744ff7
176863,26,22.6,161,86,"2021-08-19 01:00:23",A202,9653f952-2137-469f-a020-618fd5744ff7
176864,24,22.6,194,86,"2021-08-19 01:01:11",A201,9653f952-2137-469f-a020-618fd5744ff7
176874,23,22.5,235,107,"2021-08-19 01:13:36",A203,9653f952-2137-469f-a020-618fd5744ff7
176891,26,22.42,164,86,"2021-08-19 01:30:46",A202,9653f952-2137-469f-a020-618fd5744ff7
176892,24,22.5,192,86,"2021-08-19 01:31:32",A201,9653f952-2137-469f-a020-618fd5744ff7
176904,23,22.4,234,107,"2021-08-19 01:43:52",A203,9653f952-2137-469f-a020-618fd5744ff7
176920,26,22.3,163,86,"2021-08-19 02:01:09",A202,9653f952-2137-469f-a020-618fd5744ff7
176921,24,22.3,192,86,"2021-08-19 02:01:53",A201,9653f952-2137-469f-a020-618fd5744ff7
176931,23,22.4,234,114,"2021-08-19 02:14:10",A203,9653f952-2137-469f-a020-618fd5744ff7
176947,26,22.2,164,86,"2021-08-19 02:31:31",A202,9653f952-2137-469f-a020-618fd5744ff7
176948,24,22.2,194,86,"2021-08-19 02:32:16",A201,9653f952-2137-469f-a020-618fd5744ff7
176958,23,22.3,231,114,"2021-08-19 02:44:28",A203,9653f952-2137-469f-a020-618fd5744ff7
176976,26,22.1,163,86,"2021-08-19 03:01:53",A202,9653f952-2137-469f-a020-618fd5744ff7
176977,24,22,194,86,"2021-08-19 03:02:36",A201,9653f952-2137-469f-a020-618fd5744ff7
176987,23,22.2,229,114,"2021-08-19 03:14:44",A203,9653f952-2137-469f-a020-618fd5744ff7
177005,26,22,164,86,"2021-08-19 03:32:15",A202,9653f952-2137-469f-a020-618fd5744ff7
177006,25,21.9,193,86,"2021-08-19 03:32:57",A201,9653f952-2137-469f-a020-618fd5744ff7
177016,23,22.2,233,114,"2021-08-19 03:45:00",A203,9653f952-2137-469f-a020-618fd5744ff7
177034,26,21.9,164,86,"2021-08-19 04:02:37",A202,9653f952-2137-469f-a020-618fd5744ff7
177035,25,21.7,194,86,"2021-08-19 04:03:18",A201,9653f952-2137-469f-a020-618fd5744ff7
177046,23,22.1,232,114,"2021-08-19 04:15:15",A203,9653f952-2137-469f-a020-618fd5744ff7
177063,26,21.8,164,86,"2021-08-19 04:32:58",A202,9653f952-2137-469f-a020-618fd5744ff7
177064,25,21.6,193,86,"2021-08-19 04:33:38",A201,9653f952-2137-469f-a020-618fd5744ff7
177075,23,22,231,107,"2021-08-19 04:45:33",A203,9653f952-2137-469f-a020-618fd5744ff7
177092,26,21.7,163,93,"2021-08-19 05:03:20",A202,9653f952-2137-469f-a020-618fd5744ff7
177093,25,21.5,193,93,"2021-08-19 05:04:01",A201,9653f952-2137-469f-a020-618fd5744ff7
177103,23,21.9,233,107,"2021-08-19 05:15:50",A203,9653f952-2137-469f-a020-618fd5744ff7
177120,26,21.6,161,93,"2021-08-19 05:33:45",A202,9653f952-2137-469f-a020-618fd5744ff7
177121,25,21.4,193,93,"2021-08-19 05:34:24",A201,9653f952-2137-469f-a020-618fd5744ff7
177131,23,21.9,233,107,"2021-08-19 05:46:13",A203,9653f952-2137-469f-a020-618fd5744ff7
177149,26,21.5,161,93,"2021-08-19 06:04:13",A202,9653f952-2137-469f-a020-618fd5744ff7
177150,24,21.3,193,93,"2021-08-19 06:04:49",A201,9653f952-2137-469f-a020-618fd5744ff7
177159,23,21.8,233,107,"2021-08-19 06:16:37",A203,9653f952-2137-469f-a020-618fd5744ff7
177178,26,21.5,158,93,"2021-08-19 06:34:43",A202,9653f952-2137-469f-a020-618fd5744ff7
177179,25,21.4,193,93,"2021-08-19 06:35:11",A201,9653f952-2137-469f-a020-618fd5744ff7
177188,23,21.7,230,107,"2021-08-19 06:47:02",A203,9653f952-2137-469f-a020-618fd5744ff7
177206,26,21.5,161,93,"2021-08-19 07:05:14",A202,9653f952-2137-469f-a020-618fd5744ff7
177207,25,21.6,193,100,"2021-08-19 07:05:38",A201,9653f952-2137-469f-a020-618fd5744ff7
177215,23,21.7,230,107,"2021-08-19 07:17:31",A203,9653f952-2137-469f-a020-618fd5744ff7
177233,26,21.6,160,100,"2021-08-19 07:35:47",A202,9653f952-2137-469f-a020-618fd5744ff7
177234,24,21.9,192,100,"2021-08-19 07:36:03",A201,9653f952-2137-469f-a020-618fd5744ff7
177244,23,21.7,232,100,"2021-08-19 07:48:00",A203,9653f952-2137-469f-a020-618fd5744ff7
177262,26,21.8,160,100,"2021-08-19 08:06:21",A202,9653f952-2137-469f-a020-618fd5744ff7
177263,24,22.2,194,100,"2021-08-19 08:06:31",A201,9653f952-2137-469f-a020-618fd5744ff7
177272,23,21.7,229,100,"2021-08-19 08:18:32",A203,9653f952-2137-469f-a020-618fd5744ff7
177291,26,22,158,100,"2021-08-19 08:36:56",A202,9653f952-2137-469f-a020-618fd5744ff7
177292,24,22.7,196,100,"2021-08-19 08:37:01",A201,9653f952-2137-469f-a020-618fd5744ff7
177300,23,21.8,233,100,"2021-08-19 08:49:04",A203,9653f952-2137-469f-a020-618fd5744ff7
177319,24,23.2,193,100,"2021-08-19 09:07:26",A201,9653f952-2137-469f-a020-618fd5744ff7
177326,23,21.9,231,100,"2021-08-19 09:19:36",A203,9653f952-2137-469f-a020-618fd5744ff7
177341,29,23.9,264,100,"2021-08-19 09:37:54",A201,9653f952-2137-469f-a020-618fd5744ff7
177342,25,22.5,160,100,"2021-08-19 09:38:07",A202,9653f952-2137-469f-a020-618fd5744ff7
177350,23,22,233,100,"2021-08-19 09:50:17",A203,9653f952-2137-469f-a020-618fd5744ff7
177367,28,24.5,257,100,"2021-08-19 10:08:20",A201,9653f952-2137-469f-a020-618fd5744ff7
177368,25,22.8,160,100,"2021-08-19 10:08:45",A202,9653f952-2137-469f-a020-618fd5744ff7
177375,23,22.2,232,100,"2021-08-19 10:20:45",A203,9653f952-2137-469f-a020-618fd5744ff7
177393,27,24.9,250,100,"2021-08-19 10:38:49",A201,9653f952-2137-469f-a020-618fd5744ff7
177399,23,22.3,230,100,"2021-08-19 10:51:20",A203,9653f952-2137-469f-a020-618fd5744ff7
177415,27,25.2,252,100,"2021-08-19 11:09:18",A201,9653f952-2137-469f-a020-618fd5744ff7
177416,25,23.3,158,100,"2021-08-19 11:09:59",A202,9653f952-2137-469f-a020-618fd5744ff7
177424,23,22.5,230,100,"2021-08-19 11:21:55",A203,9653f952-2137-469f-a020-618fd5744ff7
177441,27,25.5,251,100,"2021-08-19 11:39:47",A201,9653f952-2137-469f-a020-618fd5744ff7
177464,27,25.6,248,100,"2021-08-19 12:10:18",A201,9653f952-2137-469f-a020-618fd5744ff7
177465,25,23.8,157,100,"2021-08-19 12:11:16",A202,9653f952-2137-469f-a020-618fd5744ff7
177474,23,23,232,93,"2021-08-19 12:23:06",A203,9653f952-2137-469f-a020-618fd5744ff7
177491,27,25.8,246,100,"2021-08-19 12:40:48",A201,9653f952-2137-469f-a020-618fd5744ff7
177493,25,23.92,157,100,"2021-08-19 12:41:55",A202,9653f952-2137-469f-a020-618fd5744ff7
177500,23,23.2,232,93,"2021-08-19 12:53:43",A203,9653f952-2137-469f-a020-618fd5744ff7
177518,27,25.9,244,100,"2021-08-19 13:11:17",A201,9653f952-2137-469f-a020-618fd5744ff7
177527,23,23.3,230,100,"2021-08-19 13:24:19",A203,9653f952-2137-469f-a020-618fd5744ff7
177544,27,25.9,241,100,"2021-08-19 13:41:47",A201,9653f952-2137-469f-a020-618fd5744ff7
177545,25,24.2,158,100,"2021-08-19 13:43:12",A202,9653f952-2137-469f-a020-618fd5744ff7
177554,23,23.5,231,100,"2021-08-19 13:54:52",A203,9653f952-2137-469f-a020-618fd5744ff7
177572,27,25.9,242,86,"2021-08-19 14:12:17",A201,9653f952-2137-469f-a020-618fd5744ff7
177573,25,24.3,156,86,"2021-08-19 14:13:48",A202,9653f952-2137-469f-a020-618fd5744ff7
177582,23,23.6,233,107,"2021-08-19 14:25:21",A203,9653f952-2137-469f-a020-618fd5744ff7
177601,27,25.8,240,86,"2021-08-19 14:42:42",A201,9653f952-2137-469f-a020-618fd5744ff7
177602,25,24.3,157,86,"2021-08-19 14:44:21",A202,9653f952-2137-469f-a020-618fd5744ff7
177611,23,23.7,234,107,"2021-08-19 14:55:47",A203,9653f952-2137-469f-a020-618fd5744ff7
177632,27,25.6,238,86,"2021-08-19 15:13:06",A201,9653f952-2137-469f-a020-618fd5744ff7
177633,25,24.3,156,86,"2021-08-19 15:14:49",A202,9653f952-2137-469f-a020-618fd5744ff7
177640,23,23.7,235,107,"2021-08-19 15:26:10",A203,9653f952-2137-469f-a020-618fd5744ff7
177662,27,25.3,234,86,"2021-08-19 15:43:31",A201,9653f952-2137-469f-a020-618fd5744ff7
177663,25,24.2,156,86,"2021-08-19 15:45:16",A202,9653f952-2137-469f-a020-618fd5744ff7
177671,23,23.7,235,107,"2021-08-19 15:56:30",A203,9653f952-2137-469f-a020-618fd5744ff7
177689,27,25.1,235,86,"2021-08-19 16:13:55",A201,9653f952-2137-469f-a020-618fd5744ff7
177690,25,24.1,156,86,"2021-08-19 16:15:41",A202,9653f952-2137-469f-a020-618fd5744ff7
177699,23,23.7,235,107,"2021-08-19 16:26:49",A203,9653f952-2137-469f-a020-618fd5744ff7
177715,25,24,156,86,"2021-08-19 16:46:06",A202,9653f952-2137-469f-a020-618fd5744ff7
177724,23,23.6,236,107,"2021-08-19 16:57:07",A203,9653f952-2137-469f-a020-618fd5744ff7
177737,27,24.5,233,86,"2021-08-19 17:14:38",A201,9653f952-2137-469f-a020-618fd5744ff7
177738,25,23.8,157,86,"2021-08-19 17:16:31",A202,9653f952-2137-469f-a020-618fd5744ff7
177750,25,23.7,158,86,"2021-08-19 17:46:57",A202,9653f952-2137-469f-a020-618fd5744ff7
177773,23,23.3,235,107,"2021-08-19 18:58:21",A203,9653f952-2137-469f-a020-618fd5744ff7
177778,27,23.4,244,86,"2021-08-19 19:16:06",A201,9653f952-2137-469f-a020-618fd5744ff7
177779,25,23.2,158,86,"2021-08-19 19:18:07",A202,9653f952-2137-469f-a020-618fd5744ff7
177794,27,23.2,249,86,"2021-08-19 19:46:29",A201,9653f952-2137-469f-a020-618fd5744ff7
177803,23,23.2,233,107,"2021-08-19 19:59:06",A203,9653f952-2137-469f-a020-618fd5744ff7
177822,27,23.1,249,86,"2021-08-19 20:16:52",A201,9653f952-2137-469f-a020-618fd5744ff7
177823,25,22.9,157,86,"2021-08-19 20:18:57",A202,9653f952-2137-469f-a020-618fd5744ff7
177849,27,22.9,247,86,"2021-08-19 20:47:14",A201,9653f952-2137-469f-a020-618fd5744ff7
177850,25,22.8,155,86,"2021-08-19 20:49:20",A202,9653f952-2137-469f-a020-618fd5744ff7
177858,23,23,232,107,"2021-08-19 20:59:38",A203,9653f952-2137-469f-a020-618fd5744ff7
177878,27,22.8,245,86,"2021-08-19 21:17:37",A201,9653f952-2137-469f-a020-618fd5744ff7
177885,23,23,233,107,"2021-08-19 21:29:56",A203,9653f952-2137-469f-a020-618fd5744ff7
177902,27,22.64,247,86,"2021-08-19 21:47:58",A201,9653f952-2137-469f-a020-618fd5744ff7
177903,25,22.6,157,86,"2021-08-19 21:50:08",A202,9653f952-2137-469f-a020-618fd5744ff7
177915,23,22.9,233,107,"2021-08-19 22:01:49",A203,9653f952-2137-469f-a020-618fd5744ff7
177930,27,22.5,249,86,"2021-08-19 22:18:21",A201,9653f952-2137-469f-a020-618fd5744ff7
177932,25,22.5,158,86,"2021-08-19 22:20:32",A202,9653f952-2137-469f-a020-618fd5744ff7
177942,23,22.8,233,107,"2021-08-19 22:32:12",A203,9653f952-2137-469f-a020-618fd5744ff7
177959,27,22.4,247,86,"2021-08-19 22:48:43",A201,9653f952-2137-469f-a020-618fd5744ff7
177962,25,22.4,158,86,"2021-08-19 22:50:57",A202,9653f952-2137-469f-a020-618fd5744ff7
177969,23,22.8,234,107,"2021-08-19 23:02:33",A203,9653f952-2137-469f-a020-618fd5744ff7
177986,27,22.3,242,86,"2021-08-19 23:19:05",A201,9653f952-2137-469f-a020-618fd5744ff7
177989,25,22.3,158,86,"2021-08-19 23:21:23",A202,9653f952-2137-469f-a020-618fd5744ff7
178013,27,22.2,244,86,"2021-08-19 23:49:27",A201,9653f952-2137-469f-a020-618fd5744ff7
178016,25,22.3,158,86,"2021-08-19 23:51:43",A202,9653f952-2137-469f-a020-618fd5744ff7
178025,23,22.6,235,107,"2021-08-20 00:03:17",A203,9653f952-2137-469f-a020-618fd5744ff7
178042,27,22.2,245,86,"2021-08-20 00:19:49",A201,9653f952-2137-469f-a020-618fd5744ff7
178045,25,22.2,158,86,"2021-08-20 00:22:07",A202,9653f952-2137-469f-a020-618fd5744ff7
178053,23,22.6,234,107,"2021-08-20 00:33:38",A203,9653f952-2137-469f-a020-618fd5744ff7
178069,27,22.1,243,86,"2021-08-20 00:50:11",A201,9653f952-2137-469f-a020-618fd5744ff7
178072,25,22.1,158,86,"2021-08-20 00:52:30",A202,9653f952-2137-469f-a020-618fd5744ff7
178081,23,22.5,235,107,"2021-08-20 01:03:59",A203,9653f952-2137-469f-a020-618fd5744ff7
178098,27,22,244,86,"2021-08-20 01:20:32",A201,9653f952-2137-469f-a020-618fd5744ff7
178101,25,22.1,158,86,"2021-08-20 01:23:57",A202,9653f952-2137-469f-a020-618fd5744ff7
178110,23,22.5,235,107,"2021-08-20 01:34:21",A203,9653f952-2137-469f-a020-618fd5744ff7
178128,27,21.9,244,86,"2021-08-20 01:50:54",A201,9653f952-2137-469f-a020-618fd5744ff7
178131,25,22,158,86,"2021-08-20 01:54:22",A202,9653f952-2137-469f-a020-618fd5744ff7
178140,23,22.4,234,107,"2021-08-20 02:04:41",A203,9653f952-2137-469f-a020-618fd5744ff7
178157,25,21.9,157,86,"2021-08-20 02:24:48",A202,9653f952-2137-469f-a020-618fd5744ff7
178165,23,22.4,234,107,"2021-08-20 02:35:04",A203,9653f952-2137-469f-a020-618fd5744ff7
178182,27,21.7,246,86,"2021-08-20 02:51:38",A201,9653f952-2137-469f-a020-618fd5744ff7
178185,25,21.9,157,86,"2021-08-20 02:55:14",A202,9653f952-2137-469f-a020-618fd5744ff7
178193,23,22.3,234,107,"2021-08-20 03:05:24",A203,9653f952-2137-469f-a020-618fd5744ff7
178211,27,21.7,244,86,"2021-08-20 03:22:01",A201,9653f952-2137-469f-a020-618fd5744ff7
178213,25,21.8,157,86,"2021-08-20 03:25:40",A202,9653f952-2137-469f-a020-618fd5744ff7
178221,23,22.3,232,107,"2021-08-20 03:35:46",A203,9653f952-2137-469f-a020-618fd5744ff7
178239,25,21.8,157,86,"2021-08-20 03:56:06",A202,9653f952-2137-469f-a020-618fd5744ff7
178247,23,22.3,232,107,"2021-08-20 04:06:09",A203,9653f952-2137-469f-a020-618fd5744ff7
178265,27,21.5,242,86,"2021-08-20 04:22:43",A201,9653f952-2137-469f-a020-618fd5744ff7
178267,25,21.7,154,86,"2021-08-20 04:26:33",A202,9653f952-2137-469f-a020-618fd5744ff7
178275,23,22.2,230,107,"2021-08-20 04:36:30",A203,9653f952-2137-469f-a020-618fd5744ff7
178292,27,21.5,242,86,"2021-08-20 04:53:07",A201,9653f952-2137-469f-a020-618fd5744ff7
178294,25,21.7,154,86,"2021-08-20 04:56:59",A202,9653f952-2137-469f-a020-618fd5744ff7
178302,23,22.2,232,107,"2021-08-20 05:06:54",A203,9653f952-2137-469f-a020-618fd5744ff7
178318,27,21.4,241,86,"2021-08-20 05:23:30",A201,9653f952-2137-469f-a020-618fd5744ff7
178320,25,21.6,156,86,"2021-08-20 05:27:27",A202,9653f952-2137-469f-a020-618fd5744ff7
178327,23,22.1,231,107,"2021-08-20 05:37:14",A203,9653f952-2137-469f-a020-618fd5744ff7
178345,27,21.4,241,93,"2021-08-20 05:53:51",A201,9653f952-2137-469f-a020-618fd5744ff7
178348,25,21.6,156,86,"2021-08-20 05:57:56",A202,9653f952-2137-469f-a020-618fd5744ff7
178356,23,22.1,231,107,"2021-08-20 06:07:39",A203,9653f952-2137-469f-a020-618fd5744ff7
178372,27,21.4,239,93,"2021-08-20 06:24:14",A201,9653f952-2137-469f-a020-618fd5744ff7
178374,25,21.6,156,93,"2021-08-20 06:28:26",A202,9653f952-2137-469f-a020-618fd5744ff7
178382,23,22.1,231,107,"2021-08-20 06:38:10",A203,9653f952-2137-469f-a020-618fd5744ff7
178398,27,21.5,240,93,"2021-08-20 06:54:38",A201,9653f952-2137-469f-a020-618fd5744ff7
178400,25,21.6,155,93,"2021-08-20 06:58:58",A202,9653f952-2137-469f-a020-618fd5744ff7
178407,23,22,231,107,"2021-08-20 07:08:34",A203,9653f952-2137-469f-a020-618fd5744ff7
178425,27,21.7,240,93,"2021-08-20 07:25:03",A201,9653f952-2137-469f-a020-618fd5744ff7
178427,25,21.7,156,93,"2021-08-20 07:29:30",A202,9653f952-2137-469f-a020-618fd5744ff7
178434,23,22,233,107,"2021-08-20 07:39:01",A203,9653f952-2137-469f-a020-618fd5744ff7
178451,27,21.9,240,93,"2021-08-20 07:55:28",A201,9653f952-2137-469f-a020-618fd5744ff7
178452,25,21.8,155,93,"2021-08-20 08:00:01",A202,9653f952-2137-469f-a020-618fd5744ff7
178458,23,22.1,234,107,"2021-08-20 08:09:30",A203,9653f952-2137-469f-a020-618fd5744ff7
178475,27,22,239,93,"2021-08-20 08:25:53",A201,9653f952-2137-469f-a020-618fd5744ff7
178477,25,21.9,155,93,"2021-08-20 08:30:32",A202,9653f952-2137-469f-a020-618fd5744ff7
178484,23,22.1,232,107,"2021-08-20 08:39:54",A203,9653f952-2137-469f-a020-618fd5744ff7
178502,27,22.1,239,93,"2021-08-20 08:56:15",A201,9653f952-2137-469f-a020-618fd5744ff7
178504,29,21.9,201,93,"2021-08-20 09:01:01",A202,9653f952-2137-469f-a020-618fd5744ff7
178511,23,22.1,230,107,"2021-08-20 09:10:21",A203,9653f952-2137-469f-a020-618fd5744ff7
178531,29,21.9,201,93,"2021-08-20 09:31:30",A202,9653f952-2137-469f-a020-618fd5744ff7
178537,23,22.2,231,107,"2021-08-20 09:40:49",A203,9653f952-2137-469f-a020-618fd5744ff7
178554,27,22.3,237,93,"2021-08-20 09:57:04",A201,9653f952-2137-469f-a020-618fd5744ff7
178556,29,21.9,201,93,"2021-08-20 10:02:01",A202,9653f952-2137-469f-a020-618fd5744ff7
178563,23,22.2,230,107,"2021-08-20 10:11:15",A203,9653f952-2137-469f-a020-618fd5744ff7
178581,27,22.4,237,93,"2021-08-20 10:27:29",A201,9653f952-2137-469f-a020-618fd5744ff7
178583,29,21.9,196,93,"2021-08-20 10:32:33",A202,9653f952-2137-469f-a020-618fd5744ff7
178590,23,22.2,231,107,"2021-08-20 10:41:42",A203,9653f952-2137-469f-a020-618fd5744ff7
178611,27,22.6,237,93,"2021-08-20 10:57:54",A201,9653f952-2137-469f-a020-618fd5744ff7
178612,29,22,196,93,"2021-08-20 11:03:05",A202,9653f952-2137-469f-a020-618fd5744ff7
178617,23,22.3,230,107,"2021-08-20 11:12:10",A203,9653f952-2137-469f-a020-618fd5744ff7
178638,27,22.8,237,93,"2021-08-20 11:28:20",A201,9653f952-2137-469f-a020-618fd5744ff7
178640,29,22.1,196,93,"2021-08-20 11:33:37",A202,9653f952-2137-469f-a020-618fd5744ff7
178647,23,22.3,230,107,"2021-08-20 11:42:40",A203,9653f952-2137-469f-a020-618fd5744ff7
178669,27,23,237,93,"2021-08-20 11:58:45",A201,9653f952-2137-469f-a020-618fd5744ff7
178677,23,22.4,230,107,"2021-08-20 12:13:11",A203,9653f952-2137-469f-a020-618fd5744ff7
178697,27,23.2,235,93,"2021-08-20 12:29:13",A201,9653f952-2137-469f-a020-618fd5744ff7
178705,23,22.4,231,107,"2021-08-20 12:43:40",A203,9653f952-2137-469f-a020-618fd5744ff7
178724,27,23.3,236,93,"2021-08-20 12:59:37",A201,9653f952-2137-469f-a020-618fd5744ff7
178727,29,22.4,190,93,"2021-08-20 13:05:20",A202,9653f952-2137-469f-a020-618fd5744ff7
178733,23,22.5,232,107,"2021-08-20 13:14:11",A203,9653f952-2137-469f-a020-618fd5744ff7
178753,27,23.4,235,93,"2021-08-20 13:30:04",A201,9653f952-2137-469f-a020-618fd5744ff7
178757,29,22.4,190,93,"2021-08-20 13:35:59",A202,9653f952-2137-469f-a020-618fd5744ff7
178762,23,22.6,233,107,"2021-08-20 13:44:44",A203,9653f952-2137-469f-a020-618fd5744ff7
178783,27,23.58,235,93,"2021-08-20 14:00:34",A201,9653f952-2137-469f-a020-618fd5744ff7
178787,29,22.5,187,93,"2021-08-20 14:06:31",A202,9653f952-2137-469f-a020-618fd5744ff7
178791,23,22.7,235,107,"2021-08-20 14:15:15",A203,9653f952-2137-469f-a020-618fd5744ff7
178811,27,23.7,234,93,"2021-08-20 14:30:57",A201,9653f952-2137-469f-a020-618fd5744ff7
178819,23,22.8,231,107,"2021-08-20 14:45:39",A203,9653f952-2137-469f-a020-618fd5744ff7
178840,27,23.7,233,86,"2021-08-20 15:01:24",A201,9653f952-2137-469f-a020-618fd5744ff7
178844,29,22.6,188,86,"2021-08-20 15:07:39",A202,9653f952-2137-469f-a020-618fd5744ff7
178848,23,22.8,233,107,"2021-08-20 15:16:02",A203,9653f952-2137-469f-a020-618fd5744ff7
178869,27,23.6,232,86,"2021-08-20 15:31:46",A201,9653f952-2137-469f-a020-618fd5744ff7
178871,29,22.6,189,86,"2021-08-20 15:38:04",A202,9653f952-2137-469f-a020-618fd5744ff7
178876,23,22.9,233,107,"2021-08-20 15:46:25",A203,9653f952-2137-469f-a020-618fd5744ff7
178897,27,23.4,231,86,"2021-08-20 16:02:08",A201,9653f952-2137-469f-a020-618fd5744ff7
178900,29,22.6,189,86,"2021-08-20 16:08:32",A202,9653f952-2137-469f-a020-618fd5744ff7
178905,23,22.8,235,107,"2021-08-20 16:16:46",A203,9653f952-2137-469f-a020-618fd5744ff7
178928,29,22.5,189,86,"2021-08-20 16:39:02",A202,9653f952-2137-469f-a020-618fd5744ff7
178933,23,22.8,233,107,"2021-08-20 16:47:08",A203,9653f952-2137-469f-a020-618fd5744ff7
178954,27,23,230,86,"2021-08-20 17:02:53",A201,9653f952-2137-469f-a020-618fd5744ff7
178961,23,22.7,233,107,"2021-08-20 17:17:30",A203,9653f952-2137-469f-a020-618fd5744ff7
178975,27,22.8,257,86,"2021-08-20 17:33:19",A201,9653f952-2137-469f-a020-618fd5744ff7
178991,29,22.6,264,86,"2021-08-20 18:03:38",A201,9653f952-2137-469f-a020-618fd5744ff7
179003,29,22.4,262,86,"2021-08-20 18:34:00",A201,9653f952-2137-469f-a020-618fd5744ff7
179012,29,22.3,260,86,"2021-08-20 19:04:21",A201,9653f952-2137-469f-a020-618fd5744ff7
179040,30,22,212,86,"2021-08-20 19:41:37",A202,9653f952-2137-469f-a020-618fd5744ff7
179046,23,22.3,231,107,"2021-08-20 19:49:18",A203,9653f952-2137-469f-a020-618fd5744ff7
179065,30,21.9,208,86,"2021-08-20 20:12:03",A202,9653f952-2137-469f-a020-618fd5744ff7
179071,23,22.22,229,107,"2021-08-20 20:19:40",A203,9653f952-2137-469f-a020-618fd5744ff7
179091,28,21.9,250,86,"2021-08-20 20:35:28",A201,9653f952-2137-469f-a020-618fd5744ff7
179094,30,21.8,209,86,"2021-08-20 20:42:33",A202,9653f952-2137-469f-a020-618fd5744ff7
179100,23,22.2,230,107,"2021-08-20 20:50:01",A203,9653f952-2137-469f-a020-618fd5744ff7
179122,28,21.8,252,86,"2021-08-20 21:05:51",A201,9653f952-2137-469f-a020-618fd5744ff7
179125,30,21.8,207,86,"2021-08-20 21:12:59",A202,9653f952-2137-469f-a020-618fd5744ff7
179131,23,22.1,232,107,"2021-08-20 21:20:24",A203,9653f952-2137-469f-a020-618fd5744ff7
179149,28,21.7,252,86,"2021-08-20 21:36:11",A201,9653f952-2137-469f-a020-618fd5744ff7
179152,30,21.7,201,86,"2021-08-20 21:43:22",A202,9653f952-2137-469f-a020-618fd5744ff7
179158,23,22.1,231,107,"2021-08-20 21:50:44",A203,9653f952-2137-469f-a020-618fd5744ff7
179179,28,21.6,246,86,"2021-08-20 22:08:25",A201,9653f952-2137-469f-a020-618fd5744ff7
179182,30,21.7,203,86,"2021-08-20 22:13:48",A202,9653f952-2137-469f-a020-618fd5744ff7
179188,23,22,232,107,"2021-08-20 22:21:06",A203,9653f952-2137-469f-a020-618fd5744ff7
179209,28,21.6,247,86,"2021-08-20 22:38:48",A201,9653f952-2137-469f-a020-618fd5744ff7
179212,30,21.6,203,86,"2021-08-20 22:44:14",A202,9653f952-2137-469f-a020-618fd5744ff7
179218,23,21.9,232,107,"2021-08-20 22:51:28",A203,9653f952-2137-469f-a020-618fd5744ff7
179240,28,21.5,249,86,"2021-08-20 23:09:12",A201,9653f952-2137-469f-a020-618fd5744ff7
179243,30,21.6,199,86,"2021-08-20 23:14:40",A202,9653f952-2137-469f-a020-618fd5744ff7
179249,23,21.9,232,107,"2021-08-20 23:21:48",A203,9653f952-2137-469f-a020-618fd5744ff7
179271,28,21.4,248,86,"2021-08-20 23:39:34",A201,9653f952-2137-469f-a020-618fd5744ff7
179274,30,21.5,200,86,"2021-08-20 23:45:05",A202,9653f952-2137-469f-a020-618fd5744ff7
179280,23,21.8,229,107,"2021-08-20 23:52:10",A203,9653f952-2137-469f-a020-618fd5744ff7
179301,28,21.3,248,86,"2021-08-21 00:09:57",A201,9653f952-2137-469f-a020-618fd5744ff7
179304,30,21.4,198,86,"2021-08-21 00:15:30",A202,9653f952-2137-469f-a020-618fd5744ff7
179310,23,21.8,231,107,"2021-08-21 00:22:28",A203,9653f952-2137-469f-a020-618fd5744ff7
179332,28,21.2,246,86,"2021-08-21 00:40:21",A201,9653f952-2137-469f-a020-618fd5744ff7
179335,30,21.4,199,86,"2021-08-21 00:45:56",A202,9653f952-2137-469f-a020-618fd5744ff7
179341,23,21.7,231,107,"2021-08-21 00:52:49",A203,9653f952-2137-469f-a020-618fd5744ff7
179362,28,21.1,247,86,"2021-08-21 01:10:45",A201,9653f952-2137-469f-a020-618fd5744ff7
179365,30,21.3,199,86,"2021-08-21 01:16:22",A202,9653f952-2137-469f-a020-618fd5744ff7
179371,23,21.7,232,107,"2021-08-21 01:23:10",A203,9653f952-2137-469f-a020-618fd5744ff7
179392,28,21,246,86,"2021-08-21 01:41:09",A201,9653f952-2137-469f-a020-618fd5744ff7
179395,30,21.3,197,86,"2021-08-21 01:46:47",A202,9653f952-2137-469f-a020-618fd5744ff7
179401,23,21.6,232,107,"2021-08-21 01:53:30",A203,9653f952-2137-469f-a020-618fd5744ff7
179424,28,21,246,86,"2021-08-21 02:11:31",A201,9653f952-2137-469f-a020-618fd5744ff7
179427,29,21.2,197,86,"2021-08-21 02:17:13",A202,9653f952-2137-469f-a020-618fd5744ff7
179433,23,21.6,231,107,"2021-08-21 02:23:51",A203,9653f952-2137-469f-a020-618fd5744ff7
179456,28,20.9,245,86,"2021-08-21 02:41:54",A201,9653f952-2137-469f-a020-618fd5744ff7
179459,29,21.2,195,86,"2021-08-21 02:47:39",A202,9653f952-2137-469f-a020-618fd5744ff7
179464,23,21.5,232,107,"2021-08-21 02:54:13",A203,9653f952-2137-469f-a020-618fd5744ff7
179486,28,20.8,245,86,"2021-08-21 03:12:18",A201,9653f952-2137-469f-a020-618fd5744ff7
179489,30,21.1,195,86,"2021-08-21 03:18:04",A202,9653f952-2137-469f-a020-618fd5744ff7
179495,23,21.4,230,107,"2021-08-21 03:24:33",A203,9653f952-2137-469f-a020-618fd5744ff7
179515,28,20.8,243,86,"2021-08-21 03:42:40",A201,9653f952-2137-469f-a020-618fd5744ff7
179518,29,21.1,195,86,"2021-08-21 03:48:29",A202,9653f952-2137-469f-a020-618fd5744ff7
179524,23,21.4,228,114,"2021-08-21 03:54:54",A203,9653f952-2137-469f-a020-618fd5744ff7
179544,28,20.7,240,86,"2021-08-21 04:13:05",A201,9653f952-2137-469f-a020-618fd5744ff7
179547,29,21,195,86,"2021-08-21 04:18:54",A202,9653f952-2137-469f-a020-618fd5744ff7
179553,23,21.4,227,107,"2021-08-21 04:25:15",A203,9653f952-2137-469f-a020-618fd5744ff7
179570,28,20.7,240,93,"2021-08-21 04:43:27",A201,9653f952-2137-469f-a020-618fd5744ff7
179574,29,21,195,93,"2021-08-21 04:49:19",A202,9653f952-2137-469f-a020-618fd5744ff7
179579,23,21.3,226,107,"2021-08-21 04:55:35",A203,9653f952-2137-469f-a020-618fd5744ff7
179597,28,20.6,241,93,"2021-08-21 05:13:52",A201,9653f952-2137-469f-a020-618fd5744ff7
179601,29,20.9,195,93,"2021-08-21 05:19:46",A202,9653f952-2137-469f-a020-618fd5744ff7
179606,23,21.3,227,107,"2021-08-21 05:25:58",A203,9653f952-2137-469f-a020-618fd5744ff7
179624,27,20.6,242,93,"2021-08-21 05:44:17",A201,9653f952-2137-469f-a020-618fd5744ff7
179628,29,20.9,193,93,"2021-08-21 05:50:14",A202,9653f952-2137-469f-a020-618fd5744ff7
179633,23,21.2,227,107,"2021-08-21 05:56:21",A203,9653f952-2137-469f-a020-618fd5744ff7
179652,27,20.6,241,93,"2021-08-21 06:14:43",A201,9653f952-2137-469f-a020-618fd5744ff7
179656,29,20.9,191,93,"2021-08-21 06:20:44",A202,9653f952-2137-469f-a020-618fd5744ff7
179661,23,21.2,228,107,"2021-08-21 06:26:47",A203,9653f952-2137-469f-a020-618fd5744ff7
179681,27,20.7,240,93,"2021-08-21 06:45:07",A201,9653f952-2137-469f-a020-618fd5744ff7
179684,29,20.9,191,93,"2021-08-21 06:51:13",A202,9653f952-2137-469f-a020-618fd5744ff7
179690,23,21.2,230,107,"2021-08-21 06:57:13",A203,9653f952-2137-469f-a020-618fd5744ff7
179710,27,20.9,240,100,"2021-08-21 07:15:33",A201,9653f952-2137-469f-a020-618fd5744ff7
179713,29,21,189,93,"2021-08-21 07:21:45",A202,9653f952-2137-469f-a020-618fd5744ff7
179718,23,21.2,231,107,"2021-08-21 07:27:39",A203,9653f952-2137-469f-a020-618fd5744ff7
179739,27,21.2,240,100,"2021-08-21 07:46:00",A201,9653f952-2137-469f-a020-618fd5744ff7
179742,29,21.2,188,100,"2021-08-21 07:52:19",A202,9653f952-2137-469f-a020-618fd5744ff7
179748,23,21.2,231,107,"2021-08-21 07:58:10",A203,9653f952-2137-469f-a020-618fd5744ff7
179767,27,21.6,240,100,"2021-08-21 08:16:32",A201,9653f952-2137-469f-a020-618fd5744ff7
179770,29,21.4,190,100,"2021-08-21 08:22:54",A202,9653f952-2137-469f-a020-618fd5744ff7
179776,23,21.3,229,107,"2021-08-21 08:28:37",A203,9653f952-2137-469f-a020-618fd5744ff7
179796,27,22.1,241,100,"2021-08-21 08:46:58",A201,9653f952-2137-469f-a020-618fd5744ff7
179800,29,21.6,189,100,"2021-08-21 08:53:29",A202,9653f952-2137-469f-a020-618fd5744ff7
179805,23,21.4,228,107,"2021-08-21 08:59:10",A203,9653f952-2137-469f-a020-618fd5744ff7
179825,27,22.5,241,100,"2021-08-21 09:17:25",A201,9653f952-2137-469f-a020-618fd5744ff7
179830,29,21.8,190,100,"2021-08-21 09:24:06",A202,9653f952-2137-469f-a020-618fd5744ff7
179834,23,21.5,226,107,"2021-08-21 09:29:42",A203,9653f952-2137-469f-a020-618fd5744ff7
179852,27,23,240,100,"2021-08-21 09:47:54",A201,9653f952-2137-469f-a020-618fd5744ff7
179856,29,22.1,190,100,"2021-08-21 09:54:42",A202,9653f952-2137-469f-a020-618fd5744ff7
179860,23,21.7,231,100,"2021-08-21 10:00:15",A203,9653f952-2137-469f-a020-618fd5744ff7
179880,27,23.4,236,100,"2021-08-21 10:18:26",A201,9653f952-2137-469f-a020-618fd5744ff7
179886,29,22.3,189,100,"2021-08-21 10:25:20",A202,9653f952-2137-469f-a020-618fd5744ff7
179890,23,21.9,229,100,"2021-08-21 10:30:48",A203,9653f952-2137-469f-a020-618fd5744ff7
179908,27,23.9,239,100,"2021-08-21 10:48:57",A201,9653f952-2137-469f-a020-618fd5744ff7
179913,29,22.6,189,100,"2021-08-21 10:55:58",A202,9653f952-2137-469f-a020-618fd5744ff7
179936,27,24.2,239,100,"2021-08-21 11:19:25",A201,9653f952-2137-469f-a020-618fd5744ff7
179941,29,22.8,188,100,"2021-08-21 11:26:35",A202,9653f952-2137-469f-a020-618fd5744ff7
179947,23,22.4,230,100,"2021-08-21 11:31:56",A203,9653f952-2137-469f-a020-618fd5744ff7
179963,27,24.4,237,100,"2021-08-21 11:49:53",A201,9653f952-2137-469f-a020-618fd5744ff7
179969,29,23,186,100,"2021-08-21 11:57:13",A202,9653f952-2137-469f-a020-618fd5744ff7
179975,23,22.6,229,100,"2021-08-21 12:02:29",A203,9653f952-2137-469f-a020-618fd5744ff7
179993,27,24.6,236,100,"2021-08-21 12:20:25",A201,9653f952-2137-469f-a020-618fd5744ff7
179998,29,23.2,185,100,"2021-08-21 12:27:51",A202,9653f952-2137-469f-a020-618fd5744ff7
180004,23,22.8,228,100,"2021-08-21 12:33:04",A203,9653f952-2137-469f-a020-618fd5744ff7
180022,27,24.7,235,100,"2021-08-21 12:50:53",A201,9653f952-2137-469f-a020-618fd5744ff7
180028,29,23.4,185,100,"2021-08-21 12:58:29",A202,9653f952-2137-469f-a020-618fd5744ff7
180034,23,22.9,230,107,"2021-08-21 13:03:35",A203,9653f952-2137-469f-a020-618fd5744ff7
180050,27,24.7,235,100,"2021-08-21 13:21:25",A201,9653f952-2137-469f-a020-618fd5744ff7
180056,29,23.5,185,100,"2021-08-21 13:29:05",A202,9653f952-2137-469f-a020-618fd5744ff7
180064,23,23.1,231,107,"2021-08-21 13:34:07",A203,9653f952-2137-469f-a020-618fd5744ff7
180081,29,23.6,185,100,"2021-08-21 13:59:41",A202,9653f952-2137-469f-a020-618fd5744ff7
180089,23,23.2,231,107,"2021-08-21 14:04:38",A203,9653f952-2137-469f-a020-618fd5744ff7
180105,27,24.6,230,100,"2021-08-21 14:22:20",A201,9653f952-2137-469f-a020-618fd5744ff7
180115,23,23.2,231,107,"2021-08-21 14:35:14",A203,9653f952-2137-469f-a020-618fd5744ff7
180129,27,24.5,233,93,"2021-08-21 14:52:49",A201,9653f952-2137-469f-a020-618fd5744ff7
180134,29,23.7,186,86,"2021-08-21 15:00:50",A202,9653f952-2137-469f-a020-618fd5744ff7
180142,23,23.3,230,107,"2021-08-21 15:05:37",A203,9653f952-2137-469f-a020-618fd5744ff7
180157,27,24.4,233,86,"2021-08-21 15:23:16",A201,9653f952-2137-469f-a020-618fd5744ff7
180161,29,23.7,185,86,"2021-08-21 15:31:23",A202,9653f952-2137-469f-a020-618fd5744ff7
180170,23,23.3,232,107,"2021-08-21 15:36:03",A203,9653f952-2137-469f-a020-618fd5744ff7
180184,27,24.2,232,86,"2021-08-21 15:53:43",A201,9653f952-2137-469f-a020-618fd5744ff7
180190,29,23.6,184,86,"2021-08-21 16:01:55",A202,9653f952-2137-469f-a020-618fd5744ff7
180197,23,23.3,230,107,"2021-08-21 16:06:32",A203,9653f952-2137-469f-a020-618fd5744ff7
180213,27,24.1,231,86,"2021-08-21 16:24:08",A201,9653f952-2137-469f-a020-618fd5744ff7
180218,29,23.6,185,86,"2021-08-21 16:32:26",A202,9653f952-2137-469f-a020-618fd5744ff7
180225,23,23.3,231,107,"2021-08-21 16:37:00",A203,9653f952-2137-469f-a020-618fd5744ff7
180241,27,23.9,230,86,"2021-08-21 16:54:34",A201,9653f952-2137-469f-a020-618fd5744ff7
180246,29,23.5,183,86,"2021-08-21 17:02:58",A202,9653f952-2137-469f-a020-618fd5744ff7
180251,23,23.3,231,107,"2021-08-21 17:07:24",A203,9653f952-2137-469f-a020-618fd5744ff7
180267,27,23.7,230,86,"2021-08-21 17:25:01",A201,9653f952-2137-469f-a020-618fd5744ff7
180274,23,23.2,232,107,"2021-08-21 17:37:51",A203,9653f952-2137-469f-a020-618fd5744ff7
180293,23,23.2,232,107,"2021-08-21 18:08:17",A203,9653f952-2137-469f-a020-618fd5744ff7
180306,29,23.3,185,86,"2021-08-21 18:34:27",A202,9653f952-2137-469f-a020-618fd5744ff7
180309,23,23.1,232,107,"2021-08-21 18:38:41",A203,9653f952-2137-469f-a020-618fd5744ff7
180316,29,23.3,186,86,"2021-08-21 19:04:56",A202,9653f952-2137-469f-a020-618fd5744ff7
180320,23,23.1,232,107,"2021-08-21 19:09:06",A203,9653f952-2137-469f-a020-618fd5744ff7
180334,29,23.2,186,86,"2021-08-21 19:35:24",A202,9653f952-2137-469f-a020-618fd5744ff7
180341,23,23,230,107,"2021-08-21 19:39:29",A203,9653f952-2137-469f-a020-618fd5744ff7
180357,27,23,227,86,"2021-08-21 19:57:06",A201,9653f952-2137-469f-a020-618fd5744ff7
180361,29,23.1,187,86,"2021-08-21 20:05:52",A202,9653f952-2137-469f-a020-618fd5744ff7
180369,23,22.9,231,107,"2021-08-21 20:09:53",A203,9653f952-2137-469f-a020-618fd5744ff7
180385,27,22.9,223,86,"2021-08-21 20:27:31",A201,9653f952-2137-469f-a020-618fd5744ff7
180390,29,23,187,86,"2021-08-21 20:36:19",A202,9653f952-2137-469f-a020-618fd5744ff7
180398,23,22.9,232,107,"2021-08-21 20:40:15",A203,9653f952-2137-469f-a020-618fd5744ff7
180414,27,22.7,226,86,"2021-08-21 20:57:55",A201,9653f952-2137-469f-a020-618fd5744ff7
180419,29,22.9,187,86,"2021-08-21 21:06:47",A202,9653f952-2137-469f-a020-618fd5744ff7
180426,23,22.8,232,107,"2021-08-21 21:10:40",A203,9653f952-2137-469f-a020-618fd5744ff7
180442,26,22.6,225,86,"2021-08-21 21:28:20",A201,9653f952-2137-469f-a020-618fd5744ff7
180446,29,22.8,187,86,"2021-08-21 21:37:16",A202,9653f952-2137-469f-a020-618fd5744ff7
180453,23,22.7,232,107,"2021-08-21 21:41:04",A203,9653f952-2137-469f-a020-618fd5744ff7
180468,26,22.5,224,86,"2021-08-21 21:58:44",A201,9653f952-2137-469f-a020-618fd5744ff7
180474,29,22.7,187,86,"2021-08-21 22:07:44",A202,9653f952-2137-469f-a020-618fd5744ff7
180482,23,22.6,230,107,"2021-08-21 22:11:26",A203,9653f952-2137-469f-a020-618fd5744ff7
180497,26,22.3,225,86,"2021-08-21 22:29:10",A201,9653f952-2137-469f-a020-618fd5744ff7
180504,29,22.6,185,86,"2021-08-21 22:38:09",A202,9653f952-2137-469f-a020-618fd5744ff7
180511,23,22.6,230,107,"2021-08-21 22:41:48",A203,9653f952-2137-469f-a020-618fd5744ff7
180526,26,22.2,224,86,"2021-08-21 22:59:32",A201,9653f952-2137-469f-a020-618fd5744ff7
180532,29,22.5,185,86,"2021-08-21 23:08:35",A202,9653f952-2137-469f-a020-618fd5744ff7
180539,23,22.5,228,107,"2021-08-21 23:12:09",A203,9653f952-2137-469f-a020-618fd5744ff7
180554,26,22.1,224,86,"2021-08-21 23:29:55",A201,9653f952-2137-469f-a020-618fd5744ff7
180563,29,22.42,184,86,"2021-08-21 23:39:02",A202,9653f952-2137-469f-a020-618fd5744ff7
180569,23,22.4,227,107,"2021-08-21 23:42:31",A203,9653f952-2137-469f-a020-618fd5744ff7
180585,26,22,223,86,"2021-08-22 00:00:19",A201,9653f952-2137-469f-a020-618fd5744ff7
180592,29,22.4,185,86,"2021-08-22 00:09:29",A202,9653f952-2137-469f-a020-618fd5744ff7
180599,23,22.3,230,107,"2021-08-22 00:12:53",A203,9653f952-2137-469f-a020-618fd5744ff7
180616,26,21.9,223,86,"2021-08-22 00:30:43",A201,9653f952-2137-469f-a020-618fd5744ff7
180623,29,22.3,186,86,"2021-08-22 00:39:55",A202,9653f952-2137-469f-a020-618fd5744ff7
180632,23,22.3,231,107,"2021-08-22 00:44:44",A203,9653f952-2137-469f-a020-618fd5744ff7
180646,26,21.9,223,86,"2021-08-22 01:01:07",A201,9653f952-2137-469f-a020-618fd5744ff7
180653,29,22.2,185,86,"2021-08-22 01:10:22",A202,9653f952-2137-469f-a020-618fd5744ff7
180661,23,22.2,231,107,"2021-08-22 01:15:07",A203,9653f952-2137-469f-a020-618fd5744ff7
180677,26,21.8,222,86,"2021-08-22 01:31:31",A201,9653f952-2137-469f-a020-618fd5744ff7
180684,29,22.1,186,86,"2021-08-22 01:40:48",A202,9653f952-2137-469f-a020-618fd5744ff7
180692,23,22.1,232,107,"2021-08-22 01:45:39",A203,9653f952-2137-469f-a020-618fd5744ff7
180707,26,21.7,222,86,"2021-08-22 02:01:54",A201,9653f952-2137-469f-a020-618fd5744ff7
180714,29,22.1,185,86,"2021-08-22 02:11:15",A202,9653f952-2137-469f-a020-618fd5744ff7
180721,23,22.1,231,107,"2021-08-22 02:15:50",A203,9653f952-2137-469f-a020-618fd5744ff7
180735,26,21.6,222,86,"2021-08-22 02:32:17",A201,9653f952-2137-469f-a020-618fd5744ff7
180743,29,22,185,86,"2021-08-22 02:41:41",A202,9653f952-2137-469f-a020-618fd5744ff7
180750,23,22,229,114,"2021-08-22 02:46:12",A203,9653f952-2137-469f-a020-618fd5744ff7
180761,26,21.5,222,86,"2021-08-22 03:02:41",A201,9653f952-2137-469f-a020-618fd5744ff7
180770,29,21.9,185,86,"2021-08-22 03:12:05",A202,9653f952-2137-469f-a020-618fd5744ff7
180776,23,21.9,231,107,"2021-08-22 03:16:33",A203,9653f952-2137-469f-a020-618fd5744ff7
180792,26,21.36,218,86,"2021-08-22 03:33:04",A201,9653f952-2137-469f-a020-618fd5744ff7
180802,29,21.8,184,86,"2021-08-22 03:42:31",A202,9653f952-2137-469f-a020-618fd5744ff7
180807,23,21.9,231,107,"2021-08-22 03:46:55",A203,9653f952-2137-469f-a020-618fd5744ff7
180821,26,21.2,221,86,"2021-08-22 04:03:29",A201,9653f952-2137-469f-a020-618fd5744ff7
180831,29,21.7,182,86,"2021-08-22 04:13:56",A202,9653f952-2137-469f-a020-618fd5744ff7
180833,23,21.8,231,114,"2021-08-22 04:17:17",A203,9653f952-2137-469f-a020-618fd5744ff7
180848,26,21.1,221,86,"2021-08-22 04:33:51",A201,9653f952-2137-469f-a020-618fd5744ff7
180859,29,21.6,182,86,"2021-08-22 04:44:23",A202,9653f952-2137-469f-a020-618fd5744ff7
180860,23,21.7,231,107,"2021-08-22 04:47:38",A203,9653f952-2137-469f-a020-618fd5744ff7
180888,29,21.5,184,86,"2021-08-22 05:14:49",A202,9653f952-2137-469f-a020-618fd5744ff7
180890,23,21.7,230,107,"2021-08-22 05:17:59",A203,9653f952-2137-469f-a020-618fd5744ff7
180906,26,21,219,86,"2021-08-22 05:34:36",A201,9653f952-2137-469f-a020-618fd5744ff7
180918,29,21.46,183,86,"2021-08-22 05:45:17",A202,9653f952-2137-469f-a020-618fd5744ff7
180920,23,21.6,229,107,"2021-08-22 05:48:23",A203,9653f952-2137-469f-a020-618fd5744ff7
180934,26,21,220,93,"2021-08-22 06:05:01",A201,9653f952-2137-469f-a020-618fd5744ff7
180945,29,21.4,183,93,"2021-08-22 06:15:45",A202,9653f952-2137-469f-a020-618fd5744ff7
180947,23,21.6,226,107,"2021-08-22 06:18:46",A203,9653f952-2137-469f-a020-618fd5744ff7
180963,26,21,220,93,"2021-08-22 06:35:25",A201,9653f952-2137-469f-a020-618fd5744ff7
180974,29,21.4,184,93,"2021-08-22 06:46:17",A202,9653f952-2137-469f-a020-618fd5744ff7
180976,23,21.5,226,107,"2021-08-22 06:49:11",A203,9653f952-2137-469f-a020-618fd5744ff7
180993,26,21.1,220,93,"2021-08-22 07:05:51",A201,9653f952-2137-469f-a020-618fd5744ff7
181005,29,21.4,183,93,"2021-08-22 07:16:50",A202,9653f952-2137-469f-a020-618fd5744ff7
181007,23,21.5,227,107,"2021-08-22 07:19:39",A203,9653f952-2137-469f-a020-618fd5744ff7
181025,26,21.2,218,93,"2021-08-22 07:36:18",A201,9653f952-2137-469f-a020-618fd5744ff7
181037,29,21.5,181,93,"2021-08-22 07:47:26",A202,9653f952-2137-469f-a020-618fd5744ff7
181039,23,21.5,227,107,"2021-08-22 07:50:12",A203,9653f952-2137-469f-a020-618fd5744ff7
181055,26,21.6,221,100,"2021-08-22 08:06:46",A201,9653f952-2137-469f-a020-618fd5744ff7
181067,28,21.6,182,93,"2021-08-22 08:18:03",A202,9653f952-2137-469f-a020-618fd5744ff7
181069,23,21.5,227,107,"2021-08-22 08:20:45",A203,9653f952-2137-469f-a020-618fd5744ff7
181084,26,21.9,220,100,"2021-08-22 08:37:16",A201,9653f952-2137-469f-a020-618fd5744ff7
181096,28,21.8,182,100,"2021-08-22 08:48:41",A202,9653f952-2137-469f-a020-618fd5744ff7
181098,23,21.6,227,107,"2021-08-22 08:51:17",A203,9653f952-2137-469f-a020-618fd5744ff7
181115,26,22.4,221,100,"2021-08-22 09:07:46",A201,9653f952-2137-469f-a020-618fd5744ff7
181126,28,22,182,93,"2021-08-22 09:19:19",A202,9653f952-2137-469f-a020-618fd5744ff7
181128,23,21.7,226,107,"2021-08-22 09:21:49",A203,9653f952-2137-469f-a020-618fd5744ff7
181141,26,22.8,222,100,"2021-08-22 09:38:14",A201,9653f952-2137-469f-a020-618fd5744ff7
181150,28,22.22,181,100,"2021-08-22 09:49:58",A202,9653f952-2137-469f-a020-618fd5744ff7
181153,23,21.8,230,100,"2021-08-22 09:52:23",A203,9653f952-2137-469f-a020-618fd5744ff7
181167,26,23.2,222,100,"2021-08-22 10:08:44",A201,9653f952-2137-469f-a020-618fd5744ff7
181177,28,22.5,177,100,"2021-08-22 10:20:37",A202,9653f952-2137-469f-a020-618fd5744ff7
181180,23,22,230,107,"2021-08-22 10:22:58",A203,9653f952-2137-469f-a020-618fd5744ff7
181197,26,23.5,223,100,"2021-08-22 10:39:13",A201,9653f952-2137-469f-a020-618fd5744ff7
181206,28,22.7,179,100,"2021-08-22 10:51:13",A202,9653f952-2137-469f-a020-618fd5744ff7
181209,23,22.2,228,107,"2021-08-22 10:53:28",A203,9653f952-2137-469f-a020-618fd5744ff7
181224,26,23.7,223,100,"2021-08-22 11:09:42",A201,9653f952-2137-469f-a020-618fd5744ff7
181231,28,22.9,177,100,"2021-08-22 11:21:51",A202,9653f952-2137-469f-a020-618fd5744ff7
181234,23,22.3,227,107,"2021-08-22 11:23:59",A203,9653f952-2137-469f-a020-618fd5744ff7
181251,26,23.8,222,100,"2021-08-22 11:40:12",A201,9653f952-2137-469f-a020-618fd5744ff7
181260,28,23,178,100,"2021-08-22 11:52:27",A202,9653f952-2137-469f-a020-618fd5744ff7
181262,23,22.5,229,107,"2021-08-22 11:54:30",A203,9653f952-2137-469f-a020-618fd5744ff7
181277,26,23.8,221,100,"2021-08-22 12:10:38",A201,9653f952-2137-469f-a020-618fd5744ff7
181285,28,23.1,177,100,"2021-08-22 12:23:03",A202,9653f952-2137-469f-a020-618fd5744ff7
181288,23,22.6,228,107,"2021-08-22 12:25:00",A203,9653f952-2137-469f-a020-618fd5744ff7
181304,26,23.7,220,100,"2021-08-22 12:41:06",A201,9653f952-2137-469f-a020-618fd5744ff7
181313,28,23.1,179,100,"2021-08-22 12:53:40",A202,9653f952-2137-469f-a020-618fd5744ff7
181316,23,22.6,228,100,"2021-08-22 12:55:34",A203,9653f952-2137-469f-a020-618fd5744ff7
181340,28,23.2,179,100,"2021-08-22 13:24:19",A202,9653f952-2137-469f-a020-618fd5744ff7
181344,23,22.7,227,100,"2021-08-22 13:26:09",A203,9653f952-2137-469f-a020-618fd5744ff7
181359,26,23.8,219,100,"2021-08-22 13:42:06",A201,9653f952-2137-469f-a020-618fd5744ff7
181369,28,23.2,177,100,"2021-08-22 13:54:59",A202,9653f952-2137-469f-a020-618fd5744ff7
181373,23,22.8,226,100,"2021-08-22 13:56:44",A203,9653f952-2137-469f-a020-618fd5744ff7
181388,26,23.9,220,100,"2021-08-22 14:12:41",A201,9653f952-2137-469f-a020-618fd5744ff7
181397,28,23.3,178,93,"2021-08-22 14:25:38",A202,9653f952-2137-469f-a020-618fd5744ff7
181399,23,22.9,228,107,"2021-08-22 14:27:20",A203,9653f952-2137-469f-a020-618fd5744ff7
181414,26,23.9,220,93,"2021-08-22 14:43:07",A201,9653f952-2137-469f-a020-618fd5744ff7
181425,28,23.4,178,86,"2021-08-22 14:56:16",A202,9653f952-2137-469f-a020-618fd5744ff7
181427,23,23,229,107,"2021-08-22 14:57:51",A203,9653f952-2137-469f-a020-618fd5744ff7
181441,26,23.9,220,86,"2021-08-22 15:13:35",A201,9653f952-2137-469f-a020-618fd5744ff7
181451,28,23.4,178,86,"2021-08-22 15:26:51",A202,9653f952-2137-469f-a020-618fd5744ff7
181453,23,23.06,230,107,"2021-08-22 15:28:21",A203,9653f952-2137-469f-a020-618fd5744ff7
181466,26,23.8,221,86,"2021-08-22 15:44:03",A201,9653f952-2137-469f-a020-618fd5744ff7
181476,28,23.5,178,86,"2021-08-22 15:57:26",A202,9653f952-2137-469f-a020-618fd5744ff7
181478,23,23.1,231,107,"2021-08-22 15:58:54",A203,9653f952-2137-469f-a020-618fd5744ff7
181493,26,23.7,218,86,"2021-08-22 16:14:30",A201,9653f952-2137-469f-a020-618fd5744ff7
181505,28,23.5,177,86,"2021-08-22 16:27:59",A202,9653f952-2137-469f-a020-618fd5744ff7
181507,23,23.1,231,107,"2021-08-22 16:29:19",A203,9653f952-2137-469f-a020-618fd5744ff7
181521,26,23.6,218,86,"2021-08-22 16:44:57",A201,9653f952-2137-469f-a020-618fd5744ff7
181533,28,23.4,178,86,"2021-08-22 16:58:30",A202,9653f952-2137-469f-a020-618fd5744ff7
181535,23,23.1,229,107,"2021-08-22 16:59:45",A203,9653f952-2137-469f-a020-618fd5744ff7
181551,26,23.4,219,86,"2021-08-22 17:15:23",A201,9653f952-2137-469f-a020-618fd5744ff7
181564,28,23.4,178,86,"2021-08-22 17:29:01",A202,9653f952-2137-469f-a020-618fd5744ff7
181566,23,23.1,231,107,"2021-08-22 17:30:11",A203,9653f952-2137-469f-a020-618fd5744ff7
181580,26,23.3,218,86,"2021-08-22 17:45:46",A201,9653f952-2137-469f-a020-618fd5744ff7
181627,26,22.8,217,86,"2021-08-22 19:17:01",A201,9653f952-2137-469f-a020-618fd5744ff7
181634,28,23.1,177,86,"2021-08-22 19:30:57",A202,9653f952-2137-469f-a020-618fd5744ff7
181636,23,22.9,231,107,"2021-08-22 19:31:48",A203,9653f952-2137-469f-a020-618fd5744ff7
181652,26,22.6,217,86,"2021-08-22 19:47:25",A201,9653f952-2137-469f-a020-618fd5744ff7
181665,28,23,178,86,"2021-08-22 20:01:24",A202,9653f952-2137-469f-a020-618fd5744ff7
181667,23,22.8,229,107,"2021-08-22 20:02:12",A203,9653f952-2137-469f-a020-618fd5744ff7
181683,26,22.5,217,86,"2021-08-22 20:17:49",A201,9653f952-2137-469f-a020-618fd5744ff7
181694,28,22.9,176,86,"2021-08-22 20:31:52",A202,9653f952-2137-469f-a020-618fd5744ff7
181695,23,22.8,231,107,"2021-08-22 20:32:36",A203,9653f952-2137-469f-a020-618fd5744ff7
181710,26,22.3,211,86,"2021-08-22 20:48:15",A201,9653f952-2137-469f-a020-618fd5744ff7
181724,28,22.8,178,86,"2021-08-22 21:02:20",A202,9653f952-2137-469f-a020-618fd5744ff7
181725,23,22.7,228,107,"2021-08-22 21:03:00",A203,9653f952-2137-469f-a020-618fd5744ff7
181741,26,22.2,216,86,"2021-08-22 21:18:37",A201,9653f952-2137-469f-a020-618fd5744ff7
181755,28,22.7,176,86,"2021-08-22 21:32:48",A202,9653f952-2137-469f-a020-618fd5744ff7
181756,23,22.6,229,107,"2021-08-22 21:33:21",A203,9653f952-2137-469f-a020-618fd5744ff7
181770,26,22.1,215,86,"2021-08-22 21:49:02",A201,9653f952-2137-469f-a020-618fd5744ff7
181783,28,22.5,177,86,"2021-08-22 22:03:16",A202,9653f952-2137-469f-a020-618fd5744ff7
181796,26,21.9,216,86,"2021-08-22 22:19:26",A201,9653f952-2137-469f-a020-618fd5744ff7
181810,28,22.4,178,86,"2021-08-22 22:33:43",A202,9653f952-2137-469f-a020-618fd5744ff7
181811,23,22.4,230,107,"2021-08-22 22:34:08",A203,9653f952-2137-469f-a020-618fd5744ff7
181827,26,21.8,215,86,"2021-08-22 22:49:49",A201,9653f952-2137-469f-a020-618fd5744ff7
181841,28,22.3,178,86,"2021-08-22 23:04:10",A202,9653f952-2137-469f-a020-618fd5744ff7
181843,23,22.3,231,114,"2021-08-22 23:04:28",A203,9653f952-2137-469f-a020-618fd5744ff7
181858,26,21.7,213,86,"2021-08-22 23:20:12",A201,9653f952-2137-469f-a020-618fd5744ff7
181872,28,22.2,178,86,"2021-08-22 23:34:36",A202,9653f952-2137-469f-a020-618fd5744ff7
181874,23,22.2,231,107,"2021-08-22 23:34:49",A203,9653f952-2137-469f-a020-618fd5744ff7
181888,26,21.6,211,86,"2021-08-22 23:50:36",A201,9653f952-2137-469f-a020-618fd5744ff7
181902,28,22.1,178,86,"2021-08-23 00:05:03",A202,9653f952-2137-469f-a020-618fd5744ff7
181903,23,22.2,230,114,"2021-08-23 00:05:11",A203,9653f952-2137-469f-a020-618fd5744ff7
181917,26,21.4,213,86,"2021-08-23 00:20:59",A201,9653f952-2137-469f-a020-618fd5744ff7
181932,28,22,177,86,"2021-08-23 00:35:28",A202,9653f952-2137-469f-a020-618fd5744ff7
181933,23,22.1,227,114,"2021-08-23 00:35:31",A203,9653f952-2137-469f-a020-618fd5744ff7
181948,26,21.3,213,86,"2021-08-23 00:53:11",A201,9653f952-2137-469f-a020-618fd5744ff7
181962,23,22,230,107,"2021-08-23 01:05:51",A203,9653f952-2137-469f-a020-618fd5744ff7
181963,28,21.9,176,86,"2021-08-23 01:05:52",A202,9653f952-2137-469f-a020-618fd5744ff7
181977,26,21.2,214,86,"2021-08-23 01:23:34",A201,9653f952-2137-469f-a020-618fd5744ff7
181992,23,21.9,231,114,"2021-08-23 01:36:12",A203,9653f952-2137-469f-a020-618fd5744ff7
181994,28,21.8,172,86,"2021-08-23 01:36:18",A202,9653f952-2137-469f-a020-618fd5744ff7
182008,26,21.1,212,86,"2021-08-23 01:53:58",A201,9653f952-2137-469f-a020-618fd5744ff7
182022,23,21.9,230,114,"2021-08-23 02:06:31",A203,9653f952-2137-469f-a020-618fd5744ff7
182024,28,21.7,176,86,"2021-08-23 02:06:42",A202,9653f952-2137-469f-a020-618fd5744ff7
182038,26,21,213,86,"2021-08-23 02:24:21",A201,9653f952-2137-469f-a020-618fd5744ff7
182052,23,21.8,230,114,"2021-08-23 02:36:51",A203,9653f952-2137-469f-a020-618fd5744ff7
182053,28,21.6,175,86,"2021-08-23 02:37:06",A202,9653f952-2137-469f-a020-618fd5744ff7
182080,23,21.7,227,114,"2021-08-23 03:07:11",A203,9653f952-2137-469f-a020-618fd5744ff7
182081,28,21.5,177,86,"2021-08-23 03:07:31",A202,9653f952-2137-469f-a020-618fd5744ff7
182095,26,20.7,212,86,"2021-08-23 03:25:08",A201,9653f952-2137-469f-a020-618fd5744ff7
182109,23,21.6,228,114,"2021-08-23 03:37:30",A203,9653f952-2137-469f-a020-618fd5744ff7
182110,28,21.4,176,86,"2021-08-23 03:37:55",A202,9653f952-2137-469f-a020-618fd5744ff7
182124,26,20.6,211,86,"2021-08-23 03:55:30",A201,9653f952-2137-469f-a020-618fd5744ff7
182139,23,21.6,226,114,"2021-08-23 04:07:51",A203,9653f952-2137-469f-a020-618fd5744ff7
182140,28,21.3,176,86,"2021-08-23 04:08:19",A202,9653f952-2137-469f-a020-618fd5744ff7
182168,23,21.5,224,107,"2021-08-23 04:38:10",A203,9653f952-2137-469f-a020-618fd5744ff7
182169,28,21.2,177,86,"2021-08-23 04:38:43",A202,9653f952-2137-469f-a020-618fd5744ff7
182181,26,20.4,211,93,"2021-08-23 04:56:18",A201,9653f952-2137-469f-a020-618fd5744ff7
182196,23,21.4,229,107,"2021-08-23 05:08:31",A203,9653f952-2137-469f-a020-618fd5744ff7
182198,28,21.1,177,93,"2021-08-23 05:09:09",A202,9653f952-2137-469f-a020-618fd5744ff7
182210,26,20.3,211,93,"2021-08-23 05:26:42",A201,9653f952-2137-469f-a020-618fd5744ff7
182226,23,21.3,230,107,"2021-08-23 05:38:52",A203,9653f952-2137-469f-a020-618fd5744ff7
182228,28,21,177,93,"2021-08-23 05:39:36",A202,9653f952-2137-469f-a020-618fd5744ff7
182241,26,20.3,211,93,"2021-08-23 05:57:09",A201,9653f952-2137-469f-a020-618fd5744ff7
182254,23,21.2,229,107,"2021-08-23 06:09:17",A203,9653f952-2137-469f-a020-618fd5744ff7
182256,28,20.9,176,93,"2021-08-23 06:10:06",A202,9653f952-2137-469f-a020-618fd5744ff7
182270,26,20.4,209,100,"2021-08-23 06:27:34",A201,9653f952-2137-469f-a020-618fd5744ff7
182282,23,21.2,228,107,"2021-08-23 06:39:45",A203,9653f952-2137-469f-a020-618fd5744ff7
182284,28,20.9,175,93,"2021-08-23 06:40:38",A202,9653f952-2137-469f-a020-618fd5744ff7
182296,26,20.6,210,100,"2021-08-23 06:58:01",A201,9653f952-2137-469f-a020-618fd5744ff7
182308,23,21.2,227,107,"2021-08-23 07:10:14",A203,9653f952-2137-469f-a020-618fd5744ff7
182310,28,21,174,100,"2021-08-23 07:11:12",A202,9653f952-2137-469f-a020-618fd5744ff7
182323,26,20.9,208,100,"2021-08-23 07:28:30",A201,9653f952-2137-469f-a020-618fd5744ff7
182332,23,21.2,228,107,"2021-08-23 07:40:48",A203,9653f952-2137-469f-a020-618fd5744ff7
182334,28,21.1,172,100,"2021-08-23 07:41:50",A202,9653f952-2137-469f-a020-618fd5744ff7
182347,26,21.3,212,100,"2021-08-23 07:58:59",A201,9653f952-2137-469f-a020-618fd5744ff7
182361,23,21.2,229,100,"2021-08-23 08:11:20",A203,9653f952-2137-469f-a020-618fd5744ff7
182363,28,21.2,172,100,"2021-08-23 08:12:28",A202,9653f952-2137-469f-a020-618fd5744ff7
182376,26,21.7,211,100,"2021-08-23 08:29:31",A201,9653f952-2137-469f-a020-618fd5744ff7
182388,23,21.3,225,107,"2021-08-23 08:41:55",A203,9653f952-2137-469f-a020-618fd5744ff7
182390,27,21.5,172,100,"2021-08-23 08:43:07",A202,9653f952-2137-469f-a020-618fd5744ff7
182403,26,22.2,213,100,"2021-08-23 09:00:01",A201,9653f952-2137-469f-a020-618fd5744ff7
182416,23,21.4,227,100,"2021-08-23 09:12:29",A203,9653f952-2137-469f-a020-618fd5744ff7
182418,27,21.7,169,100,"2021-08-23 09:13:46",A202,9653f952-2137-469f-a020-618fd5744ff7
182431,26,22.7,213,100,"2021-08-23 09:30:32",A201,9653f952-2137-469f-a020-618fd5744ff7
182443,23,21.6,226,100,"2021-08-23 09:43:02",A203,9653f952-2137-469f-a020-618fd5744ff7
182445,27,22,170,100,"2021-08-23 09:44:26",A202,9653f952-2137-469f-a020-618fd5744ff7
182461,26,23.2,214,100,"2021-08-23 10:01:04",A201,9653f952-2137-469f-a020-618fd5744ff7
182472,23,21.8,226,100,"2021-08-23 10:13:37",A203,9653f952-2137-469f-a020-618fd5744ff7
182474,27,22.2,169,100,"2021-08-23 10:15:06",A202,9653f952-2137-469f-a020-618fd5744ff7
182489,26,23.7,215,100,"2021-08-23 10:31:35",A201,9653f952-2137-469f-a020-618fd5744ff7
182499,23,22,228,100,"2021-08-23 10:44:14",A203,9653f952-2137-469f-a020-618fd5744ff7
182501,27,22.5,169,100,"2021-08-23 10:45:46",A202,9653f952-2137-469f-a020-618fd5744ff7
182516,29,24.2,263,100,"2021-08-23 11:02:03",A201,9653f952-2137-469f-a020-618fd5744ff7
182528,23,22.3,229,100,"2021-08-23 11:14:52",A203,9653f952-2137-469f-a020-618fd5744ff7
182530,27,22.8,168,100,"2021-08-23 11:16:26",A202,9653f952-2137-469f-a020-618fd5744ff7
182544,28,24.4,259,100,"2021-08-23 11:32:33",A201,9653f952-2137-469f-a020-618fd5744ff7
182555,23,22.5,229,100,"2021-08-23 11:45:27",A203,9653f952-2137-469f-a020-618fd5744ff7
182557,27,23.1,168,100,"2021-08-23 11:47:07",A202,9653f952-2137-469f-a020-618fd5744ff7
182573,28,24.6,256,100,"2021-08-23 12:03:04",A201,9653f952-2137-469f-a020-618fd5744ff7
182585,23,22.8,228,100,"2021-08-23 12:16:03",A203,9653f952-2137-469f-a020-618fd5744ff7
182601,28,24.7,253,100,"2021-08-23 12:33:35",A201,9653f952-2137-469f-a020-618fd5744ff7
182613,23,23,226,100,"2021-08-23 12:46:39",A203,9653f952-2137-469f-a020-618fd5744ff7
182616,27,23.5,167,100,"2021-08-23 12:48:28",A202,9653f952-2137-469f-a020-618fd5744ff7
182631,28,24.8,253,100,"2021-08-23 13:04:08",A201,9653f952-2137-469f-a020-618fd5744ff7
182640,23,23.2,228,100,"2021-08-23 13:17:17",A203,9653f952-2137-469f-a020-618fd5744ff7
182643,27,23.7,167,93,"2021-08-23 13:19:10",A202,9653f952-2137-469f-a020-618fd5744ff7
182656,28,24.9,251,100,"2021-08-23 13:34:38",A201,9653f952-2137-469f-a020-618fd5744ff7
182667,23,23.3,230,107,"2021-08-23 13:47:47",A203,9653f952-2137-469f-a020-618fd5744ff7
182670,27,23.9,167,100,"2021-08-23 13:49:45",A202,9653f952-2137-469f-a020-618fd5744ff7
182684,28,24.9,251,100,"2021-08-23 14:05:05",A201,9653f952-2137-469f-a020-618fd5744ff7
182694,23,23.5,229,100,"2021-08-23 14:18:18",A203,9653f952-2137-469f-a020-618fd5744ff7
182697,27,24,166,100,"2021-08-23 14:20:20",A202,9653f952-2137-469f-a020-618fd5744ff7
182712,28,24.9,249,93,"2021-08-23 14:35:36",A201,9653f952-2137-469f-a020-618fd5744ff7
182723,23,23.6,229,107,"2021-08-23 14:48:52",A203,9653f952-2137-469f-a020-618fd5744ff7
182727,26,24.1,168,93,"2021-08-23 14:50:57",A202,9653f952-2137-469f-a020-618fd5744ff7
182742,28,24.9,249,93,"2021-08-23 15:06:07",A201,9653f952-2137-469f-a020-618fd5744ff7
182754,23,23.7,228,107,"2021-08-23 15:19:25",A203,9653f952-2137-469f-a020-618fd5744ff7
182756,29,24.1,201,86,"2021-08-23 15:21:28",A202,9653f952-2137-469f-a020-618fd5744ff7
182769,28,24.8,248,86,"2021-08-23 15:36:37",A201,9653f952-2137-469f-a020-618fd5744ff7
182783,23,23.8,226,107,"2021-08-23 15:49:53",A203,9653f952-2137-469f-a020-618fd5744ff7
182796,28,24.7,247,86,"2021-08-23 16:07:03",A201,9653f952-2137-469f-a020-618fd5744ff7
182810,23,23.8,228,107,"2021-08-23 16:20:22",A203,9653f952-2137-469f-a020-618fd5744ff7
182812,29,23.9,205,86,"2021-08-23 16:22:35",A202,9653f952-2137-469f-a020-618fd5744ff7
182826,27,24.5,242,86,"2021-08-23 16:37:31",A201,9653f952-2137-469f-a020-618fd5744ff7
182839,23,23.8,228,107,"2021-08-23 16:50:50",A203,9653f952-2137-469f-a020-618fd5744ff7
182841,29,23.9,203,86,"2021-08-23 16:53:05",A202,9653f952-2137-469f-a020-618fd5744ff7
182857,27,24.3,244,86,"2021-08-23 17:08:14",A201,9653f952-2137-469f-a020-618fd5744ff7
182885,23,23.7,228,107,"2021-08-23 18:22:09",A203,9653f952-2137-469f-a020-618fd5744ff7
182886,29,23.7,202,86,"2021-08-23 18:24:35",A202,9653f952-2137-469f-a020-618fd5744ff7
182890,23,23.7,228,107,"2021-08-23 18:52:34",A203,9653f952-2137-469f-a020-618fd5744ff7
182897,23,23.6,229,107,"2021-08-23 19:22:58",A203,9653f952-2137-469f-a020-618fd5744ff7
182899,29,23.5,200,86,"2021-08-23 19:25:33",A202,9653f952-2137-469f-a020-618fd5744ff7
182915,29,23.4,195,86,"2021-08-23 19:56:00",A202,9653f952-2137-469f-a020-618fd5744ff7
182929,27,23.2,239,86,"2021-08-23 20:10:34",A201,9653f952-2137-469f-a020-618fd5744ff7
182942,23,23.4,230,107,"2021-08-23 20:23:49",A203,9653f952-2137-469f-a020-618fd5744ff7
182945,29,23.3,197,86,"2021-08-23 20:26:27",A202,9653f952-2137-469f-a020-618fd5744ff7
182958,27,23,237,86,"2021-08-23 20:41:00",A201,9653f952-2137-469f-a020-618fd5744ff7
182971,23,23.3,231,107,"2021-08-23 20:54:09",A203,9653f952-2137-469f-a020-618fd5744ff7
182975,29,23.2,198,86,"2021-08-23 20:56:55",A202,9653f952-2137-469f-a020-618fd5744ff7
182988,27,22.8,237,86,"2021-08-23 21:11:25",A201,9653f952-2137-469f-a020-618fd5744ff7
182999,23,23.2,230,107,"2021-08-23 21:24:29",A203,9653f952-2137-469f-a020-618fd5744ff7
183003,29,23.1,198,86,"2021-08-23 21:27:21",A202,9653f952-2137-469f-a020-618fd5744ff7
183017,27,22.7,236,86,"2021-08-23 21:41:50",A201,9653f952-2137-469f-a020-618fd5744ff7
183030,23,23.1,231,107,"2021-08-23 21:54:51",A203,9653f952-2137-469f-a020-618fd5744ff7
183034,29,23,197,86,"2021-08-23 21:57:49",A202,9653f952-2137-469f-a020-618fd5744ff7
183046,27,22.5,236,86,"2021-08-23 22:12:14",A201,9653f952-2137-469f-a020-618fd5744ff7
183060,23,23,231,114,"2021-08-23 22:25:14",A203,9653f952-2137-469f-a020-618fd5744ff7
183063,29,22.9,195,86,"2021-08-23 22:28:16",A202,9653f952-2137-469f-a020-618fd5744ff7
183077,27,22.3,234,86,"2021-08-23 22:42:40",A201,9653f952-2137-469f-a020-618fd5744ff7
183090,23,22.9,231,114,"2021-08-23 22:55:36",A203,9653f952-2137-469f-a020-618fd5744ff7
183093,29,22.7,191,86,"2021-08-23 22:58:41",A202,9653f952-2137-469f-a020-618fd5744ff7
183108,27,22.2,234,86,"2021-08-23 23:13:02",A201,9653f952-2137-469f-a020-618fd5744ff7
183121,23,22.8,229,114,"2021-08-23 23:25:55",A203,9653f952-2137-469f-a020-618fd5744ff7
183124,29,22.6,193,86,"2021-08-23 23:29:06",A202,9653f952-2137-469f-a020-618fd5744ff7
183140,27,22,232,86,"2021-08-23 23:43:26",A201,9653f952-2137-469f-a020-618fd5744ff7
183151,23,22.7,227,114,"2021-08-23 23:56:16",A203,9653f952-2137-469f-a020-618fd5744ff7
183154,29,22.5,195,86,"2021-08-23 23:59:32",A202,9653f952-2137-469f-a020-618fd5744ff7
183169,27,21.8,232,86,"2021-08-24 00:13:50",A201,9653f952-2137-469f-a020-618fd5744ff7
183181,23,22.6,226,114,"2021-08-24 00:26:35",A203,9653f952-2137-469f-a020-618fd5744ff7
183184,29,22.3,195,86,"2021-08-24 00:29:56",A202,9653f952-2137-469f-a020-618fd5744ff7
183198,27,21.7,230,86,"2021-08-24 00:44:12",A201,9653f952-2137-469f-a020-618fd5744ff7
183209,23,22.5,228,114,"2021-08-24 00:56:54",A203,9653f952-2137-469f-a020-618fd5744ff7
183212,29,22.2,196,86,"2021-08-24 01:00:20",A202,9653f952-2137-469f-a020-618fd5744ff7
183228,27,21.5,231,86,"2021-08-24 01:14:35",A201,9653f952-2137-469f-a020-618fd5744ff7
183239,23,22.4,232,114,"2021-08-24 01:27:13",A203,9653f952-2137-469f-a020-618fd5744ff7
183241,29,22.1,194,86,"2021-08-24 01:30:45",A202,9653f952-2137-469f-a020-618fd5744ff7
183255,27,21.4,231,86,"2021-08-24 01:44:59",A201,9653f952-2137-469f-a020-618fd5744ff7
183268,23,22.3,231,114,"2021-08-24 01:57:33",A203,9653f952-2137-469f-a020-618fd5744ff7
183270,29,22,190,86,"2021-08-24 02:01:09",A202,9653f952-2137-469f-a020-618fd5744ff7
183286,27,21.2,231,86,"2021-08-24 02:15:22",A201,9653f952-2137-469f-a020-618fd5744ff7
183299,23,22.2,230,114,"2021-08-24 02:27:52",A203,9653f952-2137-469f-a020-618fd5744ff7
183302,29,21.8,190,86,"2021-08-24 02:31:33",A202,9653f952-2137-469f-a020-618fd5744ff7
183317,27,21.1,230,86,"2021-08-24 02:45:45",A201,9653f952-2137-469f-a020-618fd5744ff7
183330,23,22.1,230,114,"2021-08-24 02:58:11",A203,9653f952-2137-469f-a020-618fd5744ff7
183332,29,21.7,193,86,"2021-08-24 03:01:56",A202,9653f952-2137-469f-a020-618fd5744ff7
183347,27,20.9,230,86,"2021-08-24 03:16:10",A201,9653f952-2137-469f-a020-618fd5744ff7
183360,23,22,231,114,"2021-08-24 03:29:59",A203,9653f952-2137-469f-a020-618fd5744ff7
183362,29,21.6,193,86,"2021-08-24 03:32:20",A202,9653f952-2137-469f-a020-618fd5744ff7
183376,27,20.8,228,86,"2021-08-24 03:46:34",A201,9653f952-2137-469f-a020-618fd5744ff7
183390,23,21.9,229,114,"2021-08-24 04:00:21",A203,9653f952-2137-469f-a020-618fd5744ff7
183391,29,21.5,193,86,"2021-08-24 04:02:44",A202,9653f952-2137-469f-a020-618fd5744ff7
183405,27,20.7,230,86,"2021-08-24 04:16:54",A201,9653f952-2137-469f-a020-618fd5744ff7
183417,23,21.8,230,114,"2021-08-24 04:30:47",A203,9653f952-2137-469f-a020-618fd5744ff7
183419,29,21.4,192,86,"2021-08-24 04:33:07",A202,9653f952-2137-469f-a020-618fd5744ff7
183433,27,20.5,229,93,"2021-08-24 04:47:16",A201,9653f952-2137-469f-a020-618fd5744ff7
183447,23,21.7,229,107,"2021-08-24 05:01:08",A203,9653f952-2137-469f-a020-618fd5744ff7
183449,29,21.2,192,93,"2021-08-24 05:03:31",A202,9653f952-2137-469f-a020-618fd5744ff7
183461,27,20.4,228,93,"2021-08-24 05:17:40",A201,9653f952-2137-469f-a020-618fd5744ff7
183474,23,21.6,227,107,"2021-08-24 05:31:33",A203,9653f952-2137-469f-a020-618fd5744ff7
183475,29,21.1,189,93,"2021-08-24 05:33:58",A202,9653f952-2137-469f-a020-618fd5744ff7
183488,27,20.3,228,93,"2021-08-24 05:48:07",A201,9653f952-2137-469f-a020-618fd5744ff7
183502,23,21.5,228,107,"2021-08-24 06:02:02",A203,9653f952-2137-469f-a020-618fd5744ff7
183504,29,21,191,93,"2021-08-24 06:04:27",A202,9653f952-2137-469f-a020-618fd5744ff7
183517,27,20.4,228,100,"2021-08-24 06:18:31",A201,9653f952-2137-469f-a020-618fd5744ff7
183529,23,21.4,229,107,"2021-08-24 06:32:32",A203,9653f952-2137-469f-a020-618fd5744ff7
183531,29,21,191,93,"2021-08-24 06:34:58",A202,9653f952-2137-469f-a020-618fd5744ff7
183542,27,20.5,228,100,"2021-08-24 06:48:57",A201,9653f952-2137-469f-a020-618fd5744ff7
183556,29,21,191,100,"2021-08-24 07:06:34",A202,9653f952-2137-469f-a020-618fd5744ff7
183568,27,20.8,228,100,"2021-08-24 07:19:29",A201,9653f952-2137-469f-a020-618fd5744ff7
183582,23,21.4,226,107,"2021-08-24 07:33:41",A203,9653f952-2137-469f-a020-618fd5744ff7
183584,29,21,190,100,"2021-08-24 07:36:59",A202,9653f952-2137-469f-a020-618fd5744ff7
183596,27,21.1,229,100,"2021-08-24 07:49:55",A201,9653f952-2137-469f-a020-618fd5744ff7
183609,23,21.4,228,107,"2021-08-24 08:04:15",A203,9653f952-2137-469f-a020-618fd5744ff7
183611,29,21.2,188,100,"2021-08-24 08:07:25",A202,9653f952-2137-469f-a020-618fd5744ff7
183624,27,21.5,229,100,"2021-08-24 08:20:24",A201,9653f952-2137-469f-a020-618fd5744ff7
183637,23,21.4,228,107,"2021-08-24 08:34:49",A203,9653f952-2137-469f-a020-618fd5744ff7
183639,29,21.4,187,100,"2021-08-24 08:37:52",A202,9653f952-2137-469f-a020-618fd5744ff7
183652,27,22,230,100,"2021-08-24 08:50:53",A201,9653f952-2137-469f-a020-618fd5744ff7
183665,23,21.52,229,107,"2021-08-24 09:05:25",A203,9653f952-2137-469f-a020-618fd5744ff7
183667,29,21.6,188,100,"2021-08-24 09:08:19",A202,9653f952-2137-469f-a020-618fd5744ff7
183679,27,22.4,229,100,"2021-08-24 09:21:23",A201,9653f952-2137-469f-a020-618fd5744ff7
183692,23,21.7,225,100,"2021-08-24 09:36:05",A203,9653f952-2137-469f-a020-618fd5744ff7
183693,29,21.8,187,100,"2021-08-24 09:38:47",A202,9653f952-2137-469f-a020-618fd5744ff7
183706,27,22.9,230,100,"2021-08-24 09:51:53",A201,9653f952-2137-469f-a020-618fd5744ff7
183717,23,21.9,225,100,"2021-08-24 10:06:44",A203,9653f952-2137-469f-a020-618fd5744ff7
183718,29,22,186,100,"2021-08-24 10:09:16",A202,9653f952-2137-469f-a020-618fd5744ff7
183733,27,23.4,231,100,"2021-08-24 10:22:24",A201,9653f952-2137-469f-a020-618fd5744ff7
183745,23,22.1,228,100,"2021-08-24 10:37:23",A203,9653f952-2137-469f-a020-618fd5744ff7
183746,28,22.3,185,100,"2021-08-24 10:39:45",A202,9653f952-2137-469f-a020-618fd5744ff7
183761,27,23.7,231,100,"2021-08-24 10:52:54",A201,9653f952-2137-469f-a020-618fd5744ff7
183772,23,22.3,227,100,"2021-08-24 11:08:03",A203,9653f952-2137-469f-a020-618fd5744ff7
183773,28,22.5,185,100,"2021-08-24 11:10:14",A202,9653f952-2137-469f-a020-618fd5744ff7
183788,27,23.9,230,100,"2021-08-24 11:23:26",A201,9653f952-2137-469f-a020-618fd5744ff7
183798,23,22.5,228,100,"2021-08-24 11:38:42",A203,9653f952-2137-469f-a020-618fd5744ff7
183799,28,22.7,184,100,"2021-08-24 11:40:45",A202,9653f952-2137-469f-a020-618fd5744ff7
183813,27,24.1,230,100,"2021-08-24 11:53:58",A201,9653f952-2137-469f-a020-618fd5744ff7
183824,23,22.8,228,107,"2021-08-24 12:09:19",A203,9653f952-2137-469f-a020-618fd5744ff7
183825,28,22.86,182,100,"2021-08-24 12:11:15",A202,9653f952-2137-469f-a020-618fd5744ff7
183839,27,24.1,229,100,"2021-08-24 12:24:29",A201,9653f952-2137-469f-a020-618fd5744ff7
183851,23,22.9,224,107,"2021-08-24 12:39:55",A203,9653f952-2137-469f-a020-618fd5744ff7
183852,28,23,184,100,"2021-08-24 12:41:45",A202,9653f952-2137-469f-a020-618fd5744ff7
183864,27,24.2,228,100,"2021-08-24 12:55:01",A201,9653f952-2137-469f-a020-618fd5744ff7
183876,28,23.1,183,100,"2021-08-24 13:12:15",A202,9653f952-2137-469f-a020-618fd5744ff7
183890,27,24.3,227,100,"2021-08-24 13:25:32",A201,9653f952-2137-469f-a020-618fd5744ff7
183902,23,23.2,228,107,"2021-08-24 13:41:07",A203,9653f952-2137-469f-a020-618fd5744ff7
183903,28,23.2,185,100,"2021-08-24 13:42:43",A202,9653f952-2137-469f-a020-618fd5744ff7
183916,27,24.28,228,100,"2021-08-24 13:56:01",A201,9653f952-2137-469f-a020-618fd5744ff7
183927,23,23.4,229,100,"2021-08-24 14:11:44",A203,9653f952-2137-469f-a020-618fd5744ff7
183929,28,23.3,185,93,"2021-08-24 14:13:13",A202,9653f952-2137-469f-a020-618fd5744ff7
183942,27,24.2,227,93,"2021-08-24 14:26:35",A201,9653f952-2137-469f-a020-618fd5744ff7
183953,23,23.4,229,107,"2021-08-24 14:42:22",A203,9653f952-2137-469f-a020-618fd5744ff7
183955,28,23.3,185,86,"2021-08-24 14:43:42",A202,9653f952-2137-469f-a020-618fd5744ff7
183966,27,24.1,227,86,"2021-08-24 14:57:04",A201,9653f952-2137-469f-a020-618fd5744ff7
183979,23,23.5,229,107,"2021-08-24 15:12:59",A203,9653f952-2137-469f-a020-618fd5744ff7
183981,28,23.4,185,86,"2021-08-24 15:14:09",A202,9653f952-2137-469f-a020-618fd5744ff7
183993,27,24.1,225,86,"2021-08-24 15:27:34",A201,9653f952-2137-469f-a020-618fd5744ff7
184004,23,23.5,230,107,"2021-08-24 15:43:33",A203,9653f952-2137-469f-a020-618fd5744ff7
184006,28,23.4,185,86,"2021-08-24 15:44:37",A202,9653f952-2137-469f-a020-618fd5744ff7
184017,27,24,225,86,"2021-08-24 15:58:04",A201,9653f952-2137-469f-a020-618fd5744ff7
184029,23,23.5,229,107,"2021-08-24 16:14:07",A203,9653f952-2137-469f-a020-618fd5744ff7
184041,27,23.8,224,86,"2021-08-24 16:28:34",A201,9653f952-2137-469f-a020-618fd5744ff7
184052,23,23.5,229,107,"2021-08-24 16:44:39",A203,9653f952-2137-469f-a020-618fd5744ff7
184054,28,23.3,185,86,"2021-08-24 16:45:26",A202,9653f952-2137-469f-a020-618fd5744ff7
184065,27,23.6,224,86,"2021-08-24 16:58:59",A201,9653f952-2137-469f-a020-618fd5744ff7
184077,23,23.5,229,107,"2021-08-24 17:15:10",A203,9653f952-2137-469f-a020-618fd5744ff7
184088,27,23.4,223,86,"2021-08-24 17:29:26",A201,9653f952-2137-469f-a020-618fd5744ff7
184095,23,23.4,230,107,"2021-08-24 17:45:42",A203,9653f952-2137-469f-a020-618fd5744ff7
184103,27,23.2,221,86,"2021-08-24 17:59:53",A201,9653f952-2137-469f-a020-618fd5744ff7
184109,23,23.3,230,107,"2021-08-24 18:16:10",A203,9653f952-2137-469f-a020-618fd5744ff7
184112,27,23,221,86,"2021-08-24 18:30:19",A201,9653f952-2137-469f-a020-618fd5744ff7
184122,27,22.8,222,86,"2021-08-24 19:00:46",A201,9653f952-2137-469f-a020-618fd5744ff7
184128,23,23.2,229,107,"2021-08-24 19:17:07",A203,9653f952-2137-469f-a020-618fd5744ff7
184133,27,22.6,221,86,"2021-08-24 19:31:12",A201,9653f952-2137-469f-a020-618fd5744ff7
184141,28,22.8,182,86,"2021-08-24 19:47:30",A202,9653f952-2137-469f-a020-618fd5744ff7
184142,23,23.1,230,107,"2021-08-24 19:47:35",A203,9653f952-2137-469f-a020-618fd5744ff7
184152,27,22.4,219,86,"2021-08-24 20:01:40",A201,9653f952-2137-469f-a020-618fd5744ff7
184165,23,23,230,107,"2021-08-24 20:18:05",A203,9653f952-2137-469f-a020-618fd5744ff7
184177,26,22.3,219,86,"2021-08-24 20:32:04",A201,9653f952-2137-469f-a020-618fd5744ff7
184190,28,22.6,183,86,"2021-08-24 20:48:09",A202,9653f952-2137-469f-a020-618fd5744ff7
184191,23,22.9,228,107,"2021-08-24 20:48:32",A203,9653f952-2137-469f-a020-618fd5744ff7
184203,27,22.2,220,86,"2021-08-24 21:02:33",A201,9653f952-2137-469f-a020-618fd5744ff7
184216,28,22.5,184,86,"2021-08-24 21:18:30",A202,9653f952-2137-469f-a020-618fd5744ff7
184217,23,22.8,227,107,"2021-08-24 21:19:00",A203,9653f952-2137-469f-a020-618fd5744ff7
184230,27,22,220,86,"2021-08-24 21:32:55",A201,9653f952-2137-469f-a020-618fd5744ff7
184243,28,22.4,183,86,"2021-08-24 21:48:48",A202,9653f952-2137-469f-a020-618fd5744ff7
184244,23,22.7,227,107,"2021-08-24 21:49:28",A203,9653f952-2137-469f-a020-618fd5744ff7
184257,27,21.9,218,86,"2021-08-24 22:03:21",A201,9653f952-2137-469f-a020-618fd5744ff7
184270,28,22.3,184,86,"2021-08-24 22:19:07",A202,9653f952-2137-469f-a020-618fd5744ff7
184271,23,22.6,229,107,"2021-08-24 22:19:56",A203,9653f952-2137-469f-a020-618fd5744ff7
184296,28,22.2,184,86,"2021-08-24 22:49:25",A202,9653f952-2137-469f-a020-618fd5744ff7
184297,23,22.48,229,107,"2021-08-24 22:50:27",A203,9653f952-2137-469f-a020-618fd5744ff7
184309,26,21.7,218,86,"2021-08-24 23:04:11",A201,9653f952-2137-469f-a020-618fd5744ff7
184323,28,22.1,184,86,"2021-08-24 23:19:43",A202,9653f952-2137-469f-a020-618fd5744ff7
184324,23,22.4,229,114,"2021-08-24 23:20:48",A203,9653f952-2137-469f-a020-618fd5744ff7
184336,26,21.5,218,86,"2021-08-24 23:34:36",A201,9653f952-2137-469f-a020-618fd5744ff7
184350,28,22,184,86,"2021-08-24 23:50:00",A202,9653f952-2137-469f-a020-618fd5744ff7
184351,23,22.3,228,114,"2021-08-24 23:51:14",A203,9653f952-2137-469f-a020-618fd5744ff7
184363,26,21.4,217,86,"2021-08-25 00:04:59",A201,9653f952-2137-469f-a020-618fd5744ff7
184377,28,21.9,182,86,"2021-08-25 00:20:17",A202,9653f952-2137-469f-a020-618fd5744ff7
184378,23,22.2,227,114,"2021-08-25 00:21:39",A203,9653f952-2137-469f-a020-618fd5744ff7
184391,26,21.3,217,86,"2021-08-25 00:35:24",A201,9653f952-2137-469f-a020-618fd5744ff7
184403,28,21.8,179,86,"2021-08-25 00:50:34",A202,9653f952-2137-469f-a020-618fd5744ff7
184404,23,22.1,229,114,"2021-08-25 00:52:03",A203,9653f952-2137-469f-a020-618fd5744ff7
184417,26,21.2,215,86,"2021-08-25 01:05:49",A201,9653f952-2137-469f-a020-618fd5744ff7
184428,28,21.7,184,86,"2021-08-25 01:20:50",A202,9653f952-2137-469f-a020-618fd5744ff7
184429,23,22,228,114,"2021-08-25 01:22:27",A203,9653f952-2137-469f-a020-618fd5744ff7
184442,26,21.1,213,86,"2021-08-25 01:36:12",A201,9653f952-2137-469f-a020-618fd5744ff7
184455,28,21.6,183,86,"2021-08-25 01:51:05",A202,9653f952-2137-469f-a020-618fd5744ff7
184456,23,21.9,227,114,"2021-08-25 01:52:51",A203,9653f952-2137-469f-a020-618fd5744ff7
184469,26,20.9,213,86,"2021-08-25 02:06:35",A201,9653f952-2137-469f-a020-618fd5744ff7
184482,23,21.8,226,114,"2021-08-25 02:23:15",A203,9653f952-2137-469f-a020-618fd5744ff7
184495,26,20.8,215,86,"2021-08-25 02:36:59",A201,9653f952-2137-469f-a020-618fd5744ff7
184507,28,21.4,182,86,"2021-08-25 02:51:35",A202,9653f952-2137-469f-a020-618fd5744ff7
184508,23,21.7,226,114,"2021-08-25 02:53:37",A203,9653f952-2137-469f-a020-618fd5744ff7
184520,26,20.7,215,86,"2021-08-25 03:07:21",A201,9653f952-2137-469f-a020-618fd5744ff7
184532,28,21.3,183,86,"2021-08-25 03:21:48",A202,9653f952-2137-469f-a020-618fd5744ff7
184533,23,21.6,227,114,"2021-08-25 03:23:59",A203,9653f952-2137-469f-a020-618fd5744ff7
184547,26,20.5,214,86,"2021-08-25 03:39:31",A201,9653f952-2137-469f-a020-618fd5744ff7
184560,28,21.18,183,86,"2021-08-25 03:52:01",A202,9653f952-2137-469f-a020-618fd5744ff7
184561,23,21.5,228,114,"2021-08-25 03:54:21",A203,9653f952-2137-469f-a020-618fd5744ff7
184573,26,20.4,212,86,"2021-08-25 04:09:57",A201,9653f952-2137-469f-a020-618fd5744ff7
184586,28,21,183,86,"2021-08-25 04:22:14",A202,9653f952-2137-469f-a020-618fd5744ff7
184587,23,21.4,226,114,"2021-08-25 04:24:44",A203,9653f952-2137-469f-a020-618fd5744ff7
184600,26,20.2,214,93,"2021-08-25 04:40:18",A201,9653f952-2137-469f-a020-618fd5744ff7
184612,28,20.9,183,93,"2021-08-25 04:52:28",A202,9653f952-2137-469f-a020-618fd5744ff7
184614,23,21.3,225,107,"2021-08-25 04:55:07",A203,9653f952-2137-469f-a020-618fd5744ff7
184625,26,20.1,214,93,"2021-08-25 05:10:46",A201,9653f952-2137-469f-a020-618fd5744ff7
184636,28,20.8,182,93,"2021-08-25 05:22:45",A202,9653f952-2137-469f-a020-618fd5744ff7
184638,23,21.2,227,107,"2021-08-25 05:25:30",A203,9653f952-2137-469f-a020-618fd5744ff7
184652,26,20,213,93,"2021-08-25 05:41:08",A201,9653f952-2137-469f-a020-618fd5744ff7
184662,28,20.7,180,93,"2021-08-25 05:53:02",A202,9653f952-2137-469f-a020-618fd5744ff7
184664,23,21.1,229,107,"2021-08-25 05:56:01",A203,9653f952-2137-469f-a020-618fd5744ff7
184678,26,20,213,100,"2021-08-25 06:11:37",A201,9653f952-2137-469f-a020-618fd5744ff7
184688,28,20.6,179,93,"2021-08-25 06:23:23",A202,9653f952-2137-469f-a020-618fd5744ff7
184690,23,21,228,107,"2021-08-25 06:26:24",A203,9653f952-2137-469f-a020-618fd5744ff7
184705,26,20.1,213,100,"2021-08-25 06:42:02",A201,9653f952-2137-469f-a020-618fd5744ff7
184716,28,20.5,181,100,"2021-08-25 06:53:46",A202,9653f952-2137-469f-a020-618fd5744ff7
184718,23,21,229,107,"2021-08-25 06:56:58",A203,9653f952-2137-469f-a020-618fd5744ff7
184733,26,20.3,213,100,"2021-08-25 07:12:32",A201,9653f952-2137-469f-a020-618fd5744ff7
184746,28,20.6,180,100,"2021-08-25 07:24:12",A202,9653f952-2137-469f-a020-618fd5744ff7
184748,23,20.9,226,107,"2021-08-25 07:27:30",A203,9653f952-2137-469f-a020-618fd5744ff7
184763,26,20.7,212,100,"2021-08-25 07:43:01",A201,9653f952-2137-469f-a020-618fd5744ff7
184775,28,20.6,180,100,"2021-08-25 07:54:40",A202,9653f952-2137-469f-a020-618fd5744ff7
184779,23,20.9,226,107,"2021-08-25 07:58:06",A203,9653f952-2137-469f-a020-618fd5744ff7
184791,26,21.1,213,100,"2021-08-25 08:13:33",A201,9653f952-2137-469f-a020-618fd5744ff7
184801,28,20.8,179,100,"2021-08-25 08:25:09",A202,9653f952-2137-469f-a020-618fd5744ff7
184805,23,21,226,107,"2021-08-25 08:28:41",A203,9653f952-2137-469f-a020-618fd5744ff7
184816,26,21.5,211,100,"2021-08-25 08:44:04",A201,9653f952-2137-469f-a020-618fd5744ff7
184830,23,21.1,227,107,"2021-08-25 08:59:18",A203,9653f952-2137-469f-a020-618fd5744ff7
184843,26,22,215,100,"2021-08-25 09:14:37",A201,9653f952-2137-469f-a020-618fd5744ff7
184855,23,21.2,227,100,"2021-08-25 09:29:58",A203,9653f952-2137-469f-a020-618fd5744ff7
184867,26,22.4,212,100,"2021-08-25 09:45:08",A201,9653f952-2137-469f-a020-618fd5744ff7
184880,23,21.4,227,100,"2021-08-25 10:00:33",A203,9653f952-2137-469f-a020-618fd5744ff7
184895,26,22.9,216,100,"2021-08-25 10:15:43",A201,9653f952-2137-469f-a020-618fd5744ff7
184909,23,21.6,225,100,"2021-08-25 10:31:14",A203,9653f952-2137-469f-a020-618fd5744ff7
184921,26,23.3,216,100,"2021-08-25 10:46:15",A201,9653f952-2137-469f-a020-618fd5744ff7
184935,23,21.8,226,100,"2021-08-25 11:01:51",A203,9653f952-2137-469f-a020-618fd5744ff7
184948,26,23.6,216,100,"2021-08-25 11:16:48",A201,9653f952-2137-469f-a020-618fd5744ff7
184961,23,22.1,224,100,"2021-08-25 11:32:37",A203,9653f952-2137-469f-a020-618fd5744ff7
184974,26,23.8,217,100,"2021-08-25 11:47:23",A201,9653f952-2137-469f-a020-618fd5744ff7
184989,23,22.3,227,100,"2021-08-25 12:03:13",A203,9653f952-2137-469f-a020-618fd5744ff7
185003,26,24,216,100,"2021-08-25 12:17:57",A201,9653f952-2137-469f-a020-618fd5744ff7
185030,26,24.3,216,100,"2021-08-25 12:48:31",A201,9653f952-2137-469f-a020-618fd5744ff7
185044,23,22.6,225,100,"2021-08-25 13:04:35",A203,9653f952-2137-469f-a020-618fd5744ff7
185059,26,24.4,215,100,"2021-08-25 13:19:06",A201,9653f952-2137-469f-a020-618fd5744ff7
185075,23,22.8,228,100,"2021-08-25 13:35:17",A203,9653f952-2137-469f-a020-618fd5744ff7
185088,26,24.5,215,100,"2021-08-25 13:49:39",A201,9653f952-2137-469f-a020-618fd5744ff7
185102,23,23,227,100,"2021-08-25 14:05:57",A203,9653f952-2137-469f-a020-618fd5744ff7
185114,26,24.6,215,93,"2021-08-25 14:20:13",A201,9653f952-2137-469f-a020-618fd5744ff7
185128,23,23.1,225,100,"2021-08-25 14:36:36",A203,9653f952-2137-469f-a020-618fd5744ff7
185139,26,24.6,215,86,"2021-08-25 14:50:47",A201,9653f952-2137-469f-a020-618fd5744ff7
185155,23,23.2,225,100,"2021-08-25 15:07:16",A203,9653f952-2137-469f-a020-618fd5744ff7
185167,26,24.5,214,86,"2021-08-25 15:21:22",A201,9653f952-2137-469f-a020-618fd5744ff7
185180,23,23.3,225,100,"2021-08-25 15:37:55",A203,9653f952-2137-469f-a020-618fd5744ff7
185193,26,24.4,212,86,"2021-08-25 15:51:53",A201,9653f952-2137-469f-a020-618fd5744ff7
185210,23,23.3,228,107,"2021-08-25 16:08:31",A203,9653f952-2137-469f-a020-618fd5744ff7
185224,26,24.3,213,86,"2021-08-25 16:22:24",A201,9653f952-2137-469f-a020-618fd5744ff7
185241,23,23.4,229,107,"2021-08-25 16:39:05",A203,9653f952-2137-469f-a020-618fd5744ff7
185253,26,24.1,213,86,"2021-08-25 16:52:53",A201,9653f952-2137-469f-a020-618fd5744ff7
185269,23,23.4,229,107,"2021-08-25 17:09:38",A203,9653f952-2137-469f-a020-618fd5744ff7
185280,26,24,212,86,"2021-08-25 17:23:22",A201,9653f952-2137-469f-a020-618fd5744ff7
185294,23,23.4,229,107,"2021-08-25 17:40:12",A203,9653f952-2137-469f-a020-618fd5744ff7
185314,23,23.3,229,107,"2021-08-25 18:10:40",A203,9653f952-2137-469f-a020-618fd5744ff7
185323,26,23.6,209,86,"2021-08-25 18:24:21",A201,9653f952-2137-469f-a020-618fd5744ff7
185332,26,23.4,210,86,"2021-08-25 18:54:46",A201,9653f952-2137-469f-a020-618fd5744ff7
185340,26,23.2,210,86,"2021-08-25 19:25:16",A201,9653f952-2137-469f-a020-618fd5744ff7
185353,23,23.1,228,107,"2021-08-25 19:42:09",A203,9653f952-2137-469f-a020-618fd5744ff7
185367,26,23,209,86,"2021-08-25 19:55:44",A201,9653f952-2137-469f-a020-618fd5744ff7
185383,23,23,226,107,"2021-08-25 20:12:37",A203,9653f952-2137-469f-a020-618fd5744ff7
185395,26,22.8,208,86,"2021-08-25 20:26:10",A201,9653f952-2137-469f-a020-618fd5744ff7
185411,23,22.9,227,107,"2021-08-25 20:43:05",A203,9653f952-2137-469f-a020-618fd5744ff7
185423,26,22.6,208,86,"2021-08-25 20:56:38",A201,9653f952-2137-469f-a020-618fd5744ff7
185442,23,22.8,226,107,"2021-08-25 21:13:30",A203,9653f952-2137-469f-a020-618fd5744ff7
185454,26,22.4,208,86,"2021-08-25 21:27:03",A201,9653f952-2137-469f-a020-618fd5744ff7
185470,23,22.7,227,114,"2021-08-25 21:44:01",A203,9653f952-2137-469f-a020-618fd5744ff7
185482,26,22.2,208,86,"2021-08-25 21:57:30",A201,9653f952-2137-469f-a020-618fd5744ff7
185501,23,22.6,229,107,"2021-08-25 22:14:24",A203,9653f952-2137-469f-a020-618fd5744ff7
185514,26,22.1,205,86,"2021-08-25 22:27:54",A201,9653f952-2137-469f-a020-618fd5744ff7
185531,23,22.5,228,107,"2021-08-25 22:44:49",A203,9653f952-2137-469f-a020-618fd5744ff7
185543,26,21.9,207,86,"2021-08-25 22:58:21",A201,9653f952-2137-469f-a020-618fd5744ff7
185562,23,22.4,229,114,"2021-08-25 23:15:13",A203,9653f952-2137-469f-a020-618fd5744ff7
185575,26,21.8,206,86,"2021-08-25 23:28:46",A201,9653f952-2137-469f-a020-618fd5744ff7
185593,23,22.3,228,114,"2021-08-25 23:45:39",A203,9653f952-2137-469f-a020-618fd5744ff7
185607,26,21.6,206,86,"2021-08-25 23:59:11",A201,9653f952-2137-469f-a020-618fd5744ff7
185626,23,22.2,229,114,"2021-08-26 00:16:03",A203,9653f952-2137-469f-a020-618fd5744ff7
185639,26,21.4,206,86,"2021-08-26 00:29:35",A201,9653f952-2137-469f-a020-618fd5744ff7
185658,23,22,230,114,"2021-08-26 00:46:28",A203,9653f952-2137-469f-a020-618fd5744ff7
185670,26,21.3,204,86,"2021-08-26 01:00:00",A201,9653f952-2137-469f-a020-618fd5744ff7
185689,23,21.9,225,114,"2021-08-26 01:16:50",A203,9653f952-2137-469f-a020-618fd5744ff7
185701,26,21.2,204,86,"2021-08-26 01:30:25",A201,9653f952-2137-469f-a020-618fd5744ff7
185720,23,21.8,224,114,"2021-08-26 01:47:13",A203,9653f952-2137-469f-a020-618fd5744ff7
185730,26,21,205,86,"2021-08-26 02:00:48",A201,9653f952-2137-469f-a020-618fd5744ff7
185749,23,21.7,226,114,"2021-08-26 02:17:35",A203,9653f952-2137-469f-a020-618fd5744ff7
185761,26,20.9,205,86,"2021-08-26 02:31:13",A201,9653f952-2137-469f-a020-618fd5744ff7
185778,23,21.6,227,114,"2021-08-26 02:48:01",A203,9653f952-2137-469f-a020-618fd5744ff7
185792,26,20.7,205,86,"2021-08-26 03:01:36",A201,9653f952-2137-469f-a020-618fd5744ff7
185807,23,21.5,227,114,"2021-08-26 03:18:21",A203,9653f952-2137-469f-a020-618fd5744ff7
185834,23,21.4,224,114,"2021-08-26 03:48:43",A203,9653f952-2137-469f-a020-618fd5744ff7
185847,26,20.5,203,86,"2021-08-26 04:02:23",A201,9653f952-2137-469f-a020-618fd5744ff7
185876,26,20.3,203,93,"2021-08-26 04:32:48",A201,9653f952-2137-469f-a020-618fd5744ff7
185892,23,21.2,230,107,"2021-08-26 04:49:29",A203,9653f952-2137-469f-a020-618fd5744ff7
185905,26,20.2,203,93,"2021-08-26 05:03:13",A201,9653f952-2137-469f-a020-618fd5744ff7
185920,23,21.1,229,107,"2021-08-26 05:19:52",A203,9653f952-2137-469f-a020-618fd5744ff7
185935,26,20.2,203,93,"2021-08-26 05:33:40",A201,9653f952-2137-469f-a020-618fd5744ff7
185948,23,21,229,107,"2021-08-26 05:50:21",A203,9653f952-2137-469f-a020-618fd5744ff7
185963,26,20.1,202,93,"2021-08-26 06:04:05",A201,9653f952-2137-469f-a020-618fd5744ff7
185979,23,20.9,228,107,"2021-08-26 06:22:16",A203,9653f952-2137-469f-a020-618fd5744ff7
185990,26,20.2,203,100,"2021-08-26 06:34:34",A201,9653f952-2137-469f-a020-618fd5744ff7
186006,23,20.9,226,107,"2021-08-26 06:52:42",A203,9653f952-2137-469f-a020-618fd5744ff7
186017,26,20.5,201,100,"2021-08-26 07:05:03",A201,9653f952-2137-469f-a020-618fd5744ff7
186032,23,20.9,228,107,"2021-08-26 07:23:06",A203,9653f952-2137-469f-a020-618fd5744ff7
186044,26,20.8,202,100,"2021-08-26 07:35:33",A201,9653f952-2137-469f-a020-618fd5744ff7
186059,23,20.9,228,107,"2021-08-26 07:53:35",A203,9653f952-2137-469f-a020-618fd5744ff7
186093,29,21.6,246,100,"2021-08-26 08:36:32",A201,9653f952-2137-469f-a020-618fd5744ff7
186110,23,21,227,107,"2021-08-26 08:54:30",A203,9653f952-2137-469f-a020-618fd5744ff7
186121,28,22,243,100,"2021-08-26 09:07:04",A201,9653f952-2137-469f-a020-618fd5744ff7
186138,23,21.2,227,100,"2021-08-26 09:24:59",A203,9653f952-2137-469f-a020-618fd5744ff7
186149,28,22.4,243,100,"2021-08-26 09:37:35",A201,9653f952-2137-469f-a020-618fd5744ff7
186165,23,21.3,228,100,"2021-08-26 09:55:30",A203,9653f952-2137-469f-a020-618fd5744ff7
186176,28,22.8,242,100,"2021-08-26 10:08:09",A201,9653f952-2137-469f-a020-618fd5744ff7
186195,23,21.5,228,100,"2021-08-26 10:26:01",A203,9653f952-2137-469f-a020-618fd5744ff7
186206,28,23.1,239,100,"2021-08-26 10:38:39",A201,9653f952-2137-469f-a020-618fd5744ff7
186225,23,21.8,224,100,"2021-08-26 10:56:35",A203,9653f952-2137-469f-a020-618fd5744ff7
186236,28,23.4,238,100,"2021-08-26 11:09:13",A201,9653f952-2137-469f-a020-618fd5744ff7
186253,23,22,226,100,"2021-08-26 11:27:07",A203,9653f952-2137-469f-a020-618fd5744ff7
186261,28,23.7,238,100,"2021-08-26 11:39:49",A201,9653f952-2137-469f-a020-618fd5744ff7
186279,23,22.3,224,100,"2021-08-26 11:57:41",A203,9653f952-2137-469f-a020-618fd5744ff7
186288,28,23.9,236,100,"2021-08-26 12:10:19",A201,9653f952-2137-469f-a020-618fd5744ff7
186307,23,22.5,227,93,"2021-08-26 12:28:15",A203,9653f952-2137-469f-a020-618fd5744ff7
186318,28,24.1,235,100,"2021-08-26 12:40:54",A201,9653f952-2137-469f-a020-618fd5744ff7
186335,23,22.8,225,100,"2021-08-26 12:58:50",A203,9653f952-2137-469f-a020-618fd5744ff7
186345,28,24.2,235,93,"2021-08-26 13:11:28",A201,9653f952-2137-469f-a020-618fd5744ff7
186361,23,23,226,93,"2021-08-26 13:29:26",A203,9653f952-2137-469f-a020-618fd5744ff7
186371,27,24.4,234,100,"2021-08-26 13:42:01",A201,9653f952-2137-469f-a020-618fd5744ff7
186388,23,23.2,224,100,"2021-08-26 14:00:01",A203,9653f952-2137-469f-a020-618fd5744ff7
186399,27,24.4,233,93,"2021-08-26 14:12:36",A201,9653f952-2137-469f-a020-618fd5744ff7
186417,23,23.4,225,100,"2021-08-26 14:30:34",A203,9653f952-2137-469f-a020-618fd5744ff7
186428,27,24.5,231,93,"2021-08-26 14:43:10",A201,9653f952-2137-469f-a020-618fd5744ff7
186446,23,23.6,227,100,"2021-08-26 15:01:07",A203,9653f952-2137-469f-a020-618fd5744ff7
186458,27,24.4,229,86,"2021-08-26 15:13:42",A201,9653f952-2137-469f-a020-618fd5744ff7
186475,23,23.7,229,100,"2021-08-26 15:31:39",A203,9653f952-2137-469f-a020-618fd5744ff7
186487,27,24.4,229,86,"2021-08-26 15:44:15",A201,9653f952-2137-469f-a020-618fd5744ff7
186504,23,23.8,228,107,"2021-08-26 16:02:07",A203,9653f952-2137-469f-a020-618fd5744ff7
186516,27,24.2,229,86,"2021-08-26 16:14:46",A201,9653f952-2137-469f-a020-618fd5744ff7
186533,23,23.9,228,107,"2021-08-26 16:32:34",A203,9653f952-2137-469f-a020-618fd5744ff7
186543,27,24.1,226,86,"2021-08-26 16:45:17",A201,9653f952-2137-469f-a020-618fd5744ff7
186560,23,23.9,229,107,"2021-08-26 17:03:00",A203,9653f952-2137-469f-a020-618fd5744ff7
186571,27,23.8,225,86,"2021-08-26 17:15:47",A201,9653f952-2137-469f-a020-618fd5744ff7
186583,23,23.9,229,107,"2021-08-26 17:33:24",A203,9653f952-2137-469f-a020-618fd5744ff7
186608,27,23.18,223,86,"2021-08-26 18:47:11",A201,9653f952-2137-469f-a020-618fd5744ff7
186615,23,23.7,228,107,"2021-08-26 19:04:31",A203,9653f952-2137-469f-a020-618fd5744ff7
186621,27,22.9,219,86,"2021-08-26 19:17:39",A201,9653f952-2137-469f-a020-618fd5744ff7
186631,23,23.6,229,107,"2021-08-26 19:34:52",A203,9653f952-2137-469f-a020-618fd5744ff7
186639,27,22.7,221,86,"2021-08-26 19:48:10",A201,9653f952-2137-469f-a020-618fd5744ff7
186658,23,23.5,229,107,"2021-08-26 20:05:12",A203,9653f952-2137-469f-a020-618fd5744ff7
186668,27,22.5,220,86,"2021-08-26 20:18:33",A201,9653f952-2137-469f-a020-618fd5744ff7
186688,23,23.4,229,107,"2021-08-26 20:35:30",A203,9653f952-2137-469f-a020-618fd5744ff7
186696,27,22.3,219,86,"2021-08-26 20:48:59",A201,9653f952-2137-469f-a020-618fd5744ff7
186715,23,23.3,231,107,"2021-08-26 21:05:49",A203,9653f952-2137-469f-a020-618fd5744ff7
186725,27,22.1,217,86,"2021-08-26 21:19:27",A201,9653f952-2137-469f-a020-618fd5744ff7
186745,23,23.2,230,107,"2021-08-26 21:36:08",A203,9653f952-2137-469f-a020-618fd5744ff7
186753,27,22,218,86,"2021-08-26 21:49:52",A201,9653f952-2137-469f-a020-618fd5744ff7
186772,23,23.1,229,107,"2021-08-26 22:06:28",A203,9653f952-2137-469f-a020-618fd5744ff7
186780,27,21.8,217,86,"2021-08-26 22:20:20",A201,9653f952-2137-469f-a020-618fd5744ff7
186798,23,23,228,107,"2021-08-26 22:36:46",A203,9653f952-2137-469f-a020-618fd5744ff7
186807,27,21.6,217,86,"2021-08-26 22:50:44",A201,9653f952-2137-469f-a020-618fd5744ff7
186826,23,22.8,226,114,"2021-08-26 23:07:03",A203,9653f952-2137-469f-a020-618fd5744ff7
186834,27,21.5,215,86,"2021-08-26 23:21:10",A201,9653f952-2137-469f-a020-618fd5744ff7
186854,23,22.7,226,114,"2021-08-26 23:37:20",A203,9653f952-2137-469f-a020-618fd5744ff7
186864,27,21.3,216,86,"2021-08-26 23:51:36",A201,9653f952-2137-469f-a020-618fd5744ff7
186883,23,22.6,229,114,"2021-08-27 00:07:35",A203,9653f952-2137-469f-a020-618fd5744ff7
186892,27,21.2,215,86,"2021-08-27 00:21:59",A201,9653f952-2137-469f-a020-618fd5744ff7
186912,23,22.5,229,114,"2021-08-27 00:37:51",A203,9653f952-2137-469f-a020-618fd5744ff7
186921,27,21,215,86,"2021-08-27 00:52:24",A201,9653f952-2137-469f-a020-618fd5744ff7
186942,23,22.4,229,114,"2021-08-27 01:08:06",A203,9653f952-2137-469f-a020-618fd5744ff7
186970,23,22.3,228,114,"2021-08-27 01:38:20",A203,9653f952-2137-469f-a020-618fd5744ff7
186980,27,20.7,214,86,"2021-08-27 01:53:11",A201,9653f952-2137-469f-a020-618fd5744ff7
186999,23,22.2,229,114,"2021-08-27 02:08:35",A203,9653f952-2137-469f-a020-618fd5744ff7
187024,23,22.1,229,114,"2021-08-27 02:38:50",A203,9653f952-2137-469f-a020-618fd5744ff7
187035,27,20.5,213,86,"2021-08-27 02:53:59",A201,9653f952-2137-469f-a020-618fd5744ff7
187052,23,22,227,114,"2021-08-27 03:09:03",A203,9653f952-2137-469f-a020-618fd5744ff7
187063,27,20.3,213,86,"2021-08-27 03:24:24",A201,9653f952-2137-469f-a020-618fd5744ff7
187081,23,21.9,223,114,"2021-08-27 03:39:18",A203,9653f952-2137-469f-a020-618fd5744ff7
187092,27,20.2,210,86,"2021-08-27 03:54:47",A201,9653f952-2137-469f-a020-618fd5744ff7
187110,23,21.8,224,114,"2021-08-27 04:09:31",A203,9653f952-2137-469f-a020-618fd5744ff7
187121,27,20.1,210,86,"2021-08-27 04:25:12",A201,9653f952-2137-469f-a020-618fd5744ff7
187140,23,21.7,228,107,"2021-08-27 04:39:47",A203,9653f952-2137-469f-a020-618fd5744ff7
187149,27,20,211,93,"2021-08-27 04:55:36",A201,9653f952-2137-469f-a020-618fd5744ff7
187167,23,21.6,227,107,"2021-08-27 05:10:03",A203,9653f952-2137-469f-a020-618fd5744ff7
187176,27,19.9,210,93,"2021-08-27 05:26:00",A201,9653f952-2137-469f-a020-618fd5744ff7
187192,23,21.5,229,107,"2021-08-27 05:40:21",A203,9653f952-2137-469f-a020-618fd5744ff7
187201,27,19.8,210,93,"2021-08-27 05:56:26",A201,9653f952-2137-469f-a020-618fd5744ff7
187219,23,21.4,226,107,"2021-08-27 06:10:41",A203,9653f952-2137-469f-a020-618fd5744ff7
187233,27,19.9,210,100,"2021-08-27 06:28:40",A201,9653f952-2137-469f-a020-618fd5744ff7
187249,23,21.4,228,107,"2021-08-27 06:41:04",A203,9653f952-2137-469f-a020-618fd5744ff7
187261,27,20,209,100,"2021-08-27 06:59:05",A201,9653f952-2137-469f-a020-618fd5744ff7
187275,23,21.3,229,107,"2021-08-27 07:11:30",A203,9653f952-2137-469f-a020-618fd5744ff7
187286,27,20.3,211,100,"2021-08-27 07:29:33",A201,9653f952-2137-469f-a020-618fd5744ff7
187300,23,21.3,229,100,"2021-08-27 07:41:58",A203,9653f952-2137-469f-a020-618fd5744ff7
187326,23,21.3,229,100,"2021-08-27 08:12:29",A203,9653f952-2137-469f-a020-618fd5744ff7
187338,27,21.1,210,100,"2021-08-27 08:30:26",A201,9653f952-2137-469f-a020-618fd5744ff7
187353,23,21.4,229,100,"2021-08-27 08:42:59",A203,9653f952-2137-469f-a020-618fd5744ff7
187366,27,21.6,211,100,"2021-08-27 09:00:54",A201,9653f952-2137-469f-a020-618fd5744ff7
187379,23,21.5,226,100,"2021-08-27 09:13:29",A203,9653f952-2137-469f-a020-618fd5744ff7
187392,27,22,211,100,"2021-08-27 09:31:23",A201,9653f952-2137-469f-a020-618fd5744ff7
187407,23,21.6,224,100,"2021-08-27 09:44:02",A203,9653f952-2137-469f-a020-618fd5744ff7
187420,27,22.4,210,100,"2021-08-27 10:01:52",A201,9653f952-2137-469f-a020-618fd5744ff7
187433,23,21.8,226,100,"2021-08-27 10:14:33",A203,9653f952-2137-469f-a020-618fd5744ff7
187444,27,22.7,211,100,"2021-08-27 10:32:21",A201,9653f952-2137-469f-a020-618fd5744ff7
187458,23,22,228,100,"2021-08-27 10:45:11",A203,9653f952-2137-469f-a020-618fd5744ff7
187471,27,23.1,211,100,"2021-08-27 11:02:49",A201,9653f952-2137-469f-a020-618fd5744ff7
187485,23,22.2,226,100,"2021-08-27 11:15:42",A203,9653f952-2137-469f-a020-618fd5744ff7
187498,26,23.3,209,100,"2021-08-27 11:33:19",A201,9653f952-2137-469f-a020-618fd5744ff7
187511,23,22.5,228,100,"2021-08-27 11:46:17",A203,9653f952-2137-469f-a020-618fd5744ff7
187524,26,23.6,210,100,"2021-08-27 12:03:49",A201,9653f952-2137-469f-a020-618fd5744ff7
187537,23,22.7,226,93,"2021-08-27 12:16:53",A203,9653f952-2137-469f-a020-618fd5744ff7
187549,26,23.9,207,100,"2021-08-27 12:34:21",A201,9653f952-2137-469f-a020-618fd5744ff7
187562,23,23,228,93,"2021-08-27 12:47:31",A203,9653f952-2137-469f-a020-618fd5744ff7
187575,26,24.2,209,100,"2021-08-27 13:04:52",A201,9653f952-2137-469f-a020-618fd5744ff7
187590,23,23.2,225,93,"2021-08-27 13:18:09",A203,9653f952-2137-469f-a020-618fd5744ff7
187604,26,24.5,210,100,"2021-08-27 13:35:24",A201,9653f952-2137-469f-a020-618fd5744ff7
187619,23,23.4,225,93,"2021-08-27 13:48:46",A203,9653f952-2137-469f-a020-618fd5744ff7
187630,26,24.6,210,93,"2021-08-27 14:05:54",A201,9653f952-2137-469f-a020-618fd5744ff7
187644,23,23.7,229,93,"2021-08-27 14:19:22",A203,9653f952-2137-469f-a020-618fd5744ff7
187656,26,24.7,210,86,"2021-08-27 14:36:28",A201,9653f952-2137-469f-a020-618fd5744ff7
187668,23,23.8,228,93,"2021-08-27 14:49:59",A203,9653f952-2137-469f-a020-618fd5744ff7
187681,26,24.8,208,86,"2021-08-27 15:06:58",A201,9653f952-2137-469f-a020-618fd5744ff7
187695,23,24,228,100,"2021-08-27 15:20:35",A203,9653f952-2137-469f-a020-618fd5744ff7
187707,26,24.7,209,86,"2021-08-27 15:37:27",A201,9653f952-2137-469f-a020-618fd5744ff7
187719,23,24.1,226,107,"2021-08-27 15:51:05",A203,9653f952-2137-469f-a020-618fd5744ff7
187731,26,24.7,207,86,"2021-08-27 16:07:56",A201,9653f952-2137-469f-a020-618fd5744ff7
187744,23,24.2,227,107,"2021-08-27 16:21:33",A203,9653f952-2137-469f-a020-618fd5744ff7
187757,26,24.5,205,86,"2021-08-27 16:38:21",A201,9653f952-2137-469f-a020-618fd5744ff7
187772,23,24.3,228,107,"2021-08-27 16:51:58",A203,9653f952-2137-469f-a020-618fd5744ff7
187784,26,24.4,206,86,"2021-08-27 17:08:47",A201,9653f952-2137-469f-a020-618fd5744ff7
187798,23,24.3,229,107,"2021-08-27 17:22:24",A203,9653f952-2137-469f-a020-618fd5744ff7
187842,23,24.06,229,107,"2021-08-27 19:23:55",A203,9653f952-2137-469f-a020-618fd5744ff7
187845,26,23.4,204,86,"2021-08-27 19:40:48",A201,9653f952-2137-469f-a020-618fd5744ff7
187858,23,24,227,107,"2021-08-27 19:54:16",A203,9653f952-2137-469f-a020-618fd5744ff7
187869,26,23.2,203,86,"2021-08-27 20:11:11",A201,9653f952-2137-469f-a020-618fd5744ff7
187885,23,23.9,228,107,"2021-08-27 20:24:35",A203,9653f952-2137-469f-a020-618fd5744ff7
187896,26,23.1,204,86,"2021-08-27 20:41:34",A201,9653f952-2137-469f-a020-618fd5744ff7
187912,23,23.8,229,107,"2021-08-27 20:54:56",A203,9653f952-2137-469f-a020-618fd5744ff7
187922,26,22.9,201,86,"2021-08-27 21:11:54",A201,9653f952-2137-469f-a020-618fd5744ff7
187938,23,23.7,228,107,"2021-08-27 21:25:16",A203,9653f952-2137-469f-a020-618fd5744ff7
187949,26,22.8,202,86,"2021-08-27 21:42:15",A201,9653f952-2137-469f-a020-618fd5744ff7
187965,23,23.6,230,107,"2021-08-27 21:55:34",A203,9653f952-2137-469f-a020-618fd5744ff7
187975,26,22.6,202,86,"2021-08-27 22:12:38",A201,9653f952-2137-469f-a020-618fd5744ff7
187988,23,23.5,231,114,"2021-08-27 22:25:52",A203,9653f952-2137-469f-a020-618fd5744ff7
187998,26,22.4,200,86,"2021-08-27 22:43:00",A201,9653f952-2137-469f-a020-618fd5744ff7
188014,23,23.4,230,114,"2021-08-27 22:56:09",A203,9653f952-2137-469f-a020-618fd5744ff7
188024,26,22.3,199,86,"2021-08-27 23:13:19",A201,9653f952-2137-469f-a020-618fd5744ff7
188041,23,23.32,231,114,"2021-08-27 23:26:26",A203,9653f952-2137-469f-a020-618fd5744ff7
188051,26,22.2,201,86,"2021-08-27 23:43:40",A201,9653f952-2137-469f-a020-618fd5744ff7
188068,23,23.2,231,107,"2021-08-27 23:56:43",A203,9653f952-2137-469f-a020-618fd5744ff7
188078,26,22,200,86,"2021-08-28 00:14:01",A201,9653f952-2137-469f-a020-618fd5744ff7
188095,23,23.2,230,114,"2021-08-28 00:27:01",A203,9653f952-2137-469f-a020-618fd5744ff7
188104,26,21.9,200,86,"2021-08-28 00:44:22",A201,9653f952-2137-469f-a020-618fd5744ff7
188121,23,23,229,114,"2021-08-28 00:57:17",A203,9653f952-2137-469f-a020-618fd5744ff7
188130,26,21.7,199,86,"2021-08-28 01:14:43",A201,9653f952-2137-469f-a020-618fd5744ff7
188148,23,22.9,228,114,"2021-08-28 01:27:33",A203,9653f952-2137-469f-a020-618fd5744ff7
188157,26,21.6,199,86,"2021-08-28 01:45:03",A201,9653f952-2137-469f-a020-618fd5744ff7
188174,23,22.8,226,114,"2021-08-28 01:57:49",A203,9653f952-2137-469f-a020-618fd5744ff7
188183,26,21.5,198,86,"2021-08-28 02:15:22",A201,9653f952-2137-469f-a020-618fd5744ff7
188201,23,22.74,225,114,"2021-08-28 02:28:05",A203,9653f952-2137-469f-a020-618fd5744ff7
188210,26,21.4,199,86,"2021-08-28 02:45:43",A201,9653f952-2137-469f-a020-618fd5744ff7
188227,23,22.62,230,114,"2021-08-28 02:58:20",A203,9653f952-2137-469f-a020-618fd5744ff7
188235,26,21.2,198,86,"2021-08-28 03:16:04",A201,9653f952-2137-469f-a020-618fd5744ff7
188254,23,22.6,230,114,"2021-08-28 03:28:35",A203,9653f952-2137-469f-a020-618fd5744ff7
188262,26,21.1,198,86,"2021-08-28 03:46:28",A201,9653f952-2137-469f-a020-618fd5744ff7
188280,23,22.5,230,114,"2021-08-28 03:58:50",A203,9653f952-2137-469f-a020-618fd5744ff7
188288,26,21,198,86,"2021-08-28 04:16:42",A201,9653f952-2137-469f-a020-618fd5744ff7
188305,23,22.4,229,114,"2021-08-28 04:29:04",A203,9653f952-2137-469f-a020-618fd5744ff7
188313,26,20.9,195,93,"2021-08-28 04:47:02",A201,9653f952-2137-469f-a020-618fd5744ff7
188331,23,22.3,228,107,"2021-08-28 04:59:20",A203,9653f952-2137-469f-a020-618fd5744ff7
188339,26,20.72,194,93,"2021-08-28 05:17:24",A201,9653f952-2137-469f-a020-618fd5744ff7
188354,23,22.2,228,107,"2021-08-28 05:29:38",A203,9653f952-2137-469f-a020-618fd5744ff7
188364,26,20.7,195,93,"2021-08-28 05:47:45",A201,9653f952-2137-469f-a020-618fd5744ff7
188380,23,22.1,229,107,"2021-08-28 05:59:57",A203,9653f952-2137-469f-a020-618fd5744ff7
188391,26,20.7,195,93,"2021-08-28 06:18:08",A201,9653f952-2137-469f-a020-618fd5744ff7
188405,23,22.1,229,107,"2021-08-28 06:30:21",A203,9653f952-2137-469f-a020-618fd5744ff7
188416,26,20.8,193,100,"2021-08-28 06:48:32",A201,9653f952-2137-469f-a020-618fd5744ff7
188431,23,22,228,107,"2021-08-28 07:00:46",A203,9653f952-2137-469f-a020-618fd5744ff7
188441,26,21,196,100,"2021-08-28 07:18:59",A201,9653f952-2137-469f-a020-618fd5744ff7
188455,23,22,227,107,"2021-08-28 07:31:14",A203,9653f952-2137-469f-a020-618fd5744ff7
188467,26,21.4,196,100,"2021-08-28 07:49:24",A201,9653f952-2137-469f-a020-618fd5744ff7
188481,23,22,227,107,"2021-08-28 08:01:43",A203,9653f952-2137-469f-a020-618fd5744ff7
188492,26,21.8,197,100,"2021-08-28 08:19:50",A201,9653f952-2137-469f-a020-618fd5744ff7
188506,23,22.1,227,100,"2021-08-28 08:32:12",A203,9653f952-2137-469f-a020-618fd5744ff7
188518,26,22.2,197,100,"2021-08-28 08:50:20",A201,9653f952-2137-469f-a020-618fd5744ff7
188531,23,22.2,229,100,"2021-08-28 09:04:16",A203,9653f952-2137-469f-a020-618fd5744ff7
188543,26,22.8,198,100,"2021-08-28 09:20:49",A201,9653f952-2137-469f-a020-618fd5744ff7
188555,23,22.3,228,100,"2021-08-28 09:34:39",A203,9653f952-2137-469f-a020-618fd5744ff7
188567,26,23.3,197,100,"2021-08-28 09:51:17",A201,9653f952-2137-469f-a020-618fd5744ff7
188580,23,22.5,226,100,"2021-08-28 10:05:02",A203,9653f952-2137-469f-a020-618fd5744ff7
188592,26,23.8,198,100,"2021-08-28 10:21:46",A201,9653f952-2137-469f-a020-618fd5744ff7
188605,23,22.7,226,100,"2021-08-28 10:35:25",A203,9653f952-2137-469f-a020-618fd5744ff7
188640,26,24.6,196,100,"2021-08-28 11:22:45",A201,9653f952-2137-469f-a020-618fd5744ff7
188653,23,23.1,224,93,"2021-08-28 11:36:17",A203,9653f952-2137-469f-a020-618fd5744ff7
188665,26,24.9,197,100,"2021-08-28 11:53:18",A201,9653f952-2137-469f-a020-618fd5744ff7
188678,23,23.3,228,93,"2021-08-28 12:06:45",A203,9653f952-2137-469f-a020-618fd5744ff7
188689,26,25.3,198,100,"2021-08-28 12:23:48",A201,9653f952-2137-469f-a020-618fd5744ff7
188702,23,23.6,229,93,"2021-08-28 12:37:14",A203,9653f952-2137-469f-a020-618fd5744ff7
188712,26,25.6,195,100,"2021-08-28 12:54:22",A201,9653f952-2137-469f-a020-618fd5744ff7
188724,23,23.8,229,93,"2021-08-28 13:07:43",A203,9653f952-2137-469f-a020-618fd5744ff7
188736,26,25.9,195,93,"2021-08-28 13:24:56",A201,9653f952-2137-469f-a020-618fd5744ff7
188748,23,24,229,100,"2021-08-28 13:38:11",A203,9653f952-2137-469f-a020-618fd5744ff7
188760,26,26.1,197,100,"2021-08-28 13:55:23",A201,9653f952-2137-469f-a020-618fd5744ff7
188773,23,24.3,227,93,"2021-08-28 14:08:38",A203,9653f952-2137-469f-a020-618fd5744ff7
188785,26,26.2,196,93,"2021-08-28 14:25:55",A201,9653f952-2137-469f-a020-618fd5744ff7
188798,23,24.4,229,100,"2021-08-28 14:39:06",A203,9653f952-2137-469f-a020-618fd5744ff7
188810,26,26.2,196,86,"2021-08-28 14:56:25",A201,9653f952-2137-469f-a020-618fd5744ff7
188823,23,24.6,230,100,"2021-08-28 15:09:28",A203,9653f952-2137-469f-a020-618fd5744ff7
188836,26,26.1,193,86,"2021-08-28 15:26:55",A201,9653f952-2137-469f-a020-618fd5744ff7
188846,23,24.7,231,100,"2021-08-28 15:39:52",A203,9653f952-2137-469f-a020-618fd5744ff7
188859,26,26,195,86,"2021-08-28 15:57:23",A201,9653f952-2137-469f-a020-618fd5744ff7
188871,23,24.7,229,107,"2021-08-28 16:10:11",A203,9653f952-2137-469f-a020-618fd5744ff7
188884,26,25.9,195,86,"2021-08-28 16:27:52",A201,9653f952-2137-469f-a020-618fd5744ff7
188896,23,24.8,228,107,"2021-08-28 16:40:30",A203,9653f952-2137-469f-a020-618fd5744ff7
188910,26,25.7,194,86,"2021-08-28 16:58:18",A201,9653f952-2137-469f-a020-618fd5744ff7
188922,23,24.8,230,107,"2021-08-28 17:10:49",A203,9653f952-2137-469f-a020-618fd5744ff7
188935,26,25.5,192,86,"2021-08-28 17:28:41",A201,9653f952-2137-469f-a020-618fd5744ff7
188945,23,24.8,229,107,"2021-08-28 17:41:02",A203,9653f952-2137-469f-a020-618fd5744ff7
188975,23,24.6,229,107,"2021-08-28 19:11:43",A203,9653f952-2137-469f-a020-618fd5744ff7
188990,23,24.5,232,107,"2021-08-28 19:41:56",A203,9653f952-2137-469f-a020-618fd5744ff7
189001,26,24.4,191,86,"2021-08-28 20:00:42",A201,9653f952-2137-469f-a020-618fd5744ff7
189012,23,24.4,232,107,"2021-08-28 20:12:08",A203,9653f952-2137-469f-a020-618fd5744ff7
189026,26,24.3,191,86,"2021-08-28 20:31:02",A201,9653f952-2137-469f-a020-618fd5744ff7
189037,23,24.3,232,107,"2021-08-28 20:42:18",A203,9653f952-2137-469f-a020-618fd5744ff7
189050,26,24.1,191,86,"2021-08-28 21:01:27",A201,9653f952-2137-469f-a020-618fd5744ff7
189060,23,24.3,232,107,"2021-08-28 21:12:29",A203,9653f952-2137-469f-a020-618fd5744ff7
189074,26,23.9,192,86,"2021-08-28 21:31:49",A201,9653f952-2137-469f-a020-618fd5744ff7
189084,23,24.1,232,107,"2021-08-28 21:42:40",A203,9653f952-2137-469f-a020-618fd5744ff7
189100,26,23.7,191,86,"2021-08-28 22:02:10",A201,9653f952-2137-469f-a020-618fd5744ff7
189110,23,24.04,232,107,"2021-08-28 22:12:53",A203,9653f952-2137-469f-a020-618fd5744ff7
189126,26,23.58,191,86,"2021-08-28 22:32:34",A201,9653f952-2137-469f-a020-618fd5744ff7
189135,23,23.9,230,107,"2021-08-28 22:43:02",A203,9653f952-2137-469f-a020-618fd5744ff7
189159,23,23.9,230,114,"2021-08-28 23:13:10",A203,9653f952-2137-469f-a020-618fd5744ff7
189175,26,23.2,190,86,"2021-08-28 23:33:15",A201,9653f952-2137-469f-a020-618fd5744ff7
189183,23,23.7,228,114,"2021-08-28 23:43:19",A203,9653f952-2137-469f-a020-618fd5744ff7
189201,26,23.1,189,86,"2021-08-29 00:03:36",A201,9653f952-2137-469f-a020-618fd5744ff7
189209,23,23.7,229,114,"2021-08-29 00:13:27",A203,9653f952-2137-469f-a020-618fd5744ff7
189227,26,22.9,189,86,"2021-08-29 00:33:56",A201,9653f952-2137-469f-a020-618fd5744ff7
189235,23,23.6,229,114,"2021-08-29 00:43:33",A203,9653f952-2137-469f-a020-618fd5744ff7
189254,26,22.8,188,86,"2021-08-29 01:04:17",A201,9653f952-2137-469f-a020-618fd5744ff7
189261,23,23.5,230,114,"2021-08-29 01:13:40",A203,9653f952-2137-469f-a020-618fd5744ff7
189280,26,22.6,187,86,"2021-08-29 01:34:37",A201,9653f952-2137-469f-a020-618fd5744ff7
189288,23,23.4,231,114,"2021-08-29 01:43:48",A203,9653f952-2137-469f-a020-618fd5744ff7
189306,26,22.5,186,86,"2021-08-29 02:04:58",A201,9653f952-2137-469f-a020-618fd5744ff7
189312,23,23.3,232,114,"2021-08-29 02:13:54",A203,9653f952-2137-469f-a020-618fd5744ff7
189332,26,22.4,188,86,"2021-08-29 02:35:17",A201,9653f952-2137-469f-a020-618fd5744ff7
189337,23,23.2,231,114,"2021-08-29 02:44:00",A203,9653f952-2137-469f-a020-618fd5744ff7
189358,26,22.2,188,86,"2021-08-29 03:05:38",A201,9653f952-2137-469f-a020-618fd5744ff7
189364,23,23.1,230,114,"2021-08-29 03:14:06",A203,9653f952-2137-469f-a020-618fd5744ff7
189383,26,22.1,188,86,"2021-08-29 03:35:57",A201,9653f952-2137-469f-a020-618fd5744ff7
189389,23,23,229,114,"2021-08-29 03:44:12",A203,9653f952-2137-469f-a020-618fd5744ff7
189409,26,21.9,186,86,"2021-08-29 04:06:17",A201,9653f952-2137-469f-a020-618fd5744ff7
189415,23,22.9,230,114,"2021-08-29 04:14:17",A203,9653f952-2137-469f-a020-618fd5744ff7
189433,26,21.8,184,86,"2021-08-29 04:36:37",A201,9653f952-2137-469f-a020-618fd5744ff7
189439,23,22.8,228,107,"2021-08-29 04:44:24",A203,9653f952-2137-469f-a020-618fd5744ff7
189459,26,21.7,187,93,"2021-08-29 05:06:57",A201,9653f952-2137-469f-a020-618fd5744ff7
189464,23,22.7,228,107,"2021-08-29 05:14:32",A203,9653f952-2137-469f-a020-618fd5744ff7
189485,26,21.6,185,93,"2021-08-29 05:37:20",A201,9653f952-2137-469f-a020-618fd5744ff7
189489,23,22.6,228,107,"2021-08-29 05:44:42",A203,9653f952-2137-469f-a020-618fd5744ff7
189510,26,21.6,186,93,"2021-08-29 06:07:43",A201,9653f952-2137-469f-a020-618fd5744ff7
189513,23,22.5,230,107,"2021-08-29 06:14:57",A203,9653f952-2137-469f-a020-618fd5744ff7
189535,26,21.7,186,93,"2021-08-29 06:38:06",A201,9653f952-2137-469f-a020-618fd5744ff7
189537,23,22.42,230,107,"2021-08-29 06:45:11",A203,9653f952-2137-469f-a020-618fd5744ff7
189557,26,21.8,184,100,"2021-08-29 07:08:32",A201,9653f952-2137-469f-a020-618fd5744ff7
189559,23,22.4,229,107,"2021-08-29 07:15:30",A203,9653f952-2137-469f-a020-618fd5744ff7
189579,25,22.1,185,100,"2021-08-29 07:39:01",A201,9653f952-2137-469f-a020-618fd5744ff7
189582,23,22.4,230,100,"2021-08-29 07:45:51",A203,9653f952-2137-469f-a020-618fd5744ff7
189604,25,22.4,187,100,"2021-08-29 08:09:28",A201,9653f952-2137-469f-a020-618fd5744ff7
189606,23,22.42,228,100,"2021-08-29 08:16:11",A203,9653f952-2137-469f-a020-618fd5744ff7
189626,25,22.9,186,100,"2021-08-29 08:39:58",A201,9653f952-2137-469f-a020-618fd5744ff7
189628,23,22.5,229,100,"2021-08-29 08:46:35",A203,9653f952-2137-469f-a020-618fd5744ff7
189650,25,23.3,186,100,"2021-08-29 09:12:20",A201,9653f952-2137-469f-a020-618fd5744ff7
189652,23,22.64,229,100,"2021-08-29 09:17:03",A203,9653f952-2137-469f-a020-618fd5744ff7
189670,25,23.8,186,100,"2021-08-29 09:42:46",A201,9653f952-2137-469f-a020-618fd5744ff7
189673,23,22.8,227,100,"2021-08-29 09:47:25",A203,9653f952-2137-469f-a020-618fd5744ff7
189695,25,24.3,185,100,"2021-08-29 10:13:06",A201,9653f952-2137-469f-a020-618fd5744ff7
189698,23,23,225,93,"2021-08-29 10:17:52",A203,9653f952-2137-469f-a020-618fd5744ff7
189717,25,24.8,187,100,"2021-08-29 10:43:31",A201,9653f952-2137-469f-a020-618fd5744ff7
189721,23,23.2,228,100,"2021-08-29 10:48:17",A203,9653f952-2137-469f-a020-618fd5744ff7
189741,23,23.4,230,93,"2021-08-29 11:18:44",A203,9653f952-2137-469f-a020-618fd5744ff7
189761,25,25.5,186,100,"2021-08-29 11:44:19",A201,9653f952-2137-469f-a020-618fd5744ff7
189765,23,23.7,230,93,"2021-08-29 11:49:12",A203,9653f952-2137-469f-a020-618fd5744ff7
189787,25,25.8,185,100,"2021-08-29 12:14:43",A201,9653f952-2137-469f-a020-618fd5744ff7
189790,23,23.9,229,100,"2021-08-29 12:19:38",A203,9653f952-2137-469f-a020-618fd5744ff7
189810,25,26.1,185,100,"2021-08-29 12:45:06",A201,9653f952-2137-469f-a020-618fd5744ff7
189813,23,24.1,228,93,"2021-08-29 12:50:06",A203,9653f952-2137-469f-a020-618fd5744ff7
189835,25,26.2,186,100,"2021-08-29 13:15:30",A201,9653f952-2137-469f-a020-618fd5744ff7
189838,23,24.2,229,93,"2021-08-29 13:20:33",A203,9653f952-2137-469f-a020-618fd5744ff7
189858,27,26.4,236,100,"2021-08-29 13:45:49",A201,9653f952-2137-469f-a020-618fd5744ff7
189861,23,24.4,230,100,"2021-08-29 13:51:01",A203,9653f952-2137-469f-a020-618fd5744ff7
189882,28,26.3,229,93,"2021-08-29 14:16:10",A201,9653f952-2137-469f-a020-618fd5744ff7
189886,23,24.5,230,100,"2021-08-29 14:21:24",A203,9653f952-2137-469f-a020-618fd5744ff7
189908,28,26.2,230,86,"2021-08-29 14:46:31",A201,9653f952-2137-469f-a020-618fd5744ff7
189912,23,24.6,231,100,"2021-08-29 14:51:49",A203,9653f952-2137-469f-a020-618fd5744ff7
189935,28,26,227,86,"2021-08-29 15:16:51",A201,9653f952-2137-469f-a020-618fd5744ff7
189939,23,24.7,229,100,"2021-08-29 15:22:09",A203,9653f952-2137-469f-a020-618fd5744ff7
189960,28,25.8,227,86,"2021-08-29 15:47:11",A201,9653f952-2137-469f-a020-618fd5744ff7
189964,23,24.8,231,100,"2021-08-29 15:52:31",A203,9653f952-2137-469f-a020-618fd5744ff7
189985,28,25.6,226,86,"2021-08-29 16:17:32",A201,9653f952-2137-469f-a020-618fd5744ff7
189988,23,24.8,228,107,"2021-08-29 16:22:51",A203,9653f952-2137-469f-a020-618fd5744ff7
190010,28,25.3,224,86,"2021-08-29 16:47:51",A201,9653f952-2137-469f-a020-618fd5744ff7
190014,23,24.8,227,107,"2021-08-29 16:53:08",A203,9653f952-2137-469f-a020-618fd5744ff7
190036,27,25.1,222,86,"2021-08-29 17:18:09",A201,9653f952-2137-469f-a020-618fd5744ff7
190040,23,24.8,227,107,"2021-08-29 17:23:26",A203,9653f952-2137-469f-a020-618fd5744ff7
190058,27,24.9,222,86,"2021-08-29 17:48:27",A201,9653f952-2137-469f-a020-618fd5744ff7
190075,27,24.8,220,86,"2021-08-29 18:18:43",A201,9653f952-2137-469f-a020-618fd5744ff7
190089,27,24.6,218,86,"2021-08-29 18:49:02",A201,9653f952-2137-469f-a020-618fd5744ff7
190092,23,24.7,227,107,"2021-08-29 18:54:14",A203,9653f952-2137-469f-a020-618fd5744ff7
190106,23,24.7,229,107,"2021-08-29 19:24:28",A203,9653f952-2137-469f-a020-618fd5744ff7
190127,27,24.3,216,86,"2021-08-29 19:49:33",A201,9653f952-2137-469f-a020-618fd5744ff7
190131,23,24.6,231,107,"2021-08-29 19:54:41",A203,9653f952-2137-469f-a020-618fd5744ff7
190152,27,24.2,215,86,"2021-08-29 20:19:49",A201,9653f952-2137-469f-a020-618fd5744ff7
190156,23,24.5,230,107,"2021-08-29 20:24:54",A203,9653f952-2137-469f-a020-618fd5744ff7
190180,27,24,214,86,"2021-08-29 20:50:06",A201,9653f952-2137-469f-a020-618fd5744ff7
190183,23,24.5,233,107,"2021-08-29 20:55:07",A203,9653f952-2137-469f-a020-618fd5744ff7
190206,27,23.9,214,86,"2021-08-29 21:20:23",A201,9653f952-2137-469f-a020-618fd5744ff7
190209,23,24.4,231,107,"2021-08-29 21:25:19",A203,9653f952-2137-469f-a020-618fd5744ff7
190231,27,23.8,214,86,"2021-08-29 21:50:37",A201,9653f952-2137-469f-a020-618fd5744ff7
190233,23,24.3,232,107,"2021-08-29 21:55:33",A203,9653f952-2137-469f-a020-618fd5744ff7
190256,27,23.6,209,86,"2021-08-29 22:20:53",A201,9653f952-2137-469f-a020-618fd5744ff7
190258,23,24.3,233,107,"2021-08-29 22:25:44",A203,9653f952-2137-469f-a020-618fd5744ff7
190281,27,23.5,211,86,"2021-08-29 22:51:08",A201,9653f952-2137-469f-a020-618fd5744ff7
190283,23,24.2,233,107,"2021-08-29 22:55:54",A203,9653f952-2137-469f-a020-618fd5744ff7
190305,27,23.4,210,86,"2021-08-29 23:21:24",A201,9653f952-2137-469f-a020-618fd5744ff7
190308,23,24.1,232,107,"2021-08-29 23:26:08",A203,9653f952-2137-469f-a020-618fd5744ff7
190331,27,23.3,211,86,"2021-08-29 23:51:39",A201,9653f952-2137-469f-a020-618fd5744ff7
190357,27,23.2,210,86,"2021-08-30 00:21:53",A201,9653f952-2137-469f-a020-618fd5744ff7
190360,23,24,232,107,"2021-08-30 00:26:30",A203,9653f952-2137-469f-a020-618fd5744ff7
190383,27,23.1,208,86,"2021-08-30 00:52:10",A201,9653f952-2137-469f-a020-618fd5744ff7
190386,23,23.9,231,107,"2021-08-30 00:56:42",A203,9653f952-2137-469f-a020-618fd5744ff7
190409,27,23,208,86,"2021-08-30 01:22:24",A201,9653f952-2137-469f-a020-618fd5744ff7
190412,23,23.8,229,107,"2021-08-30 01:26:53",A203,9653f952-2137-469f-a020-618fd5744ff7
190436,27,22.9,208,86,"2021-08-30 01:52:38",A201,9653f952-2137-469f-a020-618fd5744ff7
190439,23,23.8,231,107,"2021-08-30 01:57:03",A203,9653f952-2137-469f-a020-618fd5744ff7
190463,27,22.8,208,86,"2021-08-30 02:22:55",A201,9653f952-2137-469f-a020-618fd5744ff7
190466,23,23.7,230,107,"2021-08-30 02:27:13",A203,9653f952-2137-469f-a020-618fd5744ff7
190488,27,22.7,208,86,"2021-08-30 02:53:09",A201,9653f952-2137-469f-a020-618fd5744ff7
190491,23,23.6,229,107,"2021-08-30 02:57:23",A203,9653f952-2137-469f-a020-618fd5744ff7
190513,27,22.6,207,86,"2021-08-30 03:23:23",A201,9653f952-2137-469f-a020-618fd5744ff7
190515,23,23.6,230,107,"2021-08-30 03:27:35",A203,9653f952-2137-469f-a020-618fd5744ff7
190538,27,22.5,205,86,"2021-08-30 03:53:35",A201,9653f952-2137-469f-a020-618fd5744ff7
190541,23,23.5,231,107,"2021-08-30 03:57:39",A203,9653f952-2137-469f-a020-618fd5744ff7
190565,27,22.4,205,86,"2021-08-30 04:23:53",A201,9653f952-2137-469f-a020-618fd5744ff7
190568,23,23.4,231,107,"2021-08-30 04:27:49",A203,9653f952-2137-469f-a020-618fd5744ff7
190590,27,22.3,205,86,"2021-08-30 04:54:04",A201,9653f952-2137-469f-a020-618fd5744ff7
190593,23,23.4,231,107,"2021-08-30 04:57:59",A203,9653f952-2137-469f-a020-618fd5744ff7
190616,27,22.2,204,93,"2021-08-30 05:24:19",A201,9653f952-2137-469f-a020-618fd5744ff7
190619,23,23.3,232,107,"2021-08-30 05:28:10",A203,9653f952-2137-469f-a020-618fd5744ff7
190643,27,22.2,205,93,"2021-08-30 05:54:34",A201,9653f952-2137-469f-a020-618fd5744ff7
190646,23,23.2,230,107,"2021-08-30 05:58:24",A203,9653f952-2137-469f-a020-618fd5744ff7
190669,27,22.2,205,93,"2021-08-30 06:24:52",A201,9653f952-2137-469f-a020-618fd5744ff7
190672,23,23.2,231,107,"2021-08-30 06:28:39",A203,9653f952-2137-469f-a020-618fd5744ff7
190694,27,22.3,204,93,"2021-08-30 06:55:11",A201,9653f952-2137-469f-a020-618fd5744ff7
190698,23,23.2,231,107,"2021-08-30 06:58:55",A203,9653f952-2137-469f-a020-618fd5744ff7
190720,27,22.5,202,93,"2021-08-30 07:25:28",A201,9653f952-2137-469f-a020-618fd5744ff7
190723,23,23.2,231,107,"2021-08-30 07:29:15",A203,9653f952-2137-469f-a020-618fd5744ff7
190744,27,22.7,204,100,"2021-08-30 07:55:48",A201,9653f952-2137-469f-a020-618fd5744ff7
190748,23,23.2,231,100,"2021-08-30 07:59:34",A203,9653f952-2137-469f-a020-618fd5744ff7
190769,27,23,204,100,"2021-08-30 08:26:09",A201,9653f952-2137-469f-a020-618fd5744ff7
190774,23,23.2,230,100,"2021-08-30 08:29:57",A203,9653f952-2137-469f-a020-618fd5744ff7
190792,27,23.4,204,100,"2021-08-30 08:56:30",A201,9653f952-2137-469f-a020-618fd5744ff7
190797,23,23.3,230,100,"2021-08-30 09:00:22",A203,9653f952-2137-469f-a020-618fd5744ff7
190819,27,23.8,205,100,"2021-08-30 09:26:53",A201,9653f952-2137-469f-a020-618fd5744ff7
190823,23,23.4,230,100,"2021-08-30 09:30:45",A203,9653f952-2137-469f-a020-618fd5744ff7
190845,27,24.2,204,100,"2021-08-30 09:57:14",A201,9653f952-2137-469f-a020-618fd5744ff7
190850,23,23.6,230,100,"2021-08-30 10:01:10",A203,9653f952-2137-469f-a020-618fd5744ff7
190868,27,24.5,204,100,"2021-08-30 10:27:34",A201,9653f952-2137-469f-a020-618fd5744ff7
190872,23,23.8,228,100,"2021-08-30 10:31:35",A203,9653f952-2137-469f-a020-618fd5744ff7
190892,27,24.7,204,100,"2021-08-30 10:57:55",A201,9653f952-2137-469f-a020-618fd5744ff7
190897,23,23.9,228,100,"2021-08-30 11:01:56",A203,9653f952-2137-469f-a020-618fd5744ff7
190915,26,24.9,203,100,"2021-08-30 11:28:17",A201,9653f952-2137-469f-a020-618fd5744ff7
190920,23,24.1,229,100,"2021-08-30 11:34:04",A203,9653f952-2137-469f-a020-618fd5744ff7
190939,26,25,201,100,"2021-08-30 11:58:40",A201,9653f952-2137-469f-a020-618fd5744ff7
190944,23,24.3,230,100,"2021-08-30 12:04:28",A203,9653f952-2137-469f-a020-618fd5744ff7
190964,26,25.2,202,100,"2021-08-30 12:29:01",A201,9653f952-2137-469f-a020-618fd5744ff7
190969,23,24.4,232,100,"2021-08-30 12:34:53",A203,9653f952-2137-469f-a020-618fd5744ff7
190990,26,25.4,203,100,"2021-08-30 12:59:24",A201,9653f952-2137-469f-a020-618fd5744ff7
190994,23,24.6,231,100,"2021-08-30 13:05:16",A203,9653f952-2137-469f-a020-618fd5744ff7
191013,26,25.5,203,100,"2021-08-30 13:29:44",A201,9653f952-2137-469f-a020-618fd5744ff7
191018,23,24.7,230,107,"2021-08-30 13:35:32",A203,9653f952-2137-469f-a020-618fd5744ff7
191037,26,25.5,202,86,"2021-08-30 14:00:03",A201,9653f952-2137-469f-a020-618fd5744ff7
191042,23,24.8,226,107,"2021-08-30 14:05:49",A203,9653f952-2137-469f-a020-618fd5744ff7
191062,26,25.4,201,86,"2021-08-30 14:30:19",A201,9653f952-2137-469f-a020-618fd5744ff7
191067,23,24.8,226,107,"2021-08-30 14:36:00",A203,9653f952-2137-469f-a020-618fd5744ff7
191089,26,25.3,201,86,"2021-08-30 15:00:37",A201,9653f952-2137-469f-a020-618fd5744ff7
191091,22,24.1,132,86,"2021-08-30 15:02:40",A202,9653f952-2137-469f-a020-618fd5744ff7
191095,23,24.8,227,107,"2021-08-30 15:06:13",A203,9653f952-2137-469f-a020-618fd5744ff7
191119,26,25.1,198,86,"2021-08-30 15:30:54",A201,9653f952-2137-469f-a020-618fd5744ff7
191122,22,24,133,86,"2021-08-30 15:34:13",A202,9653f952-2137-469f-a020-618fd5744ff7
191125,23,24.8,225,107,"2021-08-30 15:36:29",A203,9653f952-2137-469f-a020-618fd5744ff7
191147,26,25,200,86,"2021-08-30 16:01:13",A201,9653f952-2137-469f-a020-618fd5744ff7
191150,22,23.9,132,86,"2021-08-30 16:04:37",A202,9653f952-2137-469f-a020-618fd5744ff7
191152,23,24.8,226,107,"2021-08-30 16:06:40",A203,9653f952-2137-469f-a020-618fd5744ff7
191174,26,24.8,198,86,"2021-08-30 16:31:27",A201,9653f952-2137-469f-a020-618fd5744ff7
191177,22,23.8,132,86,"2021-08-30 16:35:01",A202,9653f952-2137-469f-a020-618fd5744ff7
191180,23,24.7,231,107,"2021-08-30 16:36:58",A203,9653f952-2137-469f-a020-618fd5744ff7
191200,26,24.7,200,86,"2021-08-30 17:01:46",A201,9653f952-2137-469f-a020-618fd5744ff7
191202,22,23.7,132,86,"2021-08-30 17:05:24",A202,9653f952-2137-469f-a020-618fd5744ff7
191203,23,24.7,225,107,"2021-08-30 17:07:05",A203,9653f952-2137-469f-a020-618fd5744ff7
191221,22,23.6,132,86,"2021-08-30 17:35:46",A202,9653f952-2137-469f-a020-618fd5744ff7
191249,26,24.1,197,86,"2021-08-30 19:02:51",A201,9653f952-2137-469f-a020-618fd5744ff7
191251,22,23.4,134,86,"2021-08-30 19:06:56",A202,9653f952-2137-469f-a020-618fd5744ff7
191252,23,24.6,225,107,"2021-08-30 19:07:54",A203,9653f952-2137-469f-a020-618fd5744ff7
191267,26,23.9,197,86,"2021-08-30 19:33:06",A201,9653f952-2137-469f-a020-618fd5744ff7
191272,22,23.4,133,86,"2021-08-30 19:37:21",A202,9653f952-2137-469f-a020-618fd5744ff7
191273,23,24.6,229,107,"2021-08-30 19:38:07",A203,9653f952-2137-469f-a020-618fd5744ff7
191296,26,23.8,197,86,"2021-08-30 20:03:22",A201,9653f952-2137-469f-a020-618fd5744ff7
191301,22,23.3,133,86,"2021-08-30 20:07:42",A202,9653f952-2137-469f-a020-618fd5744ff7
191302,23,24.5,232,107,"2021-08-30 20:08:19",A203,9653f952-2137-469f-a020-618fd5744ff7
191324,26,23.7,196,86,"2021-08-30 20:33:38",A201,9653f952-2137-469f-a020-618fd5744ff7
191328,22,23.3,133,86,"2021-08-30 20:38:04",A202,9653f952-2137-469f-a020-618fd5744ff7
191329,23,24.5,231,107,"2021-08-30 20:38:29",A203,9653f952-2137-469f-a020-618fd5744ff7
191349,26,23.6,196,86,"2021-08-30 21:03:53",A201,9653f952-2137-469f-a020-618fd5744ff7
191354,22,23.2,133,86,"2021-08-30 21:08:22",A202,9653f952-2137-469f-a020-618fd5744ff7
191355,23,24.4,232,107,"2021-08-30 21:08:37",A203,9653f952-2137-469f-a020-618fd5744ff7
191377,26,23.5,194,86,"2021-08-30 21:34:07",A201,9653f952-2137-469f-a020-618fd5744ff7
191383,22,23.1,133,86,"2021-08-30 21:38:43",A202,9653f952-2137-469f-a020-618fd5744ff7
191384,23,24.3,232,107,"2021-08-30 21:38:47",A203,9653f952-2137-469f-a020-618fd5744ff7
191403,26,23.4,195,86,"2021-08-30 22:04:24",A201,9653f952-2137-469f-a020-618fd5744ff7
191409,23,24.3,232,107,"2021-08-30 22:08:57",A203,9653f952-2137-469f-a020-618fd5744ff7
191410,22,23.1,132,86,"2021-08-30 22:09:03",A202,9653f952-2137-469f-a020-618fd5744ff7
191429,26,23.3,195,86,"2021-08-30 22:34:38",A201,9653f952-2137-469f-a020-618fd5744ff7
191435,23,24.2,232,107,"2021-08-30 22:39:07",A203,9653f952-2137-469f-a020-618fd5744ff7
191437,22,23,133,86,"2021-08-30 22:39:26",A202,9653f952-2137-469f-a020-618fd5744ff7
191457,26,23.2,196,86,"2021-08-30 23:04:53",A201,9653f952-2137-469f-a020-618fd5744ff7
191463,23,24.2,233,107,"2021-08-30 23:09:15",A203,9653f952-2137-469f-a020-618fd5744ff7
191465,22,22.9,132,86,"2021-08-30 23:09:42",A202,9653f952-2137-469f-a020-618fd5744ff7
191484,26,23.1,195,86,"2021-08-30 23:35:08",A201,9653f952-2137-469f-a020-618fd5744ff7
191490,23,24.1,232,107,"2021-08-30 23:39:24",A203,9653f952-2137-469f-a020-618fd5744ff7
191492,22,22.9,131,86,"2021-08-30 23:40:03",A202,9653f952-2137-469f-a020-618fd5744ff7
191512,26,23,194,86,"2021-08-31 00:05:22",A201,9653f952-2137-469f-a020-618fd5744ff7
191517,23,24.1,233,107,"2021-08-31 00:09:33",A203,9653f952-2137-469f-a020-618fd5744ff7
191520,22,22.8,131,86,"2021-08-31 00:10:22",A202,9653f952-2137-469f-a020-618fd5744ff7
191541,26,22.9,193,86,"2021-08-31 00:35:38",A201,9653f952-2137-469f-a020-618fd5744ff7
191547,23,24,233,107,"2021-08-31 00:39:42",A203,9653f952-2137-469f-a020-618fd5744ff7
191550,22,22.8,131,86,"2021-08-31 00:40:42",A202,9653f952-2137-469f-a020-618fd5744ff7
191571,26,22.8,192,86,"2021-08-31 01:05:51",A201,9653f952-2137-469f-a020-618fd5744ff7
191577,23,23.9,232,107,"2021-08-31 01:09:50",A203,9653f952-2137-469f-a020-618fd5744ff7
191580,22,22.7,132,86,"2021-08-31 01:11:01",A202,9653f952-2137-469f-a020-618fd5744ff7
191601,26,22.8,194,86,"2021-08-31 01:36:07",A201,9653f952-2137-469f-a020-618fd5744ff7
191608,23,23.9,231,107,"2021-08-31 01:39:59",A203,9653f952-2137-469f-a020-618fd5744ff7
191610,22,22.6,132,86,"2021-08-31 01:41:22",A202,9653f952-2137-469f-a020-618fd5744ff7
191631,26,22.7,193,86,"2021-08-31 02:06:21",A201,9653f952-2137-469f-a020-618fd5744ff7
191637,23,23.8,231,107,"2021-08-31 02:10:07",A203,9653f952-2137-469f-a020-618fd5744ff7
191640,22,22.6,132,86,"2021-08-31 02:11:41",A202,9653f952-2137-469f-a020-618fd5744ff7
191662,26,22.6,194,86,"2021-08-31 02:36:37",A201,9653f952-2137-469f-a020-618fd5744ff7
191668,23,23.7,231,107,"2021-08-31 02:40:17",A203,9653f952-2137-469f-a020-618fd5744ff7
191671,22,22.5,132,86,"2021-08-31 02:42:01",A202,9653f952-2137-469f-a020-618fd5744ff7
191690,26,22.5,194,86,"2021-08-31 03:06:49",A201,9653f952-2137-469f-a020-618fd5744ff7
191697,23,23.7,230,107,"2021-08-31 03:10:25",A203,9653f952-2137-469f-a020-618fd5744ff7
191700,22,22.5,133,86,"2021-08-31 03:12:22",A202,9653f952-2137-469f-a020-618fd5744ff7
191720,26,22.5,193,86,"2021-08-31 03:37:04",A201,9653f952-2137-469f-a020-618fd5744ff7
191727,23,23.6,232,107,"2021-08-31 03:40:33",A203,9653f952-2137-469f-a020-618fd5744ff7
191730,22,22.4,132,86,"2021-08-31 03:42:40",A202,9653f952-2137-469f-a020-618fd5744ff7
191747,26,22.4,193,86,"2021-08-31 04:07:20",A201,9653f952-2137-469f-a020-618fd5744ff7
191754,23,23.5,231,107,"2021-08-31 04:10:42",A203,9653f952-2137-469f-a020-618fd5744ff7
191757,22,22.4,133,86,"2021-08-31 04:13:00",A202,9653f952-2137-469f-a020-618fd5744ff7
191774,26,22.3,192,86,"2021-08-31 04:37:33",A201,9653f952-2137-469f-a020-618fd5744ff7
191781,23,23.5,230,107,"2021-08-31 04:40:50",A203,9653f952-2137-469f-a020-618fd5744ff7
191784,22,22.3,133,86,"2021-08-31 04:43:18",A202,9653f952-2137-469f-a020-618fd5744ff7
191802,26,22.3,191,86,"2021-08-31 05:07:48",A201,9653f952-2137-469f-a020-618fd5744ff7
191809,23,23.4,230,107,"2021-08-31 05:10:59",A203,9653f952-2137-469f-a020-618fd5744ff7
191812,22,22.3,132,86,"2021-08-31 05:13:38",A202,9653f952-2137-469f-a020-618fd5744ff7
191829,26,22.2,192,86,"2021-08-31 05:38:03",A201,9653f952-2137-469f-a020-618fd5744ff7
191834,23,23.4,231,107,"2021-08-31 05:41:09",A203,9653f952-2137-469f-a020-618fd5744ff7
191838,22,22.3,133,86,"2021-08-31 05:43:59",A202,9653f952-2137-469f-a020-618fd5744ff7
191858,26,22.2,190,93,"2021-08-31 06:08:18",A201,9653f952-2137-469f-a020-618fd5744ff7
191866,22,22.2,133,93,"2021-08-31 06:14:20",A202,9653f952-2137-469f-a020-618fd5744ff7
191887,26,22.2,191,93,"2021-08-31 06:38:34",A201,9653f952-2137-469f-a020-618fd5744ff7
191894,23,23.3,231,107,"2021-08-31 06:41:31",A203,9653f952-2137-469f-a020-618fd5744ff7
191898,22,22.2,132,93,"2021-08-31 06:44:45",A202,9653f952-2137-469f-a020-618fd5744ff7
191917,26,22.3,192,93,"2021-08-31 07:08:52",A201,9653f952-2137-469f-a020-618fd5744ff7
191922,23,23.2,231,107,"2021-08-31 07:11:48",A203,9653f952-2137-469f-a020-618fd5744ff7
191927,22,22.3,132,93,"2021-08-31 07:15:10",A202,9653f952-2137-469f-a020-618fd5744ff7
191949,26,22.5,192,100,"2021-08-31 07:39:10",A201,9653f952-2137-469f-a020-618fd5744ff7
191953,23,23.2,231,107,"2021-08-31 07:42:06",A203,9653f952-2137-469f-a020-618fd5744ff7
191958,22,22.5,132,93,"2021-08-31 07:45:38",A202,9653f952-2137-469f-a020-618fd5744ff7
191979,26,22.8,191,100,"2021-08-31 08:09:29",A201,9653f952-2137-469f-a020-618fd5744ff7
191981,23,23.2,231,100,"2021-08-31 08:12:23",A203,9653f952-2137-469f-a020-618fd5744ff7
191988,22,22.7,132,100,"2021-08-31 08:16:08",A202,9653f952-2137-469f-a020-618fd5744ff7
192009,26,23.2,191,100,"2021-08-31 08:39:51",A201,9653f952-2137-469f-a020-618fd5744ff7
192012,23,23.3,230,100,"2021-08-31 08:42:44",A203,9653f952-2137-469f-a020-618fd5744ff7
192019,22,23.1,130,100,"2021-08-31 08:46:37",A202,9653f952-2137-469f-a020-618fd5744ff7
192040,26,23.6,192,100,"2021-08-31 09:10:11",A201,9653f952-2137-469f-a020-618fd5744ff7
192043,23,23.4,231,100,"2021-08-31 09:13:04",A203,9653f952-2137-469f-a020-618fd5744ff7
192050,22,23.6,132,100,"2021-08-31 09:17:09",A202,9653f952-2137-469f-a020-618fd5744ff7
192070,26,24,192,100,"2021-08-31 09:40:32",A201,9653f952-2137-469f-a020-618fd5744ff7
192073,23,23.5,231,100,"2021-08-31 09:43:28",A203,9653f952-2137-469f-a020-618fd5744ff7
192081,22,24.1,132,100,"2021-08-31 09:47:40",A202,9653f952-2137-469f-a020-618fd5744ff7
192101,26,24.4,189,100,"2021-08-31 10:10:53",A201,9653f952-2137-469f-a020-618fd5744ff7
192104,23,23.7,228,100,"2021-08-31 10:13:50",A203,9653f952-2137-469f-a020-618fd5744ff7
192112,22,24.7,129,100,"2021-08-31 10:18:12",A202,9653f952-2137-469f-a020-618fd5744ff7
192132,26,24.8,191,100,"2021-08-31 10:41:17",A201,9653f952-2137-469f-a020-618fd5744ff7
192135,23,23.9,229,100,"2021-08-31 10:44:11",A203,9653f952-2137-469f-a020-618fd5744ff7
192142,22,25.38,132,100,"2021-08-31 10:48:45",A202,9653f952-2137-469f-a020-618fd5744ff7
192161,26,25,193,100,"2021-08-31 11:11:37",A201,9653f952-2137-469f-a020-618fd5744ff7
192163,23,24.08,230,93,"2021-08-31 11:14:37",A203,9653f952-2137-469f-a020-618fd5744ff7
192170,22,26,132,100,"2021-08-31 11:19:20",A202,9653f952-2137-469f-a020-618fd5744ff7
192190,26,25.3,193,100,"2021-08-31 11:44:00",A201,9653f952-2137-469f-a020-618fd5744ff7
192193,23,24.2,231,100,"2021-08-31 11:45:00",A203,9653f952-2137-469f-a020-618fd5744ff7
192199,22,26.5,132,100,"2021-08-31 11:49:54",A202,9653f952-2137-469f-a020-618fd5744ff7
192217,26,25.5,191,100,"2021-08-31 12:14:22",A201,9653f952-2137-469f-a020-618fd5744ff7
192220,23,24.4,232,107,"2021-08-31 12:15:18",A203,9653f952-2137-469f-a020-618fd5744ff7
192228,22,26.9,132,100,"2021-08-31 12:20:23",A202,9653f952-2137-469f-a020-618fd5744ff7
192247,26,25.7,192,100,"2021-08-31 12:44:40",A201,9653f952-2137-469f-a020-618fd5744ff7
192250,23,24.6,230,107,"2021-08-31 12:45:42",A203,9653f952-2137-469f-a020-618fd5744ff7
192258,22,27.1,133,93,"2021-08-31 12:50:51",A202,9653f952-2137-469f-a020-618fd5744ff7
192275,26,25.7,190,100,"2021-08-31 13:14:58",A201,9653f952-2137-469f-a020-618fd5744ff7
192277,23,24.7,229,107,"2021-08-31 13:15:52",A203,9653f952-2137-469f-a020-618fd5744ff7
192285,22,27,133,100,"2021-08-31 13:21:18",A202,9653f952-2137-469f-a020-618fd5744ff7
192307,26,25.68,191,100,"2021-08-31 13:45:18",A201,9653f952-2137-469f-a020-618fd5744ff7
192309,23,24.8,226,107,"2021-08-31 13:46:07",A203,9653f952-2137-469f-a020-618fd5744ff7
192317,22,26.8,134,93,"2021-08-31 13:51:46",A202,9653f952-2137-469f-a020-618fd5744ff7
192337,26,25.6,191,93,"2021-08-31 14:15:36",A201,9653f952-2137-469f-a020-618fd5744ff7
192338,23,24.9,228,107,"2021-08-31 14:16:22",A203,9653f952-2137-469f-a020-618fd5744ff7
192347,22,26.5,134,93,"2021-08-31 14:22:11",A202,9653f952-2137-469f-a020-618fd5744ff7
192367,26,25.5,190,93,"2021-08-31 14:45:53",A201,9653f952-2137-469f-a020-618fd5744ff7
192368,23,24.9,226,107,"2021-08-31 14:46:35",A203,9653f952-2137-469f-a020-618fd5744ff7
192375,22,26.2,135,86,"2021-08-31 14:52:36",A202,9653f952-2137-469f-a020-618fd5744ff7
192394,26,25.3,189,86,"2021-08-31 15:16:09",A201,9653f952-2137-469f-a020-618fd5744ff7
192395,23,24.9,230,107,"2021-08-31 15:16:50",A203,9653f952-2137-469f-a020-618fd5744ff7
192404,22,25.9,135,86,"2021-08-31 15:23:00",A202,9653f952-2137-469f-a020-618fd5744ff7
192424,26,25.2,188,86,"2021-08-31 15:46:26",A201,9653f952-2137-469f-a020-618fd5744ff7
192425,23,25,231,107,"2021-08-31 15:47:01",A203,9653f952-2137-469f-a020-618fd5744ff7
192433,22,25.7,135,86,"2021-08-31 15:53:24",A202,9653f952-2137-469f-a020-618fd5744ff7
192453,26,25,190,86,"2021-08-31 16:16:43",A201,9653f952-2137-469f-a020-618fd5744ff7
192454,23,25,232,107,"2021-08-31 16:17:14",A203,9653f952-2137-469f-a020-618fd5744ff7
192464,22,25.4,134,86,"2021-08-31 16:23:45",A202,9653f952-2137-469f-a020-618fd5744ff7
192484,26,24.9,190,86,"2021-08-31 16:47:00",A201,9653f952-2137-469f-a020-618fd5744ff7
192485,23,24.9,232,107,"2021-08-31 16:47:27",A203,9653f952-2137-469f-a020-618fd5744ff7
192511,23,24.9,230,107,"2021-08-31 17:17:38",A203,9653f952-2137-469f-a020-618fd5744ff7
192529,26,24.4,189,86,"2021-08-31 18:17:49",A201,9653f952-2137-469f-a020-618fd5744ff7
192537,23,24.8,231,107,"2021-08-31 18:48:12",A203,9653f952-2137-469f-a020-618fd5744ff7
192548,26,24.1,187,86,"2021-08-31 19:18:17",A201,9653f952-2137-469f-a020-618fd5744ff7
192549,23,24.7,230,107,"2021-08-31 19:18:21",A203,9653f952-2137-469f-a020-618fd5744ff7
192554,22,23.9,134,86,"2021-08-31 19:25:56",A202,9653f952-2137-469f-a020-618fd5744ff7
192568,23,24.6,227,107,"2021-08-31 19:48:29",A203,9653f952-2137-469f-a020-618fd5744ff7
192569,26,23.9,187,86,"2021-08-31 19:48:34",A201,9653f952-2137-469f-a020-618fd5744ff7
192596,23,24.6,227,107,"2021-08-31 20:18:39",A203,9653f952-2137-469f-a020-618fd5744ff7
192597,26,23.8,186,86,"2021-08-31 20:18:47",A201,9653f952-2137-469f-a020-618fd5744ff7
192607,22,23.5,134,86,"2021-08-31 20:26:37",A202,9653f952-2137-469f-a020-618fd5744ff7
192626,23,24.5,226,107,"2021-08-31 20:48:49",A203,9653f952-2137-469f-a020-618fd5744ff7
192627,26,23.6,188,86,"2021-08-31 20:49:03",A201,9653f952-2137-469f-a020-618fd5744ff7
192635,22,23.3,135,86,"2021-08-31 20:56:57",A202,9653f952-2137-469f-a020-618fd5744ff7
192654,23,24.4,232,107,"2021-08-31 21:19:00",A203,9653f952-2137-469f-a020-618fd5744ff7
192655,26,23.5,187,86,"2021-08-31 21:19:18",A201,9653f952-2137-469f-a020-618fd5744ff7
192665,22,23.2,134,86,"2021-08-31 21:27:17",A202,9653f952-2137-469f-a020-618fd5744ff7
192684,26,23.4,186,86,"2021-08-31 21:49:35",A201,9653f952-2137-469f-a020-618fd5744ff7
192693,29,22.7,235,86,"2021-08-31 21:57:38",A202,9653f952-2137-469f-a020-618fd5744ff7
192711,23,24.3,232,107,"2021-08-31 22:19:18",A203,9653f952-2137-469f-a020-618fd5744ff7
192713,26,23.3,185,86,"2021-08-31 22:19:47",A201,9653f952-2137-469f-a020-618fd5744ff7
192722,29,22.6,216,86,"2021-08-31 22:27:58",A202,9653f952-2137-469f-a020-618fd5744ff7
192738,23,24.2,231,107,"2021-08-31 22:49:25",A203,9653f952-2137-469f-a020-618fd5744ff7
192740,26,23.2,185,86,"2021-08-31 22:50:01",A201,9653f952-2137-469f-a020-618fd5744ff7
192749,29,22.5,212,86,"2021-08-31 22:58:15",A202,9653f952-2137-469f-a020-618fd5744ff7
192767,23,24.1,232,107,"2021-08-31 23:19:33",A203,9653f952-2137-469f-a020-618fd5744ff7
192769,26,23.1,186,86,"2021-08-31 23:20:15",A201,9653f952-2137-469f-a020-618fd5744ff7
192778,29,22.3,210,86,"2021-08-31 23:28:33",A202,9653f952-2137-469f-a020-618fd5744ff7
192795,23,24.1,231,107,"2021-08-31 23:49:43",A203,9653f952-2137-469f-a020-618fd5744ff7
192797,26,23,185,86,"2021-08-31 23:50:31",A201,9653f952-2137-469f-a020-618fd5744ff7
192807,29,22.2,208,86,"2021-08-31 23:58:51",A202,9653f952-2137-469f-a020-618fd5744ff7
192825,23,24,230,107,"2021-09-01 00:19:52",A203,9653f952-2137-469f-a020-618fd5744ff7
192826,26,22.9,185,86,"2021-09-01 00:20:46",A201,9653f952-2137-469f-a020-618fd5744ff7
192837,29,22.1,207,86,"2021-09-01 00:29:11",A202,9653f952-2137-469f-a020-618fd5744ff7
192856,23,23.9,231,107,"2021-09-01 00:49:57",A203,9653f952-2137-469f-a020-618fd5744ff7
192857,26,22.8,186,86,"2021-09-01 00:51:00",A201,9653f952-2137-469f-a020-618fd5744ff7
192868,29,21.9,205,86,"2021-09-01 00:59:28",A202,9653f952-2137-469f-a020-618fd5744ff7
192886,23,23.8,233,107,"2021-09-01 01:20:12",A203,9653f952-2137-469f-a020-618fd5744ff7
192887,26,22.7,185,86,"2021-09-01 01:21:13",A201,9653f952-2137-469f-a020-618fd5744ff7
192898,29,21.78,202,86,"2021-09-01 01:29:46",A202,9653f952-2137-469f-a020-618fd5744ff7
192915,23,23.8,232,114,"2021-09-01 01:50:11",A203,9653f952-2137-469f-a020-618fd5744ff7
192916,26,22.6,184,86,"2021-09-01 01:51:28",A201,9653f952-2137-469f-a020-618fd5744ff7
192926,29,21.6,203,86,"2021-09-01 02:00:04",A202,9653f952-2137-469f-a020-618fd5744ff7
192944,23,23.7,233,107,"2021-09-01 02:20:19",A203,9653f952-2137-469f-a020-618fd5744ff7
192945,26,22.5,182,86,"2021-09-01 02:21:41",A201,9653f952-2137-469f-a020-618fd5744ff7
192956,29,21.5,204,86,"2021-09-01 02:30:22",A202,9653f952-2137-469f-a020-618fd5744ff7
192972,23,23.6,234,107,"2021-09-01 02:50:24",A203,9653f952-2137-469f-a020-618fd5744ff7
192983,29,21.3,204,86,"2021-09-01 03:00:41",A202,9653f952-2137-469f-a020-618fd5744ff7
193001,23,23.5,232,107,"2021-09-01 03:20:33",A203,9653f952-2137-469f-a020-618fd5744ff7
193003,26,22.3,185,86,"2021-09-01 03:22:08",A201,9653f952-2137-469f-a020-618fd5744ff7
193014,29,21.2,199,86,"2021-09-01 03:30:58",A202,9653f952-2137-469f-a020-618fd5744ff7
193029,23,23.5,232,107,"2021-09-01 03:50:40",A203,9653f952-2137-469f-a020-618fd5744ff7
193031,26,22.2,185,86,"2021-09-01 03:52:22",A201,9653f952-2137-469f-a020-618fd5744ff7
193041,29,21.2,201,86,"2021-09-01 04:01:15",A202,9653f952-2137-469f-a020-618fd5744ff7
193058,23,23.4,232,107,"2021-09-01 04:20:46",A203,9653f952-2137-469f-a020-618fd5744ff7
193060,26,22.2,183,86,"2021-09-01 04:22:36",A201,9653f952-2137-469f-a020-618fd5744ff7
193071,29,21.1,200,86,"2021-09-01 04:31:33",A202,9653f952-2137-469f-a020-618fd5744ff7
193088,23,23.3,232,107,"2021-09-01 04:50:55",A203,9653f952-2137-469f-a020-618fd5744ff7
193090,26,22.1,184,86,"2021-09-01 04:52:51",A201,9653f952-2137-469f-a020-618fd5744ff7
193100,29,21,200,86,"2021-09-01 05:01:54",A202,9653f952-2137-469f-a020-618fd5744ff7
193116,23,23.3,232,107,"2021-09-01 05:21:02",A203,9653f952-2137-469f-a020-618fd5744ff7
193118,26,22.1,184,86,"2021-09-01 05:23:04",A201,9653f952-2137-469f-a020-618fd5744ff7
193129,29,21,201,86,"2021-09-01 05:32:13",A202,9653f952-2137-469f-a020-618fd5744ff7
193143,23,23.2,228,107,"2021-09-01 05:51:10",A203,9653f952-2137-469f-a020-618fd5744ff7
193145,26,22,183,86,"2021-09-01 05:53:19",A201,9653f952-2137-469f-a020-618fd5744ff7
193155,29,21,201,86,"2021-09-01 06:02:35",A202,9653f952-2137-469f-a020-618fd5744ff7
193171,23,23.2,230,107,"2021-09-01 06:21:21",A203,9653f952-2137-469f-a020-618fd5744ff7
193173,26,22,183,93,"2021-09-01 06:23:33",A201,9653f952-2137-469f-a020-618fd5744ff7
193182,29,21,200,93,"2021-09-01 06:32:52",A202,9653f952-2137-469f-a020-618fd5744ff7
193199,23,23.1,231,107,"2021-09-01 06:51:31",A203,9653f952-2137-469f-a020-618fd5744ff7
193202,26,22,183,93,"2021-09-01 06:53:50",A201,9653f952-2137-469f-a020-618fd5744ff7
193209,29,21.1,199,93,"2021-09-01 07:03:17",A202,9653f952-2137-469f-a020-618fd5744ff7
193224,23,23.1,229,107,"2021-09-01 07:21:43",A203,9653f952-2137-469f-a020-618fd5744ff7
193228,26,22,183,93,"2021-09-01 07:24:06",A201,9653f952-2137-469f-a020-618fd5744ff7
193252,23,23.1,229,107,"2021-09-01 07:51:59",A203,9653f952-2137-469f-a020-618fd5744ff7
193256,26,22.1,183,93,"2021-09-01 07:54:23",A201,9653f952-2137-469f-a020-618fd5744ff7
193277,23,23.1,230,107,"2021-09-01 08:22:17",A203,9653f952-2137-469f-a020-618fd5744ff7
193281,26,22.3,184,100,"2021-09-01 08:24:44",A201,9653f952-2137-469f-a020-618fd5744ff7
193290,29,22.1,195,93,"2021-09-01 08:34:36",A202,9653f952-2137-469f-a020-618fd5744ff7
193306,23,23.1,228,100,"2021-09-01 08:52:38",A203,9653f952-2137-469f-a020-618fd5744ff7
193310,26,22.68,181,100,"2021-09-01 08:55:04",A201,9653f952-2137-469f-a020-618fd5744ff7
193319,29,22.7,198,100,"2021-09-01 09:05:04",A202,9653f952-2137-469f-a020-618fd5744ff7
193335,23,23.2,230,100,"2021-09-01 09:22:56",A203,9653f952-2137-469f-a020-618fd5744ff7
193339,26,23,184,100,"2021-09-01 09:25:27",A201,9653f952-2137-469f-a020-618fd5744ff7
193345,29,23.4,193,100,"2021-09-01 09:35:35",A202,9653f952-2137-469f-a020-618fd5744ff7
193361,23,23.3,230,100,"2021-09-01 09:53:19",A203,9653f952-2137-469f-a020-618fd5744ff7
193365,26,23.5,181,100,"2021-09-01 09:55:46",A201,9653f952-2137-469f-a020-618fd5744ff7
193372,29,24,196,100,"2021-09-01 10:06:07",A202,9653f952-2137-469f-a020-618fd5744ff7
193389,23,23.5,230,100,"2021-09-01 10:23:41",A203,9653f952-2137-469f-a020-618fd5744ff7
193393,26,23.9,185,100,"2021-09-01 10:26:10",A201,9653f952-2137-469f-a020-618fd5744ff7
193400,28,24.54,196,100,"2021-09-01 10:36:38",A202,9653f952-2137-469f-a020-618fd5744ff7
193417,23,23.7,230,100,"2021-09-01 10:54:02",A203,9653f952-2137-469f-a020-618fd5744ff7
193421,26,24.4,185,100,"2021-09-01 10:56:30",A201,9653f952-2137-469f-a020-618fd5744ff7
193429,28,25.1,197,100,"2021-09-01 11:07:10",A202,9653f952-2137-469f-a020-618fd5744ff7
193445,23,23.9,230,100,"2021-09-01 11:24:22",A203,9653f952-2137-469f-a020-618fd5744ff7
193449,26,24.8,184,100,"2021-09-01 11:26:51",A201,9653f952-2137-469f-a020-618fd5744ff7
193455,28,25.4,197,100,"2021-09-01 11:37:41",A202,9653f952-2137-469f-a020-618fd5744ff7
193472,23,24,230,100,"2021-09-01 11:54:43",A203,9653f952-2137-469f-a020-618fd5744ff7
193476,25,25.1,186,100,"2021-09-01 11:57:13",A201,9653f952-2137-469f-a020-618fd5744ff7
193483,28,25.6,198,100,"2021-09-01 12:08:12",A202,9653f952-2137-469f-a020-618fd5744ff7
193497,23,24.2,231,100,"2021-09-01 12:25:07",A203,9653f952-2137-469f-a020-618fd5744ff7
193502,26,25.4,186,100,"2021-09-01 12:27:36",A201,9653f952-2137-469f-a020-618fd5744ff7
193510,28,25.8,198,100,"2021-09-01 12:38:43",A202,9653f952-2137-469f-a020-618fd5744ff7
193526,23,24.4,231,100,"2021-09-01 12:55:29",A203,9653f952-2137-469f-a020-618fd5744ff7
193530,26,25.7,187,100,"2021-09-01 12:57:58",A201,9653f952-2137-469f-a020-618fd5744ff7
193537,28,26,196,100,"2021-09-01 13:09:17",A202,9653f952-2137-469f-a020-618fd5744ff7
193552,23,24.5,230,100,"2021-09-01 13:25:53",A203,9653f952-2137-469f-a020-618fd5744ff7
193557,25,25.9,185,100,"2021-09-01 13:28:20",A201,9653f952-2137-469f-a020-618fd5744ff7
193564,28,26.1,195,93,"2021-09-01 13:39:49",A202,9653f952-2137-469f-a020-618fd5744ff7
193580,23,24.7,231,107,"2021-09-01 13:57:57",A203,9653f952-2137-469f-a020-618fd5744ff7
193583,25,26,186,93,"2021-09-01 13:58:41",A201,9653f952-2137-469f-a020-618fd5744ff7
193590,28,26.2,197,86,"2021-09-01 14:10:16",A202,9653f952-2137-469f-a020-618fd5744ff7
193605,23,24.8,230,107,"2021-09-01 14:28:15",A203,9653f952-2137-469f-a020-618fd5744ff7
193608,25,26,186,86,"2021-09-01 14:29:00",A201,9653f952-2137-469f-a020-618fd5744ff7
193616,28,26,198,86,"2021-09-01 14:40:42",A202,9653f952-2137-469f-a020-618fd5744ff7
193633,23,24.9,224,107,"2021-09-01 14:58:36",A203,9653f952-2137-469f-a020-618fd5744ff7
193635,29,25.9,233,86,"2021-09-01 14:59:16",A201,9653f952-2137-469f-a020-618fd5744ff7
193644,28,25.8,197,86,"2021-09-01 15:11:09",A202,9653f952-2137-469f-a020-618fd5744ff7
193660,23,25,228,107,"2021-09-01 15:28:53",A203,9653f952-2137-469f-a020-618fd5744ff7
193661,29,25.5,230,86,"2021-09-01 15:29:35",A201,9653f952-2137-469f-a020-618fd5744ff7
193670,28,25.5,198,86,"2021-09-01 15:41:35",A202,9653f952-2137-469f-a020-618fd5744ff7
193688,23,25,227,107,"2021-09-01 15:59:11",A203,9653f952-2137-469f-a020-618fd5744ff7
193690,29,25.2,226,86,"2021-09-01 15:59:53",A201,9653f952-2137-469f-a020-618fd5744ff7
193700,28,25.3,198,86,"2021-09-01 16:12:02",A202,9653f952-2137-469f-a020-618fd5744ff7
193719,23,25,229,107,"2021-09-01 16:29:30",A203,9653f952-2137-469f-a020-618fd5744ff7
193721,29,24.9,226,86,"2021-09-01 16:30:09",A201,9653f952-2137-469f-a020-618fd5744ff7
193731,28,25,195,86,"2021-09-01 16:42:26",A202,9653f952-2137-469f-a020-618fd5744ff7
193750,23,25,229,107,"2021-09-01 16:59:44",A203,9653f952-2137-469f-a020-618fd5744ff7
193752,29,24.7,225,86,"2021-09-01 17:00:25",A201,9653f952-2137-469f-a020-618fd5744ff7
193761,28,24.7,197,86,"2021-09-01 17:12:48",A202,9653f952-2137-469f-a020-618fd5744ff7
193774,23,24.9,233,107,"2021-09-01 17:30:00",A203,9653f952-2137-469f-a020-618fd5744ff7
193775,29,24.4,224,86,"2021-09-01 17:30:42",A201,9653f952-2137-469f-a020-618fd5744ff7
193790,23,24.9,229,107,"2021-09-01 18:00:11",A203,9653f952-2137-469f-a020-618fd5744ff7
193791,29,24.1,222,86,"2021-09-01 18:00:57",A201,9653f952-2137-469f-a020-618fd5744ff7
193802,23,24.8,231,107,"2021-09-01 18:30:25",A203,9653f952-2137-469f-a020-618fd5744ff7
193804,28,23.9,221,86,"2021-09-01 18:31:12",A201,9653f952-2137-469f-a020-618fd5744ff7
193814,23,24.7,229,107,"2021-09-01 19:00:36",A203,9653f952-2137-469f-a020-618fd5744ff7
193833,23,24.6,227,107,"2021-09-01 19:30:49",A203,9653f952-2137-469f-a020-618fd5744ff7
193835,28,23.4,221,86,"2021-09-01 19:31:44",A201,9653f952-2137-469f-a020-618fd5744ff7
193849,28,23.5,195,86,"2021-09-01 19:45:54",A202,9653f952-2137-469f-a020-618fd5744ff7
193862,23,24.5,225,107,"2021-09-01 20:01:03",A203,9653f952-2137-469f-a020-618fd5744ff7
193864,28,23.2,216,86,"2021-09-01 20:01:59",A201,9653f952-2137-469f-a020-618fd5744ff7
193877,28,23.3,196,86,"2021-09-01 20:16:19",A202,9653f952-2137-469f-a020-618fd5744ff7
193891,23,24.5,231,107,"2021-09-01 20:31:17",A203,9653f952-2137-469f-a020-618fd5744ff7
193893,28,23,219,86,"2021-09-01 20:32:14",A201,9653f952-2137-469f-a020-618fd5744ff7
193906,28,23.1,197,86,"2021-09-01 20:46:44",A202,9653f952-2137-469f-a020-618fd5744ff7
193921,23,24.4,231,107,"2021-09-01 21:01:27",A203,9653f952-2137-469f-a020-618fd5744ff7
193923,28,22.9,219,86,"2021-09-01 21:02:30",A201,9653f952-2137-469f-a020-618fd5744ff7
193937,28,22.9,197,86,"2021-09-01 21:17:06",A202,9653f952-2137-469f-a020-618fd5744ff7
193951,23,24.3,233,107,"2021-09-01 21:31:37",A203,9653f952-2137-469f-a020-618fd5744ff7
193966,28,22.7,193,86,"2021-09-01 21:47:32",A202,9653f952-2137-469f-a020-618fd5744ff7
193977,23,24.3,232,107,"2021-09-01 22:01:49",A203,9653f952-2137-469f-a020-618fd5744ff7
193980,28,22.5,216,86,"2021-09-01 22:03:03",A201,9653f952-2137-469f-a020-618fd5744ff7
193992,28,22.5,192,86,"2021-09-01 22:17:54",A202,9653f952-2137-469f-a020-618fd5744ff7
194006,23,24.2,232,107,"2021-09-01 22:32:02",A203,9653f952-2137-469f-a020-618fd5744ff7
194009,28,22.34,217,86,"2021-09-01 22:33:16",A201,9653f952-2137-469f-a020-618fd5744ff7
194024,28,22.4,194,86,"2021-09-01 22:48:15",A202,9653f952-2137-469f-a020-618fd5744ff7
194038,23,24.1,233,107,"2021-09-01 23:02:13",A203,9653f952-2137-469f-a020-618fd5744ff7
194040,28,22.2,215,86,"2021-09-01 23:03:29",A201,9653f952-2137-469f-a020-618fd5744ff7
194056,28,22.2,195,86,"2021-09-01 23:18:39",A202,9653f952-2137-469f-a020-618fd5744ff7
194069,23,24,233,107,"2021-09-01 23:32:23",A203,9653f952-2137-469f-a020-618fd5744ff7
194071,28,22.1,216,86,"2021-09-01 23:33:44",A201,9653f952-2137-469f-a020-618fd5744ff7
194087,28,22.1,195,86,"2021-09-01 23:49:00",A202,9653f952-2137-469f-a020-618fd5744ff7
194101,23,24,234,107,"2021-09-02 00:02:34",A203,9653f952-2137-469f-a020-618fd5744ff7
194103,28,22,214,86,"2021-09-02 00:03:59",A201,9653f952-2137-469f-a020-618fd5744ff7
194117,28,21.9,196,86,"2021-09-02 00:19:23",A202,9653f952-2137-469f-a020-618fd5744ff7
194130,23,23.9,233,107,"2021-09-02 00:32:52",A203,9653f952-2137-469f-a020-618fd5744ff7
194132,28,21.9,213,86,"2021-09-02 00:34:12",A201,9653f952-2137-469f-a020-618fd5744ff7
194147,28,21.8,191,86,"2021-09-02 00:49:46",A202,9653f952-2137-469f-a020-618fd5744ff7
194161,23,23.8,230,107,"2021-09-02 01:02:54",A203,9653f952-2137-469f-a020-618fd5744ff7
194163,28,21.7,215,86,"2021-09-02 01:04:26",A201,9653f952-2137-469f-a020-618fd5744ff7
194178,28,21.7,190,86,"2021-09-02 01:20:06",A202,9653f952-2137-469f-a020-618fd5744ff7
194191,23,23.8,232,107,"2021-09-02 01:33:04",A203,9653f952-2137-469f-a020-618fd5744ff7
194193,28,21.6,214,86,"2021-09-02 01:34:40",A201,9653f952-2137-469f-a020-618fd5744ff7
194208,28,21.6,192,86,"2021-09-02 01:50:27",A202,9653f952-2137-469f-a020-618fd5744ff7
194219,23,23.7,232,107,"2021-09-02 02:03:14",A203,9653f952-2137-469f-a020-618fd5744ff7
194221,28,21.5,214,86,"2021-09-02 02:04:52",A201,9653f952-2137-469f-a020-618fd5744ff7
194237,28,21.4,194,86,"2021-09-02 02:20:48",A202,9653f952-2137-469f-a020-618fd5744ff7
194249,23,23.6,231,107,"2021-09-02 02:33:24",A203,9653f952-2137-469f-a020-618fd5744ff7
194251,28,21.4,212,86,"2021-09-02 02:35:06",A201,9653f952-2137-469f-a020-618fd5744ff7
194274,23,23.6,233,114,"2021-09-02 03:03:33",A203,9653f952-2137-469f-a020-618fd5744ff7
194276,28,21.3,210,86,"2021-09-02 03:05:22",A201,9653f952-2137-469f-a020-618fd5744ff7
194292,28,21.2,194,86,"2021-09-02 03:21:31",A202,9653f952-2137-469f-a020-618fd5744ff7
194305,23,23.5,232,114,"2021-09-02 03:33:43",A203,9653f952-2137-469f-a020-618fd5744ff7
194307,28,21.2,209,86,"2021-09-02 03:35:33",A201,9653f952-2137-469f-a020-618fd5744ff7
194323,28,21.1,194,86,"2021-09-02 03:51:54",A202,9653f952-2137-469f-a020-618fd5744ff7
194334,23,23.4,231,114,"2021-09-02 04:03:52",A203,9653f952-2137-469f-a020-618fd5744ff7
194337,28,21.1,212,86,"2021-09-02 04:05:48",A201,9653f952-2137-469f-a020-618fd5744ff7
194353,28,21,194,86,"2021-09-02 04:22:13",A202,9653f952-2137-469f-a020-618fd5744ff7
194364,23,23.4,232,107,"2021-09-02 04:34:02",A203,9653f952-2137-469f-a020-618fd5744ff7
194366,28,21,212,86,"2021-09-02 04:36:02",A201,9653f952-2137-469f-a020-618fd5744ff7
194382,28,20.9,193,86,"2021-09-02 04:52:33",A202,9653f952-2137-469f-a020-618fd5744ff7
194392,23,23.3,232,107,"2021-09-02 05:04:13",A203,9653f952-2137-469f-a020-618fd5744ff7
194397,28,20.9,210,86,"2021-09-02 05:06:15",A201,9653f952-2137-469f-a020-618fd5744ff7
194413,28,20.8,193,86,"2021-09-02 05:22:57",A202,9653f952-2137-469f-a020-618fd5744ff7
194422,23,23.3,233,107,"2021-09-02 05:34:22",A203,9653f952-2137-469f-a020-618fd5744ff7
194426,28,20.9,210,93,"2021-09-02 05:36:29",A201,9653f952-2137-469f-a020-618fd5744ff7
194442,28,20.8,191,93,"2021-09-02 05:53:21",A202,9653f952-2137-469f-a020-618fd5744ff7
194455,28,20.9,212,93,"2021-09-02 06:06:44",A201,9653f952-2137-469f-a020-618fd5744ff7
194470,28,20.9,190,93,"2021-09-02 06:23:45",A202,9653f952-2137-469f-a020-618fd5744ff7
194479,23,23.2,232,107,"2021-09-02 06:34:50",A203,9653f952-2137-469f-a020-618fd5744ff7
194484,28,21,211,93,"2021-09-02 06:36:59",A201,9653f952-2137-469f-a020-618fd5744ff7
194496,28,21,191,93,"2021-09-02 06:54:13",A202,9653f952-2137-469f-a020-618fd5744ff7
194505,23,23.1,232,107,"2021-09-02 07:05:07",A203,9653f952-2137-469f-a020-618fd5744ff7
194511,28,21.2,209,93,"2021-09-02 07:07:19",A201,9653f952-2137-469f-a020-618fd5744ff7
194526,28,21.3,192,93,"2021-09-02 07:24:43",A202,9653f952-2137-469f-a020-618fd5744ff7
194533,23,23.1,233,107,"2021-09-02 07:35:23",A203,9653f952-2137-469f-a020-618fd5744ff7
194539,28,21.4,210,93,"2021-09-02 07:37:34",A201,9653f952-2137-469f-a020-618fd5744ff7
194554,28,21.6,192,93,"2021-09-02 07:55:11",A202,9653f952-2137-469f-a020-618fd5744ff7
194562,23,23.1,232,107,"2021-09-02 08:05:42",A203,9653f952-2137-469f-a020-618fd5744ff7
194568,28,21.8,212,93,"2021-09-02 08:07:52",A201,9653f952-2137-469f-a020-618fd5744ff7
194582,28,22,192,93,"2021-09-02 08:25:41",A202,9653f952-2137-469f-a020-618fd5744ff7
194588,23,23.2,231,107,"2021-09-02 08:36:01",A203,9653f952-2137-469f-a020-618fd5744ff7
194594,28,22.1,213,93,"2021-09-02 08:38:12",A201,9653f952-2137-469f-a020-618fd5744ff7
194608,28,22.4,189,93,"2021-09-02 08:56:14",A202,9653f952-2137-469f-a020-618fd5744ff7
194615,23,23.2,230,100,"2021-09-02 09:06:28",A203,9653f952-2137-469f-a020-618fd5744ff7
194620,28,22.5,214,93,"2021-09-02 09:08:30",A201,9653f952-2137-469f-a020-618fd5744ff7
194634,28,22.9,191,93,"2021-09-02 09:26:47",A202,9653f952-2137-469f-a020-618fd5744ff7
194642,23,23.3,232,100,"2021-09-02 09:36:46",A203,9653f952-2137-469f-a020-618fd5744ff7
194646,28,22.9,213,93,"2021-09-02 09:38:50",A201,9653f952-2137-469f-a020-618fd5744ff7
194666,23,23.4,231,107,"2021-09-02 10:07:07",A203,9653f952-2137-469f-a020-618fd5744ff7
194670,28,23.3,210,93,"2021-09-02 10:09:08",A201,9653f952-2137-469f-a020-618fd5744ff7
194685,28,23.8,187,93,"2021-09-02 10:27:50",A202,9653f952-2137-469f-a020-618fd5744ff7
194692,23,23.5,231,107,"2021-09-02 10:37:26",A203,9653f952-2137-469f-a020-618fd5744ff7
194697,28,23.5,210,93,"2021-09-02 10:39:26",A201,9653f952-2137-469f-a020-618fd5744ff7
194714,28,24,191,86,"2021-09-02 10:58:17",A202,9653f952-2137-469f-a020-618fd5744ff7
194721,23,23.6,229,107,"2021-09-02 11:07:43",A203,9653f952-2137-469f-a020-618fd5744ff7
194724,28,23.5,236,86,"2021-09-02 11:09:43",A201,9653f952-2137-469f-a020-618fd5744ff7
194740,32,23.1,238,86,"2021-09-02 11:28:41",A202,9653f952-2137-469f-a020-618fd5744ff7
194747,23,23.7,228,107,"2021-09-02 11:37:52",A203,9653f952-2137-469f-a020-618fd5744ff7
194750,30,23.3,237,86,"2021-09-02 11:39:59",A201,9653f952-2137-469f-a020-618fd5744ff7
194768,31,23.2,226,93,"2021-09-02 11:59:07",A202,9653f952-2137-469f-a020-618fd5744ff7
194774,23,23.8,228,107,"2021-09-02 12:08:05",A203,9653f952-2137-469f-a020-618fd5744ff7
194793,31,23.1,215,86,"2021-09-02 12:29:30",A202,9653f952-2137-469f-a020-618fd5744ff7
194799,23,23.8,228,107,"2021-09-02 12:38:18",A203,9653f952-2137-469f-a020-618fd5744ff7
194803,30,22.9,231,93,"2021-09-02 12:40:29",A201,9653f952-2137-469f-a020-618fd5744ff7
194819,30,23,211,86,"2021-09-02 12:59:56",A202,9653f952-2137-469f-a020-618fd5744ff7
194825,23,23.7,228,107,"2021-09-02 13:08:32",A203,9653f952-2137-469f-a020-618fd5744ff7
194827,30,22.9,229,86,"2021-09-02 13:10:46",A201,9653f952-2137-469f-a020-618fd5744ff7
194846,30,23,209,86,"2021-09-02 13:30:20",A202,9653f952-2137-469f-a020-618fd5744ff7
194852,23,23.7,229,107,"2021-09-02 13:38:44",A203,9653f952-2137-469f-a020-618fd5744ff7
194854,30,22.8,229,86,"2021-09-02 13:40:59",A201,9653f952-2137-469f-a020-618fd5744ff7
194875,30,23,208,86,"2021-09-02 14:00:45",A202,9653f952-2137-469f-a020-618fd5744ff7
194880,23,23.7,229,107,"2021-09-02 14:08:55",A203,9653f952-2137-469f-a020-618fd5744ff7
194887,30,22.8,229,86,"2021-09-02 14:13:14",A201,9653f952-2137-469f-a020-618fd5744ff7
194901,30,22.9,209,86,"2021-09-02 14:31:09",A202,9653f952-2137-469f-a020-618fd5744ff7
194905,23,23.7,229,107,"2021-09-02 14:39:12",A203,9653f952-2137-469f-a020-618fd5744ff7
194912,29,22.7,229,86,"2021-09-02 14:43:45",A201,9653f952-2137-469f-a020-618fd5744ff7
194926,30,22.9,209,86,"2021-09-02 15:01:33",A202,9653f952-2137-469f-a020-618fd5744ff7
194931,23,23.7,229,107,"2021-09-02 15:09:22",A203,9653f952-2137-469f-a020-618fd5744ff7
194950,30,22.8,205,86,"2021-09-02 15:31:59",A202,9653f952-2137-469f-a020-618fd5744ff7
194956,23,23.6,229,107,"2021-09-02 15:39:36",A203,9653f952-2137-469f-a020-618fd5744ff7
194975,30,22.7,208,86,"2021-09-02 16:02:26",A202,9653f952-2137-469f-a020-618fd5744ff7
194982,23,23.6,228,107,"2021-09-02 16:09:47",A203,9653f952-2137-469f-a020-618fd5744ff7
194999,30,22.6,205,86,"2021-09-02 16:32:49",A202,9653f952-2137-469f-a020-618fd5744ff7
195004,23,23.6,228,107,"2021-09-02 16:39:58",A203,9653f952-2137-469f-a020-618fd5744ff7
195024,23,23.5,226,107,"2021-09-02 17:10:13",A203,9653f952-2137-469f-a020-618fd5744ff7
195034,23,23.5,228,107,"2021-09-02 17:40:23",A203,9653f952-2137-469f-a020-618fd5744ff7
195065,30,21.9,201,86,"2021-09-02 19:35:07",A202,9653f952-2137-469f-a020-618fd5744ff7
195069,23,23.3,228,107,"2021-09-02 19:41:09",A203,9653f952-2137-469f-a020-618fd5744ff7
195077,29,21.7,220,86,"2021-09-02 19:47:34",A201,9653f952-2137-469f-a020-618fd5744ff7
195091,30,21.8,200,86,"2021-09-02 20:05:31",A202,9653f952-2137-469f-a020-618fd5744ff7
195096,23,23.2,228,107,"2021-09-02 20:11:22",A203,9653f952-2137-469f-a020-618fd5744ff7
195117,30,21.7,196,86,"2021-09-02 20:35:55",A202,9653f952-2137-469f-a020-618fd5744ff7
195121,23,23.1,227,107,"2021-09-02 20:41:33",A203,9653f952-2137-469f-a020-618fd5744ff7
195129,29,21.5,221,86,"2021-09-02 20:48:22",A201,9653f952-2137-469f-a020-618fd5744ff7
195141,30,21.6,198,86,"2021-09-02 21:06:18",A202,9653f952-2137-469f-a020-618fd5744ff7
195146,23,23.1,228,107,"2021-09-02 21:11:43",A203,9653f952-2137-469f-a020-618fd5744ff7
195154,29,21.4,220,86,"2021-09-02 21:18:43",A201,9653f952-2137-469f-a020-618fd5744ff7
195167,30,21.5,199,86,"2021-09-02 21:36:43",A202,9653f952-2137-469f-a020-618fd5744ff7
195171,23,23,228,107,"2021-09-02 21:41:56",A203,9653f952-2137-469f-a020-618fd5744ff7
195180,29,21.4,220,86,"2021-09-02 21:49:06",A201,9653f952-2137-469f-a020-618fd5744ff7
195193,30,21.4,199,86,"2021-09-02 22:07:05",A202,9653f952-2137-469f-a020-618fd5744ff7
195198,23,23,227,107,"2021-09-02 22:12:06",A203,9653f952-2137-469f-a020-618fd5744ff7
195206,29,21.3,220,86,"2021-09-02 22:19:27",A201,9653f952-2137-469f-a020-618fd5744ff7
195220,30,21.4,197,86,"2021-09-02 22:37:29",A202,9653f952-2137-469f-a020-618fd5744ff7
195225,23,22.9,227,107,"2021-09-02 22:42:17",A203,9653f952-2137-469f-a020-618fd5744ff7
195234,29,21.3,220,86,"2021-09-02 22:49:49",A201,9653f952-2137-469f-a020-618fd5744ff7
195246,30,21.3,199,86,"2021-09-02 23:07:51",A202,9653f952-2137-469f-a020-618fd5744ff7
195251,23,22.9,227,107,"2021-09-02 23:12:28",A203,9653f952-2137-469f-a020-618fd5744ff7
195260,29,21.2,218,86,"2021-09-02 23:20:15",A201,9653f952-2137-469f-a020-618fd5744ff7
195274,30,21.2,198,86,"2021-09-02 23:38:15",A202,9653f952-2137-469f-a020-618fd5744ff7
195279,23,22.8,227,107,"2021-09-02 23:42:39",A203,9653f952-2137-469f-a020-618fd5744ff7
195289,29,21.1,217,86,"2021-09-02 23:50:36",A201,9653f952-2137-469f-a020-618fd5744ff7
195302,30,21.2,196,86,"2021-09-03 00:08:37",A202,9653f952-2137-469f-a020-618fd5744ff7
195307,23,22.8,226,107,"2021-09-03 00:12:49",A203,9653f952-2137-469f-a020-618fd5744ff7
195317,29,21.1,219,86,"2021-09-03 00:21:00",A201,9653f952-2137-469f-a020-618fd5744ff7
195330,30,21.1,196,86,"2021-09-03 00:39:00",A202,9653f952-2137-469f-a020-618fd5744ff7
195334,23,22.7,225,107,"2021-09-03 00:43:00",A203,9653f952-2137-469f-a020-618fd5744ff7
195341,29,21,218,86,"2021-09-03 00:51:21",A201,9653f952-2137-469f-a020-618fd5744ff7
195355,30,21,194,86,"2021-09-03 01:09:24",A202,9653f952-2137-469f-a020-618fd5744ff7
195359,23,22.7,221,107,"2021-09-03 01:13:11",A203,9653f952-2137-469f-a020-618fd5744ff7
195381,30,21,195,86,"2021-09-03 01:39:45",A202,9653f952-2137-469f-a020-618fd5744ff7
195384,23,22.6,223,107,"2021-09-03 01:43:20",A203,9653f952-2137-469f-a020-618fd5744ff7
195394,29,20.9,217,86,"2021-09-03 01:52:06",A201,9653f952-2137-469f-a020-618fd5744ff7
195408,30,20.9,196,86,"2021-09-03 02:10:08",A202,9653f952-2137-469f-a020-618fd5744ff7
195410,23,22.6,223,107,"2021-09-03 02:13:32",A203,9653f952-2137-469f-a020-618fd5744ff7
195419,29,20.8,217,86,"2021-09-03 02:22:28",A201,9653f952-2137-469f-a020-618fd5744ff7
195433,30,20.9,197,86,"2021-09-03 02:40:30",A202,9653f952-2137-469f-a020-618fd5744ff7
195436,23,22.5,225,107,"2021-09-03 02:43:41",A203,9653f952-2137-469f-a020-618fd5744ff7
195445,29,20.8,217,86,"2021-09-03 02:52:51",A201,9653f952-2137-469f-a020-618fd5744ff7
195459,30,20.8,197,86,"2021-09-03 03:10:50",A202,9653f952-2137-469f-a020-618fd5744ff7
195461,23,22.5,226,107,"2021-09-03 03:13:51",A203,9653f952-2137-469f-a020-618fd5744ff7
195471,29,20.7,215,86,"2021-09-03 03:23:13",A201,9653f952-2137-469f-a020-618fd5744ff7
195485,30,20.7,197,86,"2021-09-03 03:41:18",A202,9653f952-2137-469f-a020-618fd5744ff7
195487,23,22.4,224,107,"2021-09-03 03:44:02",A203,9653f952-2137-469f-a020-618fd5744ff7
195497,29,20.6,215,86,"2021-09-03 03:53:37",A201,9653f952-2137-469f-a020-618fd5744ff7
195509,30,20.7,196,86,"2021-09-03 04:11:37",A202,9653f952-2137-469f-a020-618fd5744ff7
195510,23,22.4,222,107,"2021-09-03 04:14:11",A203,9653f952-2137-469f-a020-618fd5744ff7
195522,29,20.6,214,86,"2021-09-03 04:23:58",A201,9653f952-2137-469f-a020-618fd5744ff7
195533,30,20.6,196,86,"2021-09-03 04:41:58",A202,9653f952-2137-469f-a020-618fd5744ff7
195535,23,22.3,223,107,"2021-09-03 04:44:22",A203,9653f952-2137-469f-a020-618fd5744ff7
195548,29,20.6,215,93,"2021-09-03 04:54:22",A201,9653f952-2137-469f-a020-618fd5744ff7
195560,30,20.6,195,93,"2021-09-03 05:12:22",A202,9653f952-2137-469f-a020-618fd5744ff7
195563,23,22.3,220,107,"2021-09-03 05:14:34",A203,9653f952-2137-469f-a020-618fd5744ff7
195573,29,20.6,213,93,"2021-09-03 05:24:45",A201,9653f952-2137-469f-a020-618fd5744ff7
195585,30,20.7,195,93,"2021-09-03 05:42:48",A202,9653f952-2137-469f-a020-618fd5744ff7
195588,23,22.3,224,107,"2021-09-03 05:44:49",A203,9653f952-2137-469f-a020-618fd5744ff7
195599,28,20.6,214,93,"2021-09-03 05:55:08",A201,9653f952-2137-469f-a020-618fd5744ff7
195609,30,20.8,195,93,"2021-09-03 06:13:16",A202,9653f952-2137-469f-a020-618fd5744ff7
195613,23,22.2,225,107,"2021-09-03 06:15:04",A203,9653f952-2137-469f-a020-618fd5744ff7
195626,28,20.8,214,93,"2021-09-03 06:25:36",A201,9653f952-2137-469f-a020-618fd5744ff7
195638,30,21.1,195,93,"2021-09-03 06:43:45",A202,9653f952-2137-469f-a020-618fd5744ff7
195641,23,22.2,224,107,"2021-09-03 06:45:34",A203,9653f952-2137-469f-a020-618fd5744ff7
195655,28,21,215,93,"2021-09-03 06:56:02",A201,9653f952-2137-469f-a020-618fd5744ff7
195666,30,21.4,194,93,"2021-09-03 07:14:16",A202,9653f952-2137-469f-a020-618fd5744ff7
195668,23,22.2,224,107,"2021-09-03 07:15:42",A203,9653f952-2137-469f-a020-618fd5744ff7
195681,28,21.4,216,100,"2021-09-03 07:26:29",A201,9653f952-2137-469f-a020-618fd5744ff7
195695,29,21.9,191,93,"2021-09-03 07:44:47",A202,9653f952-2137-469f-a020-618fd5744ff7
195696,23,22.3,225,107,"2021-09-03 07:46:03",A203,9653f952-2137-469f-a020-618fd5744ff7
195708,28,21.9,217,93,"2021-09-03 07:56:57",A201,9653f952-2137-469f-a020-618fd5744ff7
195721,29,22.5,193,93,"2021-09-03 08:15:19",A202,9653f952-2137-469f-a020-618fd5744ff7
195722,23,22.4,225,107,"2021-09-03 08:16:24",A203,9653f952-2137-469f-a020-618fd5744ff7
195735,28,22.4,218,93,"2021-09-03 08:27:22",A201,9653f952-2137-469f-a020-618fd5744ff7
195748,29,23,192,93,"2021-09-03 08:45:49",A202,9653f952-2137-469f-a020-618fd5744ff7
195749,23,22.5,222,107,"2021-09-03 08:46:43",A203,9653f952-2137-469f-a020-618fd5744ff7
195763,28,22.8,215,100,"2021-09-03 08:57:49",A201,9653f952-2137-469f-a020-618fd5744ff7
195777,29,23.4,188,100,"2021-09-03 09:16:20",A202,9653f952-2137-469f-a020-618fd5744ff7
195778,23,22.6,224,107,"2021-09-03 09:17:00",A203,9653f952-2137-469f-a020-618fd5744ff7
195792,28,23.1,217,100,"2021-09-03 09:28:18",A201,9653f952-2137-469f-a020-618fd5744ff7
195805,29,23.7,194,100,"2021-09-03 09:46:55",A202,9653f952-2137-469f-a020-618fd5744ff7
195806,23,22.8,224,107,"2021-09-03 09:47:20",A203,9653f952-2137-469f-a020-618fd5744ff7
195817,28,23.52,217,100,"2021-09-03 09:58:44",A201,9653f952-2137-469f-a020-618fd5744ff7
195831,29,24.2,192,93,"2021-09-03 10:17:26",A202,9653f952-2137-469f-a020-618fd5744ff7
195832,23,23,225,107,"2021-09-03 10:17:40",A203,9653f952-2137-469f-a020-618fd5744ff7
195846,28,24,214,93,"2021-09-03 10:29:12",A201,9653f952-2137-469f-a020-618fd5744ff7
195860,29,24.5,190,93,"2021-09-03 10:47:56",A202,9653f952-2137-469f-a020-618fd5744ff7
195861,23,23.2,224,107,"2021-09-03 10:47:56",A203,9653f952-2137-469f-a020-618fd5744ff7
195874,28,24.2,216,93,"2021-09-03 10:59:36",A201,9653f952-2137-469f-a020-618fd5744ff7
195888,23,23.3,225,107,"2021-09-03 11:18:09",A203,9653f952-2137-469f-a020-618fd5744ff7
195889,29,24.5,193,93,"2021-09-03 11:18:22",A202,9653f952-2137-469f-a020-618fd5744ff7
195902,28,24,213,93,"2021-09-03 11:30:03",A201,9653f952-2137-469f-a020-618fd5744ff7
195915,23,23.5,226,107,"2021-09-03 11:48:23",A203,9653f952-2137-469f-a020-618fd5744ff7
195916,29,24.4,192,93,"2021-09-03 11:48:48",A202,9653f952-2137-469f-a020-618fd5744ff7
195927,28,23.9,214,100,"2021-09-03 12:00:25",A201,9653f952-2137-469f-a020-618fd5744ff7
195941,23,23.5,226,107,"2021-09-03 12:18:39",A203,9653f952-2137-469f-a020-618fd5744ff7
195943,29,24.2,189,100,"2021-09-03 12:19:15",A202,9653f952-2137-469f-a020-618fd5744ff7
195955,28,23.8,214,100,"2021-09-03 12:30:52",A201,9653f952-2137-469f-a020-618fd5744ff7
195968,23,23.6,223,107,"2021-09-03 12:48:57",A203,9653f952-2137-469f-a020-618fd5744ff7
195981,28,23.9,214,100,"2021-09-03 13:01:19",A201,9653f952-2137-469f-a020-618fd5744ff7
195994,23,23.6,223,107,"2021-09-03 13:19:16",A203,9653f952-2137-469f-a020-618fd5744ff7
195997,29,24.3,191,100,"2021-09-03 13:20:20",A202,9653f952-2137-469f-a020-618fd5744ff7
196006,28,24.1,213,100,"2021-09-03 13:31:48",A201,9653f952-2137-469f-a020-618fd5744ff7
196020,23,23.6,222,107,"2021-09-03 13:49:35",A203,9653f952-2137-469f-a020-618fd5744ff7
196023,29,24.5,191,93,"2021-09-03 13:50:48",A202,9653f952-2137-469f-a020-618fd5744ff7
196033,28,24.3,214,100,"2021-09-03 14:02:14",A201,9653f952-2137-469f-a020-618fd5744ff7
196045,23,23.7,224,107,"2021-09-03 14:19:54",A203,9653f952-2137-469f-a020-618fd5744ff7
196048,29,24.7,195,100,"2021-09-03 14:21:21",A202,9653f952-2137-469f-a020-618fd5744ff7
196059,28,24.3,214,93,"2021-09-03 14:32:45",A201,9653f952-2137-469f-a020-618fd5744ff7
196072,23,23.7,222,107,"2021-09-03 14:50:12",A203,9653f952-2137-469f-a020-618fd5744ff7
196076,29,24.7,194,93,"2021-09-03 14:51:53",A202,9653f952-2137-469f-a020-618fd5744ff7
196084,28,24.3,213,93,"2021-09-03 15:03:07",A201,9653f952-2137-469f-a020-618fd5744ff7
196098,23,23.8,225,107,"2021-09-03 15:20:30",A203,9653f952-2137-469f-a020-618fd5744ff7
196102,29,24.7,195,86,"2021-09-03 15:22:23",A202,9653f952-2137-469f-a020-618fd5744ff7
196112,28,24.2,213,86,"2021-09-03 15:33:33",A201,9653f952-2137-469f-a020-618fd5744ff7
196125,23,23.8,225,107,"2021-09-03 15:50:51",A203,9653f952-2137-469f-a020-618fd5744ff7
196129,29,24.6,195,86,"2021-09-03 15:52:54",A202,9653f952-2137-469f-a020-618fd5744ff7
196140,28,24.1,212,86,"2021-09-03 16:04:00",A201,9653f952-2137-469f-a020-618fd5744ff7
196155,23,23.8,224,107,"2021-09-03 16:22:46",A203,9653f952-2137-469f-a020-618fd5744ff7
196157,29,24.4,193,86,"2021-09-03 16:23:23",A202,9653f952-2137-469f-a020-618fd5744ff7
196164,28,23.9,208,86,"2021-09-03 16:34:26",A201,9653f952-2137-469f-a020-618fd5744ff7
196179,23,23.8,224,107,"2021-09-03 16:53:07",A203,9653f952-2137-469f-a020-618fd5744ff7
196182,29,24.2,191,86,"2021-09-03 16:53:51",A202,9653f952-2137-469f-a020-618fd5744ff7
196192,28,23.6,211,86,"2021-09-03 17:04:51",A201,9653f952-2137-469f-a020-618fd5744ff7
196202,23,23.8,226,107,"2021-09-03 17:23:28",A203,9653f952-2137-469f-a020-618fd5744ff7
196214,23,23.7,223,107,"2021-09-03 17:53:48",A203,9653f952-2137-469f-a020-618fd5744ff7
196226,29,23.5,194,86,"2021-09-03 18:25:13",A202,9653f952-2137-469f-a020-618fd5744ff7
196235,29,23.4,194,86,"2021-09-03 18:55:39",A202,9653f952-2137-469f-a020-618fd5744ff7
196246,29,23.2,191,86,"2021-09-03 19:26:04",A202,9653f952-2137-469f-a020-618fd5744ff7
196264,23,23.5,225,107,"2021-09-03 19:55:04",A203,9653f952-2137-469f-a020-618fd5744ff7
196267,29,23,193,86,"2021-09-03 19:56:29",A202,9653f952-2137-469f-a020-618fd5744ff7
196275,28,22.5,208,86,"2021-09-03 20:07:18",A201,9653f952-2137-469f-a020-618fd5744ff7
196294,23,23.4,226,107,"2021-09-03 20:25:27",A203,9653f952-2137-469f-a020-618fd5744ff7
196296,29,22.8,193,86,"2021-09-03 20:26:57",A202,9653f952-2137-469f-a020-618fd5744ff7
196304,28,22.4,207,86,"2021-09-03 20:37:42",A201,9653f952-2137-469f-a020-618fd5744ff7
196321,23,23.34,227,107,"2021-09-03 20:55:42",A203,9653f952-2137-469f-a020-618fd5744ff7
196323,29,22.7,193,86,"2021-09-03 20:58:27",A202,9653f952-2137-469f-a020-618fd5744ff7
196349,23,23.3,225,107,"2021-09-03 21:25:58",A203,9653f952-2137-469f-a020-618fd5744ff7
196351,29,22.5,193,86,"2021-09-03 21:28:51",A202,9653f952-2137-469f-a020-618fd5744ff7
196361,28,22.1,206,86,"2021-09-03 21:38:29",A201,9653f952-2137-469f-a020-618fd5744ff7
196376,23,23.2,225,107,"2021-09-03 21:56:16",A203,9653f952-2137-469f-a020-618fd5744ff7
196378,29,22.4,194,86,"2021-09-03 21:59:14",A202,9653f952-2137-469f-a020-618fd5744ff7
196387,28,22,204,86,"2021-09-03 22:08:52",A201,9653f952-2137-469f-a020-618fd5744ff7
196403,23,23.1,225,107,"2021-09-03 22:26:35",A203,9653f952-2137-469f-a020-618fd5744ff7
196405,29,22.22,194,86,"2021-09-03 22:29:37",A202,9653f952-2137-469f-a020-618fd5744ff7
196414,28,21.9,207,86,"2021-09-03 22:39:16",A201,9653f952-2137-469f-a020-618fd5744ff7
196430,23,23,224,107,"2021-09-03 22:56:50",A203,9653f952-2137-469f-a020-618fd5744ff7
196432,29,22.1,192,86,"2021-09-03 23:00:03",A202,9653f952-2137-469f-a020-618fd5744ff7
196442,28,21.7,206,86,"2021-09-03 23:09:40",A201,9653f952-2137-469f-a020-618fd5744ff7
196459,23,23,226,107,"2021-09-03 23:27:09",A203,9653f952-2137-469f-a020-618fd5744ff7
196461,29,22,193,86,"2021-09-03 23:30:25",A202,9653f952-2137-469f-a020-618fd5744ff7
196471,28,21.6,207,86,"2021-09-03 23:40:03",A201,9653f952-2137-469f-a020-618fd5744ff7
196487,23,22.9,224,107,"2021-09-03 23:57:25",A203,9653f952-2137-469f-a020-618fd5744ff7
196489,29,21.9,191,86,"2021-09-04 00:00:47",A202,9653f952-2137-469f-a020-618fd5744ff7
196498,28,21.5,206,86,"2021-09-04 00:10:25",A201,9653f952-2137-469f-a020-618fd5744ff7
196514,23,22.86,226,107,"2021-09-04 00:27:40",A203,9653f952-2137-469f-a020-618fd5744ff7
196524,28,21.4,205,86,"2021-09-04 00:40:48",A201,9653f952-2137-469f-a020-618fd5744ff7
196538,23,22.8,225,107,"2021-09-04 00:57:58",A203,9653f952-2137-469f-a020-618fd5744ff7
196541,29,21.7,193,86,"2021-09-04 01:01:31",A202,9653f952-2137-469f-a020-618fd5744ff7
196551,28,21.4,206,86,"2021-09-04 01:11:11",A201,9653f952-2137-469f-a020-618fd5744ff7
196566,23,22.7,226,107,"2021-09-04 01:28:15",A203,9653f952-2137-469f-a020-618fd5744ff7
196570,29,21.6,193,86,"2021-09-04 01:31:53",A202,9653f952-2137-469f-a020-618fd5744ff7
196577,28,21.3,205,86,"2021-09-04 01:41:34",A201,9653f952-2137-469f-a020-618fd5744ff7
196594,23,22.7,226,107,"2021-09-04 01:58:29",A203,9653f952-2137-469f-a020-618fd5744ff7
196598,29,21.5,193,86,"2021-09-04 02:02:16",A202,9653f952-2137-469f-a020-618fd5744ff7
196607,28,21.2,205,86,"2021-09-04 02:11:57",A201,9653f952-2137-469f-a020-618fd5744ff7
196623,23,22.6,225,107,"2021-09-04 02:28:47",A203,9653f952-2137-469f-a020-618fd5744ff7
196627,29,21.5,193,86,"2021-09-04 02:32:40",A202,9653f952-2137-469f-a020-618fd5744ff7
196636,28,21.2,204,86,"2021-09-04 02:42:22",A201,9653f952-2137-469f-a020-618fd5744ff7
196651,23,22.6,226,107,"2021-09-04 02:59:03",A203,9653f952-2137-469f-a020-618fd5744ff7
196655,29,21.4,193,86,"2021-09-04 03:03:04",A202,9653f952-2137-469f-a020-618fd5744ff7
196664,28,21.1,205,86,"2021-09-04 03:12:43",A201,9653f952-2137-469f-a020-618fd5744ff7
196680,23,22.5,223,107,"2021-09-04 03:29:19",A203,9653f952-2137-469f-a020-618fd5744ff7
196684,29,21.3,193,86,"2021-09-04 03:33:25",A202,9653f952-2137-469f-a020-618fd5744ff7
196693,28,21.1,205,86,"2021-09-04 03:43:05",A201,9653f952-2137-469f-a020-618fd5744ff7
196707,23,22.5,225,107,"2021-09-04 03:59:37",A203,9653f952-2137-469f-a020-618fd5744ff7
196712,29,21.3,193,86,"2021-09-04 04:03:50",A202,9653f952-2137-469f-a020-618fd5744ff7
196718,28,21,204,86,"2021-09-04 04:13:29",A201,9653f952-2137-469f-a020-618fd5744ff7
196731,23,22.4,219,107,"2021-09-04 04:29:52",A203,9653f952-2137-469f-a020-618fd5744ff7
196736,29,21.2,191,86,"2021-09-04 04:34:12",A202,9653f952-2137-469f-a020-618fd5744ff7
196743,28,21,205,93,"2021-09-04 04:43:53",A201,9653f952-2137-469f-a020-618fd5744ff7
196757,23,22.4,223,107,"2021-09-04 05:00:11",A203,9653f952-2137-469f-a020-618fd5744ff7
196762,29,21.2,192,93,"2021-09-04 05:04:37",A202,9653f952-2137-469f-a020-618fd5744ff7
196770,28,21,205,93,"2021-09-04 05:14:15",A201,9653f952-2137-469f-a020-618fd5744ff7
196783,23,22.4,225,107,"2021-09-04 05:30:28",A203,9653f952-2137-469f-a020-618fd5744ff7
196788,29,21.2,193,86,"2021-09-04 05:35:02",A202,9653f952-2137-469f-a020-618fd5744ff7
196795,28,21,205,93,"2021-09-04 05:44:40",A201,9653f952-2137-469f-a020-618fd5744ff7
196808,23,22.3,224,107,"2021-09-04 06:00:49",A203,9653f952-2137-469f-a020-618fd5744ff7
196813,29,21.3,192,93,"2021-09-04 06:05:29",A202,9653f952-2137-469f-a020-618fd5744ff7
196820,27,21.1,205,93,"2021-09-04 06:15:06",A201,9653f952-2137-469f-a020-618fd5744ff7
196834,23,22.3,224,107,"2021-09-04 06:31:09",A203,9653f952-2137-469f-a020-618fd5744ff7
196839,29,21.5,192,93,"2021-09-04 06:35:57",A202,9653f952-2137-469f-a020-618fd5744ff7
196846,27,21.3,204,93,"2021-09-04 06:45:32",A201,9653f952-2137-469f-a020-618fd5744ff7
196861,23,22.3,224,107,"2021-09-04 07:01:35",A203,9653f952-2137-469f-a020-618fd5744ff7
196866,29,21.8,192,93,"2021-09-04 07:06:28",A202,9653f952-2137-469f-a020-618fd5744ff7
196873,27,21.7,205,100,"2021-09-04 07:16:01",A201,9653f952-2137-469f-a020-618fd5744ff7
196886,23,22.3,225,107,"2021-09-04 07:32:00",A203,9653f952-2137-469f-a020-618fd5744ff7
196891,29,22.2,189,100,"2021-09-04 07:37:01",A202,9653f952-2137-469f-a020-618fd5744ff7
196900,27,22.1,205,100,"2021-09-04 07:46:27",A201,9653f952-2137-469f-a020-618fd5744ff7
196914,23,22.4,222,100,"2021-09-04 08:02:25",A203,9653f952-2137-469f-a020-618fd5744ff7
196919,29,22.7,191,100,"2021-09-04 08:07:34",A202,9653f952-2137-469f-a020-618fd5744ff7
196927,27,22.7,207,93,"2021-09-04 08:16:55",A201,9653f952-2137-469f-a020-618fd5744ff7
196939,23,22.5,223,107,"2021-09-04 08:32:52",A203,9653f952-2137-469f-a020-618fd5744ff7
196944,29,23.3,190,100,"2021-09-04 08:38:06",A202,9653f952-2137-469f-a020-618fd5744ff7
196952,27,23.2,206,100,"2021-09-04 08:47:23",A201,9653f952-2137-469f-a020-618fd5744ff7
196966,23,22.6,222,107,"2021-09-04 09:03:18",A203,9653f952-2137-469f-a020-618fd5744ff7
196971,29,23.8,188,100,"2021-09-04 09:08:39",A202,9653f952-2137-469f-a020-618fd5744ff7
196979,27,23.6,205,100,"2021-09-04 09:17:51",A201,9653f952-2137-469f-a020-618fd5744ff7
196993,23,22.8,223,107,"2021-09-04 09:33:41",A203,9653f952-2137-469f-a020-618fd5744ff7
196998,29,24.2,192,100,"2021-09-04 09:39:11",A202,9653f952-2137-469f-a020-618fd5744ff7
197004,27,23.9,205,100,"2021-09-04 09:48:19",A201,9653f952-2137-469f-a020-618fd5744ff7
197017,23,23,224,107,"2021-09-04 10:04:07",A203,9653f952-2137-469f-a020-618fd5744ff7
197022,29,24.6,191,100,"2021-09-04 10:09:43",A202,9653f952-2137-469f-a020-618fd5744ff7
197029,27,24.3,208,100,"2021-09-04 10:18:49",A201,9653f952-2137-469f-a020-618fd5744ff7
197041,23,23.2,225,100,"2021-09-04 10:34:32",A203,9653f952-2137-469f-a020-618fd5744ff7
197046,29,25,190,100,"2021-09-04 10:40:14",A202,9653f952-2137-469f-a020-618fd5744ff7
197053,27,24.6,205,100,"2021-09-04 10:49:15",A201,9653f952-2137-469f-a020-618fd5744ff7
197067,23,23.4,221,100,"2021-09-04 11:05:01",A203,9653f952-2137-469f-a020-618fd5744ff7
197072,29,25.5,193,100,"2021-09-04 11:10:47",A202,9653f952-2137-469f-a020-618fd5744ff7
197080,27,24.9,208,100,"2021-09-04 11:19:44",A201,9653f952-2137-469f-a020-618fd5744ff7
197095,23,23.6,224,107,"2021-09-04 11:35:27",A203,9653f952-2137-469f-a020-618fd5744ff7
197100,29,25.9,190,93,"2021-09-04 11:41:18",A202,9653f952-2137-469f-a020-618fd5744ff7
197108,27,25.1,209,93,"2021-09-04 11:50:12",A201,9653f952-2137-469f-a020-618fd5744ff7
197123,23,23.88,221,114,"2021-09-04 12:05:48",A203,9653f952-2137-469f-a020-618fd5744ff7
197129,29,26.1,192,86,"2021-09-04 12:11:45",A202,9653f952-2137-469f-a020-618fd5744ff7
197136,27,25,208,86,"2021-09-04 12:20:35",A201,9653f952-2137-469f-a020-618fd5744ff7
197149,23,24.1,221,107,"2021-09-04 12:36:03",A203,9653f952-2137-469f-a020-618fd5744ff7
197156,29,25.9,194,86,"2021-09-04 12:42:08",A202,9653f952-2137-469f-a020-618fd5744ff7
197163,27,24.7,210,86,"2021-09-04 12:50:59",A201,9653f952-2137-469f-a020-618fd5744ff7
197175,23,24.2,225,107,"2021-09-04 13:06:20",A203,9653f952-2137-469f-a020-618fd5744ff7
197182,29,25.5,194,86,"2021-09-04 13:12:31",A202,9653f952-2137-469f-a020-618fd5744ff7
197188,27,24.3,223,86,"2021-09-04 13:21:22",A201,9653f952-2137-469f-a020-618fd5744ff7
197202,23,24.2,226,107,"2021-09-04 13:36:36",A203,9653f952-2137-469f-a020-618fd5744ff7
197209,30,25,207,86,"2021-09-04 13:42:56",A202,9653f952-2137-469f-a020-618fd5744ff7
197216,28,24,229,86,"2021-09-04 13:51:44",A201,9653f952-2137-469f-a020-618fd5744ff7
197229,23,24.2,225,107,"2021-09-04 14:06:52",A203,9653f952-2137-469f-a020-618fd5744ff7
197236,30,24.7,210,86,"2021-09-04 14:13:18",A202,9653f952-2137-469f-a020-618fd5744ff7
197242,28,23.76,230,86,"2021-09-04 14:22:09",A201,9653f952-2137-469f-a020-618fd5744ff7
197256,23,24.1,225,107,"2021-09-04 14:37:10",A203,9653f952-2137-469f-a020-618fd5744ff7
197263,30,24.4,215,86,"2021-09-04 14:43:43",A202,9653f952-2137-469f-a020-618fd5744ff7
197282,23,24,222,107,"2021-09-04 15:07:27",A203,9653f952-2137-469f-a020-618fd5744ff7
197289,30,24.2,214,86,"2021-09-04 15:14:07",A202,9653f952-2137-469f-a020-618fd5744ff7
197295,28,23.4,229,86,"2021-09-04 15:22:57",A201,9653f952-2137-469f-a020-618fd5744ff7
197308,23,24,223,107,"2021-09-04 15:37:46",A203,9653f952-2137-469f-a020-618fd5744ff7
197315,30,24,214,86,"2021-09-04 15:44:31",A202,9653f952-2137-469f-a020-618fd5744ff7
197322,28,23.3,229,86,"2021-09-04 15:53:22",A201,9653f952-2137-469f-a020-618fd5744ff7
197333,23,23.9,222,107,"2021-09-04 16:08:04",A203,9653f952-2137-469f-a020-618fd5744ff7
197340,30,23.9,210,86,"2021-09-04 16:14:59",A202,9653f952-2137-469f-a020-618fd5744ff7
197345,28,23.2,228,86,"2021-09-04 16:23:45",A201,9653f952-2137-469f-a020-618fd5744ff7
197365,30,23.7,211,86,"2021-09-04 16:45:19",A202,9653f952-2137-469f-a020-618fd5744ff7
197373,28,23,227,86,"2021-09-04 16:55:58",A201,9653f952-2137-469f-a020-618fd5744ff7
197395,28,22.9,226,86,"2021-09-04 17:26:21",A201,9653f952-2137-469f-a020-618fd5744ff7
197412,28,22.7,227,86,"2021-09-04 17:56:45",A201,9653f952-2137-469f-a020-618fd5744ff7
197422,23,23.6,222,107,"2021-09-04 18:09:13",A203,9653f952-2137-469f-a020-618fd5744ff7
197429,28,22.6,227,86,"2021-09-04 18:27:08",A201,9653f952-2137-469f-a020-618fd5744ff7
197436,23,23.5,221,107,"2021-09-04 18:39:28",A203,9653f952-2137-469f-a020-618fd5744ff7
197442,28,22.4,226,86,"2021-09-04 18:57:32",A201,9653f952-2137-469f-a020-618fd5744ff7
197450,23,23.5,222,107,"2021-09-04 19:09:46",A203,9653f952-2137-469f-a020-618fd5744ff7
197456,28,22.3,222,86,"2021-09-04 19:27:56",A201,9653f952-2137-469f-a020-618fd5744ff7
197464,23,23.4,222,107,"2021-09-04 19:40:02",A203,9653f952-2137-469f-a020-618fd5744ff7
197471,30,22.6,209,86,"2021-09-04 19:47:37",A202,9653f952-2137-469f-a020-618fd5744ff7
197478,28,22.1,223,86,"2021-09-04 19:58:21",A201,9653f952-2137-469f-a020-618fd5744ff7
197489,23,23.3,222,107,"2021-09-04 20:10:19",A203,9653f952-2137-469f-a020-618fd5744ff7
197503,28,22,224,86,"2021-09-04 20:28:47",A201,9653f952-2137-469f-a020-618fd5744ff7
197514,23,23.2,223,107,"2021-09-04 20:40:37",A203,9653f952-2137-469f-a020-618fd5744ff7
197521,30,22.4,208,86,"2021-09-04 20:48:24",A202,9653f952-2137-469f-a020-618fd5744ff7
197530,28,21.9,225,86,"2021-09-04 20:59:07",A201,9653f952-2137-469f-a020-618fd5744ff7
197542,23,23.2,222,107,"2021-09-04 21:10:53",A203,9653f952-2137-469f-a020-618fd5744ff7
197549,30,22.26,206,86,"2021-09-04 21:18:47",A202,9653f952-2137-469f-a020-618fd5744ff7
197558,28,21.8,225,86,"2021-09-04 21:29:32",A201,9653f952-2137-469f-a020-618fd5744ff7
197571,23,23.1,222,107,"2021-09-04 21:41:10",A203,9653f952-2137-469f-a020-618fd5744ff7
197578,30,22.1,207,86,"2021-09-04 21:49:10",A202,9653f952-2137-469f-a020-618fd5744ff7
197587,28,21.7,224,86,"2021-09-04 21:59:55",A201,9653f952-2137-469f-a020-618fd5744ff7
197599,23,23,221,107,"2021-09-04 22:11:27",A203,9653f952-2137-469f-a020-618fd5744ff7
197606,30,22,208,86,"2021-09-04 22:19:32",A202,9653f952-2137-469f-a020-618fd5744ff7
197624,23,22.92,221,107,"2021-09-04 22:41:44",A203,9653f952-2137-469f-a020-618fd5744ff7
197631,30,21.9,207,86,"2021-09-04 22:49:56",A202,9653f952-2137-469f-a020-618fd5744ff7
197640,28,21.5,223,86,"2021-09-04 23:00:43",A201,9653f952-2137-469f-a020-618fd5744ff7
197651,23,22.9,222,107,"2021-09-04 23:11:59",A203,9653f952-2137-469f-a020-618fd5744ff7
197658,30,21.8,207,86,"2021-09-04 23:20:19",A202,9653f952-2137-469f-a020-618fd5744ff7
197677,23,22.8,221,107,"2021-09-04 23:42:15",A203,9653f952-2137-469f-a020-618fd5744ff7
197684,30,21.7,205,86,"2021-09-04 23:50:42",A202,9653f952-2137-469f-a020-618fd5744ff7
197692,28,21.3,223,86,"2021-09-05 00:01:30",A201,9653f952-2137-469f-a020-618fd5744ff7
197703,23,22.8,222,107,"2021-09-05 00:12:30",A203,9653f952-2137-469f-a020-618fd5744ff7
197710,30,21.6,203,86,"2021-09-05 00:21:02",A202,9653f952-2137-469f-a020-618fd5744ff7
197719,28,21.2,223,86,"2021-09-05 00:31:52",A201,9653f952-2137-469f-a020-618fd5744ff7
197730,23,22.7,219,107,"2021-09-05 00:42:45",A203,9653f952-2137-469f-a020-618fd5744ff7
197737,30,21.5,203,86,"2021-09-05 00:51:25",A202,9653f952-2137-469f-a020-618fd5744ff7
197745,28,21.2,222,86,"2021-09-05 01:02:17",A201,9653f952-2137-469f-a020-618fd5744ff7
197756,23,22.6,221,107,"2021-09-05 01:13:03",A203,9653f952-2137-469f-a020-618fd5744ff7
197763,30,21.4,205,86,"2021-09-05 01:21:48",A202,9653f952-2137-469f-a020-618fd5744ff7
197771,28,21.1,221,86,"2021-09-05 01:32:43",A201,9653f952-2137-469f-a020-618fd5744ff7
197782,23,22.6,221,107,"2021-09-05 01:43:17",A203,9653f952-2137-469f-a020-618fd5744ff7
197788,30,21.4,204,86,"2021-09-05 01:52:09",A202,9653f952-2137-469f-a020-618fd5744ff7
197797,28,21.1,222,86,"2021-09-05 02:03:01",A201,9653f952-2137-469f-a020-618fd5744ff7
197805,23,22.5,223,107,"2021-09-05 02:13:34",A203,9653f952-2137-469f-a020-618fd5744ff7
197813,30,21.3,204,86,"2021-09-05 02:22:32",A202,9653f952-2137-469f-a020-618fd5744ff7
197822,28,21,220,86,"2021-09-05 02:33:25",A201,9653f952-2137-469f-a020-618fd5744ff7
197833,23,22.5,223,107,"2021-09-05 02:43:50",A203,9653f952-2137-469f-a020-618fd5744ff7
197841,30,21.2,204,86,"2021-09-05 02:52:53",A202,9653f952-2137-469f-a020-618fd5744ff7
197859,23,22.4,223,107,"2021-09-05 03:14:03",A203,9653f952-2137-469f-a020-618fd5744ff7
197867,30,21.2,204,86,"2021-09-05 03:23:17",A202,9653f952-2137-469f-a020-618fd5744ff7
197876,28,20.9,219,86,"2021-09-05 03:34:10",A201,9653f952-2137-469f-a020-618fd5744ff7
197885,23,22.4,221,107,"2021-09-05 03:44:19",A203,9653f952-2137-469f-a020-618fd5744ff7
197899,28,20.8,218,86,"2021-09-05 04:04:34",A201,9653f952-2137-469f-a020-618fd5744ff7
197908,23,22.3,219,107,"2021-09-05 04:14:35",A203,9653f952-2137-469f-a020-618fd5744ff7
197916,30,21,198,86,"2021-09-05 04:24:00",A202,9653f952-2137-469f-a020-618fd5744ff7
197934,23,22.3,220,107,"2021-09-05 04:44:49",A203,9653f952-2137-469f-a020-618fd5744ff7
197943,30,20.9,200,86,"2021-09-05 04:54:23",A202,9653f952-2137-469f-a020-618fd5744ff7
197952,28,20.7,220,93,"2021-09-05 05:05:19",A201,9653f952-2137-469f-a020-618fd5744ff7
197962,23,22.2,220,107,"2021-09-05 05:15:07",A203,9653f952-2137-469f-a020-618fd5744ff7
197970,30,20.9,200,93,"2021-09-05 05:24:47",A202,9653f952-2137-469f-a020-618fd5744ff7
197987,23,22.2,221,107,"2021-09-05 05:45:24",A203,9653f952-2137-469f-a020-618fd5744ff7
197996,30,20.9,202,93,"2021-09-05 05:55:14",A202,9653f952-2137-469f-a020-618fd5744ff7
198006,28,20.7,218,93,"2021-09-05 06:06:08",A201,9653f952-2137-469f-a020-618fd5744ff7
198017,23,22.1,221,107,"2021-09-05 06:15:47",A203,9653f952-2137-469f-a020-618fd5744ff7
198025,30,21.1,200,93,"2021-09-05 06:25:42",A202,9653f952-2137-469f-a020-618fd5744ff7
198034,28,20.9,217,93,"2021-09-05 06:36:35",A201,9653f952-2137-469f-a020-618fd5744ff7
198044,23,22.1,219,107,"2021-09-05 06:46:09",A203,9653f952-2137-469f-a020-618fd5744ff7
198059,28,21.2,221,100,"2021-09-05 07:07:02",A201,9653f952-2137-469f-a020-618fd5744ff7
198067,23,22.1,220,107,"2021-09-05 07:16:33",A203,9653f952-2137-469f-a020-618fd5744ff7
198076,30,21.8,202,93,"2021-09-05 07:26:46",A202,9653f952-2137-469f-a020-618fd5744ff7
198084,28,21.7,220,100,"2021-09-05 07:37:30",A201,9653f952-2137-469f-a020-618fd5744ff7
198094,23,22.2,220,107,"2021-09-05 07:46:58",A203,9653f952-2137-469f-a020-618fd5744ff7
198103,30,22.3,201,100,"2021-09-05 07:57:16",A202,9653f952-2137-469f-a020-618fd5744ff7
198111,28,22.2,222,100,"2021-09-05 08:07:58",A201,9653f952-2137-469f-a020-618fd5744ff7
198120,23,22.2,220,107,"2021-09-05 08:17:25",A203,9653f952-2137-469f-a020-618fd5744ff7
198129,30,22.9,200,100,"2021-09-05 08:27:51",A202,9653f952-2137-469f-a020-618fd5744ff7
198138,28,22.8,222,100,"2021-09-05 08:38:26",A201,9653f952-2137-469f-a020-618fd5744ff7
198146,23,22.34,220,100,"2021-09-05 08:47:51",A203,9653f952-2137-469f-a020-618fd5744ff7
198155,30,23.6,201,100,"2021-09-05 08:58:21",A202,9653f952-2137-469f-a020-618fd5744ff7
198173,23,22.5,220,100,"2021-09-05 09:18:18",A203,9653f952-2137-469f-a020-618fd5744ff7
198182,30,24.2,200,100,"2021-09-05 09:28:55",A202,9653f952-2137-469f-a020-618fd5744ff7
198191,28,24.1,225,100,"2021-09-05 09:39:25",A201,9653f952-2137-469f-a020-618fd5744ff7
198198,23,22.7,220,107,"2021-09-05 09:48:46",A203,9653f952-2137-469f-a020-618fd5744ff7
198207,29,24.8,200,100,"2021-09-05 09:59:28",A202,9653f952-2137-469f-a020-618fd5744ff7
198216,28,24.6,224,100,"2021-09-05 10:09:53",A201,9653f952-2137-469f-a020-618fd5744ff7
198226,23,22.9,220,100,"2021-09-05 10:19:10",A203,9653f952-2137-469f-a020-618fd5744ff7
198235,29,25.1,200,100,"2021-09-05 10:30:01",A202,9653f952-2137-469f-a020-618fd5744ff7
198245,28,24.8,224,100,"2021-09-05 10:40:23",A201,9653f952-2137-469f-a020-618fd5744ff7
198255,23,23.2,218,100,"2021-09-05 10:49:38",A203,9653f952-2137-469f-a020-618fd5744ff7
198264,29,25.3,200,100,"2021-09-05 11:00:35",A202,9653f952-2137-469f-a020-618fd5744ff7
198272,28,25,223,100,"2021-09-05 11:10:53",A201,9653f952-2137-469f-a020-618fd5744ff7
198280,23,23.4,218,100,"2021-09-05 11:20:06",A203,9653f952-2137-469f-a020-618fd5744ff7
198289,29,25.5,202,100,"2021-09-05 11:31:08",A202,9653f952-2137-469f-a020-618fd5744ff7
198299,28,25.2,224,100,"2021-09-05 11:41:22",A201,9653f952-2137-469f-a020-618fd5744ff7
198308,23,23.6,220,100,"2021-09-05 11:50:35",A203,9653f952-2137-469f-a020-618fd5744ff7
198317,29,25.8,202,100,"2021-09-05 12:01:42",A202,9653f952-2137-469f-a020-618fd5744ff7
198326,28,25.4,223,100,"2021-09-05 12:11:55",A201,9653f952-2137-469f-a020-618fd5744ff7
198337,23,23.7,217,100,"2021-09-05 12:21:06",A203,9653f952-2137-469f-a020-618fd5744ff7
198355,28,25.7,222,100,"2021-09-05 12:42:24",A201,9653f952-2137-469f-a020-618fd5744ff7
198366,23,23.9,219,93,"2021-09-05 12:51:38",A203,9653f952-2137-469f-a020-618fd5744ff7
198375,29,26.4,201,100,"2021-09-05 13:02:57",A202,9653f952-2137-469f-a020-618fd5744ff7
198384,28,26.1,221,100,"2021-09-05 13:12:56",A201,9653f952-2137-469f-a020-618fd5744ff7
198392,23,24.2,219,100,"2021-09-05 13:22:11",A203,9653f952-2137-469f-a020-618fd5744ff7
198400,29,26.8,202,100,"2021-09-05 13:33:36",A202,9653f952-2137-469f-a020-618fd5744ff7
198410,28,26.3,219,100,"2021-09-05 13:43:28",A201,9653f952-2137-469f-a020-618fd5744ff7
198420,23,24.4,219,100,"2021-09-05 13:52:42",A203,9653f952-2137-469f-a020-618fd5744ff7
198429,29,27,201,100,"2021-09-05 14:04:13",A202,9653f952-2137-469f-a020-618fd5744ff7
198437,28,26.4,221,93,"2021-09-05 14:13:58",A201,9653f952-2137-469f-a020-618fd5744ff7
198448,23,24.5,220,100,"2021-09-05 14:23:12",A203,9653f952-2137-469f-a020-618fd5744ff7
198457,29,27.1,203,100,"2021-09-05 14:34:49",A202,9653f952-2137-469f-a020-618fd5744ff7
198465,28,26.4,220,100,"2021-09-05 14:44:31",A201,9653f952-2137-469f-a020-618fd5744ff7
198475,23,24.7,220,100,"2021-09-05 14:53:43",A203,9653f952-2137-469f-a020-618fd5744ff7
198483,29,27.1,203,86,"2021-09-05 15:05:25",A202,9653f952-2137-469f-a020-618fd5744ff7
198491,28,26.4,221,86,"2021-09-05 15:15:01",A201,9653f952-2137-469f-a020-618fd5744ff7
198501,23,24.8,218,107,"2021-09-05 15:24:09",A203,9653f952-2137-469f-a020-618fd5744ff7
198511,29,27,203,86,"2021-09-05 15:35:56",A202,9653f952-2137-469f-a020-618fd5744ff7
198517,28,26.2,220,86,"2021-09-05 15:45:28",A201,9653f952-2137-469f-a020-618fd5744ff7
198526,23,24.9,218,107,"2021-09-05 15:54:32",A203,9653f952-2137-469f-a020-618fd5744ff7
198536,29,26.8,203,86,"2021-09-05 16:06:26",A202,9653f952-2137-469f-a020-618fd5744ff7
198542,28,26,220,86,"2021-09-05 16:15:54",A201,9653f952-2137-469f-a020-618fd5744ff7
198552,23,24.9,220,107,"2021-09-05 16:24:56",A203,9653f952-2137-469f-a020-618fd5744ff7
198560,29,26.5,204,86,"2021-09-05 16:36:53",A202,9653f952-2137-469f-a020-618fd5744ff7
198568,28,25.7,219,86,"2021-09-05 16:46:20",A201,9653f952-2137-469f-a020-618fd5744ff7
198578,23,24.9,221,107,"2021-09-05 16:55:14",A203,9653f952-2137-469f-a020-618fd5744ff7
198587,29,26.1,204,86,"2021-09-05 17:07:20",A202,9653f952-2137-469f-a020-618fd5744ff7
198596,28,25.3,218,86,"2021-09-05 17:16:45",A201,9653f952-2137-469f-a020-618fd5744ff7
198603,23,24.8,220,107,"2021-09-05 17:25:34",A203,9653f952-2137-469f-a020-618fd5744ff7
198611,29,25.8,202,86,"2021-09-05 17:37:47",A202,9653f952-2137-469f-a020-618fd5744ff7
198617,28,25,216,86,"2021-09-05 17:47:13",A201,9653f952-2137-469f-a020-618fd5744ff7
198632,29,25.5,203,86,"2021-09-05 18:08:13",A202,9653f952-2137-469f-a020-618fd5744ff7
198637,28,24.7,216,86,"2021-09-05 18:17:37",A201,9653f952-2137-469f-a020-618fd5744ff7
198649,29,25.2,204,86,"2021-09-05 18:38:40",A202,9653f952-2137-469f-a020-618fd5744ff7
198656,28,24.5,216,86,"2021-09-05 18:48:02",A201,9653f952-2137-469f-a020-618fd5744ff7
198664,23,24.6,220,107,"2021-09-05 18:58:15",A203,9653f952-2137-469f-a020-618fd5744ff7
198669,29,24.9,204,86,"2021-09-05 19:09:04",A202,9653f952-2137-469f-a020-618fd5744ff7
198674,28,24.3,213,86,"2021-09-05 19:18:26",A201,9653f952-2137-469f-a020-618fd5744ff7
198683,23,24.5,219,107,"2021-09-05 19:28:34",A203,9653f952-2137-469f-a020-618fd5744ff7
198691,29,24.7,203,86,"2021-09-05 19:39:29",A202,9653f952-2137-469f-a020-618fd5744ff7
198701,28,24,215,86,"2021-09-05 19:48:52",A201,9653f952-2137-469f-a020-618fd5744ff7
198718,29,24.48,202,86,"2021-09-05 20:09:54",A202,9653f952-2137-469f-a020-618fd5744ff7
198728,28,23.8,214,86,"2021-09-05 20:19:18",A201,9653f952-2137-469f-a020-618fd5744ff7
198737,23,24.3,220,107,"2021-09-05 20:29:16",A203,9653f952-2137-469f-a020-618fd5744ff7
198747,29,24.2,203,86,"2021-09-05 20:40:21",A202,9653f952-2137-469f-a020-618fd5744ff7
198756,28,23.7,213,86,"2021-09-05 20:49:42",A201,9653f952-2137-469f-a020-618fd5744ff7
198766,23,24.2,222,107,"2021-09-05 20:59:35",A203,9653f952-2137-469f-a020-618fd5744ff7
198776,29,24,203,86,"2021-09-05 21:10:44",A202,9653f952-2137-469f-a020-618fd5744ff7
198786,28,23.5,211,86,"2021-09-05 21:20:06",A201,9653f952-2137-469f-a020-618fd5744ff7
198796,23,24.1,222,107,"2021-09-05 21:29:56",A203,9653f952-2137-469f-a020-618fd5744ff7
198805,29,23.8,203,86,"2021-09-05 21:41:08",A202,9653f952-2137-469f-a020-618fd5744ff7
198814,28,23.3,213,86,"2021-09-05 21:50:30",A201,9653f952-2137-469f-a020-618fd5744ff7
198824,23,24,221,107,"2021-09-05 22:00:16",A203,9653f952-2137-469f-a020-618fd5744ff7
198834,29,23.6,203,86,"2021-09-05 22:11:30",A202,9653f952-2137-469f-a020-618fd5744ff7
198843,28,23.1,212,86,"2021-09-05 22:20:53",A201,9653f952-2137-469f-a020-618fd5744ff7
198853,23,23.9,221,107,"2021-09-05 22:30:35",A203,9653f952-2137-469f-a020-618fd5744ff7
198862,29,23.4,201,86,"2021-09-05 22:41:54",A202,9653f952-2137-469f-a020-618fd5744ff7
198870,28,22.9,211,86,"2021-09-05 22:51:20",A201,9653f952-2137-469f-a020-618fd5744ff7
198879,23,23.8,221,107,"2021-09-05 23:00:54",A203,9653f952-2137-469f-a020-618fd5744ff7
198889,29,23.2,202,86,"2021-09-05 23:12:17",A202,9653f952-2137-469f-a020-618fd5744ff7
198898,28,22.7,209,86,"2021-09-05 23:21:44",A201,9653f952-2137-469f-a020-618fd5744ff7
198908,23,23.7,222,107,"2021-09-05 23:31:12",A203,9653f952-2137-469f-a020-618fd5744ff7
198918,29,23,202,86,"2021-09-05 23:43:46",A202,9653f952-2137-469f-a020-618fd5744ff7
198928,28,22.52,211,86,"2021-09-05 23:52:06",A201,9653f952-2137-469f-a020-618fd5744ff7
198939,23,23.6,218,107,"2021-09-06 00:01:33",A203,9653f952-2137-469f-a020-618fd5744ff7
198948,29,22.88,201,86,"2021-09-06 00:14:09",A202,9653f952-2137-469f-a020-618fd5744ff7
198958,28,22.4,210,86,"2021-09-06 00:22:29",A201,9653f952-2137-469f-a020-618fd5744ff7
198970,23,23.5,220,107,"2021-09-06 00:31:50",A203,9653f952-2137-469f-a020-618fd5744ff7
198978,29,22.7,200,86,"2021-09-06 00:44:35",A202,9653f952-2137-469f-a020-618fd5744ff7
198987,28,22.3,211,86,"2021-09-06 00:52:52",A201,9653f952-2137-469f-a020-618fd5744ff7
199000,23,23.4,222,107,"2021-09-06 01:02:07",A203,9653f952-2137-469f-a020-618fd5744ff7
199007,29,22.5,202,86,"2021-09-06 01:15:00",A202,9653f952-2137-469f-a020-618fd5744ff7
199016,28,22.1,210,86,"2021-09-06 01:23:15",A201,9653f952-2137-469f-a020-618fd5744ff7
199028,23,23.3,222,107,"2021-09-06 01:32:28",A203,9653f952-2137-469f-a020-618fd5744ff7
199036,29,22.4,199,86,"2021-09-06 01:45:26",A202,9653f952-2137-469f-a020-618fd5744ff7
199045,28,22,208,86,"2021-09-06 01:53:38",A201,9653f952-2137-469f-a020-618fd5744ff7
199057,23,23.2,219,107,"2021-09-06 02:02:42",A203,9653f952-2137-469f-a020-618fd5744ff7
199065,29,22.3,201,86,"2021-09-06 02:15:50",A202,9653f952-2137-469f-a020-618fd5744ff7
199074,28,21.9,208,86,"2021-09-06 02:24:00",A201,9653f952-2137-469f-a020-618fd5744ff7
199086,23,23.1,221,107,"2021-09-06 02:33:00",A203,9653f952-2137-469f-a020-618fd5744ff7
199094,29,22.1,201,86,"2021-09-06 02:46:14",A202,9653f952-2137-469f-a020-618fd5744ff7
199102,28,21.7,209,86,"2021-09-06 02:54:24",A201,9653f952-2137-469f-a020-618fd5744ff7
199114,23,23.1,220,107,"2021-09-06 03:03:18",A203,9653f952-2137-469f-a020-618fd5744ff7
199121,29,22,201,86,"2021-09-06 03:16:39",A202,9653f952-2137-469f-a020-618fd5744ff7
199129,28,21.6,210,86,"2021-09-06 03:24:49",A201,9653f952-2137-469f-a020-618fd5744ff7
199141,23,23,217,114,"2021-09-06 03:33:34",A203,9653f952-2137-469f-a020-618fd5744ff7
199149,29,21.9,198,86,"2021-09-06 03:47:03",A202,9653f952-2137-469f-a020-618fd5744ff7
199158,28,21.5,209,86,"2021-09-06 03:55:09",A201,9653f952-2137-469f-a020-618fd5744ff7
199169,23,22.9,219,107,"2021-09-06 04:03:51",A203,9653f952-2137-469f-a020-618fd5744ff7
199177,29,21.7,197,86,"2021-09-06 04:17:27",A202,9653f952-2137-469f-a020-618fd5744ff7
199186,28,21.4,209,86,"2021-09-06 04:25:34",A201,9653f952-2137-469f-a020-618fd5744ff7
199197,23,22.8,222,107,"2021-09-06 04:34:08",A203,9653f952-2137-469f-a020-618fd5744ff7
199205,29,21.6,199,86,"2021-09-06 04:47:52",A202,9653f952-2137-469f-a020-618fd5744ff7
199214,28,21.3,208,86,"2021-09-06 04:55:58",A201,9653f952-2137-469f-a020-618fd5744ff7
199226,23,22.7,220,107,"2021-09-06 05:04:27",A203,9653f952-2137-469f-a020-618fd5744ff7
199235,29,21.5,199,93,"2021-09-06 05:18:15",A202,9653f952-2137-469f-a020-618fd5744ff7
199241,28,21.3,209,93,"2021-09-06 05:26:22",A201,9653f952-2137-469f-a020-618fd5744ff7
199251,23,22.7,221,107,"2021-09-06 05:34:45",A203,9653f952-2137-469f-a020-618fd5744ff7
199261,29,21.5,198,93,"2021-09-06 05:48:45",A202,9653f952-2137-469f-a020-618fd5744ff7
199269,27,21.3,208,93,"2021-09-06 05:56:44",A201,9653f952-2137-469f-a020-618fd5744ff7
199279,23,22.6,220,107,"2021-09-06 06:05:07",A203,9653f952-2137-469f-a020-618fd5744ff7
199288,29,21.7,196,93,"2021-09-06 06:19:12",A202,9653f952-2137-469f-a020-618fd5744ff7
199296,27,21.4,207,93,"2021-09-06 06:27:10",A201,9653f952-2137-469f-a020-618fd5744ff7
199307,23,22.5,219,107,"2021-09-06 06:35:32",A203,9653f952-2137-469f-a020-618fd5744ff7
199316,29,21.9,198,93,"2021-09-06 06:49:45",A202,9653f952-2137-469f-a020-618fd5744ff7
199324,27,21.7,208,100,"2021-09-06 06:57:37",A201,9653f952-2137-469f-a020-618fd5744ff7
199335,23,22.5,218,107,"2021-09-06 07:05:58",A203,9653f952-2137-469f-a020-618fd5744ff7
199345,29,22.3,196,93,"2021-09-06 07:20:20",A202,9653f952-2137-469f-a020-618fd5744ff7
199354,27,22.1,209,100,"2021-09-06 07:28:04",A201,9653f952-2137-469f-a020-618fd5744ff7
199364,23,22.5,220,100,"2021-09-06 07:36:25",A203,9653f952-2137-469f-a020-618fd5744ff7
199374,29,22.8,198,100,"2021-09-06 07:50:56",A202,9653f952-2137-469f-a020-618fd5744ff7
199381,27,22.6,210,100,"2021-09-06 07:58:33",A201,9653f952-2137-469f-a020-618fd5744ff7
199391,23,22.6,217,100,"2021-09-06 08:06:57",A203,9653f952-2137-469f-a020-618fd5744ff7
199400,29,23.4,197,100,"2021-09-06 08:21:33",A202,9653f952-2137-469f-a020-618fd5744ff7
199408,27,23.1,210,100,"2021-09-06 08:29:02",A201,9653f952-2137-469f-a020-618fd5744ff7
199415,23,22.7,219,100,"2021-09-06 08:37:25",A203,9653f952-2137-469f-a020-618fd5744ff7
199426,29,24.1,198,100,"2021-09-06 08:52:08",A202,9653f952-2137-469f-a020-618fd5744ff7
199434,27,23.6,212,100,"2021-09-06 08:59:32",A201,9653f952-2137-469f-a020-618fd5744ff7
199443,23,22.8,220,100,"2021-09-06 09:07:54",A203,9653f952-2137-469f-a020-618fd5744ff7
199455,29,24.7,197,100,"2021-09-06 09:22:43",A202,9653f952-2137-469f-a020-618fd5744ff7
199461,27,24.1,212,100,"2021-09-06 09:30:03",A201,9653f952-2137-469f-a020-618fd5744ff7
199469,23,23,219,100,"2021-09-06 09:38:23",A203,9653f952-2137-469f-a020-618fd5744ff7
199479,29,25.1,195,100,"2021-09-06 09:53:24",A202,9653f952-2137-469f-a020-618fd5744ff7
199494,23,23.2,219,100,"2021-09-06 10:08:53",A203,9653f952-2137-469f-a020-618fd5744ff7
199506,29,25.5,198,100,"2021-09-06 10:23:59",A202,9653f952-2137-469f-a020-618fd5744ff7
199515,27,24.7,209,100,"2021-09-06 10:31:01",A201,9653f952-2137-469f-a020-618fd5744ff7
199524,23,23.3,218,100,"2021-09-06 10:39:24",A203,9653f952-2137-469f-a020-618fd5744ff7
199535,29,26,197,100,"2021-09-06 10:54:35",A202,9653f952-2137-469f-a020-618fd5744ff7
199543,27,25.1,213,100,"2021-09-06 11:01:31",A201,9653f952-2137-469f-a020-618fd5744ff7
199552,23,23.5,218,100,"2021-09-06 11:09:54",A203,9653f952-2137-469f-a020-618fd5744ff7
199565,29,26.4,198,100,"2021-09-06 11:25:12",A202,9653f952-2137-469f-a020-618fd5744ff7
199572,27,25.48,213,100,"2021-09-06 11:32:01",A201,9653f952-2137-469f-a020-618fd5744ff7
199580,23,23.7,218,93,"2021-09-06 11:40:28",A203,9653f952-2137-469f-a020-618fd5744ff7
199592,29,26.9,196,100,"2021-09-06 11:55:51",A202,9653f952-2137-469f-a020-618fd5744ff7
199599,27,25.9,213,100,"2021-09-06 12:02:32",A201,9653f952-2137-469f-a020-618fd5744ff7
199607,23,23.9,217,100,"2021-09-06 12:11:00",A203,9653f952-2137-469f-a020-618fd5744ff7
199620,29,27.5,197,100,"2021-09-06 12:26:32",A202,9653f952-2137-469f-a020-618fd5744ff7
199627,27,26.3,214,100,"2021-09-06 12:33:05",A201,9653f952-2137-469f-a020-618fd5744ff7
199635,23,24.1,220,93,"2021-09-06 12:41:36",A203,9653f952-2137-469f-a020-618fd5744ff7
199648,29,27.9,199,100,"2021-09-06 12:57:13",A202,9653f952-2137-469f-a020-618fd5744ff7
199656,27,26.7,214,100,"2021-09-06 13:03:38",A201,9653f952-2137-469f-a020-618fd5744ff7
199665,23,24.3,218,107,"2021-09-06 13:12:09",A203,9653f952-2137-469f-a020-618fd5744ff7
199678,29,28.2,198,86,"2021-09-06 13:27:45",A202,9653f952-2137-469f-a020-618fd5744ff7
199685,27,26.9,214,86,"2021-09-06 13:34:03",A201,9653f952-2137-469f-a020-618fd5744ff7
199692,23,24.4,220,107,"2021-09-06 13:42:29",A203,9653f952-2137-469f-a020-618fd5744ff7
199706,29,28.2,196,86,"2021-09-06 13:58:13",A202,9653f952-2137-469f-a020-618fd5744ff7
199712,27,26.8,214,86,"2021-09-06 14:04:28",A201,9653f952-2137-469f-a020-618fd5744ff7
199720,23,24.6,220,107,"2021-09-06 14:12:50",A203,9653f952-2137-469f-a020-618fd5744ff7
199734,29,27.8,199,86,"2021-09-06 14:28:43",A202,9653f952-2137-469f-a020-618fd5744ff7
199746,23,24.7,219,107,"2021-09-06 14:43:12",A203,9653f952-2137-469f-a020-618fd5744ff7
199761,29,27.4,201,86,"2021-09-06 14:59:12",A202,9653f952-2137-469f-a020-618fd5744ff7
199767,27,26.2,212,86,"2021-09-06 15:05:19",A201,9653f952-2137-469f-a020-618fd5744ff7
199773,23,24.7,218,107,"2021-09-06 15:13:34",A203,9653f952-2137-469f-a020-618fd5744ff7
199789,29,27,201,86,"2021-09-06 15:29:40",A202,9653f952-2137-469f-a020-618fd5744ff7
199796,27,25.9,212,86,"2021-09-06 15:35:46",A201,9653f952-2137-469f-a020-618fd5744ff7
199804,23,24.7,218,107,"2021-09-06 15:43:57",A203,9653f952-2137-469f-a020-618fd5744ff7
199821,29,26.7,198,86,"2021-09-06 16:00:10",A202,9653f952-2137-469f-a020-618fd5744ff7
199826,27,25.7,212,86,"2021-09-06 16:06:10",A201,9653f952-2137-469f-a020-618fd5744ff7
199834,23,24.7,217,107,"2021-09-06 16:14:19",A203,9653f952-2137-469f-a020-618fd5744ff7
199850,29,26.4,201,86,"2021-09-06 16:30:38",A202,9653f952-2137-469f-a020-618fd5744ff7
199856,27,25.4,212,86,"2021-09-06 16:36:38",A201,9653f952-2137-469f-a020-618fd5744ff7
199862,23,24.6,218,107,"2021-09-06 16:44:41",A203,9653f952-2137-469f-a020-618fd5744ff7
199875,29,26,200,86,"2021-09-06 17:01:07",A202,9653f952-2137-469f-a020-618fd5744ff7
199878,27,25.1,208,86,"2021-09-06 17:07:00",A201,9653f952-2137-469f-a020-618fd5744ff7
199891,29,25.7,202,86,"2021-09-06 17:31:33",A202,9653f952-2137-469f-a020-618fd5744ff7
199893,27,24.9,210,86,"2021-09-06 17:37:24",A201,9653f952-2137-469f-a020-618fd5744ff7
199903,29,25.5,202,86,"2021-09-06 18:02:01",A202,9653f952-2137-469f-a020-618fd5744ff7
199905,27,24.7,211,86,"2021-09-06 18:07:49",A201,9653f952-2137-469f-a020-618fd5744ff7
199917,27,24.5,210,86,"2021-09-06 18:38:14",A201,9653f952-2137-469f-a020-618fd5744ff7
199927,27,24.3,207,86,"2021-09-06 19:08:38",A201,9653f952-2137-469f-a020-618fd5744ff7
199940,29,24.7,201,86,"2021-09-06 19:33:21",A202,9653f952-2137-469f-a020-618fd5744ff7
199948,23,24.2,221,107,"2021-09-06 19:46:43",A203,9653f952-2137-469f-a020-618fd5744ff7
199966,29,24.5,200,86,"2021-09-06 20:03:47",A202,9653f952-2137-469f-a020-618fd5744ff7
199972,27,23.9,208,86,"2021-09-06 20:11:16",A201,9653f952-2137-469f-a020-618fd5744ff7
199977,23,24.1,222,107,"2021-09-06 20:17:03",A203,9653f952-2137-469f-a020-618fd5744ff7
199994,29,24.3,200,86,"2021-09-06 20:34:13",A202,9653f952-2137-469f-a020-618fd5744ff7
200000,27,23.7,209,86,"2021-09-06 20:41:40",A201,9653f952-2137-469f-a020-618fd5744ff7
200006,23,24,221,107,"2021-09-06 20:47:22",A203,9653f952-2137-469f-a020-618fd5744ff7
200024,29,24.1,201,86,"2021-09-06 21:04:39",A202,9653f952-2137-469f-a020-618fd5744ff7
200029,27,23.5,206,86,"2021-09-06 21:12:02",A201,9653f952-2137-469f-a020-618fd5744ff7
200035,23,23.9,222,107,"2021-09-06 21:17:41",A203,9653f952-2137-469f-a020-618fd5744ff7
200053,29,23.9,199,86,"2021-09-06 21:35:05",A202,9653f952-2137-469f-a020-618fd5744ff7
200059,27,23.3,205,86,"2021-09-06 21:42:25",A201,9653f952-2137-469f-a020-618fd5744ff7
200065,23,23.9,220,107,"2021-09-06 21:48:00",A203,9653f952-2137-469f-a020-618fd5744ff7
200084,29,23.7,200,86,"2021-09-06 22:05:32",A202,9653f952-2137-469f-a020-618fd5744ff7
200089,27,23.2,209,86,"2021-09-06 22:12:49",A201,9653f952-2137-469f-a020-618fd5744ff7
200095,23,23.8,219,107,"2021-09-06 22:18:19",A203,9653f952-2137-469f-a020-618fd5744ff7
200114,29,23.5,201,86,"2021-09-06 22:35:56",A202,9653f952-2137-469f-a020-618fd5744ff7
200119,27,23,208,86,"2021-09-06 22:43:14",A201,9653f952-2137-469f-a020-618fd5744ff7
200125,23,23.7,217,107,"2021-09-06 22:48:37",A203,9653f952-2137-469f-a020-618fd5744ff7
200143,29,23.3,201,86,"2021-09-06 23:06:20",A202,9653f952-2137-469f-a020-618fd5744ff7
200149,27,22.8,208,86,"2021-09-06 23:13:33",A201,9653f952-2137-469f-a020-618fd5744ff7
200154,23,23.6,220,107,"2021-09-06 23:18:54",A203,9653f952-2137-469f-a020-618fd5744ff7
200173,29,23.2,198,86,"2021-09-06 23:36:45",A202,9653f952-2137-469f-a020-618fd5744ff7
200180,27,22.7,208,86,"2021-09-06 23:43:56",A201,9653f952-2137-469f-a020-618fd5744ff7
200185,23,23.5,222,107,"2021-09-06 23:49:13",A203,9653f952-2137-469f-a020-618fd5744ff7
200204,29,23,197,86,"2021-09-07 00:07:09",A202,9653f952-2137-469f-a020-618fd5744ff7
200211,27,22.5,204,86,"2021-09-07 00:14:18",A201,9653f952-2137-469f-a020-618fd5744ff7
200216,23,23.4,222,107,"2021-09-07 00:19:30",A203,9653f952-2137-469f-a020-618fd5744ff7
200235,29,22.8,198,86,"2021-09-07 00:37:33",A202,9653f952-2137-469f-a020-618fd5744ff7
200242,27,22.3,205,86,"2021-09-07 00:44:40",A201,9653f952-2137-469f-a020-618fd5744ff7
200247,23,23.4,221,107,"2021-09-07 00:49:47",A203,9653f952-2137-469f-a020-618fd5744ff7
200264,29,22.6,200,86,"2021-09-07 01:07:58",A202,9653f952-2137-469f-a020-618fd5744ff7
200271,27,22.2,207,86,"2021-09-07 01:15:02",A201,9653f952-2137-469f-a020-618fd5744ff7
200276,23,23.3,217,107,"2021-09-07 01:20:03",A203,9653f952-2137-469f-a020-618fd5744ff7
200294,29,22.4,199,86,"2021-09-07 01:38:20",A202,9653f952-2137-469f-a020-618fd5744ff7
200300,27,22.1,206,86,"2021-09-07 01:45:23",A201,9653f952-2137-469f-a020-618fd5744ff7
200304,23,23.2,221,107,"2021-09-07 01:50:19",A203,9653f952-2137-469f-a020-618fd5744ff7
200322,29,22.3,198,86,"2021-09-07 02:08:45",A202,9653f952-2137-469f-a020-618fd5744ff7
200327,27,21.9,206,86,"2021-09-07 02:15:44",A201,9653f952-2137-469f-a020-618fd5744ff7
200336,29,22.1,199,86,"2021-09-07 02:39:08",A202,9653f952-2137-469f-a020-618fd5744ff7
200341,27,21.8,205,86,"2021-09-07 02:46:07",A201,9653f952-2137-469f-a020-618fd5744ff7
200342,23,23,216,114,"2021-09-07 02:50:52",A203,9653f952-2137-469f-a020-618fd5744ff7
200353,29,22,194,86,"2021-09-07 03:09:28",A202,9653f952-2137-469f-a020-618fd5744ff7
200358,27,21.6,205,86,"2021-09-07 03:16:27",A201,9653f952-2137-469f-a020-618fd5744ff7
200359,23,22.9,221,114,"2021-09-07 03:21:08",A203,9653f952-2137-469f-a020-618fd5744ff7
200370,29,21.8,197,86,"2021-09-07 03:39:52",A202,9653f952-2137-469f-a020-618fd5744ff7
200375,27,21.5,204,86,"2021-09-07 03:46:52",A201,9653f952-2137-469f-a020-618fd5744ff7
200376,23,22.8,221,114,"2021-09-07 03:51:23",A203,9653f952-2137-469f-a020-618fd5744ff7
200386,29,21.6,198,86,"2021-09-07 04:10:14",A202,9653f952-2137-469f-a020-618fd5744ff7
200391,27,21.4,206,86,"2021-09-07 04:17:11",A201,9653f952-2137-469f-a020-618fd5744ff7
200403,29,21.5,198,86,"2021-09-07 04:40:38",A202,9653f952-2137-469f-a020-618fd5744ff7
200408,27,21.3,204,86,"2021-09-07 04:47:38",A201,9653f952-2137-469f-a020-618fd5744ff7
200409,23,22.6,221,107,"2021-09-07 04:51:54",A203,9653f952-2137-469f-a020-618fd5744ff7
200420,29,21.4,198,86,"2021-09-07 05:11:00",A202,9653f952-2137-469f-a020-618fd5744ff7
200425,27,21.2,205,86,"2021-09-07 05:17:55",A201,9653f952-2137-469f-a020-618fd5744ff7
200426,23,22.6,220,107,"2021-09-07 05:22:11",A203,9653f952-2137-469f-a020-618fd5744ff7
200437,29,21.4,197,86,"2021-09-07 05:41:26",A202,9653f952-2137-469f-a020-618fd5744ff7
200442,23,22.5,219,107,"2021-09-07 05:52:29",A203,9653f952-2137-469f-a020-618fd5744ff7
200453,29,21.4,198,86,"2021-09-07 06:11:50",A202,9653f952-2137-469f-a020-618fd5744ff7
200458,27,21.2,205,86,"2021-09-07 06:18:39",A201,9653f952-2137-469f-a020-618fd5744ff7
200459,23,22.4,219,107,"2021-09-07 06:22:46",A203,9653f952-2137-469f-a020-618fd5744ff7
200469,29,21.5,197,93,"2021-09-07 06:42:16",A202,9653f952-2137-469f-a020-618fd5744ff7
200474,27,21.3,206,93,"2021-09-07 06:49:18",A201,9653f952-2137-469f-a020-618fd5744ff7
200475,23,22.4,218,107,"2021-09-07 06:53:05",A203,9653f952-2137-469f-a020-618fd5744ff7
200490,29,21.6,197,93,"2021-09-07 07:12:44",A202,9653f952-2137-469f-a020-618fd5744ff7
200495,27,21.4,205,93,"2021-09-07 07:19:26",A201,9653f952-2137-469f-a020-618fd5744ff7
200497,23,22.4,220,107,"2021-09-07 07:23:28",A203,9653f952-2137-469f-a020-618fd5744ff7
200513,29,21.8,197,93,"2021-09-07 07:43:14",A202,9653f952-2137-469f-a020-618fd5744ff7
200519,23,22.4,219,107,"2021-09-07 07:53:53",A203,9653f952-2137-469f-a020-618fd5744ff7
200533,29,22.2,195,93,"2021-09-07 08:13:47",A202,9653f952-2137-469f-a020-618fd5744ff7
200538,27,22.1,204,100,"2021-09-07 08:20:25",A201,9653f952-2137-469f-a020-618fd5744ff7
200540,23,22.4,220,107,"2021-09-07 08:24:20",A203,9653f952-2137-469f-a020-618fd5744ff7
200552,29,22.8,192,100,"2021-09-07 08:44:23",A202,9653f952-2137-469f-a020-618fd5744ff7
200557,27,22.7,206,100,"2021-09-07 08:50:48",A201,9653f952-2137-469f-a020-618fd5744ff7
200559,23,22.4,220,100,"2021-09-07 08:54:51",A203,9653f952-2137-469f-a020-618fd5744ff7
200578,27,23.4,207,100,"2021-09-07 09:21:15",A201,9653f952-2137-469f-a020-618fd5744ff7
200580,23,22.6,218,100,"2021-09-07 09:25:17",A203,9653f952-2137-469f-a020-618fd5744ff7
200595,29,24.3,196,100,"2021-09-07 09:45:43",A202,9653f952-2137-469f-a020-618fd5744ff7
200598,27,24,209,100,"2021-09-07 09:51:45",A201,9653f952-2137-469f-a020-618fd5744ff7
200600,23,22.78,215,100,"2021-09-07 09:55:48",A203,9653f952-2137-469f-a020-618fd5744ff7
200613,29,25.1,193,100,"2021-09-07 10:16:15",A202,9653f952-2137-469f-a020-618fd5744ff7
200618,27,24.7,208,100,"2021-09-07 10:22:15",A201,9653f952-2137-469f-a020-618fd5744ff7
200620,23,23,217,100,"2021-09-07 10:26:21",A203,9653f952-2137-469f-a020-618fd5744ff7
200635,29,25.8,196,93,"2021-09-07 10:46:52",A202,9653f952-2137-469f-a020-618fd5744ff7
200642,23,23.2,219,107,"2021-09-07 10:56:52",A203,9653f952-2137-469f-a020-618fd5744ff7
200657,29,26.4,192,93,"2021-09-07 11:17:28",A202,9653f952-2137-469f-a020-618fd5744ff7
200663,27,25.6,210,93,"2021-09-07 11:23:13",A201,9653f952-2137-469f-a020-618fd5744ff7
200665,23,23.4,217,107,"2021-09-07 11:27:17",A203,9653f952-2137-469f-a020-618fd5744ff7
200678,29,26.5,196,86,"2021-09-07 11:47:58",A202,9653f952-2137-469f-a020-618fd5744ff7
200684,27,25.6,209,86,"2021-09-07 11:53:37",A201,9653f952-2137-469f-a020-618fd5744ff7
200686,23,23.7,218,107,"2021-09-07 11:57:37",A203,9653f952-2137-469f-a020-618fd5744ff7
200699,29,26.4,196,86,"2021-09-07 12:18:27",A202,9653f952-2137-469f-a020-618fd5744ff7
200703,27,25.4,207,86,"2021-09-07 12:24:00",A201,9653f952-2137-469f-a020-618fd5744ff7
200706,23,23.8,216,107,"2021-09-07 12:27:57",A203,9653f952-2137-469f-a020-618fd5744ff7
200720,29,26.1,198,86,"2021-09-07 12:48:53",A202,9653f952-2137-469f-a020-618fd5744ff7
200725,27,25.2,208,86,"2021-09-07 12:54:23",A201,9653f952-2137-469f-a020-618fd5744ff7
200728,23,23.9,218,107,"2021-09-07 12:58:16",A203,9653f952-2137-469f-a020-618fd5744ff7
200746,27,24.9,208,93,"2021-09-07 13:24:47",A201,9653f952-2137-469f-a020-618fd5744ff7
200749,23,23.9,218,107,"2021-09-07 13:28:37",A203,9653f952-2137-469f-a020-618fd5744ff7
200763,29,25.5,199,86,"2021-09-07 13:49:48",A202,9653f952-2137-469f-a020-618fd5744ff7
200768,27,24.7,207,93,"2021-09-07 13:55:14",A201,9653f952-2137-469f-a020-618fd5744ff7
200771,23,23.9,220,107,"2021-09-07 13:58:56",A203,9653f952-2137-469f-a020-618fd5744ff7
200786,29,25.2,199,86,"2021-09-07 14:20:16",A202,9653f952-2137-469f-a020-618fd5744ff7
200790,27,24.5,206,86,"2021-09-07 14:25:35",A201,9653f952-2137-469f-a020-618fd5744ff7
200793,23,23.9,219,107,"2021-09-07 14:29:17",A203,9653f952-2137-469f-a020-618fd5744ff7
200808,29,25,199,86,"2021-09-07 14:50:44",A202,9653f952-2137-469f-a020-618fd5744ff7
200812,27,24.4,207,86,"2021-09-07 14:56:00",A201,9653f952-2137-469f-a020-618fd5744ff7
200815,23,23.9,221,107,"2021-09-07 14:59:39",A203,9653f952-2137-469f-a020-618fd5744ff7
200829,29,24.9,198,86,"2021-09-07 15:21:15",A202,9653f952-2137-469f-a020-618fd5744ff7
200834,27,24.3,207,86,"2021-09-07 15:26:24",A201,9653f952-2137-469f-a020-618fd5744ff7
200837,23,23.8,220,107,"2021-09-07 15:30:01",A203,9653f952-2137-469f-a020-618fd5744ff7
200848,29,24.7,198,86,"2021-09-07 15:51:42",A202,9653f952-2137-469f-a020-618fd5744ff7
200853,27,24.1,207,86,"2021-09-07 15:56:50",A201,9653f952-2137-469f-a020-618fd5744ff7
200870,29,24.5,196,86,"2021-09-07 16:22:07",A202,9653f952-2137-469f-a020-618fd5744ff7
200877,23,23.8,218,107,"2021-09-07 16:30:42",A203,9653f952-2137-469f-a020-618fd5744ff7
200890,29,24.3,198,86,"2021-09-07 16:52:35",A202,9653f952-2137-469f-a020-618fd5744ff7
200894,27,23.8,203,86,"2021-09-07 16:57:35",A201,9653f952-2137-469f-a020-618fd5744ff7
200897,23,23.7,220,107,"2021-09-07 17:01:01",A203,9653f952-2137-469f-a020-618fd5744ff7
200911,29,24.1,199,86,"2021-09-07 17:23:02",A202,9653f952-2137-469f-a020-618fd5744ff7
200916,27,23.6,206,86,"2021-09-07 17:28:01",A201,9653f952-2137-469f-a020-618fd5744ff7
200917,23,23.7,221,107,"2021-09-07 17:31:21",A203,9653f952-2137-469f-a020-618fd5744ff7
200927,29,23.9,199,86,"2021-09-07 17:53:28",A202,9653f952-2137-469f-a020-618fd5744ff7
200929,27,23.4,205,86,"2021-09-07 17:58:22",A201,9653f952-2137-469f-a020-618fd5744ff7
200939,29,23.7,197,86,"2021-09-07 18:23:55",A202,9653f952-2137-469f-a020-618fd5744ff7
200942,27,23.2,206,86,"2021-09-07 18:28:47",A201,9653f952-2137-469f-a020-618fd5744ff7
200943,23,23.6,218,107,"2021-09-07 18:32:01",A203,9653f952-2137-469f-a020-618fd5744ff7
200950,29,23.5,194,86,"2021-09-07 18:54:21",A202,9653f952-2137-469f-a020-618fd5744ff7
200953,27,23,206,86,"2021-09-07 18:59:06",A201,9653f952-2137-469f-a020-618fd5744ff7
200954,23,23.5,219,107,"2021-09-07 19:02:19",A203,9653f952-2137-469f-a020-618fd5744ff7
200965,29,23.3,195,86,"2021-09-07 19:24:47",A202,9653f952-2137-469f-a020-618fd5744ff7
200968,27,22.9,204,86,"2021-09-07 19:29:32",A201,9653f952-2137-469f-a020-618fd5744ff7
200970,23,23.4,218,107,"2021-09-07 19:32:39",A203,9653f952-2137-469f-a020-618fd5744ff7
200986,29,23.1,197,86,"2021-09-07 19:55:11",A202,9653f952-2137-469f-a020-618fd5744ff7
200990,27,22.7,205,86,"2021-09-07 19:59:55",A201,9653f952-2137-469f-a020-618fd5744ff7
200992,23,23.4,220,107,"2021-09-07 20:02:55",A203,9653f952-2137-469f-a020-618fd5744ff7
201007,29,22.9,198,86,"2021-09-07 20:25:36",A202,9653f952-2137-469f-a020-618fd5744ff7
201011,27,22.5,205,86,"2021-09-07 20:30:15",A201,9653f952-2137-469f-a020-618fd5744ff7
201013,23,23.3,220,107,"2021-09-07 20:33:13",A203,9653f952-2137-469f-a020-618fd5744ff7
201029,29,22.7,198,86,"2021-09-07 20:56:00",A202,9653f952-2137-469f-a020-618fd5744ff7
201032,27,22.3,205,86,"2021-09-07 21:00:36",A201,9653f952-2137-469f-a020-618fd5744ff7
201034,23,23.2,221,107,"2021-09-07 21:03:30",A203,9653f952-2137-469f-a020-618fd5744ff7
201051,29,22.5,196,86,"2021-09-07 21:26:23",A202,9653f952-2137-469f-a020-618fd5744ff7
201055,27,22.2,205,86,"2021-09-07 21:30:59",A201,9653f952-2137-469f-a020-618fd5744ff7
201059,23,23.2,221,107,"2021-09-07 21:35:23",A203,9653f952-2137-469f-a020-618fd5744ff7
201074,29,22.3,192,86,"2021-09-07 21:56:47",A202,9653f952-2137-469f-a020-618fd5744ff7
201078,27,22,203,86,"2021-09-07 22:01:21",A201,9653f952-2137-469f-a020-618fd5744ff7
201082,23,23.1,221,107,"2021-09-07 22:05:44",A203,9653f952-2137-469f-a020-618fd5744ff7
201097,29,22.1,196,86,"2021-09-07 22:27:12",A202,9653f952-2137-469f-a020-618fd5744ff7
201101,27,21.8,202,86,"2021-09-07 22:31:43",A201,9653f952-2137-469f-a020-618fd5744ff7
201105,23,23,221,114,"2021-09-07 22:36:05",A203,9653f952-2137-469f-a020-618fd5744ff7
201120,29,21.9,196,86,"2021-09-07 22:57:33",A202,9653f952-2137-469f-a020-618fd5744ff7
201124,27,21.7,204,86,"2021-09-07 23:02:05",A201,9653f952-2137-469f-a020-618fd5744ff7
201128,23,22.9,220,114,"2021-09-07 23:06:28",A203,9653f952-2137-469f-a020-618fd5744ff7
201142,29,21.8,197,86,"2021-09-07 23:27:55",A202,9653f952-2137-469f-a020-618fd5744ff7
201146,27,21.5,203,86,"2021-09-07 23:32:25",A201,9653f952-2137-469f-a020-618fd5744ff7
201150,23,22.8,219,107,"2021-09-07 23:36:47",A203,9653f952-2137-469f-a020-618fd5744ff7
201164,29,21.6,197,86,"2021-09-07 23:58:19",A202,9653f952-2137-469f-a020-618fd5744ff7
201167,27,21.4,204,86,"2021-09-08 00:02:51",A201,9653f952-2137-469f-a020-618fd5744ff7
201171,23,22.7,219,107,"2021-09-08 00:07:09",A203,9653f952-2137-469f-a020-618fd5744ff7
201185,29,21.4,197,86,"2021-09-08 00:28:43",A202,9653f952-2137-469f-a020-618fd5744ff7
201189,27,21.2,203,86,"2021-09-08 00:33:11",A201,9653f952-2137-469f-a020-618fd5744ff7
201193,23,22.6,220,114,"2021-09-08 00:37:28",A203,9653f952-2137-469f-a020-618fd5744ff7
201206,29,21.3,192,86,"2021-09-08 00:59:05",A202,9653f952-2137-469f-a020-618fd5744ff7
201210,27,21.1,203,86,"2021-09-08 01:03:31",A201,9653f952-2137-469f-a020-618fd5744ff7
201214,23,22.5,220,114,"2021-09-08 01:07:51",A203,9653f952-2137-469f-a020-618fd5744ff7
201227,29,21.2,194,86,"2021-09-08 01:29:27",A202,9653f952-2137-469f-a020-618fd5744ff7
201231,27,21,202,86,"2021-09-08 01:33:51",A201,9653f952-2137-469f-a020-618fd5744ff7
201235,23,22.42,221,114,"2021-09-08 01:38:12",A203,9653f952-2137-469f-a020-618fd5744ff7
201248,29,21,196,86,"2021-09-08 01:59:51",A202,9653f952-2137-469f-a020-618fd5744ff7
201252,27,20.8,201,86,"2021-09-08 02:04:11",A201,9653f952-2137-469f-a020-618fd5744ff7
201256,23,22.4,222,114,"2021-09-08 02:08:33",A203,9653f952-2137-469f-a020-618fd5744ff7
201270,29,20.9,196,86,"2021-09-08 02:31:16",A202,9653f952-2137-469f-a020-618fd5744ff7
201274,27,20.7,203,86,"2021-09-08 02:34:33",A201,9653f952-2137-469f-a020-618fd5744ff7
201278,23,22.3,217,114,"2021-09-08 02:38:51",A203,9653f952-2137-469f-a020-618fd5744ff7
201295,27,20.6,203,86,"2021-09-08 03:05:00",A201,9653f952-2137-469f-a020-618fd5744ff7
201299,23,22.2,218,114,"2021-09-08 03:09:12",A203,9653f952-2137-469f-a020-618fd5744ff7
201312,29,20.6,195,86,"2021-09-08 03:32:10",A202,9653f952-2137-469f-a020-618fd5744ff7
201316,27,20.5,202,86,"2021-09-08 03:35:14",A201,9653f952-2137-469f-a020-618fd5744ff7
201319,23,22.1,217,114,"2021-09-08 03:39:32",A203,9653f952-2137-469f-a020-618fd5744ff7
201330,29,20.5,196,86,"2021-09-08 04:02:33",A202,9653f952-2137-469f-a020-618fd5744ff7
201336,23,22.1,218,114,"2021-09-08 04:09:53",A203,9653f952-2137-469f-a020-618fd5744ff7
201348,29,20.4,193,86,"2021-09-08 04:32:59",A202,9653f952-2137-469f-a020-618fd5744ff7
201351,27,20.3,202,93,"2021-09-08 04:35:56",A201,9653f952-2137-469f-a020-618fd5744ff7
201366,29,20.3,195,93,"2021-09-08 05:03:27",A202,9653f952-2137-469f-a020-618fd5744ff7
201369,27,20.2,202,93,"2021-09-08 05:06:22",A201,9653f952-2137-469f-a020-618fd5744ff7
201385,29,20.3,192,93,"2021-09-08 05:33:55",A202,9653f952-2137-469f-a020-618fd5744ff7
201388,27,20.2,201,93,"2021-09-08 05:36:41",A201,9653f952-2137-469f-a020-618fd5744ff7
201393,23,21.8,218,107,"2021-09-08 05:40:58",A203,9653f952-2137-469f-a020-618fd5744ff7
201406,29,20.4,194,93,"2021-09-08 06:04:25",A202,9653f952-2137-469f-a020-618fd5744ff7
201409,27,20.2,201,93,"2021-09-08 06:07:04",A201,9653f952-2137-469f-a020-618fd5744ff7
201414,23,21.8,221,107,"2021-09-08 06:11:23",A203,9653f952-2137-469f-a020-618fd5744ff7
201427,29,20.5,193,93,"2021-09-08 06:34:55",A202,9653f952-2137-469f-a020-618fd5744ff7
201430,27,20.4,202,93,"2021-09-08 06:37:30",A201,9653f952-2137-469f-a020-618fd5744ff7
201435,23,21.7,220,107,"2021-09-08 06:41:50",A203,9653f952-2137-469f-a020-618fd5744ff7
201448,29,20.9,194,93,"2021-09-08 07:05:31",A202,9653f952-2137-469f-a020-618fd5744ff7
201451,27,20.7,202,93,"2021-09-08 07:07:54",A201,9653f952-2137-469f-a020-618fd5744ff7
201456,23,21.7,219,107,"2021-09-08 07:12:32",A203,9653f952-2137-469f-a020-618fd5744ff7
201471,27,20.9,202,93,"2021-09-08 07:38:17",A201,9653f952-2137-469f-a020-618fd5744ff7
201476,23,21.7,219,107,"2021-09-08 07:42:48",A203,9653f952-2137-469f-a020-618fd5744ff7
201488,29,21.6,192,93,"2021-09-08 08:06:37",A202,9653f952-2137-469f-a020-618fd5744ff7
201491,27,21.3,203,93,"2021-09-08 08:08:43",A201,9653f952-2137-469f-a020-618fd5744ff7
201496,23,21.8,219,107,"2021-09-08 08:13:18",A203,9653f952-2137-469f-a020-618fd5744ff7
201509,29,22,188,93,"2021-09-08 08:37:10",A202,9653f952-2137-469f-a020-618fd5744ff7
201511,27,21.7,203,93,"2021-09-08 08:39:08",A201,9653f952-2137-469f-a020-618fd5744ff7
201516,23,21.9,219,107,"2021-09-08 08:43:44",A203,9653f952-2137-469f-a020-618fd5744ff7
201529,29,22.3,193,86,"2021-09-08 09:07:41",A202,9653f952-2137-469f-a020-618fd5744ff7
201531,27,21.9,203,93,"2021-09-08 09:09:32",A201,9653f952-2137-469f-a020-618fd5744ff7
201536,23,22,220,107,"2021-09-08 09:14:10",A203,9653f952-2137-469f-a020-618fd5744ff7
201549,27,21.9,202,86,"2021-09-08 09:39:57",A201,9653f952-2137-469f-a020-618fd5744ff7
201554,23,22.1,220,107,"2021-09-08 09:44:35",A203,9653f952-2137-469f-a020-618fd5744ff7
201567,29,22.4,194,86,"2021-09-08 10:08:43",A202,9653f952-2137-469f-a020-618fd5744ff7
201569,27,21.9,202,93,"2021-09-08 10:10:19",A201,9653f952-2137-469f-a020-618fd5744ff7
201574,23,22.1,216,107,"2021-09-08 10:15:00",A203,9653f952-2137-469f-a020-618fd5744ff7
201587,29,22.3,194,86,"2021-09-08 10:39:12",A202,9653f952-2137-469f-a020-618fd5744ff7
201590,27,21.9,203,93,"2021-09-08 10:40:43",A201,9653f952-2137-469f-a020-618fd5744ff7
201595,23,22.2,216,107,"2021-09-08 10:45:26",A203,9653f952-2137-469f-a020-618fd5744ff7
201608,29,22.3,194,93,"2021-09-08 11:09:44",A202,9653f952-2137-469f-a020-618fd5744ff7
201610,27,21.9,203,93,"2021-09-08 11:11:07",A201,9653f952-2137-469f-a020-618fd5744ff7
201616,23,22.2,216,107,"2021-09-08 11:15:56",A203,9653f952-2137-469f-a020-618fd5744ff7
201627,29,22.4,193,93,"2021-09-08 11:40:18",A202,9653f952-2137-469f-a020-618fd5744ff7
201629,27,22,201,93,"2021-09-08 11:41:34",A201,9653f952-2137-469f-a020-618fd5744ff7
201645,29,22.5,194,93,"2021-09-08 12:10:51",A202,9653f952-2137-469f-a020-618fd5744ff7
201647,27,22.2,203,93,"2021-09-08 12:11:57",A201,9653f952-2137-469f-a020-618fd5744ff7
201653,23,22.3,218,107,"2021-09-08 12:16:51",A203,9653f952-2137-469f-a020-618fd5744ff7
201666,29,22.7,193,86,"2021-09-08 12:41:24",A202,9653f952-2137-469f-a020-618fd5744ff7
201668,27,22.3,204,93,"2021-09-08 12:42:22",A201,9653f952-2137-469f-a020-618fd5744ff7
201673,23,22.3,217,107,"2021-09-08 12:47:18",A203,9653f952-2137-469f-a020-618fd5744ff7
201681,29,22.8,192,86,"2021-09-08 13:11:56",A202,9653f952-2137-469f-a020-618fd5744ff7
201683,27,22.4,204,93,"2021-09-08 13:12:47",A201,9653f952-2137-469f-a020-618fd5744ff7
201691,23,22.3,217,107,"2021-09-08 13:17:47",A203,9653f952-2137-469f-a020-618fd5744ff7
201699,29,22.9,192,93,"2021-09-08 13:42:27",A202,9653f952-2137-469f-a020-618fd5744ff7
201701,27,22.4,204,93,"2021-09-08 13:43:12",A201,9653f952-2137-469f-a020-618fd5744ff7
201707,23,22.4,219,107,"2021-09-08 13:48:15",A203,9653f952-2137-469f-a020-618fd5744ff7
201717,29,22.9,193,86,"2021-09-08 14:13:04",A202,9653f952-2137-469f-a020-618fd5744ff7
201725,23,22.4,219,107,"2021-09-08 14:18:45",A203,9653f952-2137-469f-a020-618fd5744ff7
201735,29,23,192,86,"2021-09-08 14:43:35",A202,9653f952-2137-469f-a020-618fd5744ff7
201738,27,22.5,202,86,"2021-09-08 14:44:08",A201,9653f952-2137-469f-a020-618fd5744ff7
201745,23,22.4,219,107,"2021-09-08 14:49:13",A203,9653f952-2137-469f-a020-618fd5744ff7
201755,29,23,192,86,"2021-09-08 15:14:05",A202,9653f952-2137-469f-a020-618fd5744ff7
201757,27,22.5,203,86,"2021-09-08 15:14:26",A201,9653f952-2137-469f-a020-618fd5744ff7
201764,23,22.5,218,107,"2021-09-08 15:19:40",A203,9653f952-2137-469f-a020-618fd5744ff7
201774,29,23,191,86,"2021-09-08 15:44:35",A202,9653f952-2137-469f-a020-618fd5744ff7
201776,27,22.5,203,86,"2021-09-08 15:44:53",A201,9653f952-2137-469f-a020-618fd5744ff7
201784,23,22.5,220,107,"2021-09-08 15:50:10",A203,9653f952-2137-469f-a020-618fd5744ff7
201795,27,22.4,204,86,"2021-09-08 16:15:14",A201,9653f952-2137-469f-a020-618fd5744ff7
201803,23,22.5,220,107,"2021-09-08 16:20:33",A203,9653f952-2137-469f-a020-618fd5744ff7
201813,27,22.3,203,86,"2021-09-08 16:45:38",A201,9653f952-2137-469f-a020-618fd5744ff7
201819,23,22.5,219,107,"2021-09-08 16:50:59",A203,9653f952-2137-469f-a020-618fd5744ff7
201834,23,22.5,219,107,"2021-09-08 17:21:25",A203,9653f952-2137-469f-a020-618fd5744ff7
201848,23,22.5,220,107,"2021-09-08 17:51:51",A203,9653f952-2137-469f-a020-618fd5744ff7
201853,29,22.4,195,86,"2021-09-08 18:17:07",A202,9653f952-2137-469f-a020-618fd5744ff7
201858,23,22.5,220,107,"2021-09-08 18:22:16",A203,9653f952-2137-469f-a020-618fd5744ff7
201863,29,22.3,195,86,"2021-09-08 18:47:37",A202,9653f952-2137-469f-a020-618fd5744ff7
201870,23,22.42,220,107,"2021-09-08 18:52:39",A203,9653f952-2137-469f-a020-618fd5744ff7
201879,23,22.4,218,107,"2021-09-08 19:23:04",A203,9653f952-2137-469f-a020-618fd5744ff7
201889,27,21.8,202,86,"2021-09-08 19:47:57",A201,9653f952-2137-469f-a020-618fd5744ff7
201896,23,22.4,220,107,"2021-09-08 19:53:27",A203,9653f952-2137-469f-a020-618fd5744ff7
201906,27,21.7,202,86,"2021-09-08 20:18:19",A201,9653f952-2137-469f-a020-618fd5744ff7
201907,29,22,194,86,"2021-09-08 20:19:03",A202,9653f952-2137-469f-a020-618fd5744ff7
201914,23,22.4,219,107,"2021-09-08 20:23:51",A203,9653f952-2137-469f-a020-618fd5744ff7
201922,27,21.6,202,86,"2021-09-08 20:48:46",A201,9653f952-2137-469f-a020-618fd5744ff7
201929,23,22.3,221,107,"2021-09-08 20:54:15",A203,9653f952-2137-469f-a020-618fd5744ff7
201941,27,21.4,201,86,"2021-09-08 21:19:12",A201,9653f952-2137-469f-a020-618fd5744ff7
201942,29,21.7,191,86,"2021-09-08 21:19:56",A202,9653f952-2137-469f-a020-618fd5744ff7
201948,23,22.3,219,114,"2021-09-08 21:24:36",A203,9653f952-2137-469f-a020-618fd5744ff7
201959,27,21.3,200,86,"2021-09-08 21:49:26",A201,9653f952-2137-469f-a020-618fd5744ff7
201960,29,21.6,192,86,"2021-09-08 21:50:23",A202,9653f952-2137-469f-a020-618fd5744ff7
201965,23,22.2,218,107,"2021-09-08 21:54:58",A203,9653f952-2137-469f-a020-618fd5744ff7
201978,29,21.4,195,86,"2021-09-08 22:20:51",A202,9653f952-2137-469f-a020-618fd5744ff7
201981,27,21.2,201,86,"2021-09-08 22:21:38",A201,9653f952-2137-469f-a020-618fd5744ff7
201985,23,22.2,219,114,"2021-09-08 22:25:19",A203,9653f952-2137-469f-a020-618fd5744ff7
202000,29,21.3,194,86,"2021-09-08 22:51:18",A202,9653f952-2137-469f-a020-618fd5744ff7
202002,27,21,202,86,"2021-09-08 22:52:02",A201,9653f952-2137-469f-a020-618fd5744ff7
202006,23,22.1,218,114,"2021-09-08 22:55:40",A203,9653f952-2137-469f-a020-618fd5744ff7
202020,29,21.1,195,86,"2021-09-08 23:21:42",A202,9653f952-2137-469f-a020-618fd5744ff7
202022,27,20.9,201,86,"2021-09-08 23:22:28",A201,9653f952-2137-469f-a020-618fd5744ff7
202026,23,22.1,217,114,"2021-09-08 23:26:01",A203,9653f952-2137-469f-a020-618fd5744ff7
202040,29,21,194,86,"2021-09-08 23:52:09",A202,9653f952-2137-469f-a020-618fd5744ff7
202042,27,20.8,200,86,"2021-09-08 23:52:51",A201,9653f952-2137-469f-a020-618fd5744ff7
202046,23,22,220,114,"2021-09-08 23:56:21",A203,9653f952-2137-469f-a020-618fd5744ff7
202059,29,20.9,192,86,"2021-09-09 00:22:33",A202,9653f952-2137-469f-a020-618fd5744ff7
202061,27,20.7,201,86,"2021-09-09 00:23:13",A201,9653f952-2137-469f-a020-618fd5744ff7
202066,23,21.9,220,114,"2021-09-09 00:26:43",A203,9653f952-2137-469f-a020-618fd5744ff7
202079,29,20.7,192,86,"2021-09-09 00:52:57",A202,9653f952-2137-469f-a020-618fd5744ff7
202082,27,20.5,200,86,"2021-09-09 00:53:36",A201,9653f952-2137-469f-a020-618fd5744ff7
202086,23,21.9,220,114,"2021-09-09 00:57:03",A203,9653f952-2137-469f-a020-618fd5744ff7
202100,29,20.6,191,86,"2021-09-09 01:23:22",A202,9653f952-2137-469f-a020-618fd5744ff7
202103,27,20.4,200,86,"2021-09-09 01:24:01",A201,9653f952-2137-469f-a020-618fd5744ff7
202106,23,21.8,220,114,"2021-09-09 01:27:22",A203,9653f952-2137-469f-a020-618fd5744ff7
202119,29,20.5,194,86,"2021-09-09 01:53:47",A202,9653f952-2137-469f-a020-618fd5744ff7
202122,27,20.3,199,86,"2021-09-09 01:54:22",A201,9653f952-2137-469f-a020-618fd5744ff7
202126,23,21.7,220,114,"2021-09-09 01:57:46",A203,9653f952-2137-469f-a020-618fd5744ff7
202141,29,20.4,193,86,"2021-09-09 02:24:13",A202,9653f952-2137-469f-a020-618fd5744ff7
202143,27,20.2,199,86,"2021-09-09 02:24:45",A201,9653f952-2137-469f-a020-618fd5744ff7
202147,23,21.7,219,114,"2021-09-09 02:28:05",A203,9653f952-2137-469f-a020-618fd5744ff7
202161,29,20.3,192,86,"2021-09-09 02:54:38",A202,9653f952-2137-469f-a020-618fd5744ff7
202163,27,20.1,200,86,"2021-09-09 02:55:08",A201,9653f952-2137-469f-a020-618fd5744ff7
202167,23,21.6,217,114,"2021-09-09 02:58:24",A203,9653f952-2137-469f-a020-618fd5744ff7
202181,29,20.2,193,86,"2021-09-09 03:25:05",A202,9653f952-2137-469f-a020-618fd5744ff7
202183,27,20.1,198,86,"2021-09-09 03:25:31",A201,9653f952-2137-469f-a020-618fd5744ff7
202187,23,21.5,218,107,"2021-09-09 03:28:46",A203,9653f952-2137-469f-a020-618fd5744ff7
202200,29,20.2,192,86,"2021-09-09 03:55:29",A202,9653f952-2137-469f-a020-618fd5744ff7
202202,27,20,200,86,"2021-09-09 03:55:56",A201,9653f952-2137-469f-a020-618fd5744ff7
202206,23,21.5,220,114,"2021-09-09 03:59:05",A203,9653f952-2137-469f-a020-618fd5744ff7
202221,29,20.1,193,86,"2021-09-09 04:25:57",A202,9653f952-2137-469f-a020-618fd5744ff7
202223,27,19.9,199,86,"2021-09-09 04:26:19",A201,9653f952-2137-469f-a020-618fd5744ff7
202227,23,21.4,220,114,"2021-09-09 04:29:28",A203,9653f952-2137-469f-a020-618fd5744ff7
202242,29,20,194,86,"2021-09-09 04:56:23",A202,9653f952-2137-469f-a020-618fd5744ff7
202243,27,19.9,199,86,"2021-09-09 04:56:41",A201,9653f952-2137-469f-a020-618fd5744ff7
202247,23,21.4,218,114,"2021-09-09 04:59:46",A203,9653f952-2137-469f-a020-618fd5744ff7
202263,29,20,193,86,"2021-09-09 05:26:54",A202,9653f952-2137-469f-a020-618fd5744ff7
202264,27,19.9,199,86,"2021-09-09 05:27:08",A201,9653f952-2137-469f-a020-618fd5744ff7
202268,23,21.3,219,107,"2021-09-09 05:30:11",A203,9653f952-2137-469f-a020-618fd5744ff7
202283,29,20,193,86,"2021-09-09 05:57:18",A202,9653f952-2137-469f-a020-618fd5744ff7
202284,27,19.9,199,86,"2021-09-09 05:57:29",A201,9653f952-2137-469f-a020-618fd5744ff7
202288,23,21.3,218,107,"2021-09-09 06:00:31",A203,9653f952-2137-469f-a020-618fd5744ff7
202305,29,20.1,192,93,"2021-09-09 06:27:47",A202,9653f952-2137-469f-a020-618fd5744ff7
202308,23,21.2,218,107,"2021-09-09 06:30:56",A203,9653f952-2137-469f-a020-618fd5744ff7
202327,29,20.3,192,93,"2021-09-09 06:58:17",A202,9653f952-2137-469f-a020-618fd5744ff7
202328,27,20.2,199,93,"2021-09-09 06:58:21",A201,9653f952-2137-469f-a020-618fd5744ff7
202332,23,21.2,217,107,"2021-09-09 07:01:20",A203,9653f952-2137-469f-a020-618fd5744ff7
202352,27,20.4,200,93,"2021-09-09 07:28:46",A201,9653f952-2137-469f-a020-618fd5744ff7
202353,29,20.5,192,93,"2021-09-09 07:28:49",A202,9653f952-2137-469f-a020-618fd5744ff7
202357,23,21.2,216,107,"2021-09-09 07:31:50",A203,9653f952-2137-469f-a020-618fd5744ff7
202375,27,20.7,201,93,"2021-09-09 07:59:12",A201,9653f952-2137-469f-a020-618fd5744ff7
202376,29,20.8,191,93,"2021-09-09 07:59:20",A202,9653f952-2137-469f-a020-618fd5744ff7
202379,23,21.3,216,107,"2021-09-09 08:02:14",A203,9653f952-2137-469f-a020-618fd5744ff7
202399,27,21.1,200,93,"2021-09-09 08:29:41",A201,9653f952-2137-469f-a020-618fd5744ff7
202400,29,21.2,187,93,"2021-09-09 08:29:59",A202,9653f952-2137-469f-a020-618fd5744ff7
202403,23,21.3,216,107,"2021-09-09 08:32:47",A203,9653f952-2137-469f-a020-618fd5744ff7
202422,29,21.9,191,93,"2021-09-09 09:00:36",A202,9653f952-2137-469f-a020-618fd5744ff7
202426,23,21.4,216,107,"2021-09-09 09:03:20",A203,9653f952-2137-469f-a020-618fd5744ff7
202447,26,22.4,203,100,"2021-09-09 09:30:42",A201,9653f952-2137-469f-a020-618fd5744ff7
202448,28,22.7,187,93,"2021-09-09 09:31:17",A202,9653f952-2137-469f-a020-618fd5744ff7
202452,23,21.5,219,100,"2021-09-09 09:33:54",A203,9653f952-2137-469f-a020-618fd5744ff7
202474,26,23.2,201,100,"2021-09-09 10:01:13",A201,9653f952-2137-469f-a020-618fd5744ff7
202476,28,23.5,190,100,"2021-09-09 10:01:54",A202,9653f952-2137-469f-a020-618fd5744ff7
202479,23,21.7,217,100,"2021-09-09 10:04:28",A203,9653f952-2137-469f-a020-618fd5744ff7
202500,26,24,204,100,"2021-09-09 10:31:45",A201,9653f952-2137-469f-a020-618fd5744ff7
202503,23,21.9,218,100,"2021-09-09 10:35:05",A203,9653f952-2137-469f-a020-618fd5744ff7
202523,26,24.7,203,93,"2021-09-09 11:02:15",A201,9653f952-2137-469f-a020-618fd5744ff7
202525,28,25.3,187,93,"2021-09-09 11:03:15",A202,9653f952-2137-469f-a020-618fd5744ff7
202527,23,22.2,218,107,"2021-09-09 11:05:36",A203,9653f952-2137-469f-a020-618fd5744ff7
202548,26,25,204,86,"2021-09-09 11:32:40",A201,9653f952-2137-469f-a020-618fd5744ff7
202552,28,25.7,190,86,"2021-09-09 11:33:45",A202,9653f952-2137-469f-a020-618fd5744ff7
202553,23,22.4,216,114,"2021-09-09 11:35:57",A203,9653f952-2137-469f-a020-618fd5744ff7
202575,26,24.8,204,86,"2021-09-09 12:03:04",A201,9653f952-2137-469f-a020-618fd5744ff7
202579,28,25.6,192,86,"2021-09-09 12:04:11",A202,9653f952-2137-469f-a020-618fd5744ff7
202581,23,22.6,218,107,"2021-09-09 12:06:19",A203,9653f952-2137-469f-a020-618fd5744ff7
202603,26,24.5,200,86,"2021-09-09 12:33:29",A201,9653f952-2137-469f-a020-618fd5744ff7
202607,28,25.2,194,86,"2021-09-09 12:34:39",A202,9653f952-2137-469f-a020-618fd5744ff7
202609,23,22.7,216,107,"2021-09-09 12:36:42",A203,9653f952-2137-469f-a020-618fd5744ff7
202631,26,24.1,202,86,"2021-09-09 13:03:54",A201,9653f952-2137-469f-a020-618fd5744ff7
202635,28,24.8,194,86,"2021-09-09 13:05:08",A202,9653f952-2137-469f-a020-618fd5744ff7
202636,23,22.8,219,107,"2021-09-09 13:07:06",A203,9653f952-2137-469f-a020-618fd5744ff7
202658,26,23.9,203,93,"2021-09-09 13:34:17",A201,9653f952-2137-469f-a020-618fd5744ff7
202662,28,24.5,189,86,"2021-09-09 13:35:38",A202,9653f952-2137-469f-a020-618fd5744ff7
202664,23,22.8,218,107,"2021-09-09 13:37:30",A203,9653f952-2137-469f-a020-618fd5744ff7
202686,26,23.6,202,93,"2021-09-09 14:04:43",A201,9653f952-2137-469f-a020-618fd5744ff7
202690,28,24.2,192,86,"2021-09-09 14:06:07",A202,9653f952-2137-469f-a020-618fd5744ff7
202692,23,22.8,218,107,"2021-09-09 14:07:55",A203,9653f952-2137-469f-a020-618fd5744ff7
202714,26,23.5,202,86,"2021-09-09 14:35:08",A201,9653f952-2137-469f-a020-618fd5744ff7
202718,28,24,193,86,"2021-09-09 14:36:36",A202,9653f952-2137-469f-a020-618fd5744ff7
202720,23,22.7,218,107,"2021-09-09 14:38:20",A203,9653f952-2137-469f-a020-618fd5744ff7
202745,28,23.9,194,86,"2021-09-09 15:07:08",A202,9653f952-2137-469f-a020-618fd5744ff7
202767,26,23.4,200,86,"2021-09-09 15:36:01",A201,9653f952-2137-469f-a020-618fd5744ff7
202771,28,23.8,194,86,"2021-09-09 15:37:39",A202,9653f952-2137-469f-a020-618fd5744ff7
202773,23,22.7,220,107,"2021-09-09 15:39:13",A203,9653f952-2137-469f-a020-618fd5744ff7
202796,26,23.3,202,86,"2021-09-09 16:06:29",A201,9653f952-2137-469f-a020-618fd5744ff7
202800,28,23.7,193,86,"2021-09-09 16:08:08",A202,9653f952-2137-469f-a020-618fd5744ff7
202802,23,22.7,219,107,"2021-09-09 16:09:39",A203,9653f952-2137-469f-a020-618fd5744ff7
202824,26,23.2,203,86,"2021-09-09 16:36:51",A201,9653f952-2137-469f-a020-618fd5744ff7
202828,28,23.6,194,86,"2021-09-09 16:38:39",A202,9653f952-2137-469f-a020-618fd5744ff7
202830,23,22.7,219,107,"2021-09-09 16:40:04",A203,9653f952-2137-469f-a020-618fd5744ff7
202851,26,23,201,86,"2021-09-09 17:07:17",A201,9653f952-2137-469f-a020-618fd5744ff7
202855,28,23.4,194,86,"2021-09-09 17:09:11",A202,9653f952-2137-469f-a020-618fd5744ff7
202921,26,22.2,202,86,"2021-09-09 19:39:19",A201,9653f952-2137-469f-a020-618fd5744ff7
202927,28,22.5,194,86,"2021-09-09 19:41:32",A202,9653f952-2137-469f-a020-618fd5744ff7
202928,23,22.5,221,107,"2021-09-09 19:42:27",A203,9653f952-2137-469f-a020-618fd5744ff7
202951,26,22,201,86,"2021-09-09 20:09:47",A201,9653f952-2137-469f-a020-618fd5744ff7
202957,28,22.3,194,86,"2021-09-09 20:12:02",A202,9653f952-2137-469f-a020-618fd5744ff7
202958,23,22.4,219,107,"2021-09-09 20:12:51",A203,9653f952-2137-469f-a020-618fd5744ff7
202985,28,22.2,193,86,"2021-09-09 20:42:28",A202,9653f952-2137-469f-a020-618fd5744ff7
202986,23,22.4,217,107,"2021-09-09 20:43:17",A203,9653f952-2137-469f-a020-618fd5744ff7
203014,28,22.1,191,86,"2021-09-09 21:12:56",A202,9653f952-2137-469f-a020-618fd5744ff7
203015,23,22.3,217,107,"2021-09-09 21:13:37",A203,9653f952-2137-469f-a020-618fd5744ff7
203037,26,21.7,201,86,"2021-09-09 21:40:58",A201,9653f952-2137-469f-a020-618fd5744ff7
203042,28,22,190,86,"2021-09-09 21:43:23",A202,9653f952-2137-469f-a020-618fd5744ff7
203043,23,22.3,217,107,"2021-09-09 21:44:00",A203,9653f952-2137-469f-a020-618fd5744ff7
203068,26,21.6,201,86,"2021-09-09 22:11:23",A201,9653f952-2137-469f-a020-618fd5744ff7
203072,28,21.9,191,86,"2021-09-09 22:13:52",A202,9653f952-2137-469f-a020-618fd5744ff7
203073,23,22.2,219,107,"2021-09-09 22:14:23",A203,9653f952-2137-469f-a020-618fd5744ff7
203096,26,21.6,202,86,"2021-09-09 22:41:47",A201,9653f952-2137-469f-a020-618fd5744ff7
203101,28,21.8,192,86,"2021-09-09 22:44:21",A202,9653f952-2137-469f-a020-618fd5744ff7
203102,23,22.2,218,107,"2021-09-09 22:44:46",A203,9653f952-2137-469f-a020-618fd5744ff7
203126,26,21.5,201,86,"2021-09-09 23:12:12",A201,9653f952-2137-469f-a020-618fd5744ff7
203131,28,21.7,191,86,"2021-09-09 23:14:49",A202,9653f952-2137-469f-a020-618fd5744ff7
203132,23,22.1,217,107,"2021-09-09 23:15:10",A203,9653f952-2137-469f-a020-618fd5744ff7
203156,26,21.4,199,86,"2021-09-09 23:42:36",A201,9653f952-2137-469f-a020-618fd5744ff7
203161,28,21.6,194,86,"2021-09-09 23:45:17",A202,9653f952-2137-469f-a020-618fd5744ff7
203162,23,22.1,217,107,"2021-09-09 23:45:33",A203,9653f952-2137-469f-a020-618fd5744ff7
203186,26,21.3,200,86,"2021-09-10 00:13:01",A201,9653f952-2137-469f-a020-618fd5744ff7
203191,28,21.5,193,86,"2021-09-10 00:15:46",A202,9653f952-2137-469f-a020-618fd5744ff7
203196,23,22,217,107,"2021-09-10 00:17:23",A203,9653f952-2137-469f-a020-618fd5744ff7
203215,26,21.2,199,86,"2021-09-10 00:43:24",A201,9653f952-2137-469f-a020-618fd5744ff7
203220,28,21.4,193,86,"2021-09-10 00:46:13",A202,9653f952-2137-469f-a020-618fd5744ff7
203225,23,22,220,107,"2021-09-10 00:47:44",A203,9653f952-2137-469f-a020-618fd5744ff7
203244,26,21.2,201,86,"2021-09-10 01:13:47",A201,9653f952-2137-469f-a020-618fd5744ff7
203249,28,21.4,194,86,"2021-09-10 01:16:41",A202,9653f952-2137-469f-a020-618fd5744ff7
203253,23,21.9,220,107,"2021-09-10 01:18:08",A203,9653f952-2137-469f-a020-618fd5744ff7
203272,26,21.1,201,86,"2021-09-10 01:44:12",A201,9653f952-2137-469f-a020-618fd5744ff7
203277,28,21.3,193,86,"2021-09-10 01:47:09",A202,9653f952-2137-469f-a020-618fd5744ff7
203282,23,21.9,219,107,"2021-09-10 01:48:30",A203,9653f952-2137-469f-a020-618fd5744ff7
203301,26,21,200,86,"2021-09-10 02:14:37",A201,9653f952-2137-469f-a020-618fd5744ff7
203306,28,21.2,193,86,"2021-09-10 02:17:39",A202,9653f952-2137-469f-a020-618fd5744ff7
203311,23,21.9,220,107,"2021-09-10 02:18:54",A203,9653f952-2137-469f-a020-618fd5744ff7
203331,26,21,201,86,"2021-09-10 02:45:04",A201,9653f952-2137-469f-a020-618fd5744ff7
203337,28,21.2,191,86,"2021-09-10 02:48:07",A202,9653f952-2137-469f-a020-618fd5744ff7
203341,23,21.8,220,107,"2021-09-10 02:49:15",A203,9653f952-2137-469f-a020-618fd5744ff7
203360,26,20.9,201,86,"2021-09-10 03:15:26",A201,9653f952-2137-469f-a020-618fd5744ff7
203367,28,21.1,191,86,"2021-09-10 03:18:35",A202,9653f952-2137-469f-a020-618fd5744ff7
203370,23,21.8,218,107,"2021-09-10 03:19:39",A203,9653f952-2137-469f-a020-618fd5744ff7
203388,26,20.9,201,86,"2021-09-10 03:45:51",A201,9653f952-2137-469f-a020-618fd5744ff7
203396,28,21,189,86,"2021-09-10 03:49:05",A202,9653f952-2137-469f-a020-618fd5744ff7
203398,23,21.7,220,107,"2021-09-10 03:50:00",A203,9653f952-2137-469f-a020-618fd5744ff7
203415,26,20.8,201,86,"2021-09-10 04:16:18",A201,9653f952-2137-469f-a020-618fd5744ff7
203424,28,21,190,86,"2021-09-10 04:19:34",A202,9653f952-2137-469f-a020-618fd5744ff7
203425,23,21.7,221,107,"2021-09-10 04:20:23",A203,9653f952-2137-469f-a020-618fd5744ff7
203445,26,20.8,201,86,"2021-09-10 04:46:39",A201,9653f952-2137-469f-a020-618fd5744ff7
203453,28,20.9,191,86,"2021-09-10 04:50:01",A202,9653f952-2137-469f-a020-618fd5744ff7
203454,23,21.7,220,107,"2021-09-10 04:50:46",A203,9653f952-2137-469f-a020-618fd5744ff7
203473,26,20.7,201,86,"2021-09-10 05:17:03",A201,9653f952-2137-469f-a020-618fd5744ff7
203482,23,21.7,221,107,"2021-09-10 05:21:10",A203,9653f952-2137-469f-a020-618fd5744ff7
203483,28,20.9,192,86,"2021-09-10 05:21:29",A202,9653f952-2137-469f-a020-618fd5744ff7
203502,26,20.7,201,93,"2021-09-10 05:47:30",A201,9653f952-2137-469f-a020-618fd5744ff7
203511,23,21.6,221,107,"2021-09-10 05:51:35",A203,9653f952-2137-469f-a020-618fd5744ff7
203512,28,20.9,190,93,"2021-09-10 05:51:56",A202,9653f952-2137-469f-a020-618fd5744ff7
203530,26,20.9,202,93,"2021-09-10 06:17:57",A201,9653f952-2137-469f-a020-618fd5744ff7
203537,23,21.6,220,107,"2021-09-10 06:22:03",A203,9653f952-2137-469f-a020-618fd5744ff7
203538,28,21,190,93,"2021-09-10 06:22:27",A202,9653f952-2137-469f-a020-618fd5744ff7
203555,26,21.1,202,93,"2021-09-10 06:48:22",A201,9653f952-2137-469f-a020-618fd5744ff7
203564,23,21.6,219,107,"2021-09-10 06:52:33",A203,9653f952-2137-469f-a020-618fd5744ff7
203565,28,21.3,190,93,"2021-09-10 06:53:00",A202,9653f952-2137-469f-a020-618fd5744ff7
203583,26,21.4,202,93,"2021-09-10 07:18:51",A201,9653f952-2137-469f-a020-618fd5744ff7
203592,23,21.6,218,107,"2021-09-10 07:23:05",A203,9653f952-2137-469f-a020-618fd5744ff7
203593,28,21.6,191,93,"2021-09-10 07:23:33",A202,9653f952-2137-469f-a020-618fd5744ff7
203609,26,21.9,202,93,"2021-09-10 07:49:21",A201,9653f952-2137-469f-a020-618fd5744ff7
203618,23,21.7,220,107,"2021-09-10 07:53:36",A203,9653f952-2137-469f-a020-618fd5744ff7
203619,28,22.1,191,93,"2021-09-10 07:54:07",A202,9653f952-2137-469f-a020-618fd5744ff7
203636,26,22.3,203,93,"2021-09-10 08:19:48",A201,9653f952-2137-469f-a020-618fd5744ff7
203645,23,21.8,220,107,"2021-09-10 08:24:06",A203,9653f952-2137-469f-a020-618fd5744ff7
203646,28,22.6,189,93,"2021-09-10 08:24:45",A202,9653f952-2137-469f-a020-618fd5744ff7
203664,26,22.7,203,93,"2021-09-10 08:50:17",A201,9653f952-2137-469f-a020-618fd5744ff7
203673,23,21.9,220,107,"2021-09-10 08:54:35",A203,9653f952-2137-469f-a020-618fd5744ff7
203674,28,22.9,191,93,"2021-09-10 08:55:14",A202,9653f952-2137-469f-a020-618fd5744ff7
203691,26,22.8,203,93,"2021-09-10 09:20:46",A201,9653f952-2137-469f-a020-618fd5744ff7
203701,23,22,219,107,"2021-09-10 09:25:02",A203,9653f952-2137-469f-a020-618fd5744ff7
203704,28,23.1,192,93,"2021-09-10 09:25:44",A202,9653f952-2137-469f-a020-618fd5744ff7
203721,26,22.9,202,93,"2021-09-10 09:51:09",A201,9653f952-2137-469f-a020-618fd5744ff7
203731,23,22.1,217,107,"2021-09-10 09:55:30",A203,9653f952-2137-469f-a020-618fd5744ff7
203733,28,23.16,192,93,"2021-09-10 09:56:16",A202,9653f952-2137-469f-a020-618fd5744ff7
203750,26,23,204,93,"2021-09-10 10:21:35",A201,9653f952-2137-469f-a020-618fd5744ff7
203760,23,22.2,215,107,"2021-09-10 10:25:57",A203,9653f952-2137-469f-a020-618fd5744ff7
203762,28,23.2,191,93,"2021-09-10 10:26:45",A202,9653f952-2137-469f-a020-618fd5744ff7
203780,26,23,201,93,"2021-09-10 10:52:03",A201,9653f952-2137-469f-a020-618fd5744ff7
203790,28,23.3,190,93,"2021-09-10 10:57:16",A202,9653f952-2137-469f-a020-618fd5744ff7
203808,26,23.2,202,100,"2021-09-10 11:22:31",A201,9653f952-2137-469f-a020-618fd5744ff7
203817,23,22.4,219,107,"2021-09-10 11:26:54",A203,9653f952-2137-469f-a020-618fd5744ff7
203819,28,23.5,190,93,"2021-09-10 11:27:47",A202,9653f952-2137-469f-a020-618fd5744ff7
203836,26,23.4,204,93,"2021-09-10 11:52:56",A201,9653f952-2137-469f-a020-618fd5744ff7
203845,23,22.4,218,107,"2021-09-10 11:57:22",A203,9653f952-2137-469f-a020-618fd5744ff7
203847,28,23.7,187,93,"2021-09-10 11:58:19",A202,9653f952-2137-469f-a020-618fd5744ff7
203867,26,23.5,204,93,"2021-09-10 12:23:23",A201,9653f952-2137-469f-a020-618fd5744ff7
203875,23,22.5,220,107,"2021-09-10 12:27:48",A203,9653f952-2137-469f-a020-618fd5744ff7
203877,28,23.8,189,93,"2021-09-10 12:28:47",A202,9653f952-2137-469f-a020-618fd5744ff7
203898,26,23.4,203,100,"2021-09-10 12:53:49",A201,9653f952-2137-469f-a020-618fd5744ff7
203905,23,22.5,219,107,"2021-09-10 12:58:17",A203,9653f952-2137-469f-a020-618fd5744ff7
203907,28,23.8,192,93,"2021-09-10 12:59:19",A202,9653f952-2137-469f-a020-618fd5744ff7
203928,26,23.5,204,100,"2021-09-10 13:24:20",A201,9653f952-2137-469f-a020-618fd5744ff7
203936,23,22.6,218,107,"2021-09-10 13:28:50",A203,9653f952-2137-469f-a020-618fd5744ff7
203939,28,23.8,192,93,"2021-09-10 13:29:52",A202,9653f952-2137-469f-a020-618fd5744ff7
203958,26,23.7,204,93,"2021-09-10 13:54:47",A201,9653f952-2137-469f-a020-618fd5744ff7
203966,23,22.7,218,107,"2021-09-10 13:59:25",A203,9653f952-2137-469f-a020-618fd5744ff7
203969,28,24.1,193,93,"2021-09-10 14:00:28",A202,9653f952-2137-469f-a020-618fd5744ff7
203988,26,23.9,203,93,"2021-09-10 14:25:16",A201,9653f952-2137-469f-a020-618fd5744ff7
203996,23,22.8,218,107,"2021-09-10 14:29:53",A203,9653f952-2137-469f-a020-618fd5744ff7
203999,28,24.2,192,93,"2021-09-10 14:31:00",A202,9653f952-2137-469f-a020-618fd5744ff7
204018,26,24,203,93,"2021-09-10 14:55:44",A201,9653f952-2137-469f-a020-618fd5744ff7
204027,23,22.8,221,107,"2021-09-10 15:00:25",A203,9653f952-2137-469f-a020-618fd5744ff7
204029,28,24.2,192,86,"2021-09-10 15:01:33",A202,9653f952-2137-469f-a020-618fd5744ff7
204050,26,23.9,204,86,"2021-09-10 15:26:12",A201,9653f952-2137-469f-a020-618fd5744ff7
204059,23,22.9,220,107,"2021-09-10 15:30:56",A203,9653f952-2137-469f-a020-618fd5744ff7
204061,28,24.2,193,86,"2021-09-10 15:32:06",A202,9653f952-2137-469f-a020-618fd5744ff7
204081,26,23.8,203,86,"2021-09-10 15:56:40",A201,9653f952-2137-469f-a020-618fd5744ff7
204089,23,23,219,107,"2021-09-10 16:01:23",A203,9653f952-2137-469f-a020-618fd5744ff7
204091,28,24.1,193,86,"2021-09-10 16:02:38",A202,9653f952-2137-469f-a020-618fd5744ff7
204110,26,23.7,203,86,"2021-09-10 16:27:08",A201,9653f952-2137-469f-a020-618fd5744ff7
204119,23,23,219,107,"2021-09-10 16:31:49",A203,9653f952-2137-469f-a020-618fd5744ff7
204121,28,23.9,193,86,"2021-09-10 16:33:08",A202,9653f952-2137-469f-a020-618fd5744ff7
204143,26,23.5,203,86,"2021-09-10 16:57:32",A201,9653f952-2137-469f-a020-618fd5744ff7
204151,23,23,218,107,"2021-09-10 17:02:16",A203,9653f952-2137-469f-a020-618fd5744ff7
204154,28,23.7,194,86,"2021-09-10 17:03:34",A202,9653f952-2137-469f-a020-618fd5744ff7
204163,26,23.2,203,86,"2021-09-10 17:27:58",A201,9653f952-2137-469f-a020-618fd5744ff7
204169,23,23,220,107,"2021-09-10 17:32:41",A203,9653f952-2137-469f-a020-618fd5744ff7
204171,28,23.5,191,86,"2021-09-10 17:34:02",A202,9653f952-2137-469f-a020-618fd5744ff7
204186,23,22.9,220,107,"2021-09-10 18:03:06",A203,9653f952-2137-469f-a020-618fd5744ff7
204208,26,22.6,201,86,"2021-09-10 18:59:13",A201,9653f952-2137-469f-a020-618fd5744ff7
204213,23,22.8,221,107,"2021-09-10 19:03:54",A203,9653f952-2137-469f-a020-618fd5744ff7
204228,26,22.42,203,86,"2021-09-10 19:29:37",A201,9653f952-2137-469f-a020-618fd5744ff7
204235,23,22.7,220,107,"2021-09-10 19:34:18",A203,9653f952-2137-469f-a020-618fd5744ff7
204238,28,22.7,193,86,"2021-09-10 19:35:49",A202,9653f952-2137-469f-a020-618fd5744ff7
204254,26,22.3,203,86,"2021-09-10 20:00:01",A201,9653f952-2137-469f-a020-618fd5744ff7
204260,23,22.6,221,114,"2021-09-10 20:04:41",A203,9653f952-2137-469f-a020-618fd5744ff7
204264,28,22.5,194,86,"2021-09-10 20:06:14",A202,9653f952-2137-469f-a020-618fd5744ff7
204285,26,22.1,202,86,"2021-09-10 20:30:26",A201,9653f952-2137-469f-a020-618fd5744ff7
204293,23,22.6,218,114,"2021-09-10 20:35:02",A203,9653f952-2137-469f-a020-618fd5744ff7
204297,28,22.3,189,86,"2021-09-10 20:36:38",A202,9653f952-2137-469f-a020-618fd5744ff7
204317,26,21.9,202,86,"2021-09-10 21:00:50",A201,9653f952-2137-469f-a020-618fd5744ff7
204324,23,22.5,219,114,"2021-09-10 21:05:24",A203,9653f952-2137-469f-a020-618fd5744ff7
204328,28,22.1,190,86,"2021-09-10 21:07:03",A202,9653f952-2137-469f-a020-618fd5744ff7
204346,26,21.7,202,86,"2021-09-10 21:31:13",A201,9653f952-2137-469f-a020-618fd5744ff7
204356,28,21.9,189,86,"2021-09-10 21:37:29",A202,9653f952-2137-469f-a020-618fd5744ff7
204375,26,21.6,202,86,"2021-09-10 22:01:36",A201,9653f952-2137-469f-a020-618fd5744ff7
204383,23,22.3,219,114,"2021-09-10 22:06:05",A203,9653f952-2137-469f-a020-618fd5744ff7
204386,28,21.7,193,86,"2021-09-10 22:07:50",A202,9653f952-2137-469f-a020-618fd5744ff7
204405,26,21.4,202,86,"2021-09-10 22:32:01",A201,9653f952-2137-469f-a020-618fd5744ff7
204413,23,22.2,220,107,"2021-09-10 22:36:28",A203,9653f952-2137-469f-a020-618fd5744ff7
204416,28,21.5,193,86,"2021-09-10 22:38:15",A202,9653f952-2137-469f-a020-618fd5744ff7
204435,26,21.2,201,86,"2021-09-10 23:02:26",A201,9653f952-2137-469f-a020-618fd5744ff7
204443,23,22.2,221,114,"2021-09-10 23:06:48",A203,9653f952-2137-469f-a020-618fd5744ff7
204446,28,21.4,194,86,"2021-09-10 23:08:36",A202,9653f952-2137-469f-a020-618fd5744ff7
204466,26,21.1,201,86,"2021-09-10 23:32:48",A201,9653f952-2137-469f-a020-618fd5744ff7
204474,23,22.1,217,114,"2021-09-10 23:37:10",A203,9653f952-2137-469f-a020-618fd5744ff7
204477,28,21.2,193,86,"2021-09-10 23:39:00",A202,9653f952-2137-469f-a020-618fd5744ff7
204498,26,20.9,201,86,"2021-09-11 00:03:15",A201,9653f952-2137-469f-a020-618fd5744ff7
204505,23,22,217,114,"2021-09-11 00:07:33",A203,9653f952-2137-469f-a020-618fd5744ff7
204508,28,21,191,86,"2021-09-11 00:09:23",A202,9653f952-2137-469f-a020-618fd5744ff7
204529,26,20.8,202,86,"2021-09-11 00:33:34",A201,9653f952-2137-469f-a020-618fd5744ff7
204536,23,21.9,217,114,"2021-09-11 00:37:51",A203,9653f952-2137-469f-a020-618fd5744ff7
204564,26,20.7,201,86,"2021-09-11 01:05:45",A201,9653f952-2137-469f-a020-618fd5744ff7
204567,23,21.8,220,114,"2021-09-11 01:08:12",A203,9653f952-2137-469f-a020-618fd5744ff7
204571,28,20.8,190,86,"2021-09-11 01:10:12",A202,9653f952-2137-469f-a020-618fd5744ff7
204596,26,20.6,201,86,"2021-09-11 01:36:09",A201,9653f952-2137-469f-a020-618fd5744ff7
204599,23,21.7,221,114,"2021-09-11 01:38:33",A203,9653f952-2137-469f-a020-618fd5744ff7
204603,28,20.74,191,86,"2021-09-11 01:40:37",A202,9653f952-2137-469f-a020-618fd5744ff7
204628,26,20.5,201,86,"2021-09-11 02:06:34",A201,9653f952-2137-469f-a020-618fd5744ff7
204631,23,21.7,220,114,"2021-09-11 02:08:55",A203,9653f952-2137-469f-a020-618fd5744ff7
204635,28,20.7,190,86,"2021-09-11 02:11:00",A202,9653f952-2137-469f-a020-618fd5744ff7
204659,26,20.5,201,86,"2021-09-11 02:36:58",A201,9653f952-2137-469f-a020-618fd5744ff7
204664,23,21.6,221,114,"2021-09-11 02:39:18",A203,9653f952-2137-469f-a020-618fd5744ff7
204667,28,20.6,191,86,"2021-09-11 02:41:25",A202,9653f952-2137-469f-a020-618fd5744ff7
204690,26,20.4,201,86,"2021-09-11 03:07:21",A201,9653f952-2137-469f-a020-618fd5744ff7
204694,23,21.6,220,114,"2021-09-11 03:09:37",A203,9653f952-2137-469f-a020-618fd5744ff7
204696,28,20.5,191,86,"2021-09-11 03:11:46",A202,9653f952-2137-469f-a020-618fd5744ff7
204719,26,20.3,201,86,"2021-09-11 03:37:45",A201,9653f952-2137-469f-a020-618fd5744ff7
204724,23,21.5,218,114,"2021-09-11 03:39:58",A203,9653f952-2137-469f-a020-618fd5744ff7
204726,28,20.4,192,86,"2021-09-11 03:42:11",A202,9653f952-2137-469f-a020-618fd5744ff7
204749,26,20.2,200,86,"2021-09-11 04:08:08",A201,9653f952-2137-469f-a020-618fd5744ff7
204754,23,21.4,220,114,"2021-09-11 04:10:19",A203,9653f952-2137-469f-a020-618fd5744ff7
204756,28,20.3,192,86,"2021-09-11 04:12:34",A202,9653f952-2137-469f-a020-618fd5744ff7
204779,26,20.2,201,86,"2021-09-11 04:38:33",A201,9653f952-2137-469f-a020-618fd5744ff7
204784,23,21.4,219,107,"2021-09-11 04:40:42",A203,9653f952-2137-469f-a020-618fd5744ff7
204786,28,20.3,191,86,"2021-09-11 04:42:59",A202,9653f952-2137-469f-a020-618fd5744ff7
204808,26,20.1,199,93,"2021-09-11 05:08:56",A201,9653f952-2137-469f-a020-618fd5744ff7
204813,23,21.3,220,107,"2021-09-11 05:11:05",A203,9653f952-2137-469f-a020-618fd5744ff7
204815,28,20.2,191,93,"2021-09-11 05:13:25",A202,9653f952-2137-469f-a020-618fd5744ff7
204838,26,20.1,200,93,"2021-09-11 05:39:23",A201,9653f952-2137-469f-a020-618fd5744ff7
204843,23,21.3,220,107,"2021-09-11 05:41:29",A203,9653f952-2137-469f-a020-618fd5744ff7
204845,28,20.2,191,93,"2021-09-11 05:43:52",A202,9653f952-2137-469f-a020-618fd5744ff7
204866,26,20.2,199,93,"2021-09-11 06:09:51",A201,9653f952-2137-469f-a020-618fd5744ff7
204872,23,21.3,217,107,"2021-09-11 06:11:56",A203,9653f952-2137-469f-a020-618fd5744ff7
204873,28,20.3,190,93,"2021-09-11 06:14:21",A202,9653f952-2137-469f-a020-618fd5744ff7
204895,26,20.3,201,100,"2021-09-11 06:40:16",A201,9653f952-2137-469f-a020-618fd5744ff7
204901,23,21.2,219,107,"2021-09-11 06:42:27",A203,9653f952-2137-469f-a020-618fd5744ff7
204902,28,20.5,190,93,"2021-09-11 06:44:53",A202,9653f952-2137-469f-a020-618fd5744ff7
204923,26,20.6,201,93,"2021-09-11 07:10:44",A201,9653f952-2137-469f-a020-618fd5744ff7
204929,23,21.2,216,107,"2021-09-11 07:12:52",A203,9653f952-2137-469f-a020-618fd5744ff7
204930,28,20.9,191,93,"2021-09-11 07:15:26",A202,9653f952-2137-469f-a020-618fd5744ff7
204951,26,20.9,200,100,"2021-09-11 07:41:13",A201,9653f952-2137-469f-a020-618fd5744ff7
204957,23,21.3,217,107,"2021-09-11 07:43:21",A203,9653f952-2137-469f-a020-618fd5744ff7
204958,28,21.2,191,100,"2021-09-11 07:46:00",A202,9653f952-2137-469f-a020-618fd5744ff7
204979,26,21.3,202,100,"2021-09-11 08:11:40",A201,9653f952-2137-469f-a020-618fd5744ff7
204985,23,21.4,219,107,"2021-09-11 08:13:55",A203,9653f952-2137-469f-a020-618fd5744ff7
204986,28,21.7,189,100,"2021-09-11 08:16:29",A202,9653f952-2137-469f-a020-618fd5744ff7
205007,26,21.8,201,100,"2021-09-11 08:42:09",A201,9653f952-2137-469f-a020-618fd5744ff7
205013,23,21.5,219,107,"2021-09-11 08:44:20",A203,9653f952-2137-469f-a020-618fd5744ff7
205015,28,22.2,190,100,"2021-09-11 08:47:04",A202,9653f952-2137-469f-a020-618fd5744ff7
205036,26,22.4,203,100,"2021-09-11 09:12:38",A201,9653f952-2137-469f-a020-618fd5744ff7
205042,23,21.6,218,107,"2021-09-11 09:14:50",A203,9653f952-2137-469f-a020-618fd5744ff7
205044,28,22.8,188,100,"2021-09-11 09:17:38",A202,9653f952-2137-469f-a020-618fd5744ff7
205065,26,23,205,100,"2021-09-11 09:43:07",A201,9653f952-2137-469f-a020-618fd5744ff7
205070,23,21.7,219,107,"2021-09-11 09:45:22",A203,9653f952-2137-469f-a020-618fd5744ff7
205073,28,23.5,188,100,"2021-09-11 09:48:14",A202,9653f952-2137-469f-a020-618fd5744ff7
205092,26,23.6,204,100,"2021-09-11 10:13:38",A201,9653f952-2137-469f-a020-618fd5744ff7
205097,23,21.9,219,107,"2021-09-11 10:15:54",A203,9653f952-2137-469f-a020-618fd5744ff7
205101,28,24.2,186,93,"2021-09-11 10:18:48",A202,9653f952-2137-469f-a020-618fd5744ff7
205120,26,24.2,206,100,"2021-09-11 10:44:07",A201,9653f952-2137-469f-a020-618fd5744ff7
205125,23,22.1,219,107,"2021-09-11 10:46:26",A203,9653f952-2137-469f-a020-618fd5744ff7
205128,28,24.8,189,93,"2021-09-11 10:49:24",A202,9653f952-2137-469f-a020-618fd5744ff7
205145,26,24.5,205,93,"2021-09-11 11:14:36",A201,9653f952-2137-469f-a020-618fd5744ff7
205151,23,22.3,218,107,"2021-09-11 11:16:59",A203,9653f952-2137-469f-a020-618fd5744ff7
205154,28,25.1,188,93,"2021-09-11 11:19:56",A202,9653f952-2137-469f-a020-618fd5744ff7
205171,26,24.6,205,93,"2021-09-11 11:45:06",A201,9653f952-2137-469f-a020-618fd5744ff7
205177,23,22.4,217,107,"2021-09-11 11:47:26",A203,9653f952-2137-469f-a020-618fd5744ff7
205180,28,25.2,186,93,"2021-09-11 11:50:29",A202,9653f952-2137-469f-a020-618fd5744ff7
205197,26,24.6,205,100,"2021-09-11 12:15:34",A201,9653f952-2137-469f-a020-618fd5744ff7
205203,23,22.6,218,107,"2021-09-11 12:17:56",A203,9653f952-2137-469f-a020-618fd5744ff7
205206,28,25.1,189,100,"2021-09-11 12:21:03",A202,9653f952-2137-469f-a020-618fd5744ff7
205225,26,24.6,204,100,"2021-09-11 12:46:03",A201,9653f952-2137-469f-a020-618fd5744ff7
205234,28,25.1,190,100,"2021-09-11 12:51:38",A202,9653f952-2137-469f-a020-618fd5744ff7
205251,26,24.7,205,100,"2021-09-11 13:16:33",A201,9653f952-2137-469f-a020-618fd5744ff7
205257,23,22.7,218,107,"2021-09-11 13:19:01",A203,9653f952-2137-469f-a020-618fd5744ff7
205260,28,25.1,188,100,"2021-09-11 13:22:15",A202,9653f952-2137-469f-a020-618fd5744ff7
205280,26,24.7,205,93,"2021-09-11 13:47:14",A201,9653f952-2137-469f-a020-618fd5744ff7
205286,23,22.8,220,107,"2021-09-11 13:49:33",A203,9653f952-2137-469f-a020-618fd5744ff7
205289,28,25.1,188,93,"2021-09-11 13:52:50",A202,9653f952-2137-469f-a020-618fd5744ff7
205307,26,24.9,205,93,"2021-09-11 14:17:34",A201,9653f952-2137-469f-a020-618fd5744ff7
205314,23,22.9,221,107,"2021-09-11 14:20:07",A203,9653f952-2137-469f-a020-618fd5744ff7
205317,28,25.28,192,93,"2021-09-11 14:23:25",A202,9653f952-2137-469f-a020-618fd5744ff7
205336,26,25,201,86,"2021-09-11 14:48:03",A201,9653f952-2137-469f-a020-618fd5744ff7
205342,23,23,220,107,"2021-09-11 14:50:37",A203,9653f952-2137-469f-a020-618fd5744ff7
205346,28,25.3,192,86,"2021-09-11 14:53:58",A202,9653f952-2137-469f-a020-618fd5744ff7
205364,26,25.1,203,86,"2021-09-11 15:18:33",A201,9653f952-2137-469f-a020-618fd5744ff7
205370,23,23,218,107,"2021-09-11 15:21:10",A203,9653f952-2137-469f-a020-618fd5744ff7
205390,26,25,204,86,"2021-09-11 15:49:01",A201,9653f952-2137-469f-a020-618fd5744ff7
205396,23,23.1,218,107,"2021-09-11 15:51:39",A203,9653f952-2137-469f-a020-618fd5744ff7
205400,28,25.2,193,86,"2021-09-11 15:55:04",A202,9653f952-2137-469f-a020-618fd5744ff7
205417,26,24.8,204,86,"2021-09-11 16:19:28",A201,9653f952-2137-469f-a020-618fd5744ff7
205424,23,23.1,219,107,"2021-09-11 16:22:06",A203,9653f952-2137-469f-a020-618fd5744ff7
205426,28,25,194,86,"2021-09-11 16:25:34",A202,9653f952-2137-469f-a020-618fd5744ff7
205442,26,24.6,202,86,"2021-09-11 16:49:56",A201,9653f952-2137-469f-a020-618fd5744ff7
205449,23,23.1,220,107,"2021-09-11 16:52:33",A203,9653f952-2137-469f-a020-618fd5744ff7
205452,28,24.7,191,86,"2021-09-11 16:56:06",A202,9653f952-2137-469f-a020-618fd5744ff7
205472,23,23.1,218,107,"2021-09-11 17:22:58",A203,9653f952-2137-469f-a020-618fd5744ff7
205474,28,24.5,191,86,"2021-09-11 17:26:29",A202,9653f952-2137-469f-a020-618fd5744ff7
205488,26,24,203,86,"2021-09-11 17:50:47",A201,9653f952-2137-469f-a020-618fd5744ff7
205490,23,23,219,107,"2021-09-11 17:53:23",A203,9653f952-2137-469f-a020-618fd5744ff7
205492,28,24.1,193,86,"2021-09-11 17:56:57",A202,9653f952-2137-469f-a020-618fd5744ff7
205505,23,23,221,107,"2021-09-11 18:23:51",A203,9653f952-2137-469f-a020-618fd5744ff7
205518,23,22.9,221,107,"2021-09-11 18:54:13",A203,9653f952-2137-469f-a020-618fd5744ff7
205533,26,23.2,202,86,"2021-09-11 19:22:03",A201,9653f952-2137-469f-a020-618fd5744ff7
205538,23,22.8,220,107,"2021-09-11 19:24:35",A203,9653f952-2137-469f-a020-618fd5744ff7
205542,28,23.3,191,86,"2021-09-11 19:28:17",A202,9653f952-2137-469f-a020-618fd5744ff7
205558,26,22.98,202,86,"2021-09-11 19:52:28",A201,9653f952-2137-469f-a020-618fd5744ff7
205564,23,22.7,221,107,"2021-09-11 19:55:00",A203,9653f952-2137-469f-a020-618fd5744ff7
205569,28,23,190,86,"2021-09-11 19:58:43",A202,9653f952-2137-469f-a020-618fd5744ff7
205586,26,22.7,202,86,"2021-09-11 20:22:54",A201,9653f952-2137-469f-a020-618fd5744ff7
205591,23,22.6,221,107,"2021-09-11 20:25:25",A203,9653f952-2137-469f-a020-618fd5744ff7
205596,28,22.8,191,86,"2021-09-11 20:29:09",A202,9653f952-2137-469f-a020-618fd5744ff7
205615,26,22.6,203,86,"2021-09-11 20:53:20",A201,9653f952-2137-469f-a020-618fd5744ff7
205620,23,22.6,221,107,"2021-09-11 20:55:49",A203,9653f952-2137-469f-a020-618fd5744ff7
205624,28,22.6,193,86,"2021-09-11 20:59:34",A202,9653f952-2137-469f-a020-618fd5744ff7
205641,26,22.46,202,86,"2021-09-11 21:23:44",A201,9653f952-2137-469f-a020-618fd5744ff7
205646,23,22.5,220,107,"2021-09-11 21:26:13",A203,9653f952-2137-469f-a020-618fd5744ff7
205650,28,22.5,193,86,"2021-09-11 21:30:02",A202,9653f952-2137-469f-a020-618fd5744ff7
205668,26,22.3,201,86,"2021-09-11 21:54:08",A201,9653f952-2137-469f-a020-618fd5744ff7
205673,23,22.4,220,107,"2021-09-11 21:56:37",A203,9653f952-2137-469f-a020-618fd5744ff7
205677,28,22.4,192,86,"2021-09-11 22:00:27",A202,9653f952-2137-469f-a020-618fd5744ff7
205693,26,22.2,201,86,"2021-09-11 22:24:33",A201,9653f952-2137-469f-a020-618fd5744ff7
205699,23,22.3,219,107,"2021-09-11 22:27:00",A203,9653f952-2137-469f-a020-618fd5744ff7
205703,28,22.3,189,86,"2021-09-11 22:30:53",A202,9653f952-2137-469f-a020-618fd5744ff7
205718,26,22.1,201,86,"2021-09-11 22:54:59",A201,9653f952-2137-469f-a020-618fd5744ff7
205724,23,22.3,220,107,"2021-09-11 22:57:22",A203,9653f952-2137-469f-a020-618fd5744ff7
205728,28,22.2,190,86,"2021-09-11 23:01:19",A202,9653f952-2137-469f-a020-618fd5744ff7
205745,26,22,201,86,"2021-09-11 23:25:23",A201,9653f952-2137-469f-a020-618fd5744ff7
205751,23,22.2,221,107,"2021-09-11 23:27:46",A203,9653f952-2137-469f-a020-618fd5744ff7
205755,28,22.1,191,86,"2021-09-11 23:31:43",A202,9653f952-2137-469f-a020-618fd5744ff7
205772,26,21.9,201,86,"2021-09-11 23:55:48",A201,9653f952-2137-469f-a020-618fd5744ff7
205777,23,22.2,221,107,"2021-09-11 23:58:09",A203,9653f952-2137-469f-a020-618fd5744ff7
205780,28,21.9,190,86,"2021-09-12 00:02:10",A202,9653f952-2137-469f-a020-618fd5744ff7
205798,26,21.8,201,86,"2021-09-12 00:26:13",A201,9653f952-2137-469f-a020-618fd5744ff7
205804,23,22.1,221,107,"2021-09-12 00:28:32",A203,9653f952-2137-469f-a020-618fd5744ff7
205807,28,21.8,191,86,"2021-09-12 00:32:33",A202,9653f952-2137-469f-a020-618fd5744ff7
205825,26,21.7,201,86,"2021-09-12 00:56:37",A201,9653f952-2137-469f-a020-618fd5744ff7
205830,23,22.1,219,107,"2021-09-12 00:58:54",A203,9653f952-2137-469f-a020-618fd5744ff7
205833,28,21.7,192,86,"2021-09-12 01:02:58",A202,9653f952-2137-469f-a020-618fd5744ff7
205851,26,21.6,201,86,"2021-09-12 01:27:02",A201,9653f952-2137-469f-a020-618fd5744ff7
205856,23,22,219,107,"2021-09-12 01:29:18",A203,9653f952-2137-469f-a020-618fd5744ff7
205859,28,21.7,192,86,"2021-09-12 01:33:23",A202,9653f952-2137-469f-a020-618fd5744ff7
205877,26,21.6,201,86,"2021-09-12 01:57:26",A201,9653f952-2137-469f-a020-618fd5744ff7
205882,23,21.9,218,107,"2021-09-12 01:59:41",A203,9653f952-2137-469f-a020-618fd5744ff7
205885,28,21.6,192,86,"2021-09-12 02:03:48",A202,9653f952-2137-469f-a020-618fd5744ff7
205904,26,21.4,200,86,"2021-09-12 02:27:52",A201,9653f952-2137-469f-a020-618fd5744ff7
205910,23,21.9,218,107,"2021-09-12 02:30:04",A203,9653f952-2137-469f-a020-618fd5744ff7
205912,28,21.5,191,86,"2021-09-12 02:34:14",A202,9653f952-2137-469f-a020-618fd5744ff7
205926,26,21.4,200,86,"2021-09-12 02:58:15",A201,9653f952-2137-469f-a020-618fd5744ff7
205932,23,21.8,218,107,"2021-09-12 03:01:53",A203,9653f952-2137-469f-a020-618fd5744ff7
205934,28,21.4,190,86,"2021-09-12 03:04:37",A202,9653f952-2137-469f-a020-618fd5744ff7
205953,26,21.3,200,86,"2021-09-12 03:28:39",A201,9653f952-2137-469f-a020-618fd5744ff7
205959,23,21.8,221,114,"2021-09-12 03:32:14",A203,9653f952-2137-469f-a020-618fd5744ff7
205961,28,21.3,190,86,"2021-09-12 03:35:00",A202,9653f952-2137-469f-a020-618fd5744ff7
205979,26,21.2,199,86,"2021-09-12 03:59:04",A201,9653f952-2137-469f-a020-618fd5744ff7
205985,23,21.7,220,107,"2021-09-12 04:02:37",A203,9653f952-2137-469f-a020-618fd5744ff7
205987,28,21.2,187,86,"2021-09-12 04:05:26",A202,9653f952-2137-469f-a020-618fd5744ff7
206007,26,21.1,200,86,"2021-09-12 04:29:27",A201,9653f952-2137-469f-a020-618fd5744ff7
206012,23,21.7,220,114,"2021-09-12 04:33:01",A203,9653f952-2137-469f-a020-618fd5744ff7
206015,28,21.1,189,86,"2021-09-12 04:35:51",A202,9653f952-2137-469f-a020-618fd5744ff7
206032,26,21,201,86,"2021-09-12 04:59:52",A201,9653f952-2137-469f-a020-618fd5744ff7
206037,23,21.7,221,107,"2021-09-12 05:03:22",A203,9653f952-2137-469f-a020-618fd5744ff7
206040,28,21,189,86,"2021-09-12 05:06:15",A202,9653f952-2137-469f-a020-618fd5744ff7
206059,26,21,201,86,"2021-09-12 05:30:19",A201,9653f952-2137-469f-a020-618fd5744ff7
206064,23,21.6,221,107,"2021-09-12 05:33:46",A203,9653f952-2137-469f-a020-618fd5744ff7
206067,28,21,189,86,"2021-09-12 05:36:43",A202,9653f952-2137-469f-a020-618fd5744ff7
206086,26,21,201,86,"2021-09-12 06:00:43",A201,9653f952-2137-469f-a020-618fd5744ff7
206091,23,21.6,219,107,"2021-09-12 06:04:09",A203,9653f952-2137-469f-a020-618fd5744ff7
206094,28,21,190,86,"2021-09-12 06:07:08",A202,9653f952-2137-469f-a020-618fd5744ff7
206112,26,21,200,93,"2021-09-12 06:31:08",A201,9653f952-2137-469f-a020-618fd5744ff7
206117,23,21.5,220,107,"2021-09-12 06:34:36",A203,9653f952-2137-469f-a020-618fd5744ff7
206121,28,21.1,190,93,"2021-09-12 06:37:36",A202,9653f952-2137-469f-a020-618fd5744ff7
206139,26,21.2,199,93,"2021-09-12 07:01:36",A201,9653f952-2137-469f-a020-618fd5744ff7
206142,23,21.5,220,107,"2021-09-12 07:05:05",A203,9653f952-2137-469f-a020-618fd5744ff7
206146,28,21.2,189,93,"2021-09-12 07:08:09",A202,9653f952-2137-469f-a020-618fd5744ff7
206163,26,21.5,201,100,"2021-09-12 07:32:05",A201,9653f952-2137-469f-a020-618fd5744ff7
206168,23,21.5,220,107,"2021-09-12 07:35:37",A203,9653f952-2137-469f-a020-618fd5744ff7
206172,28,21.6,188,93,"2021-09-12 07:38:44",A202,9653f952-2137-469f-a020-618fd5744ff7
206189,26,22,201,100,"2021-09-12 08:02:36",A201,9653f952-2137-469f-a020-618fd5744ff7
206193,23,21.6,220,107,"2021-09-12 08:06:08",A203,9653f952-2137-469f-a020-618fd5744ff7
206199,28,22.2,189,100,"2021-09-12 08:10:23",A202,9653f952-2137-469f-a020-618fd5744ff7
206215,26,22.5,203,100,"2021-09-12 08:33:05",A201,9653f952-2137-469f-a020-618fd5744ff7
206220,23,21.66,219,107,"2021-09-12 08:36:41",A203,9653f952-2137-469f-a020-618fd5744ff7
206241,26,23.2,201,100,"2021-09-12 09:03:37",A201,9653f952-2137-469f-a020-618fd5744ff7
206246,23,21.8,220,107,"2021-09-12 09:07:17",A203,9653f952-2137-469f-a020-618fd5744ff7
206251,28,23.7,189,100,"2021-09-12 09:11:16",A202,9653f952-2137-469f-a020-618fd5744ff7
206266,26,24,202,100,"2021-09-12 09:34:07",A201,9653f952-2137-469f-a020-618fd5744ff7
206271,23,21.9,216,100,"2021-09-12 09:37:49",A203,9653f952-2137-469f-a020-618fd5744ff7
206276,28,24.4,186,100,"2021-09-12 09:41:41",A202,9653f952-2137-469f-a020-618fd5744ff7
206291,26,24.7,204,100,"2021-09-12 10:04:40",A201,9653f952-2137-469f-a020-618fd5744ff7
206300,28,25.2,188,100,"2021-09-12 10:12:08",A202,9653f952-2137-469f-a020-618fd5744ff7
206315,26,25.5,206,100,"2021-09-12 10:35:09",A201,9653f952-2137-469f-a020-618fd5744ff7
206320,23,22.3,218,100,"2021-09-12 10:38:59",A203,9653f952-2137-469f-a020-618fd5744ff7
206325,28,26,187,100,"2021-09-12 10:42:35",A202,9653f952-2137-469f-a020-618fd5744ff7
206341,26,26.3,206,100,"2021-09-12 11:05:42",A201,9653f952-2137-469f-a020-618fd5744ff7
206345,23,22.5,216,100,"2021-09-12 11:09:33",A203,9653f952-2137-469f-a020-618fd5744ff7
206350,28,26.8,186,100,"2021-09-12 11:13:04",A202,9653f952-2137-469f-a020-618fd5744ff7
206366,26,26.9,207,100,"2021-09-12 11:36:15",A201,9653f952-2137-469f-a020-618fd5744ff7
206371,23,22.8,218,100,"2021-09-12 11:40:11",A203,9653f952-2137-469f-a020-618fd5744ff7
206391,26,27.5,208,100,"2021-09-12 12:06:45",A201,9653f952-2137-469f-a020-618fd5744ff7
206395,23,23,220,100,"2021-09-12 12:10:47",A203,9653f952-2137-469f-a020-618fd5744ff7
206400,28,28,187,100,"2021-09-12 12:14:02",A202,9653f952-2137-469f-a020-618fd5744ff7
206416,26,27.9,209,100,"2021-09-12 12:37:17",A201,9653f952-2137-469f-a020-618fd5744ff7
206421,23,23.2,220,100,"2021-09-12 12:41:24",A203,9653f952-2137-469f-a020-618fd5744ff7
206425,28,28.5,190,100,"2021-09-12 12:44:30",A202,9653f952-2137-469f-a020-618fd5744ff7
206440,26,28.3,208,100,"2021-09-12 13:07:51",A201,9653f952-2137-469f-a020-618fd5744ff7
206444,23,23.4,218,100,"2021-09-12 13:12:01",A203,9653f952-2137-469f-a020-618fd5744ff7
206450,28,28.8,190,100,"2021-09-12 13:14:57",A202,9653f952-2137-469f-a020-618fd5744ff7
206467,26,28.5,210,100,"2021-09-12 13:38:21",A201,9653f952-2137-469f-a020-618fd5744ff7
206471,23,23.6,215,100,"2021-09-12 13:42:36",A203,9653f952-2137-469f-a020-618fd5744ff7
206477,28,29,191,93,"2021-09-12 13:45:27",A202,9653f952-2137-469f-a020-618fd5744ff7
206495,26,28.6,209,93,"2021-09-12 14:08:54",A201,9653f952-2137-469f-a020-618fd5744ff7
206499,23,23.7,219,100,"2021-09-12 14:13:11",A203,9653f952-2137-469f-a020-618fd5744ff7
206506,28,29,188,93,"2021-09-12 14:15:52",A202,9653f952-2137-469f-a020-618fd5744ff7
206525,26,28.7,209,86,"2021-09-12 14:39:25",A201,9653f952-2137-469f-a020-618fd5744ff7
206531,23,23.9,220,107,"2021-09-12 14:43:45",A203,9653f952-2137-469f-a020-618fd5744ff7
206538,28,29,188,86,"2021-09-12 14:46:20",A202,9653f952-2137-469f-a020-618fd5744ff7
206556,26,28.6,209,86,"2021-09-12 15:09:54",A201,9653f952-2137-469f-a020-618fd5744ff7
206561,23,23.9,219,107,"2021-09-12 15:14:18",A203,9653f952-2137-469f-a020-618fd5744ff7
206568,28,28.8,188,86,"2021-09-12 15:16:45",A202,9653f952-2137-469f-a020-618fd5744ff7
206586,26,28.4,210,86,"2021-09-12 15:40:25",A201,9653f952-2137-469f-a020-618fd5744ff7
206593,23,24,221,107,"2021-09-12 15:44:50",A203,9653f952-2137-469f-a020-618fd5744ff7
206598,28,28.6,191,86,"2021-09-12 15:47:09",A202,9653f952-2137-469f-a020-618fd5744ff7
206617,26,28.1,209,86,"2021-09-12 16:10:53",A201,9653f952-2137-469f-a020-618fd5744ff7
206624,23,24,221,107,"2021-09-12 16:15:20",A203,9653f952-2137-469f-a020-618fd5744ff7
206630,28,28.2,193,86,"2021-09-12 16:17:31",A202,9653f952-2137-469f-a020-618fd5744ff7
206651,26,27.7,208,86,"2021-09-12 16:41:19",A201,9653f952-2137-469f-a020-618fd5744ff7
206657,23,24,221,107,"2021-09-12 16:45:47",A203,9653f952-2137-469f-a020-618fd5744ff7
206663,28,27.9,193,86,"2021-09-12 16:47:51",A202,9653f952-2137-469f-a020-618fd5744ff7
206681,26,27.4,208,86,"2021-09-12 17:11:46",A201,9653f952-2137-469f-a020-618fd5744ff7
206687,23,24,221,107,"2021-09-12 17:16:11",A203,9653f952-2137-469f-a020-618fd5744ff7
206693,28,27.5,194,86,"2021-09-12 17:18:10",A202,9653f952-2137-469f-a020-618fd5744ff7
206712,26,27,207,86,"2021-09-12 17:42:13",A201,9653f952-2137-469f-a020-618fd5744ff7
206719,28,27.1,194,86,"2021-09-12 17:48:28",A202,9653f952-2137-469f-a020-618fd5744ff7
206731,26,26.6,208,86,"2021-09-12 18:12:39",A201,9653f952-2137-469f-a020-618fd5744ff7
206736,28,26.7,193,86,"2021-09-12 18:18:44",A202,9653f952-2137-469f-a020-618fd5744ff7
206751,26,26.3,207,86,"2021-09-12 18:43:05",A201,9653f952-2137-469f-a020-618fd5744ff7
206757,28,26.4,194,86,"2021-09-12 18:49:00",A202,9653f952-2137-469f-a020-618fd5744ff7
206780,28,26,193,86,"2021-09-12 19:19:17",A202,9653f952-2137-469f-a020-618fd5744ff7
206795,26,25.7,206,86,"2021-09-12 19:43:56",A201,9653f952-2137-469f-a020-618fd5744ff7
206801,23,23.7,221,107,"2021-09-12 19:48:17",A203,9653f952-2137-469f-a020-618fd5744ff7
206806,28,25.7,193,86,"2021-09-12 19:49:32",A202,9653f952-2137-469f-a020-618fd5744ff7
206827,26,25.4,206,86,"2021-09-12 20:14:21",A201,9653f952-2137-469f-a020-618fd5744ff7
206833,23,23.6,221,107,"2021-09-12 20:18:41",A203,9653f952-2137-469f-a020-618fd5744ff7
206838,28,25.4,193,86,"2021-09-12 20:19:47",A202,9653f952-2137-469f-a020-618fd5744ff7
206859,26,25.1,204,86,"2021-09-12 20:44:45",A201,9653f952-2137-469f-a020-618fd5744ff7
206866,23,23.5,222,107,"2021-09-12 20:49:05",A203,9653f952-2137-469f-a020-618fd5744ff7
206870,28,25.1,194,86,"2021-09-12 20:50:02",A202,9653f952-2137-469f-a020-618fd5744ff7
206892,26,24.8,205,86,"2021-09-12 21:15:11",A201,9653f952-2137-469f-a020-618fd5744ff7
206899,23,23.4,221,107,"2021-09-12 21:19:27",A203,9653f952-2137-469f-a020-618fd5744ff7
206901,28,24.8,194,86,"2021-09-12 21:20:16",A202,9653f952-2137-469f-a020-618fd5744ff7
206922,26,24.6,205,86,"2021-09-12 21:45:34",A201,9653f952-2137-469f-a020-618fd5744ff7
206930,23,23.3,220,107,"2021-09-12 21:49:50",A203,9653f952-2137-469f-a020-618fd5744ff7
206932,28,24.5,194,86,"2021-09-12 21:50:31",A202,9653f952-2137-469f-a020-618fd5744ff7
206955,26,24.3,205,86,"2021-09-12 22:15:59",A201,9653f952-2137-469f-a020-618fd5744ff7
206962,23,23.2,218,114,"2021-09-12 22:20:12",A203,9653f952-2137-469f-a020-618fd5744ff7
206964,28,24.3,193,86,"2021-09-12 22:20:45",A202,9653f952-2137-469f-a020-618fd5744ff7
206986,26,24.1,202,86,"2021-09-12 22:46:23",A201,9653f952-2137-469f-a020-618fd5744ff7
206992,23,23.2,218,114,"2021-09-12 22:50:33",A203,9653f952-2137-469f-a020-618fd5744ff7
206993,28,24,193,86,"2021-09-12 22:50:57",A202,9653f952-2137-469f-a020-618fd5744ff7
207017,26,23.8,204,86,"2021-09-12 23:16:47",A201,9653f952-2137-469f-a020-618fd5744ff7
207024,23,23,219,114,"2021-09-12 23:20:54",A203,9653f952-2137-469f-a020-618fd5744ff7
207025,28,23.8,193,86,"2021-09-12 23:21:10",A202,9653f952-2137-469f-a020-618fd5744ff7
207047,26,23.6,203,86,"2021-09-12 23:47:10",A201,9653f952-2137-469f-a020-618fd5744ff7
207053,23,23,221,114,"2021-09-12 23:51:15",A203,9653f952-2137-469f-a020-618fd5744ff7
207054,28,23.6,193,86,"2021-09-12 23:51:22",A202,9653f952-2137-469f-a020-618fd5744ff7
207077,26,23.4,205,86,"2021-09-13 00:17:33",A201,9653f952-2137-469f-a020-618fd5744ff7
207084,28,23.3,191,86,"2021-09-13 00:21:36",A202,9653f952-2137-469f-a020-618fd5744ff7
207085,23,22.8,222,114,"2021-09-13 00:21:37",A203,9653f952-2137-469f-a020-618fd5744ff7
207107,26,23.2,204,86,"2021-09-13 00:47:57",A201,9653f952-2137-469f-a020-618fd5744ff7
207114,28,23.1,192,86,"2021-09-13 00:51:45",A202,9653f952-2137-469f-a020-618fd5744ff7
207115,23,22.8,222,114,"2021-09-13 00:51:55",A203,9653f952-2137-469f-a020-618fd5744ff7
207137,26,23,203,86,"2021-09-13 01:18:20",A201,9653f952-2137-469f-a020-618fd5744ff7
207143,28,22.9,193,86,"2021-09-13 01:21:57",A202,9653f952-2137-469f-a020-618fd5744ff7
207144,23,22.7,222,114,"2021-09-13 01:22:15",A203,9653f952-2137-469f-a020-618fd5744ff7
207167,26,22.8,203,86,"2021-09-13 01:48:42",A201,9653f952-2137-469f-a020-618fd5744ff7
207173,28,22.7,193,86,"2021-09-13 01:52:09",A202,9653f952-2137-469f-a020-618fd5744ff7
207174,23,22.6,221,114,"2021-09-13 01:52:36",A203,9653f952-2137-469f-a020-618fd5744ff7
207195,26,22.6,201,86,"2021-09-13 02:19:06",A201,9653f952-2137-469f-a020-618fd5744ff7
207201,28,22.5,194,86,"2021-09-13 02:22:22",A202,9653f952-2137-469f-a020-618fd5744ff7
207202,23,22.5,220,114,"2021-09-13 02:22:58",A203,9653f952-2137-469f-a020-618fd5744ff7
207224,26,22.4,203,86,"2021-09-13 02:49:30",A201,9653f952-2137-469f-a020-618fd5744ff7
207230,28,22.3,188,86,"2021-09-13 02:52:35",A202,9653f952-2137-469f-a020-618fd5744ff7
207231,23,22.4,220,114,"2021-09-13 02:53:17",A203,9653f952-2137-469f-a020-618fd5744ff7
207254,26,22.3,203,86,"2021-09-13 03:19:54",A201,9653f952-2137-469f-a020-618fd5744ff7
207259,28,22.2,191,86,"2021-09-13 03:22:48",A202,9653f952-2137-469f-a020-618fd5744ff7
207260,23,22.3,218,114,"2021-09-13 03:23:38",A203,9653f952-2137-469f-a020-618fd5744ff7
207286,26,22.1,201,86,"2021-09-13 03:52:03",A201,9653f952-2137-469f-a020-618fd5744ff7
207287,28,22,191,86,"2021-09-13 03:52:59",A202,9653f952-2137-469f-a020-618fd5744ff7
207288,23,22.2,221,114,"2021-09-13 03:54:01",A203,9653f952-2137-469f-a020-618fd5744ff7
207313,26,22,203,86,"2021-09-13 04:22:29",A201,9653f952-2137-469f-a020-618fd5744ff7
207314,28,21.9,192,86,"2021-09-13 04:23:13",A202,9653f952-2137-469f-a020-618fd5744ff7
207315,23,22.1,219,114,"2021-09-13 04:24:20",A203,9653f952-2137-469f-a020-618fd5744ff7
207342,26,21.84,203,93,"2021-09-13 04:52:54",A201,9653f952-2137-469f-a020-618fd5744ff7
207343,28,21.8,192,93,"2021-09-13 04:53:26",A202,9653f952-2137-469f-a020-618fd5744ff7
207344,23,22,220,107,"2021-09-13 04:54:40",A203,9653f952-2137-469f-a020-618fd5744ff7
207371,26,21.8,203,93,"2021-09-13 05:23:18",A201,9653f952-2137-469f-a020-618fd5744ff7
207372,28,21.7,191,93,"2021-09-13 05:23:44",A202,9653f952-2137-469f-a020-618fd5744ff7
207373,23,22,221,107,"2021-09-13 05:25:04",A203,9653f952-2137-469f-a020-618fd5744ff7
207401,26,21.7,202,93,"2021-09-13 05:53:46",A201,9653f952-2137-469f-a020-618fd5744ff7
207402,28,21.7,192,93,"2021-09-13 05:54:01",A202,9653f952-2137-469f-a020-618fd5744ff7
207430,26,21.8,202,93,"2021-09-13 06:24:11",A201,9653f952-2137-469f-a020-618fd5744ff7
207431,28,21.7,191,93,"2021-09-13 06:24:22",A202,9653f952-2137-469f-a020-618fd5744ff7
207432,23,21.9,218,107,"2021-09-13 06:25:59",A203,9653f952-2137-469f-a020-618fd5744ff7
207459,26,22,202,100,"2021-09-13 06:54:42",A201,9653f952-2137-469f-a020-618fd5744ff7
207460,28,21.9,190,93,"2021-09-13 06:54:45",A202,9653f952-2137-469f-a020-618fd5744ff7
207461,23,21.8,220,107,"2021-09-13 06:56:31",A203,9653f952-2137-469f-a020-618fd5744ff7
207488,28,22.3,190,100,"2021-09-13 07:25:09",A202,9653f952-2137-469f-a020-618fd5744ff7
207489,26,22.3,204,100,"2021-09-13 07:25:11",A201,9653f952-2137-469f-a020-618fd5744ff7
207491,23,21.8,219,107,"2021-09-13 07:27:03",A203,9653f952-2137-469f-a020-618fd5744ff7
207517,28,22.8,185,100,"2021-09-13 07:55:35",A202,9653f952-2137-469f-a020-618fd5744ff7
207518,26,22.7,204,100,"2021-09-13 07:55:42",A201,9653f952-2137-469f-a020-618fd5744ff7
207521,23,21.9,219,100,"2021-09-13 07:57:40",A203,9653f952-2137-469f-a020-618fd5744ff7
207547,28,23.42,189,100,"2021-09-13 08:26:01",A202,9653f952-2137-469f-a020-618fd5744ff7
207548,26,23.3,205,100,"2021-09-13 08:26:13",A201,9653f952-2137-469f-a020-618fd5744ff7
207551,23,22,220,107,"2021-09-13 08:28:09",A203,9653f952-2137-469f-a020-618fd5744ff7
207576,28,24.1,187,100,"2021-09-13 08:56:26",A202,9653f952-2137-469f-a020-618fd5744ff7
207577,26,23.9,203,100,"2021-09-13 08:56:45",A201,9653f952-2137-469f-a020-618fd5744ff7
207580,23,22.1,219,100,"2021-09-13 08:58:44",A203,9653f952-2137-469f-a020-618fd5744ff7
207605,28,24.8,190,100,"2021-09-13 09:26:54",A202,9653f952-2137-469f-a020-618fd5744ff7
207606,26,24.6,206,100,"2021-09-13 09:27:16",A201,9653f952-2137-469f-a020-618fd5744ff7
207610,23,22.3,218,100,"2021-09-13 09:29:18",A203,9653f952-2137-469f-a020-618fd5744ff7
207635,28,25.7,186,100,"2021-09-13 09:57:21",A202,9653f952-2137-469f-a020-618fd5744ff7
207636,26,25.4,208,100,"2021-09-13 09:57:48",A201,9653f952-2137-469f-a020-618fd5744ff7
207640,23,22.4,219,100,"2021-09-13 09:59:53",A203,9653f952-2137-469f-a020-618fd5744ff7
207663,28,26.6,188,100,"2021-09-13 10:27:53",A202,9653f952-2137-469f-a020-618fd5744ff7
207664,26,26.3,209,100,"2021-09-13 10:28:21",A201,9653f952-2137-469f-a020-618fd5744ff7
207667,23,22.6,219,100,"2021-09-13 10:30:30",A203,9653f952-2137-469f-a020-618fd5744ff7
207693,28,27.4,189,100,"2021-09-13 10:58:15",A202,9653f952-2137-469f-a020-618fd5744ff7
207694,26,27.2,210,100,"2021-09-13 10:58:51",A201,9653f952-2137-469f-a020-618fd5744ff7
207698,23,22.9,220,100,"2021-09-13 11:01:06",A203,9653f952-2137-469f-a020-618fd5744ff7
207723,28,28.3,188,100,"2021-09-13 11:28:42",A202,9653f952-2137-469f-a020-618fd5744ff7
207724,26,28,209,100,"2021-09-13 11:29:25",A201,9653f952-2137-469f-a020-618fd5744ff7
207728,23,23.1,215,100,"2021-09-13 11:31:47",A203,9653f952-2137-469f-a020-618fd5744ff7
207752,28,29,189,100,"2021-09-13 11:59:13",A202,9653f952-2137-469f-a020-618fd5744ff7
207753,26,28.7,210,100,"2021-09-13 12:00:02",A201,9653f952-2137-469f-a020-618fd5744ff7
207756,23,23.4,215,100,"2021-09-13 12:02:25",A203,9653f952-2137-469f-a020-618fd5744ff7
207780,28,29.6,188,93,"2021-09-13 12:29:38",A202,9653f952-2137-469f-a020-618fd5744ff7
207781,26,29.2,210,93,"2021-09-13 12:30:30",A201,9653f952-2137-469f-a020-618fd5744ff7
207785,23,23.7,217,107,"2021-09-13 12:32:55",A203,9653f952-2137-469f-a020-618fd5744ff7
207812,28,29.8,190,93,"2021-09-13 12:59:58",A202,9653f952-2137-469f-a020-618fd5744ff7
207813,25,29.3,210,93,"2021-09-13 13:00:58",A201,9653f952-2137-469f-a020-618fd5744ff7
207817,23,23.9,221,107,"2021-09-13 13:03:22",A203,9653f952-2137-469f-a020-618fd5744ff7
207841,28,29.6,191,93,"2021-09-13 13:30:17",A202,9653f952-2137-469f-a020-618fd5744ff7
207842,26,29.1,206,100,"2021-09-13 13:31:25",A201,9653f952-2137-469f-a020-618fd5744ff7
207846,23,24,221,107,"2021-09-13 13:33:49",A203,9653f952-2137-469f-a020-618fd5744ff7
207871,28,29.3,192,93,"2021-09-13 14:00:36",A202,9653f952-2137-469f-a020-618fd5744ff7
207872,26,28.9,209,93,"2021-09-13 14:01:53",A201,9653f952-2137-469f-a020-618fd5744ff7
207876,23,24.1,221,107,"2021-09-13 14:04:15",A203,9653f952-2137-469f-a020-618fd5744ff7
207902,23,24.1,221,107,"2021-09-13 14:34:45",A203,9653f952-2137-469f-a020-618fd5744ff7
207926,28,28.7,189,86,"2021-09-13 15:01:18",A202,9653f952-2137-469f-a020-618fd5744ff7
207928,26,28.4,210,86,"2021-09-13 15:02:50",A201,9653f952-2137-469f-a020-618fd5744ff7
207931,23,24.2,221,107,"2021-09-13 15:05:14",A203,9653f952-2137-469f-a020-618fd5744ff7
207954,28,28.5,193,86,"2021-09-13 15:31:38",A202,9653f952-2137-469f-a020-618fd5744ff7
207957,26,28.1,210,86,"2021-09-13 15:33:17",A201,9653f952-2137-469f-a020-618fd5744ff7
207959,23,24.2,220,107,"2021-09-13 15:35:42",A203,9653f952-2137-469f-a020-618fd5744ff7
207984,28,28.2,193,86,"2021-09-13 16:01:57",A202,9653f952-2137-469f-a020-618fd5744ff7
207987,26,27.8,209,86,"2021-09-13 16:03:44",A201,9653f952-2137-469f-a020-618fd5744ff7
207990,23,24.2,218,107,"2021-09-13 16:06:10",A203,9653f952-2137-469f-a020-618fd5744ff7
208014,28,27.8,194,86,"2021-09-13 16:32:16",A202,9653f952-2137-469f-a020-618fd5744ff7
208019,23,24.2,221,107,"2021-09-13 16:36:35",A203,9653f952-2137-469f-a020-618fd5744ff7
208040,23,24.1,220,107,"2021-09-13 17:07:02",A203,9653f952-2137-469f-a020-618fd5744ff7
208068,28,26.5,194,86,"2021-09-13 18:33:21",A202,9653f952-2137-469f-a020-618fd5744ff7
208086,23,23.9,223,107,"2021-09-13 19:39:03",A203,9653f952-2137-469f-a020-618fd5744ff7
208102,28,25.6,193,86,"2021-09-13 20:04:02",A202,9653f952-2137-469f-a020-618fd5744ff7
208105,26,25.5,207,86,"2021-09-13 20:07:12",A201,9653f952-2137-469f-a020-618fd5744ff7
208130,28,25.3,194,86,"2021-09-13 20:34:14",A202,9653f952-2137-469f-a020-618fd5744ff7
208134,26,25.2,205,86,"2021-09-13 20:37:36",A201,9653f952-2137-469f-a020-618fd5744ff7
208138,23,23.7,224,114,"2021-09-13 20:39:46",A203,9653f952-2137-469f-a020-618fd5744ff7
208159,28,25,194,86,"2021-09-13 21:04:30",A202,9653f952-2137-469f-a020-618fd5744ff7
208163,26,24.9,206,86,"2021-09-13 21:07:59",A201,9653f952-2137-469f-a020-618fd5744ff7
208167,23,23.6,222,114,"2021-09-13 21:10:07",A203,9653f952-2137-469f-a020-618fd5744ff7
208188,28,24.7,191,86,"2021-09-13 21:34:40",A202,9653f952-2137-469f-a020-618fd5744ff7
208193,26,24.7,206,86,"2021-09-13 21:38:24",A201,9653f952-2137-469f-a020-618fd5744ff7
208196,23,23.5,223,114,"2021-09-13 21:40:28",A203,9653f952-2137-469f-a020-618fd5744ff7
208218,28,24.5,191,86,"2021-09-13 22:04:53",A202,9653f952-2137-469f-a020-618fd5744ff7
208224,26,24.5,206,86,"2021-09-13 22:08:47",A201,9653f952-2137-469f-a020-618fd5744ff7
208226,23,23.4,222,114,"2021-09-13 22:10:49",A203,9653f952-2137-469f-a020-618fd5744ff7
208252,26,24.2,205,86,"2021-09-13 22:39:12",A201,9653f952-2137-469f-a020-618fd5744ff7
208254,23,23.3,218,114,"2021-09-13 22:41:08",A203,9653f952-2137-469f-a020-618fd5744ff7
208278,26,24,205,86,"2021-09-13 23:09:35",A201,9653f952-2137-469f-a020-618fd5744ff7
208280,23,23.2,217,114,"2021-09-13 23:11:28",A203,9653f952-2137-469f-a020-618fd5744ff7
208307,26,23.8,204,86,"2021-09-13 23:39:59",A201,9653f952-2137-469f-a020-618fd5744ff7
208310,23,23.1,219,114,"2021-09-13 23:41:48",A203,9653f952-2137-469f-a020-618fd5744ff7
208336,26,23.5,204,86,"2021-09-14 00:10:22",A201,9653f952-2137-469f-a020-618fd5744ff7
208339,23,23,223,114,"2021-09-14 00:12:06",A203,9653f952-2137-469f-a020-618fd5744ff7
208366,26,23.3,203,86,"2021-09-14 00:40:45",A201,9653f952-2137-469f-a020-618fd5744ff7
208369,23,22.9,223,114,"2021-09-14 00:42:26",A203,9653f952-2137-469f-a020-618fd5744ff7
208395,26,23.1,200,86,"2021-09-14 01:11:08",A201,9653f952-2137-469f-a020-618fd5744ff7
208398,23,22.8,223,114,"2021-09-14 01:12:44",A203,9653f952-2137-469f-a020-618fd5744ff7
208424,26,22.9,203,86,"2021-09-14 01:41:32",A201,9653f952-2137-469f-a020-618fd5744ff7
208427,23,22.7,222,114,"2021-09-14 01:43:05",A203,9653f952-2137-469f-a020-618fd5744ff7
208453,26,22.8,201,86,"2021-09-14 02:11:55",A201,9653f952-2137-469f-a020-618fd5744ff7
208456,23,22.6,222,114,"2021-09-14 02:13:23",A203,9653f952-2137-469f-a020-618fd5744ff7
208478,28,22.5,188,86,"2021-09-14 02:36:33",A202,9653f952-2137-469f-a020-618fd5744ff7
208483,26,22.6,203,86,"2021-09-14 02:42:19",A201,9653f952-2137-469f-a020-618fd5744ff7
208486,23,22.44,221,114,"2021-09-14 02:43:41",A203,9653f952-2137-469f-a020-618fd5744ff7
208506,28,22.3,189,86,"2021-09-14 03:06:43",A202,9653f952-2137-469f-a020-618fd5744ff7
208512,26,22.4,201,86,"2021-09-14 03:12:41",A201,9653f952-2137-469f-a020-618fd5744ff7
208515,23,22.4,220,114,"2021-09-14 03:14:01",A203,9653f952-2137-469f-a020-618fd5744ff7
208537,28,22.1,191,86,"2021-09-14 03:36:55",A202,9653f952-2137-469f-a020-618fd5744ff7
208543,26,22.2,201,86,"2021-09-14 03:43:05",A201,9653f952-2137-469f-a020-618fd5744ff7
208546,23,22.3,217,114,"2021-09-14 03:44:19",A203,9653f952-2137-469f-a020-618fd5744ff7
208568,28,22,192,86,"2021-09-14 04:07:04",A202,9653f952-2137-469f-a020-618fd5744ff7
208574,26,22.1,202,86,"2021-09-14 04:13:29",A201,9653f952-2137-469f-a020-618fd5744ff7
208577,23,22.2,221,107,"2021-09-14 04:14:33",A203,9653f952-2137-469f-a020-618fd5744ff7
208597,28,21.8,192,86,"2021-09-14 04:37:16",A202,9653f952-2137-469f-a020-618fd5744ff7
208607,26,21.9,201,86,"2021-09-14 04:43:51",A201,9653f952-2137-469f-a020-618fd5744ff7
208612,23,22.1,220,100,"2021-09-14 04:44:44",A203,9653f952-2137-469f-a020-618fd5744ff7
208634,28,21.7,190,86,"2021-09-14 05:07:27",A202,9653f952-2137-469f-a020-618fd5744ff7
208641,26,21.8,202,93,"2021-09-14 05:14:15",A201,9653f952-2137-469f-a020-618fd5744ff7
208643,23,22,218,107,"2021-09-14 05:15:02",A203,9653f952-2137-469f-a020-618fd5744ff7
208662,28,21.6,188,93,"2021-09-14 05:37:40",A202,9653f952-2137-469f-a020-618fd5744ff7
208669,26,21.7,202,93,"2021-09-14 05:44:39",A201,9653f952-2137-469f-a020-618fd5744ff7
208672,23,21.9,221,107,"2021-09-14 05:46:52",A203,9653f952-2137-469f-a020-618fd5744ff7
208691,28,21.6,190,93,"2021-09-14 06:07:58",A202,9653f952-2137-469f-a020-618fd5744ff7
208698,26,21.8,202,93,"2021-09-14 06:15:04",A201,9653f952-2137-469f-a020-618fd5744ff7
208701,23,21.8,221,107,"2021-09-14 06:17:18",A203,9653f952-2137-469f-a020-618fd5744ff7
208720,28,21.8,190,93,"2021-09-14 06:38:18",A202,9653f952-2137-469f-a020-618fd5744ff7
208727,26,21.9,201,100,"2021-09-14 06:45:37",A201,9653f952-2137-469f-a020-618fd5744ff7
208730,23,21.8,221,107,"2021-09-14 06:47:45",A203,9653f952-2137-469f-a020-618fd5744ff7
208749,28,22.1,189,93,"2021-09-14 07:08:39",A202,9653f952-2137-469f-a020-618fd5744ff7
208756,26,22.2,200,93,"2021-09-14 07:16:04",A201,9653f952-2137-469f-a020-618fd5744ff7
208759,23,21.8,221,107,"2021-09-14 07:18:17",A203,9653f952-2137-469f-a020-618fd5744ff7
208778,28,22.5,189,100,"2021-09-14 07:39:04",A202,9653f952-2137-469f-a020-618fd5744ff7
208787,23,21.8,221,107,"2021-09-14 07:48:50",A203,9653f952-2137-469f-a020-618fd5744ff7
208807,28,23.1,184,100,"2021-09-14 08:09:29",A202,9653f952-2137-469f-a020-618fd5744ff7
208813,28,23,246,100,"2021-09-14 08:16:57",A201,9653f952-2137-469f-a020-618fd5744ff7
208816,23,21.9,220,100,"2021-09-14 08:19:26",A203,9653f952-2137-469f-a020-618fd5744ff7
208837,28,23.8,188,100,"2021-09-14 08:39:57",A202,9653f952-2137-469f-a020-618fd5744ff7
208844,28,23.5,245,100,"2021-09-14 08:47:29",A201,9653f952-2137-469f-a020-618fd5744ff7
208847,23,22.1,219,100,"2021-09-14 08:50:03",A203,9653f952-2137-469f-a020-618fd5744ff7
208867,28,24.6,182,100,"2021-09-14 09:10:25",A202,9653f952-2137-469f-a020-618fd5744ff7
208874,28,24.2,240,100,"2021-09-14 09:18:00",A201,9653f952-2137-469f-a020-618fd5744ff7
208877,23,22.2,218,100,"2021-09-14 09:20:37",A203,9653f952-2137-469f-a020-618fd5744ff7
208897,28,25.5,187,100,"2021-09-14 09:40:53",A202,9653f952-2137-469f-a020-618fd5744ff7
208904,28,24.9,244,100,"2021-09-14 09:48:31",A201,9653f952-2137-469f-a020-618fd5744ff7
208908,23,22.42,215,100,"2021-09-14 09:51:14",A203,9653f952-2137-469f-a020-618fd5744ff7
208927,28,26.4,187,100,"2021-09-14 10:11:20",A202,9653f952-2137-469f-a020-618fd5744ff7
208934,28,25.5,243,100,"2021-09-14 10:19:04",A201,9653f952-2137-469f-a020-618fd5744ff7
208938,23,22.7,221,100,"2021-09-14 10:21:51",A203,9653f952-2137-469f-a020-618fd5744ff7
208958,28,27.3,185,100,"2021-09-14 10:43:03",A202,9653f952-2137-469f-a020-618fd5744ff7
208964,28,26.1,243,100,"2021-09-14 10:49:34",A201,9653f952-2137-469f-a020-618fd5744ff7
208967,23,23,219,100,"2021-09-14 10:52:30",A203,9653f952-2137-469f-a020-618fd5744ff7
208987,27,28.1,188,100,"2021-09-14 11:13:27",A202,9653f952-2137-469f-a020-618fd5744ff7
208993,27,26.7,243,100,"2021-09-14 11:20:06",A201,9653f952-2137-469f-a020-618fd5744ff7
208996,23,23.3,220,100,"2021-09-14 11:23:09",A203,9653f952-2137-469f-a020-618fd5744ff7
209018,27,28.9,187,100,"2021-09-14 11:43:55",A202,9653f952-2137-469f-a020-618fd5744ff7
209024,27,27.3,243,100,"2021-09-14 11:50:43",A201,9653f952-2137-469f-a020-618fd5744ff7
209027,23,23.54,216,93,"2021-09-14 11:53:50",A203,9653f952-2137-469f-a020-618fd5744ff7
209047,27,29.6,186,100,"2021-09-14 12:14:23",A202,9653f952-2137-469f-a020-618fd5744ff7
209053,27,27.7,242,100,"2021-09-14 12:21:13",A201,9653f952-2137-469f-a020-618fd5744ff7
209056,23,23.8,220,93,"2021-09-14 12:24:32",A203,9653f952-2137-469f-a020-618fd5744ff7
209078,27,30.2,190,100,"2021-09-14 12:44:51",A202,9653f952-2137-469f-a020-618fd5744ff7
209084,27,28,242,100,"2021-09-14 12:51:49",A201,9653f952-2137-469f-a020-618fd5744ff7
209086,23,24.1,221,93,"2021-09-14 12:55:14",A203,9653f952-2137-469f-a020-618fd5744ff7
209108,27,30.6,190,100,"2021-09-14 13:15:12",A202,9653f952-2137-469f-a020-618fd5744ff7
209113,27,28.2,238,100,"2021-09-14 13:22:22",A201,9653f952-2137-469f-a020-618fd5744ff7
209115,23,24.4,219,93,"2021-09-14 13:25:57",A203,9653f952-2137-469f-a020-618fd5744ff7
209134,27,30.5,189,100,"2021-09-14 13:45:36",A202,9653f952-2137-469f-a020-618fd5744ff7
209140,27,28.4,240,100,"2021-09-14 13:52:56",A201,9653f952-2137-469f-a020-618fd5744ff7
209141,23,24.6,220,100,"2021-09-14 13:56:38",A203,9653f952-2137-469f-a020-618fd5744ff7
209163,27,30.3,190,100,"2021-09-14 14:16:00",A202,9653f952-2137-469f-a020-618fd5744ff7
209169,27,28.4,237,93,"2021-09-14 14:23:28",A201,9653f952-2137-469f-a020-618fd5744ff7
209171,23,24.8,221,100,"2021-09-14 14:27:15",A203,9653f952-2137-469f-a020-618fd5744ff7
209194,27,29.9,192,86,"2021-09-14 14:46:24",A202,9653f952-2137-469f-a020-618fd5744ff7
209200,27,28.2,239,86,"2021-09-14 14:54:01",A201,9653f952-2137-469f-a020-618fd5744ff7
209202,23,25,223,100,"2021-09-14 14:57:51",A203,9653f952-2137-469f-a020-618fd5744ff7
209224,27,29.5,196,86,"2021-09-14 15:16:48",A202,9653f952-2137-469f-a020-618fd5744ff7
209230,27,28,237,86,"2021-09-14 15:24:36",A201,9653f952-2137-469f-a020-618fd5744ff7
209232,23,25.1,222,100,"2021-09-14 15:28:29",A203,9653f952-2137-469f-a020-618fd5744ff7
209255,27,29.1,196,86,"2021-09-14 15:47:12",A202,9653f952-2137-469f-a020-618fd5744ff7
209260,27,27.7,236,86,"2021-09-14 15:55:05",A201,9653f952-2137-469f-a020-618fd5744ff7
209263,23,25.2,222,107,"2021-09-14 15:59:06",A203,9653f952-2137-469f-a020-618fd5744ff7
209285,27,28.7,196,86,"2021-09-14 16:17:34",A202,9653f952-2137-469f-a020-618fd5744ff7
209290,27,27.4,234,86,"2021-09-14 16:25:35",A201,9653f952-2137-469f-a020-618fd5744ff7
209293,23,25.2,223,107,"2021-09-14 16:29:36",A203,9653f952-2137-469f-a020-618fd5744ff7
209314,27,28.26,198,86,"2021-09-14 16:47:51",A202,9653f952-2137-469f-a020-618fd5744ff7
209318,27,27,234,86,"2021-09-14 16:56:05",A201,9653f952-2137-469f-a020-618fd5744ff7
209337,27,27.9,197,86,"2021-09-14 17:18:07",A202,9653f952-2137-469f-a020-618fd5744ff7
209354,27,27.5,197,86,"2021-09-14 17:48:24",A202,9653f952-2137-469f-a020-618fd5744ff7
209366,23,25.1,223,107,"2021-09-14 18:31:35",A203,9653f952-2137-469f-a020-618fd5744ff7
209372,28,26.8,199,86,"2021-09-14 18:48:55",A202,9653f952-2137-469f-a020-618fd5744ff7
209374,27,25.7,229,86,"2021-09-14 18:57:55",A201,9653f952-2137-469f-a020-618fd5744ff7
209375,23,25,223,107,"2021-09-14 19:02:04",A203,9653f952-2137-469f-a020-618fd5744ff7
209384,27,25.4,229,86,"2021-09-14 19:28:22",A201,9653f952-2137-469f-a020-618fd5744ff7
209385,23,24.9,224,107,"2021-09-14 19:32:31",A203,9653f952-2137-469f-a020-618fd5744ff7
209397,27,25.2,224,86,"2021-09-14 19:58:48",A201,9653f952-2137-469f-a020-618fd5744ff7
209400,23,24.9,223,107,"2021-09-14 20:02:57",A203,9653f952-2137-469f-a020-618fd5744ff7
209420,28,25.8,198,86,"2021-09-14 20:19:38",A202,9653f952-2137-469f-a020-618fd5744ff7
209428,27,24.9,225,86,"2021-09-14 20:29:16",A201,9653f952-2137-469f-a020-618fd5744ff7
209430,23,24.7,223,107,"2021-09-14 20:33:22",A203,9653f952-2137-469f-a020-618fd5744ff7
209448,28,25.6,198,86,"2021-09-14 20:49:51",A202,9653f952-2137-469f-a020-618fd5744ff7
209456,27,24.7,227,86,"2021-09-14 20:59:41",A201,9653f952-2137-469f-a020-618fd5744ff7
209459,23,24.7,224,107,"2021-09-14 21:03:49",A203,9653f952-2137-469f-a020-618fd5744ff7
209478,28,25.3,196,86,"2021-09-14 21:20:03",A202,9653f952-2137-469f-a020-618fd5744ff7
209487,27,24.5,227,86,"2021-09-14 21:30:07",A201,9653f952-2137-469f-a020-618fd5744ff7
209489,23,24.5,225,107,"2021-09-14 21:34:13",A203,9653f952-2137-469f-a020-618fd5744ff7
209507,28,25.1,195,86,"2021-09-14 21:50:15",A202,9653f952-2137-469f-a020-618fd5744ff7
209516,27,24.3,225,86,"2021-09-14 22:00:32",A201,9653f952-2137-469f-a020-618fd5744ff7
209519,23,24.4,224,107,"2021-09-14 22:04:38",A203,9653f952-2137-469f-a020-618fd5744ff7
209537,28,24.8,195,86,"2021-09-14 22:20:29",A202,9653f952-2137-469f-a020-618fd5744ff7
209557,27,24.1,225,86,"2021-09-14 22:30:59",A201,9653f952-2137-469f-a020-618fd5744ff7
209560,23,24.3,224,107,"2021-09-14 22:35:02",A203,9653f952-2137-469f-a020-618fd5744ff7
209578,28,24.6,196,86,"2021-09-14 22:50:42",A202,9653f952-2137-469f-a020-618fd5744ff7
209583,27,23.8,223,86,"2021-09-14 23:01:25",A201,9653f952-2137-469f-a020-618fd5744ff7
209586,23,24.2,224,107,"2021-09-14 23:05:27",A203,9653f952-2137-469f-a020-618fd5744ff7
209605,28,24.36,192,86,"2021-09-14 23:20:51",A202,9653f952-2137-469f-a020-618fd5744ff7
209612,27,23.6,223,86,"2021-09-14 23:31:50",A201,9653f952-2137-469f-a020-618fd5744ff7
209615,23,24.1,223,114,"2021-09-14 23:35:48",A203,9653f952-2137-469f-a020-618fd5744ff7
209633,28,24.1,199,86,"2021-09-14 23:51:02",A202,9653f952-2137-469f-a020-618fd5744ff7
209641,27,23.5,223,86,"2021-09-15 00:02:15",A201,9653f952-2137-469f-a020-618fd5744ff7
209644,23,24,223,114,"2021-09-15 00:06:12",A203,9653f952-2137-469f-a020-618fd5744ff7
209663,28,23.9,197,86,"2021-09-15 00:21:13",A202,9653f952-2137-469f-a020-618fd5744ff7
209670,27,23.3,223,86,"2021-09-15 00:32:41",A201,9653f952-2137-469f-a020-618fd5744ff7
209673,23,23.9,223,114,"2021-09-15 00:36:34",A203,9653f952-2137-469f-a020-618fd5744ff7
209691,28,23.7,195,86,"2021-09-15 00:51:22",A202,9653f952-2137-469f-a020-618fd5744ff7
209699,27,23.1,222,86,"2021-09-15 01:03:03",A201,9653f952-2137-469f-a020-618fd5744ff7
209702,23,23.8,222,114,"2021-09-15 01:06:54",A203,9653f952-2137-469f-a020-618fd5744ff7
209720,28,23.5,197,86,"2021-09-15 01:21:32",A202,9653f952-2137-469f-a020-618fd5744ff7
209728,27,22.9,221,86,"2021-09-15 01:33:29",A201,9653f952-2137-469f-a020-618fd5744ff7
209732,23,23.7,223,114,"2021-09-15 01:37:14",A203,9653f952-2137-469f-a020-618fd5744ff7
209757,27,22.8,222,86,"2021-09-15 02:03:52",A201,9653f952-2137-469f-a020-618fd5744ff7
209761,23,23.6,226,93,"2021-09-15 02:07:25",A203,9653f952-2137-469f-a020-618fd5744ff7
209777,28,23.2,196,86,"2021-09-15 02:21:51",A202,9653f952-2137-469f-a020-618fd5744ff7
209786,27,22.6,222,86,"2021-09-15 02:34:18",A201,9653f952-2137-469f-a020-618fd5744ff7
209790,23,23.52,227,93,"2021-09-15 02:37:36",A203,9653f952-2137-469f-a020-618fd5744ff7
209806,28,23,192,86,"2021-09-15 02:52:00",A202,9653f952-2137-469f-a020-618fd5744ff7
209815,27,22.5,221,86,"2021-09-15 03:04:42",A201,9653f952-2137-469f-a020-618fd5744ff7
209819,23,23.4,227,93,"2021-09-15 03:07:45",A203,9653f952-2137-469f-a020-618fd5744ff7
209835,28,22.8,193,86,"2021-09-15 03:22:12",A202,9653f952-2137-469f-a020-618fd5744ff7
209845,27,22.4,218,86,"2021-09-15 03:35:06",A201,9653f952-2137-469f-a020-618fd5744ff7
209849,23,23.4,226,93,"2021-09-15 03:37:55",A203,9653f952-2137-469f-a020-618fd5744ff7
209865,28,22.7,195,86,"2021-09-15 03:52:21",A202,9653f952-2137-469f-a020-618fd5744ff7
209874,27,22.3,218,86,"2021-09-15 04:05:30",A201,9653f952-2137-469f-a020-618fd5744ff7
209878,23,23.3,226,93,"2021-09-15 04:08:04",A203,9653f952-2137-469f-a020-618fd5744ff7
209891,28,22.6,195,86,"2021-09-15 04:22:32",A202,9653f952-2137-469f-a020-618fd5744ff7
209903,27,22.1,219,86,"2021-09-15 04:35:55",A201,9653f952-2137-469f-a020-618fd5744ff7
209907,23,23.2,226,93,"2021-09-15 04:38:15",A203,9653f952-2137-469f-a020-618fd5744ff7
209919,28,22.4,196,86,"2021-09-15 04:52:44",A202,9653f952-2137-469f-a020-618fd5744ff7
209931,27,22,219,93,"2021-09-15 05:06:20",A201,9653f952-2137-469f-a020-618fd5744ff7
209935,23,23.1,221,100,"2021-09-15 05:08:26",A203,9653f952-2137-469f-a020-618fd5744ff7
209948,28,22.3,195,93,"2021-09-15 05:22:55",A202,9653f952-2137-469f-a020-618fd5744ff7
209958,27,22,219,93,"2021-09-15 05:36:46",A201,9653f952-2137-469f-a020-618fd5744ff7
209962,23,23,220,107,"2021-09-15 05:38:52",A203,9653f952-2137-469f-a020-618fd5744ff7
209975,28,22.3,193,93,"2021-09-15 05:53:11",A202,9653f952-2137-469f-a020-618fd5744ff7
209988,27,22,219,93,"2021-09-15 06:07:13",A201,9653f952-2137-469f-a020-618fd5744ff7
209992,23,23,218,107,"2021-09-15 06:09:21",A203,9653f952-2137-469f-a020-618fd5744ff7
210004,28,22.3,191,93,"2021-09-15 06:23:28",A202,9653f952-2137-469f-a020-618fd5744ff7
210020,27,22.1,219,93,"2021-09-15 06:39:30",A201,9653f952-2137-469f-a020-618fd5744ff7
210021,23,22.9,220,107,"2021-09-15 06:39:49",A203,9653f952-2137-469f-a020-618fd5744ff7
210034,28,22.5,194,93,"2021-09-15 06:53:49",A202,9653f952-2137-469f-a020-618fd5744ff7
210049,27,22.3,217,100,"2021-09-15 07:09:55",A201,9653f952-2137-469f-a020-618fd5744ff7
210051,23,22.9,220,107,"2021-09-15 07:10:20",A203,9653f952-2137-469f-a020-618fd5744ff7
210064,28,22.8,193,93,"2021-09-15 07:24:09",A202,9653f952-2137-469f-a020-618fd5744ff7
210079,26,22.6,219,100,"2021-09-15 07:40:21",A201,9653f952-2137-469f-a020-618fd5744ff7
210080,23,22.9,218,107,"2021-09-15 07:40:55",A203,9653f952-2137-469f-a020-618fd5744ff7
210092,28,23.2,192,100,"2021-09-15 07:54:31",A202,9653f952-2137-469f-a020-618fd5744ff7
210107,26,23,220,100,"2021-09-15 08:10:47",A201,9653f952-2137-469f-a020-618fd5744ff7
210109,23,23,217,100,"2021-09-15 08:11:30",A203,9653f952-2137-469f-a020-618fd5744ff7
210118,28,23.7,189,93,"2021-09-15 08:24:54",A202,9653f952-2137-469f-a020-618fd5744ff7
210134,26,23.5,220,100,"2021-09-15 08:41:14",A201,9653f952-2137-469f-a020-618fd5744ff7
210136,23,23.1,217,100,"2021-09-15 08:42:07",A203,9653f952-2137-469f-a020-618fd5744ff7
210148,28,24.2,192,100,"2021-09-15 08:55:20",A202,9653f952-2137-469f-a020-618fd5744ff7
210162,26,24,222,100,"2021-09-15 09:11:40",A201,9653f952-2137-469f-a020-618fd5744ff7
210164,23,23.2,219,100,"2021-09-15 09:12:43",A203,9653f952-2137-469f-a020-618fd5744ff7
210176,28,24.8,190,100,"2021-09-15 09:25:42",A202,9653f952-2137-469f-a020-618fd5744ff7
210190,26,24.6,222,100,"2021-09-15 09:42:08",A201,9653f952-2137-469f-a020-618fd5744ff7
210193,23,23.4,222,100,"2021-09-15 09:43:20",A203,9653f952-2137-469f-a020-618fd5744ff7
210204,28,25.3,191,100,"2021-09-15 09:56:08",A202,9653f952-2137-469f-a020-618fd5744ff7
210216,26,25.1,222,100,"2021-09-15 10:12:34",A201,9653f952-2137-469f-a020-618fd5744ff7
210229,28,25.7,192,100,"2021-09-15 10:26:33",A202,9653f952-2137-469f-a020-618fd5744ff7
210241,26,25.5,222,100,"2021-09-15 10:43:04",A201,9653f952-2137-469f-a020-618fd5744ff7
210243,23,23.7,222,100,"2021-09-15 10:44:35",A203,9653f952-2137-469f-a020-618fd5744ff7
210253,28,26.2,189,100,"2021-09-15 10:56:59",A202,9653f952-2137-469f-a020-618fd5744ff7
210266,26,26,223,100,"2021-09-15 11:13:30",A201,9653f952-2137-469f-a020-618fd5744ff7
210269,23,23.9,223,100,"2021-09-15 11:15:12",A203,9653f952-2137-469f-a020-618fd5744ff7
210280,28,26.5,192,100,"2021-09-15 11:27:23",A202,9653f952-2137-469f-a020-618fd5744ff7
210295,26,26.4,223,100,"2021-09-15 11:43:59",A201,9653f952-2137-469f-a020-618fd5744ff7
210298,23,24.1,220,100,"2021-09-15 11:45:50",A203,9653f952-2137-469f-a020-618fd5744ff7
210307,28,26.7,194,100,"2021-09-15 11:57:48",A202,9653f952-2137-469f-a020-618fd5744ff7
210323,26,26.8,221,100,"2021-09-15 12:14:26",A201,9653f952-2137-469f-a020-618fd5744ff7
210326,23,24.3,221,100,"2021-09-15 12:16:30",A203,9653f952-2137-469f-a020-618fd5744ff7
210337,28,27,193,100,"2021-09-15 12:28:13",A202,9653f952-2137-469f-a020-618fd5744ff7
210350,26,27.2,222,100,"2021-09-15 12:44:55",A201,9653f952-2137-469f-a020-618fd5744ff7
210353,23,24.5,222,93,"2021-09-15 12:47:11",A203,9653f952-2137-469f-a020-618fd5744ff7
210363,28,27.3,194,100,"2021-09-15 12:58:41",A202,9653f952-2137-469f-a020-618fd5744ff7
210377,26,27.7,224,93,"2021-09-15 13:15:26",A201,9653f952-2137-469f-a020-618fd5744ff7
210380,23,24.7,223,100,"2021-09-15 13:17:54",A203,9653f952-2137-469f-a020-618fd5744ff7
210391,28,27.6,194,86,"2021-09-15 13:29:06",A202,9653f952-2137-469f-a020-618fd5744ff7
210404,26,27.9,224,86,"2021-09-15 13:45:51",A201,9653f952-2137-469f-a020-618fd5744ff7
210407,23,24.9,224,100,"2021-09-15 13:48:27",A203,9653f952-2137-469f-a020-618fd5744ff7
210418,28,27.7,195,86,"2021-09-15 13:59:30",A202,9653f952-2137-469f-a020-618fd5744ff7
210433,26,27.9,223,86,"2021-09-15 14:16:19",A201,9653f952-2137-469f-a020-618fd5744ff7
210435,23,25,223,107,"2021-09-15 14:19:01",A203,9653f952-2137-469f-a020-618fd5744ff7
210445,28,27.5,197,86,"2021-09-15 14:29:50",A202,9653f952-2137-469f-a020-618fd5744ff7
210459,26,27.7,221,86,"2021-09-15 14:46:44",A201,9653f952-2137-469f-a020-618fd5744ff7
210461,23,25.1,223,100,"2021-09-15 14:49:36",A203,9653f952-2137-469f-a020-618fd5744ff7
210472,28,27.3,198,86,"2021-09-15 15:00:11",A202,9653f952-2137-469f-a020-618fd5744ff7
210486,26,27.5,220,86,"2021-09-15 15:17:08",A201,9653f952-2137-469f-a020-618fd5744ff7
210488,23,25.2,224,107,"2021-09-15 15:20:09",A203,9653f952-2137-469f-a020-618fd5744ff7
210497,28,27,197,86,"2021-09-15 15:30:30",A202,9653f952-2137-469f-a020-618fd5744ff7
210511,26,27.2,219,86,"2021-09-15 15:47:33",A201,9653f952-2137-469f-a020-618fd5744ff7
210513,23,25.3,223,107,"2021-09-15 15:50:41",A203,9653f952-2137-469f-a020-618fd5744ff7
210522,28,26.7,197,86,"2021-09-15 16:00:49",A202,9653f952-2137-469f-a020-618fd5744ff7
210538,26,27,218,86,"2021-09-15 16:17:57",A201,9653f952-2137-469f-a020-618fd5744ff7
210548,28,26.4,191,86,"2021-09-15 16:31:06",A202,9653f952-2137-469f-a020-618fd5744ff7
210575,28,26.1,196,86,"2021-09-15 17:01:23",A202,9653f952-2137-469f-a020-618fd5744ff7
210584,26,26.4,220,86,"2021-09-15 17:18:44",A201,9653f952-2137-469f-a020-618fd5744ff7
210600,26,26.2,220,86,"2021-09-15 17:49:04",A201,9653f952-2137-469f-a020-618fd5744ff7
210605,28,25.5,197,86,"2021-09-15 18:01:50",A202,9653f952-2137-469f-a020-618fd5744ff7
210614,26,25.9,219,86,"2021-09-15 18:19:24",A201,9653f952-2137-469f-a020-618fd5744ff7
210626,26,25.6,218,86,"2021-09-15 18:49:47",A201,9653f952-2137-469f-a020-618fd5744ff7
210654,26,25.2,216,86,"2021-09-15 19:50:27",A201,9653f952-2137-469f-a020-618fd5744ff7
210657,23,24.9,226,107,"2021-09-15 19:54:12",A203,9653f952-2137-469f-a020-618fd5744ff7
210664,28,24.6,198,86,"2021-09-15 20:02:43",A202,9653f952-2137-469f-a020-618fd5744ff7
210679,26,25,216,86,"2021-09-15 20:20:49",A201,9653f952-2137-469f-a020-618fd5744ff7
210684,23,24.8,225,107,"2021-09-15 20:24:35",A203,9653f952-2137-469f-a020-618fd5744ff7
210690,28,24.4,199,86,"2021-09-15 20:32:57",A202,9653f952-2137-469f-a020-618fd5744ff7
210710,26,24.8,216,86,"2021-09-15 20:51:11",A201,9653f952-2137-469f-a020-618fd5744ff7
210715,23,24.7,227,107,"2021-09-15 20:55:02",A203,9653f952-2137-469f-a020-618fd5744ff7
210720,28,24.2,198,86,"2021-09-15 21:03:08",A202,9653f952-2137-469f-a020-618fd5744ff7
210738,26,24.6,216,86,"2021-09-15 21:21:33",A201,9653f952-2137-469f-a020-618fd5744ff7
210743,23,24.6,227,114,"2021-09-15 21:25:25",A203,9653f952-2137-469f-a020-618fd5744ff7
210748,28,24,192,86,"2021-09-15 21:33:20",A202,9653f952-2137-469f-a020-618fd5744ff7
210768,26,24.4,216,86,"2021-09-15 21:51:51",A201,9653f952-2137-469f-a020-618fd5744ff7
210773,23,24.5,227,100,"2021-09-15 21:55:42",A203,9653f952-2137-469f-a020-618fd5744ff7
210778,28,23.8,199,86,"2021-09-15 22:03:31",A202,9653f952-2137-469f-a020-618fd5744ff7
210797,26,24.2,215,86,"2021-09-15 22:22:17",A201,9653f952-2137-469f-a020-618fd5744ff7
210801,23,24.4,227,93,"2021-09-15 22:25:53",A203,9653f952-2137-469f-a020-618fd5744ff7
210807,28,23.7,195,86,"2021-09-15 22:33:43",A202,9653f952-2137-469f-a020-618fd5744ff7
210826,26,24,214,86,"2021-09-15 22:52:34",A201,9653f952-2137-469f-a020-618fd5744ff7
210830,23,24.3,228,93,"2021-09-15 22:56:04",A203,9653f952-2137-469f-a020-618fd5744ff7
210836,28,23.5,199,86,"2021-09-15 23:03:55",A202,9653f952-2137-469f-a020-618fd5744ff7
210857,26,23.8,215,86,"2021-09-15 23:22:52",A201,9653f952-2137-469f-a020-618fd5744ff7
210860,23,24.2,227,93,"2021-09-15 23:26:14",A203,9653f952-2137-469f-a020-618fd5744ff7
210866,28,23.3,196,86,"2021-09-15 23:34:05",A202,9653f952-2137-469f-a020-618fd5744ff7
210884,26,23.6,214,86,"2021-09-15 23:53:12",A201,9653f952-2137-469f-a020-618fd5744ff7
210887,23,24.1,227,93,"2021-09-15 23:56:25",A203,9653f952-2137-469f-a020-618fd5744ff7
210894,28,23.1,197,86,"2021-09-16 00:04:15",A202,9653f952-2137-469f-a020-618fd5744ff7
210913,26,23.5,211,86,"2021-09-16 00:23:32",A201,9653f952-2137-469f-a020-618fd5744ff7
210916,23,24,228,93,"2021-09-16 00:26:36",A203,9653f952-2137-469f-a020-618fd5744ff7
210923,28,23,199,86,"2021-09-16 00:34:27",A202,9653f952-2137-469f-a020-618fd5744ff7
210942,26,23.3,212,86,"2021-09-16 00:53:51",A201,9653f952-2137-469f-a020-618fd5744ff7
210945,23,23.9,227,93,"2021-09-16 00:56:45",A203,9653f952-2137-469f-a020-618fd5744ff7
210952,28,22.8,200,86,"2021-09-16 01:04:37",A202,9653f952-2137-469f-a020-618fd5744ff7
210972,26,23.1,213,86,"2021-09-16 01:24:12",A201,9653f952-2137-469f-a020-618fd5744ff7
210975,23,23.8,227,93,"2021-09-16 01:26:53",A203,9653f952-2137-469f-a020-618fd5744ff7
210982,28,22.6,201,86,"2021-09-16 01:34:48",A202,9653f952-2137-469f-a020-618fd5744ff7
211002,26,23,213,86,"2021-09-16 01:54:31",A201,9653f952-2137-469f-a020-618fd5744ff7
211004,23,23.7,227,93,"2021-09-16 01:57:03",A203,9653f952-2137-469f-a020-618fd5744ff7
211011,28,22.5,201,86,"2021-09-16 02:04:59",A202,9653f952-2137-469f-a020-618fd5744ff7
211029,26,22.8,213,86,"2021-09-16 02:24:49",A201,9653f952-2137-469f-a020-618fd5744ff7
211031,23,23.6,227,93,"2021-09-16 02:27:13",A203,9653f952-2137-469f-a020-618fd5744ff7
211038,28,22.4,200,86,"2021-09-16 02:35:09",A202,9653f952-2137-469f-a020-618fd5744ff7
211057,26,22.7,213,86,"2021-09-16 02:55:09",A201,9653f952-2137-469f-a020-618fd5744ff7
211059,23,23.5,227,93,"2021-09-16 02:57:22",A203,9653f952-2137-469f-a020-618fd5744ff7
211067,28,22.3,201,86,"2021-09-16 03:05:19",A202,9653f952-2137-469f-a020-618fd5744ff7
211085,26,22.6,207,86,"2021-09-16 03:25:29",A201,9653f952-2137-469f-a020-618fd5744ff7
211089,28,22.1,201,86,"2021-09-16 03:35:30",A202,9653f952-2137-469f-a020-618fd5744ff7
211107,26,22.5,210,86,"2021-09-16 03:55:52",A201,9653f952-2137-469f-a020-618fd5744ff7
211108,23,23.4,227,93,"2021-09-16 03:57:40",A203,9653f952-2137-469f-a020-618fd5744ff7
211116,28,22,201,86,"2021-09-16 04:05:40",A202,9653f952-2137-469f-a020-618fd5744ff7
211137,26,22.3,211,86,"2021-09-16 04:26:08",A201,9653f952-2137-469f-a020-618fd5744ff7
211138,23,23.3,227,93,"2021-09-16 04:27:49",A203,9653f952-2137-469f-a020-618fd5744ff7
211146,28,21.9,199,86,"2021-09-16 04:35:51",A202,9653f952-2137-469f-a020-618fd5744ff7
211165,26,22.2,212,93,"2021-09-16 04:56:26",A201,9653f952-2137-469f-a020-618fd5744ff7
211166,23,23.2,227,93,"2021-09-16 04:57:58",A203,9653f952-2137-469f-a020-618fd5744ff7
211173,28,21.8,198,86,"2021-09-16 05:06:02",A202,9653f952-2137-469f-a020-618fd5744ff7
211192,26,22.2,212,93,"2021-09-16 05:26:47",A201,9653f952-2137-469f-a020-618fd5744ff7
211193,23,23.1,224,93,"2021-09-16 05:28:10",A203,9653f952-2137-469f-a020-618fd5744ff7
211201,28,21.7,199,93,"2021-09-16 05:36:15",A202,9653f952-2137-469f-a020-618fd5744ff7
211221,26,22.1,211,93,"2021-09-16 05:57:07",A201,9653f952-2137-469f-a020-618fd5744ff7
211222,23,23,218,100,"2021-09-16 05:58:33",A203,9653f952-2137-469f-a020-618fd5744ff7
211230,28,21.7,198,93,"2021-09-16 06:06:28",A202,9653f952-2137-469f-a020-618fd5744ff7
211251,26,22.1,211,93,"2021-09-16 06:27:31",A201,9653f952-2137-469f-a020-618fd5744ff7
211252,23,23,219,107,"2021-09-16 06:28:50",A203,9653f952-2137-469f-a020-618fd5744ff7
211260,28,21.8,198,93,"2021-09-16 06:36:44",A202,9653f952-2137-469f-a020-618fd5744ff7
211280,26,22.3,211,93,"2021-09-16 06:57:53",A201,9653f952-2137-469f-a020-618fd5744ff7
211288,28,22,202,93,"2021-09-16 07:07:03",A202,9653f952-2137-469f-a020-618fd5744ff7
211308,26,22.5,209,100,"2021-09-16 07:28:17",A201,9653f952-2137-469f-a020-618fd5744ff7
211332,26,22.9,212,100,"2021-09-16 07:58:43",A201,9653f952-2137-469f-a020-618fd5744ff7
211334,23,23.2,218,100,"2021-09-16 08:00:26",A203,9653f952-2137-469f-a020-618fd5744ff7
211340,28,22.8,199,100,"2021-09-16 08:07:49",A202,9653f952-2137-469f-a020-618fd5744ff7
211360,26,23.4,212,100,"2021-09-16 08:29:09",A201,9653f952-2137-469f-a020-618fd5744ff7
211363,23,23.5,216,100,"2021-09-16 08:32:29",A203,9653f952-2137-469f-a020-618fd5744ff7
211368,28,23.4,202,93,"2021-09-16 08:38:09",A202,9653f952-2137-469f-a020-618fd5744ff7
211389,26,24.1,213,100,"2021-09-16 08:59:34",A201,9653f952-2137-469f-a020-618fd5744ff7
211392,23,23.7,218,100,"2021-09-16 09:02:53",A203,9653f952-2137-469f-a020-618fd5744ff7
211397,28,24.1,204,100,"2021-09-16 09:08:34",A202,9653f952-2137-469f-a020-618fd5744ff7
211418,26,24.7,214,100,"2021-09-16 09:30:04",A201,9653f952-2137-469f-a020-618fd5744ff7
211422,23,24,214,100,"2021-09-16 09:33:20",A203,9653f952-2137-469f-a020-618fd5744ff7
211427,28,24.8,203,100,"2021-09-16 09:39:00",A202,9653f952-2137-469f-a020-618fd5744ff7
211446,26,25.3,215,100,"2021-09-16 10:00:31",A201,9653f952-2137-469f-a020-618fd5744ff7
211450,23,24.4,218,100,"2021-09-16 10:03:48",A203,9653f952-2137-469f-a020-618fd5744ff7
211455,28,25.5,204,100,"2021-09-16 10:09:25",A202,9653f952-2137-469f-a020-618fd5744ff7
211476,26,25.9,215,100,"2021-09-16 10:30:58",A201,9653f952-2137-469f-a020-618fd5744ff7
211479,23,24.7,219,100,"2021-09-16 10:34:08",A203,9653f952-2137-469f-a020-618fd5744ff7
211484,28,26,201,100,"2021-09-16 10:39:51",A202,9653f952-2137-469f-a020-618fd5744ff7
211504,23,24.9,218,100,"2021-09-16 11:04:33",A203,9653f952-2137-469f-a020-618fd5744ff7
211509,28,26.4,205,100,"2021-09-16 11:10:17",A202,9653f952-2137-469f-a020-618fd5744ff7
211529,26,26.6,216,100,"2021-09-16 11:31:55",A201,9653f952-2137-469f-a020-618fd5744ff7
211532,23,25,218,107,"2021-09-16 11:34:56",A203,9653f952-2137-469f-a020-618fd5744ff7
211536,28,26.6,204,100,"2021-09-16 11:40:41",A202,9653f952-2137-469f-a020-618fd5744ff7
211555,26,26.7,216,100,"2021-09-16 12:02:19",A201,9653f952-2137-469f-a020-618fd5744ff7
211559,23,25.1,220,107,"2021-09-16 12:05:14",A203,9653f952-2137-469f-a020-618fd5744ff7
211564,28,26.8,205,86,"2021-09-16 12:11:00",A202,9653f952-2137-469f-a020-618fd5744ff7
211583,26,26.7,216,93,"2021-09-16 12:32:42",A201,9653f952-2137-469f-a020-618fd5744ff7
211587,23,25,221,107,"2021-09-16 12:35:30",A203,9653f952-2137-469f-a020-618fd5744ff7
211592,28,26.7,205,86,"2021-09-16 12:41:17",A202,9653f952-2137-469f-a020-618fd5744ff7
211614,26,26.5,214,86,"2021-09-16 13:03:06",A201,9653f952-2137-469f-a020-618fd5744ff7
211618,23,25,222,107,"2021-09-16 13:05:45",A203,9653f952-2137-469f-a020-618fd5744ff7
211624,28,26.4,205,86,"2021-09-16 13:12:53",A202,9653f952-2137-469f-a020-618fd5744ff7
211643,26,26.3,215,86,"2021-09-16 13:33:29",A201,9653f952-2137-469f-a020-618fd5744ff7
211647,23,24.8,222,107,"2021-09-16 13:35:59",A203,9653f952-2137-469f-a020-618fd5744ff7
211652,28,26.2,208,86,"2021-09-16 13:43:16",A202,9653f952-2137-469f-a020-618fd5744ff7
211672,26,26.1,214,86,"2021-09-16 14:03:52",A201,9653f952-2137-469f-a020-618fd5744ff7
211676,23,24.7,220,107,"2021-09-16 14:06:14",A203,9653f952-2137-469f-a020-618fd5744ff7
211681,28,25.9,207,86,"2021-09-16 14:13:36",A202,9653f952-2137-469f-a020-618fd5744ff7
211702,26,25.8,214,86,"2021-09-16 14:34:12",A201,9653f952-2137-469f-a020-618fd5744ff7
211706,23,24.6,218,107,"2021-09-16 14:36:27",A203,9653f952-2137-469f-a020-618fd5744ff7
211712,28,25.6,207,86,"2021-09-16 14:43:56",A202,9653f952-2137-469f-a020-618fd5744ff7
211732,26,25.6,213,86,"2021-09-16 15:04:34",A201,9653f952-2137-469f-a020-618fd5744ff7
211736,23,24.4,218,107,"2021-09-16 15:06:36",A203,9653f952-2137-469f-a020-618fd5744ff7
211741,28,25.3,203,86,"2021-09-16 15:14:18",A202,9653f952-2137-469f-a020-618fd5744ff7
211760,26,25.3,213,86,"2021-09-16 15:34:59",A201,9653f952-2137-469f-a020-618fd5744ff7
211764,23,24.3,221,107,"2021-09-16 15:36:48",A203,9653f952-2137-469f-a020-618fd5744ff7
211770,28,25,206,86,"2021-09-16 15:44:37",A202,9653f952-2137-469f-a020-618fd5744ff7
211789,26,25,211,86,"2021-09-16 16:05:14",A201,9653f952-2137-469f-a020-618fd5744ff7
211793,23,24.1,222,107,"2021-09-16 16:06:57",A203,9653f952-2137-469f-a020-618fd5744ff7
211800,28,24.7,206,86,"2021-09-16 16:14:57",A202,9653f952-2137-469f-a020-618fd5744ff7
211819,26,24.7,212,86,"2021-09-16 16:35:35",A201,9653f952-2137-469f-a020-618fd5744ff7
211823,23,23.9,221,107,"2021-09-16 16:37:07",A203,9653f952-2137-469f-a020-618fd5744ff7
211828,28,24.5,208,86,"2021-09-16 16:45:18",A202,9653f952-2137-469f-a020-618fd5744ff7
211844,26,24.5,211,86,"2021-09-16 17:05:56",A201,9653f952-2137-469f-a020-618fd5744ff7
211850,28,24.2,207,86,"2021-09-16 17:15:37",A202,9653f952-2137-469f-a020-618fd5744ff7
211864,23,23.7,221,114,"2021-09-16 17:37:29",A203,9653f952-2137-469f-a020-618fd5744ff7
211888,26,23.8,210,86,"2021-09-16 19:07:19",A201,9653f952-2137-469f-a020-618fd5744ff7
211889,23,23.4,223,100,"2021-09-16 19:07:37",A203,9653f952-2137-469f-a020-618fd5744ff7
211892,28,23.5,209,86,"2021-09-16 19:16:57",A202,9653f952-2137-469f-a020-618fd5744ff7
211909,23,23.4,224,93,"2021-09-16 19:37:34",A203,9653f952-2137-469f-a020-618fd5744ff7
211911,26,23.7,210,86,"2021-09-16 19:37:39",A201,9653f952-2137-469f-a020-618fd5744ff7
211918,28,23.4,208,86,"2021-09-16 19:47:16",A202,9653f952-2137-469f-a020-618fd5744ff7
211938,23,23.3,224,93,"2021-09-16 20:07:33",A203,9653f952-2137-469f-a020-618fd5744ff7
211941,26,23.6,210,86,"2021-09-16 20:08:02",A201,9653f952-2137-469f-a020-618fd5744ff7
211948,28,23.2,206,86,"2021-09-16 20:17:34",A202,9653f952-2137-469f-a020-618fd5744ff7
211967,23,23.2,224,93,"2021-09-16 20:37:32",A203,9653f952-2137-469f-a020-618fd5744ff7
211971,26,23.4,209,86,"2021-09-16 20:38:20",A201,9653f952-2137-469f-a020-618fd5744ff7
211978,28,23.1,205,86,"2021-09-16 20:47:53",A202,9653f952-2137-469f-a020-618fd5744ff7
211997,23,23.1,224,93,"2021-09-16 21:07:30",A203,9653f952-2137-469f-a020-618fd5744ff7
212002,26,23.3,210,86,"2021-09-16 21:08:40",A201,9653f952-2137-469f-a020-618fd5744ff7
212008,28,23,206,86,"2021-09-16 21:18:13",A202,9653f952-2137-469f-a020-618fd5744ff7
212028,23,23.08,224,93,"2021-09-16 21:37:28",A203,9653f952-2137-469f-a020-618fd5744ff7
212033,26,23.1,207,86,"2021-09-16 21:39:02",A201,9653f952-2137-469f-a020-618fd5744ff7
212039,28,22.8,206,86,"2021-09-16 21:48:33",A202,9653f952-2137-469f-a020-618fd5744ff7
212058,23,23,223,93,"2021-09-16 22:07:29",A203,9653f952-2137-469f-a020-618fd5744ff7
212063,26,23,208,86,"2021-09-16 22:09:21",A201,9653f952-2137-469f-a020-618fd5744ff7
212069,28,22.7,205,86,"2021-09-16 22:18:53",A202,9653f952-2137-469f-a020-618fd5744ff7
212088,23,22.9,224,93,"2021-09-16 22:37:21",A203,9653f952-2137-469f-a020-618fd5744ff7
212092,26,22.9,209,86,"2021-09-16 22:39:42",A201,9653f952-2137-469f-a020-618fd5744ff7
212097,28,22.6,206,86,"2021-09-16 22:49:13",A202,9653f952-2137-469f-a020-618fd5744ff7
212115,23,22.9,223,93,"2021-09-16 23:07:19",A203,9653f952-2137-469f-a020-618fd5744ff7
212121,26,22.8,208,86,"2021-09-16 23:10:03",A201,9653f952-2137-469f-a020-618fd5744ff7
212127,28,22.5,207,86,"2021-09-16 23:19:31",A202,9653f952-2137-469f-a020-618fd5744ff7
212144,23,22.8,224,93,"2021-09-16 23:37:17",A203,9653f952-2137-469f-a020-618fd5744ff7
212150,26,22.7,209,86,"2021-09-16 23:40:23",A201,9653f952-2137-469f-a020-618fd5744ff7
212172,23,22.7,223,93,"2021-09-17 00:07:13",A203,9653f952-2137-469f-a020-618fd5744ff7
212178,26,22.6,208,86,"2021-09-17 00:10:42",A201,9653f952-2137-469f-a020-618fd5744ff7
212184,28,22.3,207,86,"2021-09-17 00:20:09",A202,9653f952-2137-469f-a020-618fd5744ff7
212202,23,22.62,223,93,"2021-09-17 00:37:08",A203,9653f952-2137-469f-a020-618fd5744ff7
212208,26,22.5,209,86,"2021-09-17 00:41:02",A201,9653f952-2137-469f-a020-618fd5744ff7
212213,28,22.2,206,86,"2021-09-17 00:50:27",A202,9653f952-2137-469f-a020-618fd5744ff7
212230,23,22.6,223,93,"2021-09-17 01:07:04",A203,9653f952-2137-469f-a020-618fd5744ff7
212236,26,22.4,206,86,"2021-09-17 01:11:23",A201,9653f952-2137-469f-a020-618fd5744ff7
212241,28,22.1,206,86,"2021-09-17 01:20:45",A202,9653f952-2137-469f-a020-618fd5744ff7
212258,23,22.5,223,93,"2021-09-17 01:37:02",A203,9653f952-2137-469f-a020-618fd5744ff7
212265,26,22.3,206,86,"2021-09-17 01:41:46",A201,9653f952-2137-469f-a020-618fd5744ff7
212269,28,22.1,207,86,"2021-09-17 01:51:07",A202,9653f952-2137-469f-a020-618fd5744ff7
212285,23,22.5,223,93,"2021-09-17 02:06:57",A203,9653f952-2137-469f-a020-618fd5744ff7
212288,26,22.2,205,86,"2021-09-17 02:12:01",A201,9653f952-2137-469f-a020-618fd5744ff7
212290,28,22,204,86,"2021-09-17 02:21:24",A202,9653f952-2137-469f-a020-618fd5744ff7
212298,23,22.42,223,93,"2021-09-17 02:36:53",A203,9653f952-2137-469f-a020-618fd5744ff7
212302,26,22.2,205,86,"2021-09-17 02:42:21",A201,9653f952-2137-469f-a020-618fd5744ff7
212304,28,21.9,203,86,"2021-09-17 02:51:41",A202,9653f952-2137-469f-a020-618fd5744ff7
212315,26,22.1,207,86,"2021-09-17 03:12:41",A201,9653f952-2137-469f-a020-618fd5744ff7
212317,28,21.8,202,86,"2021-09-17 03:22:00",A202,9653f952-2137-469f-a020-618fd5744ff7
212326,23,22.4,223,93,"2021-09-17 03:36:46",A203,9653f952-2137-469f-a020-618fd5744ff7
212330,26,22.1,208,86,"2021-09-17 03:43:04",A201,9653f952-2137-469f-a020-618fd5744ff7
212333,28,21.8,202,86,"2021-09-17 03:52:19",A202,9653f952-2137-469f-a020-618fd5744ff7
212342,23,22.3,223,93,"2021-09-17 04:06:41",A203,9653f952-2137-469f-a020-618fd5744ff7
212355,23,22.3,223,93,"2021-09-17 04:36:39",A203,9653f952-2137-469f-a020-618fd5744ff7
212359,26,21.9,205,86,"2021-09-17 04:43:46",A201,9653f952-2137-469f-a020-618fd5744ff7
212363,28,21.6,206,86,"2021-09-17 04:52:57",A202,9653f952-2137-469f-a020-618fd5744ff7
212373,22,22.2,223,93,"2021-09-17 05:06:35",A203,9653f952-2137-469f-a020-618fd5744ff7
212377,26,21.9,206,86,"2021-09-17 05:14:02",A201,9653f952-2137-469f-a020-618fd5744ff7
212381,28,21.6,206,86,"2021-09-17 05:23:17",A202,9653f952-2137-469f-a020-618fd5744ff7
212390,22,22.2,223,93,"2021-09-17 05:36:26",A203,9653f952-2137-469f-a020-618fd5744ff7
212391,19,22.2,222,58,"2021-09-17 05:36:44",A203,9653f952-2137-469f-a020-618fd5744ff7
212397,28,21.6,204,86,"2021-09-17 05:53:36",A202,9653f952-2137-469f-a020-618fd5744ff7
212406,23,22.2,222,93,"2021-09-17 06:08:21",A203,9653f952-2137-469f-a020-618fd5744ff7
212413,28,21.6,205,86,"2021-09-17 06:24:00",A202,9653f952-2137-469f-a020-618fd5744ff7
212423,23,22.2,221,93,"2021-09-17 06:38:45",A203,9653f952-2137-469f-a020-618fd5744ff7
212427,28,21.6,205,93,"2021-09-17 06:54:17",A202,9653f952-2137-469f-a020-618fd5744ff7
212436,23,22.2,217,100,"2021-09-17 07:09:18",A203,9653f952-2137-469f-a020-618fd5744ff7
212438,26,21.8,206,93,"2021-09-17 07:15:37",A201,9653f952-2137-469f-a020-618fd5744ff7
212441,28,21.7,204,93,"2021-09-17 07:24:41",A202,9653f952-2137-469f-a020-618fd5744ff7
212450,23,22.2,215,107,"2021-09-17 07:40:02",A203,9653f952-2137-469f-a020-618fd5744ff7
212455,26,22,206,93,"2021-09-17 07:45:51",A201,9653f952-2137-469f-a020-618fd5744ff7
212459,28,21.9,201,93,"2021-09-17 07:55:09",A202,9653f952-2137-469f-a020-618fd5744ff7
212469,23,22.3,214,107,"2021-09-17 08:10:51",A203,9653f952-2137-469f-a020-618fd5744ff7
212475,28,22.3,203,93,"2021-09-17 08:25:40",A202,9653f952-2137-469f-a020-618fd5744ff7
212485,23,22.5,218,100,"2021-09-17 08:41:40",A203,9653f952-2137-469f-a020-618fd5744ff7
212489,26,22.7,208,93,"2021-09-17 08:46:43",A201,9653f952-2137-469f-a020-618fd5744ff7
212493,28,22.9,204,93,"2021-09-17 08:56:12",A202,9653f952-2137-469f-a020-618fd5744ff7
212505,23,22.8,215,100,"2021-09-17 09:12:28",A203,9653f952-2137-469f-a020-618fd5744ff7
212509,26,23.2,204,100,"2021-09-17 09:19:02",A201,9653f952-2137-469f-a020-618fd5744ff7
212513,28,23.5,202,100,"2021-09-17 09:26:40",A202,9653f952-2137-469f-a020-618fd5744ff7
212524,23,23.1,215,100,"2021-09-17 09:43:19",A203,9653f952-2137-469f-a020-618fd5744ff7
212528,26,23.8,208,100,"2021-09-17 09:49:25",A201,9653f952-2137-469f-a020-618fd5744ff7
212532,28,24,203,100,"2021-09-17 09:57:11",A202,9653f952-2137-469f-a020-618fd5744ff7
212543,23,23.5,216,100,"2021-09-17 10:14:11",A203,9653f952-2137-469f-a020-618fd5744ff7
212547,26,24.48,210,100,"2021-09-17 10:19:48",A201,9653f952-2137-469f-a020-618fd5744ff7
212550,28,24.7,202,100,"2021-09-17 10:27:41",A202,9653f952-2137-469f-a020-618fd5744ff7
212563,23,24,213,100,"2021-09-17 10:45:01",A203,9653f952-2137-469f-a020-618fd5744ff7
212566,26,25.2,210,100,"2021-09-17 10:50:12",A201,9653f952-2137-469f-a020-618fd5744ff7
212570,28,25.5,204,100,"2021-09-17 10:58:15",A202,9653f952-2137-469f-a020-618fd5744ff7
212582,23,24.5,218,100,"2021-09-17 11:15:54",A203,9653f952-2137-469f-a020-618fd5744ff7
212585,26,25.9,212,100,"2021-09-17 11:20:36",A201,9653f952-2137-469f-a020-618fd5744ff7
212589,28,26.2,200,100,"2021-09-17 11:28:45",A202,9653f952-2137-469f-a020-618fd5744ff7
212602,23,24.98,218,100,"2021-09-17 11:46:46",A203,9653f952-2137-469f-a020-618fd5744ff7
212605,25,26.5,212,100,"2021-09-17 11:51:02",A201,9653f952-2137-469f-a020-618fd5744ff7
212609,27,26.8,205,100,"2021-09-17 11:59:18",A202,9653f952-2137-469f-a020-618fd5744ff7
212621,23,25.4,218,100,"2021-09-17 12:17:39",A203,9653f952-2137-469f-a020-618fd5744ff7
212624,25,27,212,100,"2021-09-17 12:21:29",A201,9653f952-2137-469f-a020-618fd5744ff7
212628,27,27.3,201,100,"2021-09-17 12:29:50",A202,9653f952-2137-469f-a020-618fd5744ff7
212639,23,25.7,220,100,"2021-09-17 12:48:34",A203,9653f952-2137-469f-a020-618fd5744ff7
212642,25,27.5,214,100,"2021-09-17 12:51:49",A201,9653f952-2137-469f-a020-618fd5744ff7
212646,27,27.7,205,100,"2021-09-17 13:00:28",A202,9653f952-2137-469f-a020-618fd5744ff7
212656,23,26,219,100,"2021-09-17 13:19:28",A203,9653f952-2137-469f-a020-618fd5744ff7
212658,25,27.9,213,100,"2021-09-17 13:22:14",A201,9653f952-2137-469f-a020-618fd5744ff7
212660,27,28,204,100,"2021-09-17 13:30:58",A202,9653f952-2137-469f-a020-618fd5744ff7
212672,23,26.3,220,100,"2021-09-17 13:50:21",A203,9653f952-2137-469f-a020-618fd5744ff7
212674,25,28.1,213,100,"2021-09-17 13:52:39",A201,9653f952-2137-469f-a020-618fd5744ff7
212678,27,28.2,203,93,"2021-09-17 14:01:33",A202,9653f952-2137-469f-a020-618fd5744ff7
212688,23,26.4,221,100,"2021-09-17 14:21:13",A203,9653f952-2137-469f-a020-618fd5744ff7
212690,25,28.2,213,93,"2021-09-17 14:23:06",A201,9653f952-2137-469f-a020-618fd5744ff7
212695,27,28.2,206,86,"2021-09-17 14:32:04",A202,9653f952-2137-469f-a020-618fd5744ff7
212706,23,26.4,223,107,"2021-09-17 14:52:03",A203,9653f952-2137-469f-a020-618fd5744ff7
212708,25,28.2,213,86,"2021-09-17 14:53:25",A201,9653f952-2137-469f-a020-618fd5744ff7
212712,27,28.18,206,86,"2021-09-17 15:02:30",A202,9653f952-2137-469f-a020-618fd5744ff7
212724,23,26.3,224,107,"2021-09-17 15:22:49",A203,9653f952-2137-469f-a020-618fd5744ff7
212725,25,28,212,86,"2021-09-17 15:23:47",A201,9653f952-2137-469f-a020-618fd5744ff7
212729,27,27.9,206,86,"2021-09-17 15:32:57",A202,9653f952-2137-469f-a020-618fd5744ff7
212741,23,26.1,223,107,"2021-09-17 15:53:33",A203,9653f952-2137-469f-a020-618fd5744ff7
212742,25,27.8,212,86,"2021-09-17 15:54:07",A201,9653f952-2137-469f-a020-618fd5744ff7
212746,27,27.6,206,86,"2021-09-17 16:03:23",A202,9653f952-2137-469f-a020-618fd5744ff7
212759,23,25.9,224,107,"2021-09-17 16:24:18",A203,9653f952-2137-469f-a020-618fd5744ff7
212760,25,27.5,213,86,"2021-09-17 16:24:27",A201,9653f952-2137-469f-a020-618fd5744ff7
212766,27,27.3,208,86,"2021-09-17 16:33:48",A202,9653f952-2137-469f-a020-618fd5744ff7
212778,25,27.1,212,86,"2021-09-17 16:54:46",A201,9653f952-2137-469f-a020-618fd5744ff7
212779,23,25.6,224,107,"2021-09-17 16:55:02",A203,9653f952-2137-469f-a020-618fd5744ff7
212783,27,26.9,209,86,"2021-09-17 17:04:10",A202,9653f952-2137-469f-a020-618fd5744ff7
212795,25,26.8,212,86,"2021-09-17 17:25:06",A201,9653f952-2137-469f-a020-618fd5744ff7
212799,27,26.6,209,86,"2021-09-17 17:34:34",A202,9653f952-2137-469f-a020-618fd5744ff7
212802,25,26.6,211,86,"2021-09-17 17:55:25",A201,9653f952-2137-469f-a020-618fd5744ff7
212805,27,26.3,205,86,"2021-09-17 18:04:55",A202,9653f952-2137-469f-a020-618fd5744ff7
212809,25,26.3,210,86,"2021-09-17 18:25:46",A201,9653f952-2137-469f-a020-618fd5744ff7
212810,23,25.1,223,107,"2021-09-17 18:27:11",A203,9653f952-2137-469f-a020-618fd5744ff7
212814,27,26,208,86,"2021-09-17 18:35:18",A202,9653f952-2137-469f-a020-618fd5744ff7
212818,25,26.1,211,86,"2021-09-17 18:56:02",A201,9653f952-2137-469f-a020-618fd5744ff7
212821,27,25.8,208,86,"2021-09-17 19:05:43",A202,9653f952-2137-469f-a020-618fd5744ff7
212827,23,24.8,224,107,"2021-09-17 19:28:37",A203,9653f952-2137-469f-a020-618fd5744ff7
212830,27,25.6,209,86,"2021-09-17 19:36:05",A202,9653f952-2137-469f-a020-618fd5744ff7
212842,25,25.7,209,86,"2021-09-17 19:56:40",A201,9653f952-2137-469f-a020-618fd5744ff7
212843,23,24.7,224,107,"2021-09-17 19:59:18",A203,9653f952-2137-469f-a020-618fd5744ff7
212847,27,25.3,209,86,"2021-09-17 20:06:26",A202,9653f952-2137-469f-a020-618fd5744ff7
212859,25,25.5,210,86,"2021-09-17 20:26:58",A201,9653f952-2137-469f-a020-618fd5744ff7
212860,23,24.5,225,107,"2021-09-17 20:29:58",A203,9653f952-2137-469f-a020-618fd5744ff7
212864,28,25.1,204,86,"2021-09-17 20:36:47",A202,9653f952-2137-469f-a020-618fd5744ff7
212877,25,25.3,209,86,"2021-09-17 20:57:17",A201,9653f952-2137-469f-a020-618fd5744ff7
212878,23,24.4,223,107,"2021-09-17 21:00:38",A203,9653f952-2137-469f-a020-618fd5744ff7
212882,28,24.9,204,86,"2021-09-17 21:07:07",A202,9653f952-2137-469f-a020-618fd5744ff7
212893,25,25.1,209,86,"2021-09-17 21:27:36",A201,9653f952-2137-469f-a020-618fd5744ff7
212894,23,24.2,220,107,"2021-09-17 21:31:19",A203,9653f952-2137-469f-a020-618fd5744ff7
212898,28,24.7,207,86,"2021-09-17 21:37:27",A202,9653f952-2137-469f-a020-618fd5744ff7
212910,25,24.9,208,86,"2021-09-17 21:57:52",A201,9653f952-2137-469f-a020-618fd5744ff7
212912,23,24.1,219,107,"2021-09-17 22:01:59",A203,9653f952-2137-469f-a020-618fd5744ff7
212916,28,24.5,209,86,"2021-09-17 22:07:47",A202,9653f952-2137-469f-a020-618fd5744ff7
212926,25,24.7,205,86,"2021-09-17 22:28:09",A201,9653f952-2137-469f-a020-618fd5744ff7
212928,23,24,224,107,"2021-09-17 22:32:40",A203,9653f952-2137-469f-a020-618fd5744ff7
212931,28,24.3,206,86,"2021-09-17 22:38:07",A202,9653f952-2137-469f-a020-618fd5744ff7
212941,25,24.5,207,86,"2021-09-17 22:58:26",A201,9653f952-2137-469f-a020-618fd5744ff7
212945,23,23.9,223,107,"2021-09-17 23:03:17",A203,9653f952-2137-469f-a020-618fd5744ff7
212957,25,24.4,206,86,"2021-09-17 23:28:43",A201,9653f952-2137-469f-a020-618fd5744ff7
212960,23,23.8,223,107,"2021-09-17 23:33:56",A203,9653f952-2137-469f-a020-618fd5744ff7
212962,28,23.9,206,86,"2021-09-17 23:38:45",A202,9653f952-2137-469f-a020-618fd5744ff7
212973,25,24.2,206,86,"2021-09-17 23:59:00",A201,9653f952-2137-469f-a020-618fd5744ff7
212975,23,23.7,222,107,"2021-09-18 00:04:35",A203,9653f952-2137-469f-a020-618fd5744ff7
212977,28,23.72,206,86,"2021-09-18 00:09:03",A202,9653f952-2137-469f-a020-618fd5744ff7
212988,25,24,207,86,"2021-09-18 00:29:16",A201,9653f952-2137-469f-a020-618fd5744ff7
212990,23,23.56,222,107,"2021-09-18 00:35:13",A203,9653f952-2137-469f-a020-618fd5744ff7
212992,28,23.6,207,86,"2021-09-18 00:39:22",A202,9653f952-2137-469f-a020-618fd5744ff7
213003,25,23.9,204,86,"2021-09-18 00:59:33",A201,9653f952-2137-469f-a020-618fd5744ff7
213006,23,23.4,219,107,"2021-09-18 01:05:49",A203,9653f952-2137-469f-a020-618fd5744ff7
213008,28,23.4,208,86,"2021-09-18 01:09:40",A202,9653f952-2137-469f-a020-618fd5744ff7
213019,25,23.7,204,86,"2021-09-18 01:29:51",A201,9653f952-2137-469f-a020-618fd5744ff7
213022,23,23.4,217,107,"2021-09-18 01:36:27",A203,9653f952-2137-469f-a020-618fd5744ff7
213034,25,23.6,205,86,"2021-09-18 02:00:06",A201,9653f952-2137-469f-a020-618fd5744ff7
213037,23,23.3,218,107,"2021-09-18 02:07:05",A203,9653f952-2137-469f-a020-618fd5744ff7
213039,28,23.2,206,86,"2021-09-18 02:10:18",A202,9653f952-2137-469f-a020-618fd5744ff7
213049,25,23.5,206,86,"2021-09-18 02:30:23",A201,9653f952-2137-469f-a020-618fd5744ff7
213053,23,23.2,222,107,"2021-09-18 02:37:43",A203,9653f952-2137-469f-a020-618fd5744ff7
213055,28,23,205,86,"2021-09-18 02:40:35",A202,9653f952-2137-469f-a020-618fd5744ff7
213066,25,23.4,206,86,"2021-09-18 03:00:40",A201,9653f952-2137-469f-a020-618fd5744ff7
213069,28,22.9,204,86,"2021-09-18 03:10:56",A202,9653f952-2137-469f-a020-618fd5744ff7
213079,25,23.3,206,86,"2021-09-18 03:31:00",A201,9653f952-2137-469f-a020-618fd5744ff7
213082,23,23,222,114,"2021-09-18 03:38:57",A203,9653f952-2137-469f-a020-618fd5744ff7
213083,28,22.8,206,86,"2021-09-18 03:41:13",A202,9653f952-2137-469f-a020-618fd5744ff7
213094,25,23.2,206,86,"2021-09-18 04:01:13",A201,9653f952-2137-469f-a020-618fd5744ff7
213097,23,22.9,222,107,"2021-09-18 04:09:35",A203,9653f952-2137-469f-a020-618fd5744ff7
213098,28,22.7,207,86,"2021-09-18 04:11:31",A202,9653f952-2137-469f-a020-618fd5744ff7
213109,25,23.1,202,86,"2021-09-18 04:31:32",A201,9653f952-2137-469f-a020-618fd5744ff7
213112,23,22.8,222,114,"2021-09-18 04:40:12",A203,9653f952-2137-469f-a020-618fd5744ff7
213113,28,22.6,206,86,"2021-09-18 04:41:51",A202,9653f952-2137-469f-a020-618fd5744ff7
213126,25,23,202,86,"2021-09-18 05:01:45",A201,9653f952-2137-469f-a020-618fd5744ff7
213130,23,22.8,222,114,"2021-09-18 05:10:49",A203,9653f952-2137-469f-a020-618fd5744ff7
213131,28,22.5,207,86,"2021-09-18 05:12:09",A202,9653f952-2137-469f-a020-618fd5744ff7
213146,23,22.7,221,100,"2021-09-18 05:41:19",A203,9653f952-2137-469f-a020-618fd5744ff7
213147,28,22.4,207,86,"2021-09-18 05:42:28",A202,9653f952-2137-469f-a020-618fd5744ff7
213159,25,22.8,205,86,"2021-09-18 06:02:18",A201,9653f952-2137-469f-a020-618fd5744ff7
213161,23,22.7,222,107,"2021-09-18 06:11:49",A203,9653f952-2137-469f-a020-618fd5744ff7
213162,28,22.4,208,86,"2021-09-18 06:12:47",A202,9653f952-2137-469f-a020-618fd5744ff7
213174,25,22.8,203,86,"2021-09-18 06:32:37",A201,9653f952-2137-469f-a020-618fd5744ff7
213178,23,22.6,221,114,"2021-09-18 06:42:27",A203,9653f952-2137-469f-a020-618fd5744ff7
213179,28,22.3,207,86,"2021-09-18 06:43:07",A202,9653f952-2137-469f-a020-618fd5744ff7
213191,25,22.7,203,86,"2021-09-18 07:02:54",A201,9653f952-2137-469f-a020-618fd5744ff7
213196,23,22.6,217,114,"2021-09-18 07:13:07",A203,9653f952-2137-469f-a020-618fd5744ff7
213197,28,22.3,207,86,"2021-09-18 07:13:28",A202,9653f952-2137-469f-a020-618fd5744ff7
213208,25,22.7,203,86,"2021-09-18 07:33:11",A201,9653f952-2137-469f-a020-618fd5744ff7
213212,23,22.6,217,107,"2021-09-18 07:43:48",A203,9653f952-2137-469f-a020-618fd5744ff7
213213,28,22.3,206,86,"2021-09-18 07:43:49",A202,9653f952-2137-469f-a020-618fd5744ff7
213225,25,22.7,204,93,"2021-09-18 08:03:29",A201,9653f952-2137-469f-a020-618fd5744ff7
213230,28,22.4,206,93,"2021-09-18 08:14:13",A202,9653f952-2137-469f-a020-618fd5744ff7
213231,23,22.6,217,107,"2021-09-18 08:14:27",A203,9653f952-2137-469f-a020-618fd5744ff7
213242,25,22.8,204,93,"2021-09-18 08:33:52",A201,9653f952-2137-469f-a020-618fd5744ff7
213243,28,22.5,206,93,"2021-09-18 08:44:36",A202,9653f952-2137-469f-a020-618fd5744ff7
213245,23,22.6,215,107,"2021-09-18 08:45:10",A203,9653f952-2137-469f-a020-618fd5744ff7
213255,25,22.9,203,93,"2021-09-18 09:04:09",A201,9653f952-2137-469f-a020-618fd5744ff7
213259,28,22.7,205,93,"2021-09-18 09:15:04",A202,9653f952-2137-469f-a020-618fd5744ff7
213261,23,22.7,215,107,"2021-09-18 09:15:55",A203,9653f952-2137-469f-a020-618fd5744ff7
213271,25,23.1,204,93,"2021-09-18 09:34:28",A201,9653f952-2137-469f-a020-618fd5744ff7
213276,28,23,203,93,"2021-09-18 09:45:29",A202,9653f952-2137-469f-a020-618fd5744ff7
213279,23,22.8,219,107,"2021-09-18 09:46:38",A203,9653f952-2137-469f-a020-618fd5744ff7
213289,25,23.3,205,93,"2021-09-18 10:04:49",A201,9653f952-2137-469f-a020-618fd5744ff7
213293,28,23.3,204,93,"2021-09-18 10:15:59",A202,9653f952-2137-469f-a020-618fd5744ff7
213296,23,23,220,107,"2021-09-18 10:17:25",A203,9653f952-2137-469f-a020-618fd5744ff7
213306,25,23.6,205,93,"2021-09-18 10:35:10",A201,9653f952-2137-469f-a020-618fd5744ff7
213310,28,23.6,205,93,"2021-09-18 10:46:24",A202,9653f952-2137-469f-a020-618fd5744ff7
213312,23,23.2,220,107,"2021-09-18 10:48:11",A203,9653f952-2137-469f-a020-618fd5744ff7
213322,25,23.8,204,93,"2021-09-18 11:05:34",A201,9653f952-2137-469f-a020-618fd5744ff7
213323,27,23.9,205,93,"2021-09-18 11:16:52",A202,9653f952-2137-469f-a020-618fd5744ff7
213326,23,23.3,219,107,"2021-09-18 11:18:58",A203,9653f952-2137-469f-a020-618fd5744ff7
213334,25,24,201,93,"2021-09-18 11:35:53",A201,9653f952-2137-469f-a020-618fd5744ff7
213337,27,24.1,203,93,"2021-09-18 11:47:21",A202,9653f952-2137-469f-a020-618fd5744ff7
213340,23,23.4,220,107,"2021-09-18 11:49:44",A203,9653f952-2137-469f-a020-618fd5744ff7
213350,25,24.2,204,93,"2021-09-18 12:06:13",A201,9653f952-2137-469f-a020-618fd5744ff7
213354,27,24.3,203,93,"2021-09-18 12:17:49",A202,9653f952-2137-469f-a020-618fd5744ff7
213357,23,23.5,220,107,"2021-09-18 12:20:32",A203,9653f952-2137-469f-a020-618fd5744ff7
213367,25,24.3,204,93,"2021-09-18 12:36:36",A201,9653f952-2137-469f-a020-618fd5744ff7
213371,27,24.5,205,93,"2021-09-18 12:48:16",A202,9653f952-2137-469f-a020-618fd5744ff7
213374,23,23.5,218,107,"2021-09-18 12:51:15",A203,9653f952-2137-469f-a020-618fd5744ff7
213384,25,24.3,205,93,"2021-09-18 13:06:54",A201,9653f952-2137-469f-a020-618fd5744ff7
213388,27,24.5,206,93,"2021-09-18 13:18:38",A202,9653f952-2137-469f-a020-618fd5744ff7
213391,23,23.58,216,107,"2021-09-18 13:22:02",A203,9653f952-2137-469f-a020-618fd5744ff7
213401,25,24.38,204,93,"2021-09-18 13:37:14",A201,9653f952-2137-469f-a020-618fd5744ff7
213405,27,24.5,206,86,"2021-09-18 13:49:05",A202,9653f952-2137-469f-a020-618fd5744ff7
213408,23,23.6,215,107,"2021-09-18 13:52:45",A203,9653f952-2137-469f-a020-618fd5744ff7
213418,25,24.3,205,93,"2021-09-18 14:07:34",A201,9653f952-2137-469f-a020-618fd5744ff7
213422,27,24.5,205,86,"2021-09-18 14:19:29",A202,9653f952-2137-469f-a020-618fd5744ff7
213424,23,23.6,217,107,"2021-09-18 14:23:29",A203,9653f952-2137-469f-a020-618fd5744ff7
213434,25,24.3,205,86,"2021-09-18 14:37:54",A201,9653f952-2137-469f-a020-618fd5744ff7
213439,27,24.4,203,86,"2021-09-18 14:49:56",A202,9653f952-2137-469f-a020-618fd5744ff7
213442,23,23.6,217,107,"2021-09-18 14:54:14",A203,9653f952-2137-469f-a020-618fd5744ff7
213449,25,24.3,202,86,"2021-09-18 15:08:12",A201,9653f952-2137-469f-a020-618fd5744ff7
213454,27,24.3,206,86,"2021-09-18 15:20:17",A202,9653f952-2137-469f-a020-618fd5744ff7
213458,23,23.6,216,107,"2021-09-18 15:24:54",A203,9653f952-2137-469f-a020-618fd5744ff7
213466,25,24.2,201,86,"2021-09-18 15:38:31",A201,9653f952-2137-469f-a020-618fd5744ff7
213473,27,24.2,206,86,"2021-09-18 15:51:48",A202,9653f952-2137-469f-a020-618fd5744ff7
213476,23,23.5,217,107,"2021-09-18 15:55:35",A203,9653f952-2137-469f-a020-618fd5744ff7
213483,25,24.1,202,86,"2021-09-18 16:08:49",A201,9653f952-2137-469f-a020-618fd5744ff7
213490,27,24.1,206,86,"2021-09-18 16:22:15",A202,9653f952-2137-469f-a020-618fd5744ff7
213493,23,23.4,219,107,"2021-09-18 16:26:16",A203,9653f952-2137-469f-a020-618fd5744ff7
213501,25,23.9,204,86,"2021-09-18 16:39:08",A201,9653f952-2137-469f-a020-618fd5744ff7
213510,23,23.4,217,107,"2021-09-18 16:56:56",A203,9653f952-2137-469f-a020-618fd5744ff7
213518,25,23.8,203,86,"2021-09-18 17:09:25",A201,9653f952-2137-469f-a020-618fd5744ff7
213525,27,23.8,208,86,"2021-09-18 17:23:05",A202,9653f952-2137-469f-a020-618fd5744ff7
213526,23,23.3,222,107,"2021-09-18 17:27:36",A203,9653f952-2137-469f-a020-618fd5744ff7
213531,25,23.7,204,86,"2021-09-18 17:39:42",A201,9653f952-2137-469f-a020-618fd5744ff7
213535,27,23.6,206,86,"2021-09-18 17:53:27",A202,9653f952-2137-469f-a020-618fd5744ff7
213544,27,23.5,207,86,"2021-09-18 18:23:53",A202,9653f952-2137-469f-a020-618fd5744ff7
213546,23,23.1,221,107,"2021-09-18 18:28:52",A203,9653f952-2137-469f-a020-618fd5744ff7
213554,27,23.3,207,86,"2021-09-18 18:54:18",A202,9653f952-2137-469f-a020-618fd5744ff7
213557,25,23.4,200,86,"2021-09-18 19:10:34",A201,9653f952-2137-469f-a020-618fd5744ff7
213564,27,23.2,205,86,"2021-09-18 19:24:42",A202,9653f952-2137-469f-a020-618fd5744ff7
213566,23,22.9,222,107,"2021-09-18 19:30:09",A203,9653f952-2137-469f-a020-618fd5744ff7
213572,25,23.2,203,86,"2021-09-18 19:40:52",A201,9653f952-2137-469f-a020-618fd5744ff7
213580,27,23.1,204,86,"2021-09-18 19:55:05",A202,9653f952-2137-469f-a020-618fd5744ff7
213582,23,22.8,222,107,"2021-09-18 20:00:47",A203,9653f952-2137-469f-a020-618fd5744ff7
213589,25,23.1,202,86,"2021-09-18 20:11:08",A201,9653f952-2137-469f-a020-618fd5744ff7
213595,27,22.9,204,86,"2021-09-18 20:25:27",A202,9653f952-2137-469f-a020-618fd5744ff7
213597,23,22.7,220,114,"2021-09-18 20:31:25",A203,9653f952-2137-469f-a020-618fd5744ff7
213604,25,23,201,86,"2021-09-18 20:41:27",A201,9653f952-2137-469f-a020-618fd5744ff7
213613,27,22.8,206,86,"2021-09-18 20:55:50",A202,9653f952-2137-469f-a020-618fd5744ff7
213615,23,22.6,219,114,"2021-09-18 21:02:02",A203,9653f952-2137-469f-a020-618fd5744ff7
213622,25,22.9,201,86,"2021-09-18 21:11:42",A201,9653f952-2137-469f-a020-618fd5744ff7
213633,23,22.5,222,107,"2021-09-18 21:32:49",A203,9653f952-2137-469f-a020-618fd5744ff7
213640,25,22.8,202,86,"2021-09-18 21:41:59",A201,9653f952-2137-469f-a020-618fd5744ff7
213649,28,22.5,207,86,"2021-09-18 21:56:37",A202,9653f952-2137-469f-a020-618fd5744ff7
213651,23,22.4,223,100,"2021-09-18 22:03:04",A203,9653f952-2137-469f-a020-618fd5744ff7
213658,25,22.6,202,86,"2021-09-18 22:12:15",A201,9653f952-2137-469f-a020-618fd5744ff7
213667,28,22.4,207,86,"2021-09-18 22:27:00",A202,9653f952-2137-469f-a020-618fd5744ff7
213669,23,22.3,223,100,"2021-09-18 22:33:31",A203,9653f952-2137-469f-a020-618fd5744ff7
213676,25,22.5,200,86,"2021-09-18 22:42:31",A201,9653f952-2137-469f-a020-618fd5744ff7
213686,28,22.3,208,86,"2021-09-18 22:57:21",A202,9653f952-2137-469f-a020-618fd5744ff7
213688,23,22.2,224,100,"2021-09-18 23:04:00",A203,9653f952-2137-469f-a020-618fd5744ff7
213693,25,22.4,202,86,"2021-09-18 23:12:46",A201,9653f952-2137-469f-a020-618fd5744ff7
213703,27,22.1,207,86,"2021-09-18 23:27:43",A202,9653f952-2137-469f-a020-618fd5744ff7
213706,23,22.1,222,100,"2021-09-18 23:34:26",A203,9653f952-2137-469f-a020-618fd5744ff7
213712,25,22.3,200,86,"2021-09-18 23:43:03",A201,9653f952-2137-469f-a020-618fd5744ff7
213722,27,22,206,86,"2021-09-18 23:58:07",A202,9653f952-2137-469f-a020-618fd5744ff7
213726,23,22.1,223,100,"2021-09-19 00:04:53",A203,9653f952-2137-469f-a020-618fd5744ff7
213731,25,22.2,202,86,"2021-09-19 00:13:24",A201,9653f952-2137-469f-a020-618fd5744ff7
213737,28,22,206,86,"2021-09-19 00:28:35",A202,9653f952-2137-469f-a020-618fd5744ff7
213741,23,22,223,93,"2021-09-19 00:35:21",A203,9653f952-2137-469f-a020-618fd5744ff7
213745,25,22.1,212,86,"2021-09-19 00:43:36",A201,9653f952-2137-469f-a020-618fd5744ff7
213754,28,21.9,205,86,"2021-09-19 00:58:53",A202,9653f952-2137-469f-a020-618fd5744ff7
213757,23,21.9,228,93,"2021-09-19 01:05:46",A203,9653f952-2137-469f-a020-618fd5744ff7
213761,26,22,249,86,"2021-09-19 01:13:52",A201,9653f952-2137-469f-a020-618fd5744ff7
213770,28,21.7,202,86,"2021-09-19 01:29:15",A202,9653f952-2137-469f-a020-618fd5744ff7
213774,23,21.8,250,93,"2021-09-19 01:36:12",A203,9653f952-2137-469f-a020-618fd5744ff7
213778,28,21.9,249,86,"2021-09-19 01:44:08",A201,9653f952-2137-469f-a020-618fd5744ff7
213788,28,21.6,202,86,"2021-09-19 01:59:39",A202,9653f952-2137-469f-a020-618fd5744ff7
213792,23,21.7,263,93,"2021-09-19 02:06:35",A203,9653f952-2137-469f-a020-618fd5744ff7
213796,28,21.8,246,86,"2021-09-19 02:14:24",A201,9653f952-2137-469f-a020-618fd5744ff7
213803,28,21.6,204,86,"2021-09-19 02:30:00",A202,9653f952-2137-469f-a020-618fd5744ff7
213807,23,21.6,264,93,"2021-09-19 02:37:00",A203,9653f952-2137-469f-a020-618fd5744ff7
213811,28,21.7,244,86,"2021-09-19 02:44:41",A201,9653f952-2137-469f-a020-618fd5744ff7
213822,28,21.5,204,86,"2021-09-19 03:00:24",A202,9653f952-2137-469f-a020-618fd5744ff7
213826,23,21.5,261,93,"2021-09-19 03:07:25",A203,9653f952-2137-469f-a020-618fd5744ff7
213830,28,21.6,244,86,"2021-09-19 03:14:56",A201,9653f952-2137-469f-a020-618fd5744ff7
213840,28,21.4,207,86,"2021-09-19 03:30:43",A202,9653f952-2137-469f-a020-618fd5744ff7
213844,23,21.4,258,93,"2021-09-19 03:37:48",A203,9653f952-2137-469f-a020-618fd5744ff7
213848,28,21.5,243,86,"2021-09-19 03:45:14",A201,9653f952-2137-469f-a020-618fd5744ff7
213859,28,21.3,207,86,"2021-09-19 04:01:06",A202,9653f952-2137-469f-a020-618fd5744ff7
213862,23,21.3,256,93,"2021-09-19 04:08:11",A203,9653f952-2137-469f-a020-618fd5744ff7
213866,28,21.4,242,86,"2021-09-19 04:15:29",A201,9653f952-2137-469f-a020-618fd5744ff7
213877,28,21.2,207,86,"2021-09-19 04:31:28",A202,9653f952-2137-469f-a020-618fd5744ff7
213879,23,21.3,255,93,"2021-09-19 04:38:42",A203,9653f952-2137-469f-a020-618fd5744ff7
213892,28,21.2,208,86,"2021-09-19 05:01:52",A202,9653f952-2137-469f-a020-618fd5744ff7
213896,23,21.2,252,93,"2021-09-19 05:09:02",A203,9653f952-2137-469f-a020-618fd5744ff7
213899,28,21.3,241,86,"2021-09-19 05:16:00",A201,9653f952-2137-469f-a020-618fd5744ff7
213910,28,21.1,207,93,"2021-09-19 05:32:14",A202,9653f952-2137-469f-a020-618fd5744ff7
213914,24,21.2,246,100,"2021-09-19 05:39:34",A203,9653f952-2137-469f-a020-618fd5744ff7
213918,28,21.3,240,93,"2021-09-19 05:46:20",A201,9653f952-2137-469f-a020-618fd5744ff7
213929,28,21.1,207,93,"2021-09-19 06:02:41",A202,9653f952-2137-469f-a020-618fd5744ff7
213932,24,21.2,249,107,"2021-09-19 06:10:13",A203,9653f952-2137-469f-a020-618fd5744ff7
213936,28,21.3,239,93,"2021-09-19 06:16:36",A201,9653f952-2137-469f-a020-618fd5744ff7
213945,28,21.2,207,93,"2021-09-19 06:33:08",A202,9653f952-2137-469f-a020-618fd5744ff7
213948,24,21.3,248,107,"2021-09-19 06:40:56",A203,9653f952-2137-469f-a020-618fd5744ff7
213952,28,21.4,239,93,"2021-09-19 06:46:55",A201,9653f952-2137-469f-a020-618fd5744ff7
213961,28,21.4,204,93,"2021-09-19 07:03:38",A202,9653f952-2137-469f-a020-618fd5744ff7
213965,24,21.4,247,107,"2021-09-19 07:11:39",A203,9653f952-2137-469f-a020-618fd5744ff7
213968,28,21.6,238,100,"2021-09-19 07:17:15",A201,9653f952-2137-469f-a020-618fd5744ff7
213979,28,21.7,204,93,"2021-09-19 07:34:10",A202,9653f952-2137-469f-a020-618fd5744ff7
213983,24,21.6,246,107,"2021-09-19 07:42:25",A203,9653f952-2137-469f-a020-618fd5744ff7
213986,27,21.9,238,100,"2021-09-19 07:47:36",A201,9653f952-2137-469f-a020-618fd5744ff7
213995,28,22.1,208,100,"2021-09-19 08:04:42",A202,9653f952-2137-469f-a020-618fd5744ff7
214000,24,21.9,245,107,"2021-09-19 08:13:09",A203,9653f952-2137-469f-a020-618fd5744ff7
214003,27,22.2,238,100,"2021-09-19 08:17:55",A201,9653f952-2137-469f-a020-618fd5744ff7
214011,28,22.6,207,100,"2021-09-19 08:35:12",A202,9653f952-2137-469f-a020-618fd5744ff7
214015,24,22.7,245,107,"2021-09-19 09:15:56",A203,9653f952-2137-469f-a020-618fd5744ff7
214017,27,23.2,235,100,"2021-09-19 09:18:37",A201,9653f952-2137-469f-a020-618fd5744ff7
214029,28,23.7,206,100,"2021-09-19 09:36:18",A202,9653f952-2137-469f-a020-618fd5744ff7
214034,24,23.2,244,107,"2021-09-19 09:46:19",A203,9653f952-2137-469f-a020-618fd5744ff7
214036,27,23.8,238,100,"2021-09-19 09:48:59",A201,9653f952-2137-469f-a020-618fd5744ff7
214047,28,24.4,207,100,"2021-09-19 10:06:52",A202,9653f952-2137-469f-a020-618fd5744ff7
214052,24,23.7,243,100,"2021-09-19 10:16:43",A203,9653f952-2137-469f-a020-618fd5744ff7
214054,27,24.4,238,100,"2021-09-19 10:19:21",A201,9653f952-2137-469f-a020-618fd5744ff7
214065,28,25,207,100,"2021-09-19 10:37:26",A202,9653f952-2137-469f-a020-618fd5744ff7
214070,24,24.1,243,107,"2021-09-19 10:47:07",A203,9653f952-2137-469f-a020-618fd5744ff7
214072,27,25,239,100,"2021-09-19 10:49:44",A201,9653f952-2137-469f-a020-618fd5744ff7
214083,28,25.4,206,100,"2021-09-19 11:07:57",A202,9653f952-2137-469f-a020-618fd5744ff7
214087,24,24.3,243,107,"2021-09-19 11:17:33",A203,9653f952-2137-469f-a020-618fd5744ff7
214089,27,25.3,238,100,"2021-09-19 11:20:05",A201,9653f952-2137-469f-a020-618fd5744ff7
214101,28,25.5,208,100,"2021-09-19 11:38:32",A202,9653f952-2137-469f-a020-618fd5744ff7
214106,24,24.5,245,100,"2021-09-19 11:47:59",A203,9653f952-2137-469f-a020-618fd5744ff7
214108,27,25.5,235,100,"2021-09-19 11:52:25",A201,9653f952-2137-469f-a020-618fd5744ff7
214119,28,25.8,206,100,"2021-09-19 12:09:08",A202,9653f952-2137-469f-a020-618fd5744ff7
214124,24,24.8,243,100,"2021-09-19 12:18:29",A203,9653f952-2137-469f-a020-618fd5744ff7
214126,27,25.9,237,100,"2021-09-19 12:22:50",A201,9653f952-2137-469f-a020-618fd5744ff7
214137,28,26.1,207,100,"2021-09-19 12:39:45",A202,9653f952-2137-469f-a020-618fd5744ff7
214141,24,25.1,245,100,"2021-09-19 12:48:57",A203,9653f952-2137-469f-a020-618fd5744ff7
214143,27,26.2,236,100,"2021-09-19 12:53:12",A201,9653f952-2137-469f-a020-618fd5744ff7
214153,28,26.4,207,100,"2021-09-19 13:10:21",A202,9653f952-2137-469f-a020-618fd5744ff7
214158,24,25.3,244,100,"2021-09-19 13:19:28",A203,9653f952-2137-469f-a020-618fd5744ff7
214160,27,26.5,236,100,"2021-09-19 13:23:38",A201,9653f952-2137-469f-a020-618fd5744ff7
214169,28,26.6,210,100,"2021-09-19 13:40:55",A202,9653f952-2137-469f-a020-618fd5744ff7
214174,24,25.5,241,100,"2021-09-19 13:49:54",A203,9653f952-2137-469f-a020-618fd5744ff7
214176,27,26.6,235,100,"2021-09-19 13:54:00",A201,9653f952-2137-469f-a020-618fd5744ff7
214188,24,25.6,244,107,"2021-09-19 14:20:18",A203,9653f952-2137-469f-a020-618fd5744ff7
214191,27,26.6,234,100,"2021-09-19 14:24:20",A201,9653f952-2137-469f-a020-618fd5744ff7
214202,28,26.6,211,93,"2021-09-19 14:41:59",A202,9653f952-2137-469f-a020-618fd5744ff7
214206,24,25.6,244,107,"2021-09-19 14:50:39",A203,9653f952-2137-469f-a020-618fd5744ff7
214209,27,26.5,232,93,"2021-09-19 14:54:41",A201,9653f952-2137-469f-a020-618fd5744ff7
214221,28,26.4,212,86,"2021-09-19 15:12:29",A202,9653f952-2137-469f-a020-618fd5744ff7
214225,24,25.46,241,107,"2021-09-19 15:21:01",A203,9653f952-2137-469f-a020-618fd5744ff7
214228,27,26.3,230,86,"2021-09-19 15:25:03",A201,9653f952-2137-469f-a020-618fd5744ff7
214240,28,26.1,212,86,"2021-09-19 15:43:04",A202,9653f952-2137-469f-a020-618fd5744ff7
214244,24,25.3,241,107,"2021-09-19 15:51:21",A203,9653f952-2137-469f-a020-618fd5744ff7
214247,27,26.1,230,86,"2021-09-19 15:55:19",A201,9653f952-2137-469f-a020-618fd5744ff7
214257,28,25.9,211,86,"2021-09-19 16:13:25",A202,9653f952-2137-469f-a020-618fd5744ff7
214261,24,25.1,245,107,"2021-09-19 16:21:39",A203,9653f952-2137-469f-a020-618fd5744ff7
214264,27,25.9,226,86,"2021-09-19 16:25:38",A201,9653f952-2137-469f-a020-618fd5744ff7
214275,28,25.7,209,86,"2021-09-19 16:43:51",A202,9653f952-2137-469f-a020-618fd5744ff7
214279,24,25,248,107,"2021-09-19 16:51:58",A203,9653f952-2137-469f-a020-618fd5744ff7
214282,27,25.64,228,86,"2021-09-19 16:55:56",A201,9653f952-2137-469f-a020-618fd5744ff7
214293,28,25.4,211,86,"2021-09-19 17:14:18",A202,9653f952-2137-469f-a020-618fd5744ff7
214297,24,24.8,248,107,"2021-09-19 17:22:16",A203,9653f952-2137-469f-a020-618fd5744ff7
214300,27,25.4,227,86,"2021-09-19 17:26:14",A201,9653f952-2137-469f-a020-618fd5744ff7
214310,28,25.2,212,86,"2021-09-19 17:44:44",A202,9653f952-2137-469f-a020-618fd5744ff7
214314,24,24.6,248,107,"2021-09-19 17:52:35",A203,9653f952-2137-469f-a020-618fd5744ff7
214317,27,25.2,227,86,"2021-09-19 17:56:30",A201,9653f952-2137-469f-a020-618fd5744ff7
214328,28,25,212,86,"2021-09-19 18:15:08",A202,9653f952-2137-469f-a020-618fd5744ff7
214332,24,24.5,247,107,"2021-09-19 18:22:50",A203,9653f952-2137-469f-a020-618fd5744ff7
214335,27,25,227,86,"2021-09-19 18:26:49",A201,9653f952-2137-469f-a020-618fd5744ff7
214345,28,24.7,212,86,"2021-09-19 18:45:35",A202,9653f952-2137-469f-a020-618fd5744ff7
214349,24,24.3,248,107,"2021-09-19 18:53:08",A203,9653f952-2137-469f-a020-618fd5744ff7
214352,26,24.8,225,86,"2021-09-19 18:57:06",A201,9653f952-2137-469f-a020-618fd5744ff7
214363,28,24.5,208,86,"2021-09-19 19:16:00",A202,9653f952-2137-469f-a020-618fd5744ff7
214367,24,24.2,244,107,"2021-09-19 19:23:25",A203,9653f952-2137-469f-a020-618fd5744ff7
214370,26,24.6,226,86,"2021-09-19 19:27:24",A201,9653f952-2137-469f-a020-618fd5744ff7
214380,28,24.4,207,86,"2021-09-19 19:46:27",A202,9653f952-2137-469f-a020-618fd5744ff7
214383,24,24,247,107,"2021-09-19 19:53:42",A203,9653f952-2137-469f-a020-618fd5744ff7
214386,26,24.5,225,86,"2021-09-19 19:57:41",A201,9653f952-2137-469f-a020-618fd5744ff7
214397,28,24.2,210,86,"2021-09-19 20:16:50",A202,9653f952-2137-469f-a020-618fd5744ff7
214402,24,23.9,244,107,"2021-09-19 20:24:00",A203,9653f952-2137-469f-a020-618fd5744ff7
214405,26,24.4,224,86,"2021-09-19 20:27:59",A201,9653f952-2137-469f-a020-618fd5744ff7
214414,28,24.1,212,86,"2021-09-19 20:47:16",A202,9653f952-2137-469f-a020-618fd5744ff7
214418,24,23.8,244,107,"2021-09-19 20:54:18",A203,9653f952-2137-469f-a020-618fd5744ff7
214420,26,24.2,224,86,"2021-09-19 20:58:18",A201,9653f952-2137-469f-a020-618fd5744ff7
214431,28,24,212,86,"2021-09-19 21:17:42",A202,9653f952-2137-469f-a020-618fd5744ff7
214434,24,23.7,247,107,"2021-09-19 21:24:38",A203,9653f952-2137-469f-a020-618fd5744ff7
214437,26,24.1,223,86,"2021-09-19 21:28:35",A201,9653f952-2137-469f-a020-618fd5744ff7
214447,28,23.8,212,86,"2021-09-19 21:48:07",A202,9653f952-2137-469f-a020-618fd5744ff7
214450,24,23.6,246,107,"2021-09-19 21:54:53",A203,9653f952-2137-469f-a020-618fd5744ff7
214453,26,24,222,86,"2021-09-19 21:58:51",A201,9653f952-2137-469f-a020-618fd5744ff7
214465,28,23.7,212,86,"2021-09-19 22:18:30",A202,9653f952-2137-469f-a020-618fd5744ff7
214468,24,23.5,245,107,"2021-09-19 22:25:07",A203,9653f952-2137-469f-a020-618fd5744ff7
214471,26,23.9,222,86,"2021-09-19 22:29:09",A201,9653f952-2137-469f-a020-618fd5744ff7
214482,28,23.6,211,86,"2021-09-19 22:48:55",A202,9653f952-2137-469f-a020-618fd5744ff7
214485,24,23.4,246,107,"2021-09-19 22:55:25",A203,9653f952-2137-469f-a020-618fd5744ff7
214488,26,23.7,221,86,"2021-09-19 22:59:26",A201,9653f952-2137-469f-a020-618fd5744ff7
214501,28,23.4,210,86,"2021-09-19 23:19:20",A202,9653f952-2137-469f-a020-618fd5744ff7
214503,24,23.3,247,107,"2021-09-19 23:25:42",A203,9653f952-2137-469f-a020-618fd5744ff7
214506,26,23.6,222,86,"2021-09-19 23:29:43",A201,9653f952-2137-469f-a020-618fd5744ff7
214519,28,23.3,209,86,"2021-09-19 23:49:44",A202,9653f952-2137-469f-a020-618fd5744ff7
214522,26,23.5,221,86,"2021-09-20 00:00:00",A201,9653f952-2137-469f-a020-618fd5744ff7
214534,28,23.2,211,86,"2021-09-20 00:20:10",A202,9653f952-2137-469f-a020-618fd5744ff7
214536,24,23.1,245,107,"2021-09-20 00:26:13",A203,9653f952-2137-469f-a020-618fd5744ff7
214539,26,23.4,220,86,"2021-09-20 00:30:18",A201,9653f952-2137-469f-a020-618fd5744ff7
214550,28,23.1,211,86,"2021-09-20 00:50:33",A202,9653f952-2137-469f-a020-618fd5744ff7
214552,24,23,246,107,"2021-09-20 00:56:30",A203,9653f952-2137-469f-a020-618fd5744ff7
214555,26,23.3,218,86,"2021-09-20 01:00:34",A201,9653f952-2137-469f-a020-618fd5744ff7
214567,28,23,210,86,"2021-09-20 01:20:57",A202,9653f952-2137-469f-a020-618fd5744ff7
214569,24,22.9,245,107,"2021-09-20 01:26:48",A203,9653f952-2137-469f-a020-618fd5744ff7
214572,26,23.2,220,86,"2021-09-20 01:30:53",A201,9653f952-2137-469f-a020-618fd5744ff7
214584,28,22.9,210,86,"2021-09-20 01:51:21",A202,9653f952-2137-469f-a020-618fd5744ff7
214586,24,22.8,246,107,"2021-09-20 01:57:01",A203,9653f952-2137-469f-a020-618fd5744ff7
214590,26,23.1,219,86,"2021-09-20 02:01:07",A201,9653f952-2137-469f-a020-618fd5744ff7
214603,28,22.8,212,86,"2021-09-20 02:21:45",A202,9653f952-2137-469f-a020-618fd5744ff7
214604,24,22.7,246,107,"2021-09-20 02:27:16",A203,9653f952-2137-469f-a020-618fd5744ff7
214608,26,23,219,86,"2021-09-20 02:31:23",A201,9653f952-2137-469f-a020-618fd5744ff7
214619,28,22.7,211,86,"2021-09-20 02:52:07",A202,9653f952-2137-469f-a020-618fd5744ff7
214621,24,22.6,245,107,"2021-09-20 02:57:32",A203,9653f952-2137-469f-a020-618fd5744ff7
214625,26,22.9,218,86,"2021-09-20 03:01:41",A201,9653f952-2137-469f-a020-618fd5744ff7
214637,28,22.66,212,86,"2021-09-20 03:22:34",A202,9653f952-2137-469f-a020-618fd5744ff7
214639,24,22.6,245,107,"2021-09-20 03:27:48",A203,9653f952-2137-469f-a020-618fd5744ff7
214643,26,22.9,217,86,"2021-09-20 03:31:57",A201,9653f952-2137-469f-a020-618fd5744ff7
214653,28,22.6,211,86,"2021-09-20 03:52:57",A202,9653f952-2137-469f-a020-618fd5744ff7
214654,24,22.5,244,107,"2021-09-20 03:58:03",A203,9653f952-2137-469f-a020-618fd5744ff7
214658,26,22.8,215,86,"2021-09-20 04:02:13",A201,9653f952-2137-469f-a020-618fd5744ff7
214670,28,22.5,209,86,"2021-09-20 04:23:20",A202,9653f952-2137-469f-a020-618fd5744ff7
214671,24,22.5,245,107,"2021-09-20 04:28:17",A203,9653f952-2137-469f-a020-618fd5744ff7
214675,26,22.7,217,86,"2021-09-20 04:32:30",A201,9653f952-2137-469f-a020-618fd5744ff7
214687,28,22.42,211,86,"2021-09-20 04:53:45",A202,9653f952-2137-469f-a020-618fd5744ff7
214689,24,22.4,243,107,"2021-09-20 04:58:35",A203,9653f952-2137-469f-a020-618fd5744ff7
214693,26,22.7,216,86,"2021-09-20 05:02:48",A201,9653f952-2137-469f-a020-618fd5744ff7
214706,28,22.4,211,93,"2021-09-20 05:24:10",A202,9653f952-2137-469f-a020-618fd5744ff7
214707,24,22.4,245,107,"2021-09-20 05:28:50",A203,9653f952-2137-469f-a020-618fd5744ff7
214710,26,22.6,215,93,"2021-09-20 05:33:04",A201,9653f952-2137-469f-a020-618fd5744ff7
214722,28,22.4,211,93,"2021-09-20 05:54:40",A202,9653f952-2137-469f-a020-618fd5744ff7
214723,24,22.4,244,107,"2021-09-20 05:59:11",A203,9653f952-2137-469f-a020-618fd5744ff7
214726,26,22.7,215,93,"2021-09-20 06:03:25",A201,9653f952-2137-469f-a020-618fd5744ff7
214740,28,22.5,210,93,"2021-09-20 06:25:11",A202,9653f952-2137-469f-a020-618fd5744ff7
214741,24,22.4,242,107,"2021-09-20 06:29:34",A203,9653f952-2137-469f-a020-618fd5744ff7
214744,26,22.7,215,93,"2021-09-20 06:33:45",A201,9653f952-2137-469f-a020-618fd5744ff7
214757,28,22.8,211,93,"2021-09-20 06:55:44",A202,9653f952-2137-469f-a020-618fd5744ff7
214759,24,22.5,242,107,"2021-09-20 07:00:00",A203,9653f952-2137-469f-a020-618fd5744ff7
214761,26,22.88,216,93,"2021-09-20 07:04:06",A201,9653f952-2137-469f-a020-618fd5744ff7
214774,28,23.1,209,100,"2021-09-20 07:26:19",A202,9653f952-2137-469f-a020-618fd5744ff7
214775,24,22.6,244,100,"2021-09-20 07:30:24",A203,9653f952-2137-469f-a020-618fd5744ff7
214778,26,23,212,100,"2021-09-20 07:34:27",A201,9653f952-2137-469f-a020-618fd5744ff7
214790,28,23.5,210,100,"2021-09-20 07:56:54",A202,9653f952-2137-469f-a020-618fd5744ff7
214791,24,22.9,243,100,"2021-09-20 08:00:54",A203,9653f952-2137-469f-a020-618fd5744ff7
214794,26,23.2,215,100,"2021-09-20 08:04:51",A201,9653f952-2137-469f-a020-618fd5744ff7
214805,28,24,209,100,"2021-09-20 08:27:30",A202,9653f952-2137-469f-a020-618fd5744ff7
214807,24,23.2,243,100,"2021-09-20 08:31:18",A203,9653f952-2137-469f-a020-618fd5744ff7
214810,26,23.5,215,100,"2021-09-20 08:35:12",A201,9653f952-2137-469f-a020-618fd5744ff7
214822,28,24.6,209,100,"2021-09-20 08:58:06",A202,9653f952-2137-469f-a020-618fd5744ff7
214823,24,23.6,240,100,"2021-09-20 09:01:44",A203,9653f952-2137-469f-a020-618fd5744ff7
214826,26,23.9,215,100,"2021-09-20 09:05:37",A201,9653f952-2137-469f-a020-618fd5744ff7
214838,28,25.2,207,100,"2021-09-20 09:28:39",A202,9653f952-2137-469f-a020-618fd5744ff7
214840,24,24,242,100,"2021-09-20 09:32:11",A203,9653f952-2137-469f-a020-618fd5744ff7
214842,26,24.4,215,100,"2021-09-20 09:35:59",A201,9653f952-2137-469f-a020-618fd5744ff7
214859,28,25.8,209,100,"2021-09-20 09:59:15",A202,9653f952-2137-469f-a020-618fd5744ff7
214861,24,24.5,242,100,"2021-09-20 10:02:39",A203,9653f952-2137-469f-a020-618fd5744ff7
214863,26,25,215,100,"2021-09-20 10:06:20",A201,9653f952-2137-469f-a020-618fd5744ff7
214881,28,26.2,207,100,"2021-09-20 10:29:52",A202,9653f952-2137-469f-a020-618fd5744ff7
214883,24,24.9,242,100,"2021-09-20 10:33:07",A203,9653f952-2137-469f-a020-618fd5744ff7
214885,26,25.5,214,100,"2021-09-20 10:36:44",A201,9653f952-2137-469f-a020-618fd5744ff7
214903,28,26.6,210,100,"2021-09-20 11:00:27",A202,9653f952-2137-469f-a020-618fd5744ff7
214905,24,25.4,242,100,"2021-09-20 11:03:36",A203,9653f952-2137-469f-a020-618fd5744ff7
214907,26,26.1,216,100,"2021-09-20 11:07:07",A201,9653f952-2137-469f-a020-618fd5744ff7
214926,28,27.1,209,100,"2021-09-20 11:31:07",A202,9653f952-2137-469f-a020-618fd5744ff7
214929,24,25.9,243,100,"2021-09-20 11:34:06",A203,9653f952-2137-469f-a020-618fd5744ff7
214931,26,26.6,216,100,"2021-09-20 11:37:34",A201,9653f952-2137-469f-a020-618fd5744ff7
214947,28,27.5,211,100,"2021-09-20 12:01:40",A202,9653f952-2137-469f-a020-618fd5744ff7
214965,28,27.7,211,100,"2021-09-20 12:32:17",A202,9653f952-2137-469f-a020-618fd5744ff7
214967,24,26.5,244,107,"2021-09-20 12:35:00",A203,9653f952-2137-469f-a020-618fd5744ff7
214969,26,27.1,214,100,"2021-09-20 12:38:17",A201,9653f952-2137-469f-a020-618fd5744ff7
214986,28,27.78,211,100,"2021-09-20 13:02:51",A202,9653f952-2137-469f-a020-618fd5744ff7
214988,24,26.5,245,107,"2021-09-20 13:05:23",A203,9653f952-2137-469f-a020-618fd5744ff7
214990,26,27.1,215,100,"2021-09-20 13:08:40",A201,9653f952-2137-469f-a020-618fd5744ff7
215008,28,27.7,211,100,"2021-09-20 13:33:25",A202,9653f952-2137-469f-a020-618fd5744ff7
215011,24,26.6,242,100,"2021-09-20 13:35:50",A203,9653f952-2137-469f-a020-618fd5744ff7
215013,26,27,214,100,"2021-09-20 13:39:06",A201,9653f952-2137-469f-a020-618fd5744ff7
215034,28,27.7,212,100,"2021-09-20 14:04:04",A202,9653f952-2137-469f-a020-618fd5744ff7
215038,24,26.52,244,100,"2021-09-20 14:06:20",A203,9653f952-2137-469f-a020-618fd5744ff7
215040,26,27,213,100,"2021-09-20 14:09:28",A201,9653f952-2137-469f-a020-618fd5744ff7
215062,28,27.7,210,93,"2021-09-20 14:34:40",A202,9653f952-2137-469f-a020-618fd5744ff7
215065,24,26.6,242,100,"2021-09-20 14:36:48",A203,9653f952-2137-469f-a020-618fd5744ff7
215068,26,27.02,212,93,"2021-09-20 14:39:51",A201,9653f952-2137-469f-a020-618fd5744ff7
215087,28,27.7,213,86,"2021-09-20 15:05:17",A202,9653f952-2137-469f-a020-618fd5744ff7
215089,24,26.6,242,107,"2021-09-20 15:07:16",A203,9653f952-2137-469f-a020-618fd5744ff7
215092,26,27,213,86,"2021-09-20 15:10:14",A201,9653f952-2137-469f-a020-618fd5744ff7
215111,28,27.6,211,86,"2021-09-20 15:35:49",A202,9653f952-2137-469f-a020-618fd5744ff7
215113,24,26.6,246,107,"2021-09-20 15:37:40",A203,9653f952-2137-469f-a020-618fd5744ff7
215116,26,27,212,86,"2021-09-20 15:40:35",A201,9653f952-2137-469f-a020-618fd5744ff7
215137,28,27.4,213,86,"2021-09-20 16:06:21",A202,9653f952-2137-469f-a020-618fd5744ff7
215139,24,26.5,243,107,"2021-09-20 16:08:00",A203,9653f952-2137-469f-a020-618fd5744ff7
215142,26,26.8,212,86,"2021-09-20 16:10:56",A201,9653f952-2137-469f-a020-618fd5744ff7
215166,28,27.2,214,86,"2021-09-20 16:36:48",A202,9653f952-2137-469f-a020-618fd5744ff7
215168,24,26.3,244,107,"2021-09-20 16:38:20",A203,9653f952-2137-469f-a020-618fd5744ff7
215172,26,26.6,209,86,"2021-09-20 16:41:13",A201,9653f952-2137-469f-a020-618fd5744ff7
215194,28,26.9,214,86,"2021-09-20 17:07:16",A202,9653f952-2137-469f-a020-618fd5744ff7
215196,24,26.1,247,107,"2021-09-20 17:08:38",A203,9653f952-2137-469f-a020-618fd5744ff7
215199,26,26.4,211,86,"2021-09-20 17:11:33",A201,9653f952-2137-469f-a020-618fd5744ff7
215221,28,26.7,213,86,"2021-09-20 17:37:42",A202,9653f952-2137-469f-a020-618fd5744ff7
215223,24,25.9,248,107,"2021-09-20 17:38:57",A203,9653f952-2137-469f-a020-618fd5744ff7
215226,26,26.1,208,86,"2021-09-20 17:41:50",A201,9653f952-2137-469f-a020-618fd5744ff7
215247,28,26.4,210,86,"2021-09-20 18:08:08",A202,9653f952-2137-469f-a020-618fd5744ff7
215249,24,25.7,247,107,"2021-09-20 18:09:14",A203,9653f952-2137-469f-a020-618fd5744ff7
215252,26,25.9,209,86,"2021-09-20 18:12:10",A201,9653f952-2137-469f-a020-618fd5744ff7
215274,24,25.5,247,107,"2021-09-20 18:39:32",A203,9653f952-2137-469f-a020-618fd5744ff7
215275,28,26.1,214,86,"2021-09-20 18:39:39",A202,9653f952-2137-469f-a020-618fd5744ff7
215278,26,25.7,208,86,"2021-09-20 18:42:26",A201,9653f952-2137-469f-a020-618fd5744ff7
215301,24,25.3,241,107,"2021-09-20 19:09:49",A203,9653f952-2137-469f-a020-618fd5744ff7
215302,28,25.9,214,86,"2021-09-20 19:10:06",A202,9653f952-2137-469f-a020-618fd5744ff7
215305,26,25.5,207,86,"2021-09-20 19:12:43",A201,9653f952-2137-469f-a020-618fd5744ff7
215329,24,25.1,247,107,"2021-09-20 19:40:07",A203,9653f952-2137-469f-a020-618fd5744ff7
215330,28,25.6,213,86,"2021-09-20 19:40:31",A202,9653f952-2137-469f-a020-618fd5744ff7
215333,26,25.3,207,86,"2021-09-20 19:43:02",A201,9653f952-2137-469f-a020-618fd5744ff7
215357,24,24.9,248,107,"2021-09-20 20:10:23",A203,9653f952-2137-469f-a020-618fd5744ff7
215358,28,25.4,211,86,"2021-09-20 20:10:54",A202,9653f952-2137-469f-a020-618fd5744ff7
215383,28,25.2,211,86,"2021-09-20 20:41:19",A202,9653f952-2137-469f-a020-618fd5744ff7
215386,26,24.9,203,86,"2021-09-20 20:43:37",A201,9653f952-2137-469f-a020-618fd5744ff7
215410,24,24.6,246,107,"2021-09-20 21:10:57",A203,9653f952-2137-469f-a020-618fd5744ff7
215411,28,25,213,86,"2021-09-20 21:11:44",A202,9653f952-2137-469f-a020-618fd5744ff7
215414,26,24.7,205,86,"2021-09-20 21:13:54",A201,9653f952-2137-469f-a020-618fd5744ff7
215437,24,24.4,251,107,"2021-09-20 21:41:14",A203,9653f952-2137-469f-a020-618fd5744ff7
215438,28,24.8,213,86,"2021-09-20 21:42:07",A202,9653f952-2137-469f-a020-618fd5744ff7
215441,26,24.6,205,86,"2021-09-20 21:44:11",A201,9653f952-2137-469f-a020-618fd5744ff7
215463,24,24.3,251,107,"2021-09-20 22:11:30",A203,9653f952-2137-469f-a020-618fd5744ff7
215464,28,24.7,213,86,"2021-09-20 22:12:31",A202,9653f952-2137-469f-a020-618fd5744ff7
215466,26,24.5,205,86,"2021-09-20 22:14:30",A201,9653f952-2137-469f-a020-618fd5744ff7
215491,24,24.2,251,107,"2021-09-20 22:41:47",A203,9653f952-2137-469f-a020-618fd5744ff7
215492,28,24.5,208,86,"2021-09-20 22:42:55",A202,9653f952-2137-469f-a020-618fd5744ff7
215494,26,24.3,205,86,"2021-09-20 22:44:46",A201,9653f952-2137-469f-a020-618fd5744ff7
215519,24,24.1,250,107,"2021-09-20 23:12:04",A203,9653f952-2137-469f-a020-618fd5744ff7
215520,28,24.4,210,86,"2021-09-20 23:13:20",A202,9653f952-2137-469f-a020-618fd5744ff7
215522,26,24.2,204,86,"2021-09-20 23:15:04",A201,9653f952-2137-469f-a020-618fd5744ff7
215547,24,24,249,107,"2021-09-20 23:42:21",A203,9653f952-2137-469f-a020-618fd5744ff7
215548,28,24.3,210,86,"2021-09-20 23:43:45",A202,9653f952-2137-469f-a020-618fd5744ff7
215550,26,24.1,202,86,"2021-09-20 23:45:19",A201,9653f952-2137-469f-a020-618fd5744ff7
215575,24,23.9,249,107,"2021-09-21 00:12:36",A203,9653f952-2137-469f-a020-618fd5744ff7
215577,28,24.1,212,86,"2021-09-21 00:14:08",A202,9653f952-2137-469f-a020-618fd5744ff7
215578,26,24,204,86,"2021-09-21 00:15:38",A201,9653f952-2137-469f-a020-618fd5744ff7
215603,24,23.8,250,107,"2021-09-21 00:42:52",A203,9653f952-2137-469f-a020-618fd5744ff7
215605,28,24,212,86,"2021-09-21 00:44:31",A202,9653f952-2137-469f-a020-618fd5744ff7
215606,26,23.9,204,86,"2021-09-21 00:45:53",A201,9653f952-2137-469f-a020-618fd5744ff7
215631,24,23.7,249,107,"2021-09-21 01:13:08",A203,9653f952-2137-469f-a020-618fd5744ff7
215633,28,23.9,211,86,"2021-09-21 01:14:55",A202,9653f952-2137-469f-a020-618fd5744ff7
215634,26,23.8,204,86,"2021-09-21 01:16:10",A201,9653f952-2137-469f-a020-618fd5744ff7
215659,24,23.6,250,107,"2021-09-21 01:43:25",A203,9653f952-2137-469f-a020-618fd5744ff7
215661,28,23.8,209,86,"2021-09-21 01:45:20",A202,9653f952-2137-469f-a020-618fd5744ff7
215662,26,23.8,204,86,"2021-09-21 01:46:27",A201,9653f952-2137-469f-a020-618fd5744ff7
215686,24,23.6,249,107,"2021-09-21 02:13:41",A203,9653f952-2137-469f-a020-618fd5744ff7
215688,28,23.7,210,86,"2021-09-21 02:15:43",A202,9653f952-2137-469f-a020-618fd5744ff7
215713,24,23.5,249,107,"2021-09-21 02:43:56",A203,9653f952-2137-469f-a020-618fd5744ff7
215714,28,23.6,210,86,"2021-09-21 02:46:06",A202,9653f952-2137-469f-a020-618fd5744ff7
215739,24,23.4,245,107,"2021-09-21 03:14:11",A203,9653f952-2137-469f-a020-618fd5744ff7
215741,28,23.5,210,86,"2021-09-21 03:16:28",A202,9653f952-2137-469f-a020-618fd5744ff7
215742,26,23.5,200,86,"2021-09-21 03:17:20",A201,9653f952-2137-469f-a020-618fd5744ff7
215767,24,23.3,247,107,"2021-09-21 03:44:24",A203,9653f952-2137-469f-a020-618fd5744ff7
215769,28,23.3,212,86,"2021-09-21 03:46:51",A202,9653f952-2137-469f-a020-618fd5744ff7
215770,26,23.38,201,86,"2021-09-21 03:47:35",A201,9653f952-2137-469f-a020-618fd5744ff7
215795,24,23.2,247,107,"2021-09-21 04:14:38",A203,9653f952-2137-469f-a020-618fd5744ff7
215797,28,23.2,210,86,"2021-09-21 04:17:13",A202,9653f952-2137-469f-a020-618fd5744ff7
215821,24,23,247,107,"2021-09-21 04:44:54",A203,9653f952-2137-469f-a020-618fd5744ff7
215823,28,23,211,93,"2021-09-21 04:47:35",A202,9653f952-2137-469f-a020-618fd5744ff7
215848,24,22.9,247,107,"2021-09-21 05:15:10",A203,9653f952-2137-469f-a020-618fd5744ff7
215850,28,22.9,211,93,"2021-09-21 05:18:03",A202,9653f952-2137-469f-a020-618fd5744ff7
215851,26,23,201,93,"2021-09-21 05:18:24",A201,9653f952-2137-469f-a020-618fd5744ff7
215876,24,22.9,247,107,"2021-09-21 05:45:28",A203,9653f952-2137-469f-a020-618fd5744ff7
215878,28,22.9,211,93,"2021-09-21 05:48:29",A202,9653f952-2137-469f-a020-618fd5744ff7
215879,26,23,201,93,"2021-09-21 05:48:41",A201,9653f952-2137-469f-a020-618fd5744ff7
215905,24,22.8,248,107,"2021-09-21 06:15:51",A203,9653f952-2137-469f-a020-618fd5744ff7
215907,28,22.9,210,93,"2021-09-21 06:18:58",A202,9653f952-2137-469f-a020-618fd5744ff7
215908,26,23,201,93,"2021-09-21 06:19:00",A201,9653f952-2137-469f-a020-618fd5744ff7
215931,24,22.9,246,107,"2021-09-21 06:46:07",A203,9653f952-2137-469f-a020-618fd5744ff7
215933,26,23,200,100,"2021-09-21 06:49:20",A201,9653f952-2137-469f-a020-618fd5744ff7
215934,28,23,210,93,"2021-09-21 06:49:27",A202,9653f952-2137-469f-a020-618fd5744ff7
215957,24,22.9,246,107,"2021-09-21 07:16:31",A203,9653f952-2137-469f-a020-618fd5744ff7
215959,26,23.2,200,100,"2021-09-21 07:19:40",A201,9653f952-2137-469f-a020-618fd5744ff7
215960,28,23.2,209,100,"2021-09-21 07:19:58",A202,9653f952-2137-469f-a020-618fd5744ff7
215985,24,23.1,244,100,"2021-09-21 07:46:56",A203,9653f952-2137-469f-a020-618fd5744ff7
215987,26,23.4,199,100,"2021-09-21 07:50:03",A201,9653f952-2137-469f-a020-618fd5744ff7
215988,28,23.5,207,100,"2021-09-21 07:50:34",A202,9653f952-2137-469f-a020-618fd5744ff7
216012,24,23.4,246,100,"2021-09-21 08:17:22",A203,9653f952-2137-469f-a020-618fd5744ff7
216014,25,23.6,200,100,"2021-09-21 08:20:25",A201,9653f952-2137-469f-a020-618fd5744ff7
216015,28,23.9,207,100,"2021-09-21 08:21:08",A202,9653f952-2137-469f-a020-618fd5744ff7
216038,24,23.8,245,100,"2021-09-21 08:47:50",A203,9653f952-2137-469f-a020-618fd5744ff7
216040,25,23.9,198,100,"2021-09-21 08:50:47",A201,9653f952-2137-469f-a020-618fd5744ff7
216041,28,24.3,206,100,"2021-09-21 08:51:43",A202,9653f952-2137-469f-a020-618fd5744ff7
216064,24,24.2,245,100,"2021-09-21 09:18:18",A203,9653f952-2137-469f-a020-618fd5744ff7
216066,25,24.3,201,100,"2021-09-21 09:21:11",A201,9653f952-2137-469f-a020-618fd5744ff7
216067,28,24.9,207,100,"2021-09-21 09:22:24",A202,9653f952-2137-469f-a020-618fd5744ff7
216091,24,24.7,243,100,"2021-09-21 09:48:48",A203,9653f952-2137-469f-a020-618fd5744ff7
216093,25,24.8,200,100,"2021-09-21 09:51:34",A201,9653f952-2137-469f-a020-618fd5744ff7
216095,28,25.5,206,100,"2021-09-21 09:52:57",A202,9653f952-2137-469f-a020-618fd5744ff7
216117,24,25.2,244,100,"2021-09-21 10:19:19",A203,9653f952-2137-469f-a020-618fd5744ff7
216119,25,25.3,200,100,"2021-09-21 10:21:58",A201,9653f952-2137-469f-a020-618fd5744ff7
216122,28,26.3,206,100,"2021-09-21 10:23:33",A202,9653f952-2137-469f-a020-618fd5744ff7
216142,24,25.7,245,93,"2021-09-21 10:49:50",A203,9653f952-2137-469f-a020-618fd5744ff7
216144,25,25.9,201,100,"2021-09-21 10:52:22",A201,9653f952-2137-469f-a020-618fd5744ff7
216147,28,27,205,100,"2021-09-21 10:54:11",A202,9653f952-2137-469f-a020-618fd5744ff7
216169,24,26.2,245,93,"2021-09-21 11:20:22",A203,9653f952-2137-469f-a020-618fd5744ff7
216171,25,26.4,199,100,"2021-09-21 11:22:46",A201,9653f952-2137-469f-a020-618fd5744ff7
216174,27,27.8,207,100,"2021-09-21 11:24:49",A202,9653f952-2137-469f-a020-618fd5744ff7
216196,24,26.7,243,93,"2021-09-21 11:52:36",A203,9653f952-2137-469f-a020-618fd5744ff7
216197,25,27,201,100,"2021-09-21 11:53:11",A201,9653f952-2137-469f-a020-618fd5744ff7
216200,27,28.4,208,100,"2021-09-21 11:55:31",A202,9653f952-2137-469f-a020-618fd5744ff7
216222,24,27.2,244,93,"2021-09-21 12:22:56",A203,9653f952-2137-469f-a020-618fd5744ff7
216223,25,27.5,198,100,"2021-09-21 12:23:37",A201,9653f952-2137-469f-a020-618fd5744ff7
216226,27,29,205,100,"2021-09-21 12:26:12",A202,9653f952-2137-469f-a020-618fd5744ff7
216249,24,27.6,245,93,"2021-09-21 12:53:18",A203,9653f952-2137-469f-a020-618fd5744ff7
216250,25,27.9,201,100,"2021-09-21 12:54:02",A201,9653f952-2137-469f-a020-618fd5744ff7
216253,27,29.5,208,100,"2021-09-21 12:56:48",A202,9653f952-2137-469f-a020-618fd5744ff7
216275,24,27.9,246,93,"2021-09-21 13:23:42",A203,9653f952-2137-469f-a020-618fd5744ff7
216278,27,29.8,210,100,"2021-09-21 13:27:31",A202,9653f952-2137-469f-a020-618fd5744ff7
216302,24,28.2,246,93,"2021-09-21 13:54:04",A203,9653f952-2137-469f-a020-618fd5744ff7
216303,25,28.4,200,100,"2021-09-21 13:54:54",A201,9653f952-2137-469f-a020-618fd5744ff7
216306,27,30.1,208,100,"2021-09-21 13:58:10",A202,9653f952-2137-469f-a020-618fd5744ff7
216329,24,28.3,246,93,"2021-09-21 14:24:28",A203,9653f952-2137-469f-a020-618fd5744ff7
216332,27,30.2,209,93,"2021-09-21 14:28:52",A202,9653f952-2137-469f-a020-618fd5744ff7
216358,25,28.6,200,93,"2021-09-21 14:57:40",A201,9653f952-2137-469f-a020-618fd5744ff7
216359,27,30.3,208,86,"2021-09-21 14:59:33",A202,9653f952-2137-469f-a020-618fd5744ff7
216382,24,28.5,246,100,"2021-09-21 15:25:07",A203,9653f952-2137-469f-a020-618fd5744ff7
216385,25,28.6,198,86,"2021-09-21 15:28:01",A201,9653f952-2137-469f-a020-618fd5744ff7
216386,27,30.2,209,86,"2021-09-21 15:30:10",A202,9653f952-2137-469f-a020-618fd5744ff7
216408,24,28.4,248,100,"2021-09-21 15:55:23",A203,9653f952-2137-469f-a020-618fd5744ff7
216411,25,28.5,199,86,"2021-09-21 15:58:21",A201,9653f952-2137-469f-a020-618fd5744ff7
216412,27,30.1,209,86,"2021-09-21 16:00:47",A202,9653f952-2137-469f-a020-618fd5744ff7
216434,24,28.26,248,107,"2021-09-21 16:25:37",A203,9653f952-2137-469f-a020-618fd5744ff7
216437,25,28.3,199,86,"2021-09-21 16:28:38",A201,9653f952-2137-469f-a020-618fd5744ff7
216438,27,29.8,208,86,"2021-09-21 16:31:18",A202,9653f952-2137-469f-a020-618fd5744ff7
216462,24,28,247,107,"2021-09-21 16:55:47",A203,9653f952-2137-469f-a020-618fd5744ff7
216465,25,28.1,194,86,"2021-09-21 16:58:55",A201,9653f952-2137-469f-a020-618fd5744ff7
216466,27,29.6,209,86,"2021-09-21 17:01:50",A202,9653f952-2137-469f-a020-618fd5744ff7
216489,24,27.8,250,107,"2021-09-21 17:25:59",A203,9653f952-2137-469f-a020-618fd5744ff7
216492,25,27.9,197,86,"2021-09-21 17:29:13",A201,9653f952-2137-469f-a020-618fd5744ff7
216493,27,29.3,211,86,"2021-09-21 17:32:17",A202,9653f952-2137-469f-a020-618fd5744ff7
216516,24,27.5,249,107,"2021-09-21 17:56:07",A203,9653f952-2137-469f-a020-618fd5744ff7
216519,25,27.6,197,86,"2021-09-21 17:59:25",A201,9653f952-2137-469f-a020-618fd5744ff7
216521,27,28.9,212,86,"2021-09-21 18:02:47",A202,9653f952-2137-469f-a020-618fd5744ff7
216543,24,27.3,249,107,"2021-09-21 18:26:13",A203,9653f952-2137-469f-a020-618fd5744ff7
216546,25,27.3,193,86,"2021-09-21 18:29:41",A201,9653f952-2137-469f-a020-618fd5744ff7
216548,27,28.6,210,86,"2021-09-21 18:33:10",A202,9653f952-2137-469f-a020-618fd5744ff7
216569,24,27,247,107,"2021-09-21 18:56:20",A203,9653f952-2137-469f-a020-618fd5744ff7
216572,25,27.1,194,86,"2021-09-21 18:59:52",A201,9653f952-2137-469f-a020-618fd5744ff7
216574,27,28.3,204,86,"2021-09-21 19:03:36",A202,9653f952-2137-469f-a020-618fd5744ff7
216595,24,26.7,250,107,"2021-09-21 19:26:26",A203,9653f952-2137-469f-a020-618fd5744ff7
216599,25,26.8,194,86,"2021-09-21 19:30:06",A201,9653f952-2137-469f-a020-618fd5744ff7
216601,27,28,211,86,"2021-09-21 19:34:03",A202,9653f952-2137-469f-a020-618fd5744ff7
216621,24,26.4,247,107,"2021-09-21 19:56:32",A203,9653f952-2137-469f-a020-618fd5744ff7
216625,25,26.5,191,86,"2021-09-21 20:00:22",A201,9653f952-2137-469f-a020-618fd5744ff7
216627,27,27.7,211,86,"2021-09-21 20:04:27",A202,9653f952-2137-469f-a020-618fd5744ff7
216649,24,26.1,250,107,"2021-09-21 20:26:38",A203,9653f952-2137-469f-a020-618fd5744ff7
216653,25,26.3,194,86,"2021-09-21 20:30:34",A201,9653f952-2137-469f-a020-618fd5744ff7
216655,27,27.5,209,86,"2021-09-21 20:34:52",A202,9653f952-2137-469f-a020-618fd5744ff7
216675,24,25.9,247,107,"2021-09-21 20:56:46",A203,9653f952-2137-469f-a020-618fd5744ff7
216680,27,27.2,208,86,"2021-09-21 21:05:19",A202,9653f952-2137-469f-a020-618fd5744ff7
216700,24,25.7,250,107,"2021-09-21 21:26:51",A203,9653f952-2137-469f-a020-618fd5744ff7
216704,25,25.9,193,86,"2021-09-21 21:31:03",A201,9653f952-2137-469f-a020-618fd5744ff7
216706,27,27,210,86,"2021-09-21 21:35:41",A202,9653f952-2137-469f-a020-618fd5744ff7
216725,24,25.6,250,107,"2021-09-21 21:56:53",A203,9653f952-2137-469f-a020-618fd5744ff7
216730,25,25.7,191,86,"2021-09-21 22:01:15",A201,9653f952-2137-469f-a020-618fd5744ff7
216732,27,26.7,210,86,"2021-09-21 22:06:07",A202,9653f952-2137-469f-a020-618fd5744ff7
216752,24,25.4,248,107,"2021-09-21 22:26:58",A203,9653f952-2137-469f-a020-618fd5744ff7
216757,25,25.5,191,86,"2021-09-21 22:31:26",A201,9653f952-2137-469f-a020-618fd5744ff7
216759,27,26.5,206,86,"2021-09-21 22:36:29",A202,9653f952-2137-469f-a020-618fd5744ff7
216779,24,25.3,248,107,"2021-09-21 22:57:02",A203,9653f952-2137-469f-a020-618fd5744ff7
216784,25,25.3,192,86,"2021-09-21 23:01:41",A201,9653f952-2137-469f-a020-618fd5744ff7
216786,27,26.3,207,86,"2021-09-21 23:06:52",A202,9653f952-2137-469f-a020-618fd5744ff7
216805,24,25.1,245,107,"2021-09-21 23:27:05",A203,9653f952-2137-469f-a020-618fd5744ff7
216810,25,25.2,192,86,"2021-09-21 23:31:54",A201,9653f952-2137-469f-a020-618fd5744ff7
216812,27,26,208,86,"2021-09-21 23:37:15",A202,9653f952-2137-469f-a020-618fd5744ff7
216832,24,25,249,107,"2021-09-21 23:57:10",A203,9653f952-2137-469f-a020-618fd5744ff7
216837,25,25,192,86,"2021-09-22 00:02:06",A201,9653f952-2137-469f-a020-618fd5744ff7
216840,27,25.8,208,86,"2021-09-22 00:07:37",A202,9653f952-2137-469f-a020-618fd5744ff7
216859,24,24.8,248,107,"2021-09-22 00:27:12",A203,9653f952-2137-469f-a020-618fd5744ff7
216864,25,24.9,191,86,"2021-09-22 00:32:18",A201,9653f952-2137-469f-a020-618fd5744ff7
216867,27,25.6,209,86,"2021-09-22 00:38:00",A202,9653f952-2137-469f-a020-618fd5744ff7
216884,24,24.7,248,107,"2021-09-22 00:57:16",A203,9653f952-2137-469f-a020-618fd5744ff7
216889,25,24.7,191,86,"2021-09-22 01:02:32",A201,9653f952-2137-469f-a020-618fd5744ff7
216892,27,25.5,204,86,"2021-09-22 01:08:22",A202,9653f952-2137-469f-a020-618fd5744ff7
216911,24,24.5,247,107,"2021-09-22 01:27:20",A203,9653f952-2137-469f-a020-618fd5744ff7
216916,25,24.6,190,86,"2021-09-22 01:32:43",A201,9653f952-2137-469f-a020-618fd5744ff7
216919,27,25.3,205,86,"2021-09-22 01:38:49",A202,9653f952-2137-469f-a020-618fd5744ff7
216938,24,24.4,248,114,"2021-09-22 01:57:22",A203,9653f952-2137-469f-a020-618fd5744ff7
216943,25,24.4,191,86,"2021-09-22 02:02:55",A201,9653f952-2137-469f-a020-618fd5744ff7
216946,27,25.1,207,86,"2021-09-22 02:09:06",A202,9653f952-2137-469f-a020-618fd5744ff7
216965,24,24.3,246,114,"2021-09-22 02:27:26",A203,9653f952-2137-469f-a020-618fd5744ff7
216970,25,24.3,190,86,"2021-09-22 02:33:07",A201,9653f952-2137-469f-a020-618fd5744ff7
216973,27,24.9,207,86,"2021-09-22 02:39:27",A202,9653f952-2137-469f-a020-618fd5744ff7
216992,24,24.1,246,107,"2021-09-22 02:57:29",A203,9653f952-2137-469f-a020-618fd5744ff7
216998,25,24.1,189,86,"2021-09-22 03:03:20",A201,9653f952-2137-469f-a020-618fd5744ff7
217001,27,24.7,207,86,"2021-09-22 03:09:50",A202,9653f952-2137-469f-a020-618fd5744ff7
217017,24,24,247,107,"2021-09-22 03:27:30",A203,9653f952-2137-469f-a020-618fd5744ff7
217024,25,24,189,86,"2021-09-22 03:33:32",A201,9653f952-2137-469f-a020-618fd5744ff7
217027,27,24.6,205,86,"2021-09-22 03:40:12",A202,9653f952-2137-469f-a020-618fd5744ff7
217044,24,23.9,247,107,"2021-09-22 03:57:32",A203,9653f952-2137-469f-a020-618fd5744ff7
217050,25,23.9,188,86,"2021-09-22 04:03:46",A201,9653f952-2137-469f-a020-618fd5744ff7
217053,27,24.5,206,86,"2021-09-22 04:10:39",A202,9653f952-2137-469f-a020-618fd5744ff7
217070,24,23.8,248,107,"2021-09-22 04:27:36",A203,9653f952-2137-469f-a020-618fd5744ff7
217076,25,23.9,188,86,"2021-09-22 04:33:56",A201,9653f952-2137-469f-a020-618fd5744ff7
217079,27,24.3,206,86,"2021-09-22 04:40:58",A202,9653f952-2137-469f-a020-618fd5744ff7
217096,24,23.8,248,107,"2021-09-22 04:57:39",A203,9653f952-2137-469f-a020-618fd5744ff7
217103,25,23.8,189,86,"2021-09-22 05:04:09",A201,9653f952-2137-469f-a020-618fd5744ff7
217107,27,24.3,206,86,"2021-09-22 05:11:22",A202,9653f952-2137-469f-a020-618fd5744ff7
217123,24,23.7,247,107,"2021-09-22 05:27:43",A203,9653f952-2137-469f-a020-618fd5744ff7
217130,25,23.7,188,86,"2021-09-22 05:34:22",A201,9653f952-2137-469f-a020-618fd5744ff7
217134,27,24.2,206,86,"2021-09-22 05:41:46",A202,9653f952-2137-469f-a020-618fd5744ff7
217150,24,23.7,245,107,"2021-09-22 05:57:47",A203,9653f952-2137-469f-a020-618fd5744ff7
217157,25,23.7,189,86,"2021-09-22 06:04:36",A201,9653f952-2137-469f-a020-618fd5744ff7
217161,27,24.1,206,86,"2021-09-22 06:12:10",A202,9653f952-2137-469f-a020-618fd5744ff7
217177,24,23.6,247,107,"2021-09-22 06:27:52",A203,9653f952-2137-469f-a020-618fd5744ff7
217184,25,23.7,188,86,"2021-09-22 06:34:49",A201,9653f952-2137-469f-a020-618fd5744ff7
217187,27,24.1,205,86,"2021-09-22 06:42:34",A202,9653f952-2137-469f-a020-618fd5744ff7
217201,24,23.6,245,107,"2021-09-22 06:57:55",A203,9653f952-2137-469f-a020-618fd5744ff7
217208,25,23.7,189,86,"2021-09-22 07:05:01",A201,9653f952-2137-469f-a020-618fd5744ff7
217212,27,24,205,86,"2021-09-22 07:12:58",A202,9653f952-2137-469f-a020-618fd5744ff7
217226,24,23.6,245,107,"2021-09-22 07:27:59",A203,9653f952-2137-469f-a020-618fd5744ff7
217233,25,23.7,188,86,"2021-09-22 07:35:15",A201,9653f952-2137-469f-a020-618fd5744ff7
217237,27,24,205,86,"2021-09-22 07:43:22",A202,9653f952-2137-469f-a020-618fd5744ff7
217251,24,23.56,245,107,"2021-09-22 07:58:02",A203,9653f952-2137-469f-a020-618fd5744ff7
217257,25,23.6,187,86,"2021-09-22 08:05:27",A201,9653f952-2137-469f-a020-618fd5744ff7
217261,27,23.9,202,86,"2021-09-22 08:13:46",A202,9653f952-2137-469f-a020-618fd5744ff7
217274,24,23.5,245,107,"2021-09-22 08:28:06",A203,9653f952-2137-469f-a020-618fd5744ff7
217281,25,23.6,188,86,"2021-09-22 08:35:40",A201,9653f952-2137-469f-a020-618fd5744ff7
217285,27,23.9,202,86,"2021-09-22 08:44:10",A202,9653f952-2137-469f-a020-618fd5744ff7
217299,24,23.5,244,107,"2021-09-22 08:58:11",A203,9653f952-2137-469f-a020-618fd5744ff7
217306,25,23.6,188,93,"2021-09-22 09:05:54",A201,9653f952-2137-469f-a020-618fd5744ff7
217310,27,23.9,201,93,"2021-09-22 09:14:35",A202,9653f952-2137-469f-a020-618fd5744ff7
217323,24,23.5,245,107,"2021-09-22 09:28:18",A203,9653f952-2137-469f-a020-618fd5744ff7
217330,25,23.6,187,93,"2021-09-22 09:36:09",A201,9653f952-2137-469f-a020-618fd5744ff7
217335,27,23.9,199,93,"2021-09-22 09:45:02",A202,9653f952-2137-469f-a020-618fd5744ff7
217348,24,23.5,244,107,"2021-09-22 09:58:25",A203,9653f952-2137-469f-a020-618fd5744ff7
217357,25,23.7,187,93,"2021-09-22 10:06:23",A201,9653f952-2137-469f-a020-618fd5744ff7
217362,27,24,202,93,"2021-09-22 10:15:32",A202,9653f952-2137-469f-a020-618fd5744ff7
217375,24,23.6,243,107,"2021-09-22 10:28:34",A203,9653f952-2137-469f-a020-618fd5744ff7
217384,25,23.8,187,93,"2021-09-22 10:36:37",A201,9653f952-2137-469f-a020-618fd5744ff7
217389,27,24.2,201,93,"2021-09-22 10:46:00",A202,9653f952-2137-469f-a020-618fd5744ff7
217402,24,23.7,241,107,"2021-09-22 10:58:43",A203,9653f952-2137-469f-a020-618fd5744ff7
217410,25,24,187,93,"2021-09-22 11:06:53",A201,9653f952-2137-469f-a020-618fd5744ff7
217416,27,24.4,201,93,"2021-09-22 11:16:29",A202,9653f952-2137-469f-a020-618fd5744ff7
217429,24,23.8,245,107,"2021-09-22 11:28:53",A203,9653f952-2137-469f-a020-618fd5744ff7
217437,25,24.1,187,93,"2021-09-22 11:37:10",A201,9653f952-2137-469f-a020-618fd5744ff7
217444,27,24.6,204,93,"2021-09-22 11:46:59",A202,9653f952-2137-469f-a020-618fd5744ff7
217456,24,23.9,245,107,"2021-09-22 11:59:03",A203,9653f952-2137-469f-a020-618fd5744ff7
217464,25,24.2,186,93,"2021-09-22 12:07:25",A201,9653f952-2137-469f-a020-618fd5744ff7
217471,27,24.9,203,93,"2021-09-22 12:17:29",A202,9653f952-2137-469f-a020-618fd5744ff7
217484,24,24.1,244,100,"2021-09-22 12:29:16",A203,9653f952-2137-469f-a020-618fd5744ff7
217492,25,24.3,186,93,"2021-09-22 12:37:44",A201,9653f952-2137-469f-a020-618fd5744ff7
217498,27,25.2,199,93,"2021-09-22 12:48:07",A202,9653f952-2137-469f-a020-618fd5744ff7
217511,24,24.3,244,107,"2021-09-22 12:59:32",A203,9653f952-2137-469f-a020-618fd5744ff7
217519,25,24.6,185,93,"2021-09-22 13:08:06",A201,9653f952-2137-469f-a020-618fd5744ff7
217526,27,25.5,202,93,"2021-09-22 13:18:40",A202,9653f952-2137-469f-a020-618fd5744ff7
217540,24,24.6,242,100,"2021-09-22 13:29:45",A203,9653f952-2137-469f-a020-618fd5744ff7
217548,25,24.8,184,93,"2021-09-22 13:38:18",A201,9653f952-2137-469f-a020-618fd5744ff7
217556,27,25.8,201,93,"2021-09-22 13:49:12",A202,9653f952-2137-469f-a020-618fd5744ff7
217571,24,24.8,243,100,"2021-09-22 14:00:01",A203,9653f952-2137-469f-a020-618fd5744ff7
217578,25,25,185,93,"2021-09-22 14:08:36",A201,9653f952-2137-469f-a020-618fd5744ff7
217586,27,26.1,203,86,"2021-09-22 14:19:47",A202,9653f952-2137-469f-a020-618fd5744ff7
217601,24,25,245,100,"2021-09-22 14:30:17",A203,9653f952-2137-469f-a020-618fd5744ff7
217608,25,25.2,184,86,"2021-09-22 14:38:54",A201,9653f952-2137-469f-a020-618fd5744ff7
217617,27,26.3,202,86,"2021-09-22 14:50:20",A202,9653f952-2137-469f-a020-618fd5744ff7
217631,24,25.2,245,107,"2021-09-22 15:00:28",A203,9653f952-2137-469f-a020-618fd5744ff7
217638,25,25.3,183,86,"2021-09-22 15:09:10",A201,9653f952-2137-469f-a020-618fd5744ff7
217647,27,26.3,201,86,"2021-09-22 15:20:50",A202,9653f952-2137-469f-a020-618fd5744ff7
217660,24,25.3,246,107,"2021-09-22 15:30:41",A203,9653f952-2137-469f-a020-618fd5744ff7
217668,25,25.3,184,86,"2021-09-22 15:39:25",A201,9653f952-2137-469f-a020-618fd5744ff7
217677,27,26.3,202,86,"2021-09-22 15:51:17",A202,9653f952-2137-469f-a020-618fd5744ff7
217690,24,25.22,246,107,"2021-09-22 16:00:46",A203,9653f952-2137-469f-a020-618fd5744ff7
217699,25,25.2,184,86,"2021-09-22 16:09:40",A201,9653f952-2137-469f-a020-618fd5744ff7
217708,27,26.1,201,86,"2021-09-22 16:21:43",A202,9653f952-2137-469f-a020-618fd5744ff7
217721,24,25.2,247,107,"2021-09-22 16:30:53",A203,9653f952-2137-469f-a020-618fd5744ff7
217729,25,25,183,86,"2021-09-22 16:39:54",A201,9653f952-2137-469f-a020-618fd5744ff7
217739,27,26,203,86,"2021-09-22 16:52:08",A202,9653f952-2137-469f-a020-618fd5744ff7
217752,24,25,246,107,"2021-09-22 17:00:58",A203,9653f952-2137-469f-a020-618fd5744ff7
217760,25,24.9,183,86,"2021-09-22 17:10:08",A201,9653f952-2137-469f-a020-618fd5744ff7
217770,27,25.8,203,86,"2021-09-22 17:22:32",A202,9653f952-2137-469f-a020-618fd5744ff7
217782,24,24.9,246,107,"2021-09-22 17:31:03",A203,9653f952-2137-469f-a020-618fd5744ff7
217790,25,24.7,182,86,"2021-09-22 17:40:21",A201,9653f952-2137-469f-a020-618fd5744ff7
217800,27,25.6,202,86,"2021-09-22 17:52:56",A202,9653f952-2137-469f-a020-618fd5744ff7
217813,24,24.8,246,107,"2021-09-22 18:01:09",A203,9653f952-2137-469f-a020-618fd5744ff7
217821,25,24.6,182,86,"2021-09-22 18:10:33",A201,9653f952-2137-469f-a020-618fd5744ff7
217831,27,25.4,201,86,"2021-09-22 18:23:23",A202,9653f952-2137-469f-a020-618fd5744ff7
217844,24,24.6,246,107,"2021-09-22 18:31:13",A203,9653f952-2137-469f-a020-618fd5744ff7
217853,25,24.5,182,86,"2021-09-22 18:40:48",A201,9653f952-2137-469f-a020-618fd5744ff7
217863,27,25.3,203,86,"2021-09-22 18:53:45",A202,9653f952-2137-469f-a020-618fd5744ff7
217876,24,24.5,248,107,"2021-09-22 19:01:18",A203,9653f952-2137-469f-a020-618fd5744ff7
217885,25,24.3,180,86,"2021-09-22 19:11:01",A201,9653f952-2137-469f-a020-618fd5744ff7
217894,27,25.1,201,86,"2021-09-22 19:24:11",A202,9653f952-2137-469f-a020-618fd5744ff7
217907,24,24.4,246,107,"2021-09-22 19:31:23",A203,9653f952-2137-469f-a020-618fd5744ff7
217917,25,24.2,181,86,"2021-09-22 19:41:14",A201,9653f952-2137-469f-a020-618fd5744ff7
217927,27,25,203,86,"2021-09-22 19:54:34",A202,9653f952-2137-469f-a020-618fd5744ff7
217938,24,24.3,245,107,"2021-09-22 20:01:27",A203,9653f952-2137-469f-a020-618fd5744ff7
217948,24,24.1,180,86,"2021-09-22 20:11:27",A201,9653f952-2137-469f-a020-618fd5744ff7
217957,27,24.8,201,86,"2021-09-22 20:24:58",A202,9653f952-2137-469f-a020-618fd5744ff7
217967,24,24.2,246,107,"2021-09-22 20:31:31",A203,9653f952-2137-469f-a020-618fd5744ff7
217978,24,24,181,86,"2021-09-22 20:41:41",A201,9653f952-2137-469f-a020-618fd5744ff7
217988,27,24.7,199,86,"2021-09-22 20:55:23",A202,9653f952-2137-469f-a020-618fd5744ff7
217998,24,24.1,247,107,"2021-09-22 21:01:38",A203,9653f952-2137-469f-a020-618fd5744ff7
218009,24,23.9,180,86,"2021-09-22 21:11:54",A201,9653f952-2137-469f-a020-618fd5744ff7
218020,27,24.6,199,86,"2021-09-22 21:26:51",A202,9653f952-2137-469f-a020-618fd5744ff7
218028,24,24,245,107,"2021-09-22 21:31:42",A203,9653f952-2137-469f-a020-618fd5744ff7
218040,25,23.9,180,86,"2021-09-22 21:42:07",A201,9653f952-2137-469f-a020-618fd5744ff7
218051,27,24.5,199,86,"2021-09-22 21:57:16",A202,9653f952-2137-469f-a020-618fd5744ff7
218059,24,23.9,246,107,"2021-09-22 22:01:46",A203,9653f952-2137-469f-a020-618fd5744ff7
218071,24,23.8,178,86,"2021-09-22 22:12:19",A201,9653f952-2137-469f-a020-618fd5744ff7
218082,27,24.3,200,86,"2021-09-22 22:27:42",A202,9653f952-2137-469f-a020-618fd5744ff7
218090,24,23.8,247,107,"2021-09-22 22:31:50",A203,9653f952-2137-469f-a020-618fd5744ff7
218102,24,23.7,177,86,"2021-09-22 22:42:33",A201,9653f952-2137-469f-a020-618fd5744ff7
218113,27,24.2,198,86,"2021-09-22 22:58:07",A202,9653f952-2137-469f-a020-618fd5744ff7
218121,24,23.7,246,107,"2021-09-22 23:01:54",A203,9653f952-2137-469f-a020-618fd5744ff7
218133,24,23.6,180,86,"2021-09-22 23:12:46",A201,9653f952-2137-469f-a020-618fd5744ff7
218145,27,24.1,201,86,"2021-09-22 23:28:32",A202,9653f952-2137-469f-a020-618fd5744ff7
218153,24,23.7,247,107,"2021-09-22 23:31:57",A203,9653f952-2137-469f-a020-618fd5744ff7
218165,24,23.5,178,86,"2021-09-22 23:42:57",A201,9653f952-2137-469f-a020-618fd5744ff7
218177,27,24,202,86,"2021-09-22 23:58:56",A202,9653f952-2137-469f-a020-618fd5744ff7
218196,24,23.4,179,86,"2021-09-23 00:13:10",A201,9653f952-2137-469f-a020-618fd5744ff7
218208,27,23.9,201,86,"2021-09-23 00:29:21",A202,9653f952-2137-469f-a020-618fd5744ff7
218214,24,23.5,243,107,"2021-09-23 00:32:02",A203,9653f952-2137-469f-a020-618fd5744ff7
218226,24,23.4,179,86,"2021-09-23 00:43:21",A201,9653f952-2137-469f-a020-618fd5744ff7
218240,27,23.8,201,86,"2021-09-23 00:59:46",A202,9653f952-2137-469f-a020-618fd5744ff7
218245,24,23.4,246,107,"2021-09-23 01:02:05",A203,9653f952-2137-469f-a020-618fd5744ff7
218257,24,23.3,178,86,"2021-09-23 01:13:34",A201,9653f952-2137-469f-a020-618fd5744ff7
218272,27,23.7,200,86,"2021-09-23 01:30:10",A202,9653f952-2137-469f-a020-618fd5744ff7
218276,24,23.3,247,107,"2021-09-23 01:32:08",A203,9653f952-2137-469f-a020-618fd5744ff7
218288,24,23.2,178,86,"2021-09-23 01:43:47",A201,9653f952-2137-469f-a020-618fd5744ff7
218304,27,23.6,200,86,"2021-09-23 02:00:36",A202,9653f952-2137-469f-a020-618fd5744ff7
218308,24,23.3,247,107,"2021-09-23 02:02:13",A203,9653f952-2137-469f-a020-618fd5744ff7
218320,24,23.1,178,86,"2021-09-23 02:13:59",A201,9653f952-2137-469f-a020-618fd5744ff7
218336,27,23.5,197,86,"2021-09-23 02:31:01",A202,9653f952-2137-469f-a020-618fd5744ff7
218340,24,23.2,246,107,"2021-09-23 02:32:14",A203,9653f952-2137-469f-a020-618fd5744ff7
218352,24,23.1,177,86,"2021-09-23 02:44:12",A201,9653f952-2137-469f-a020-618fd5744ff7
218368,24,23.1,247,107,"2021-09-23 03:02:17",A203,9653f952-2137-469f-a020-618fd5744ff7
218380,24,23,176,86,"2021-09-23 03:14:25",A201,9653f952-2137-469f-a020-618fd5744ff7
218396,27,23.3,197,86,"2021-09-23 03:31:51",A202,9653f952-2137-469f-a020-618fd5744ff7
218398,24,23,246,107,"2021-09-23 03:32:20",A203,9653f952-2137-469f-a020-618fd5744ff7
218411,24,22.9,175,86,"2021-09-23 03:44:36",A201,9653f952-2137-469f-a020-618fd5744ff7
218428,27,23.2,199,86,"2021-09-23 04:02:16",A202,9653f952-2137-469f-a020-618fd5744ff7
218429,24,23,246,107,"2021-09-23 04:02:24",A203,9653f952-2137-469f-a020-618fd5744ff7
218442,24,22.9,175,86,"2021-09-23 04:14:50",A201,9653f952-2137-469f-a020-618fd5744ff7
218458,24,22.9,246,107,"2021-09-23 04:32:28",A203,9653f952-2137-469f-a020-618fd5744ff7
218460,27,23.2,200,86,"2021-09-23 04:32:41",A202,9653f952-2137-469f-a020-618fd5744ff7
218472,25,22.8,175,93,"2021-09-23 04:45:01",A201,9653f952-2137-469f-a020-618fd5744ff7
218489,24,22.9,245,107,"2021-09-23 05:02:34",A203,9653f952-2137-469f-a020-618fd5744ff7
218491,27,23.1,199,93,"2021-09-23 05:03:12",A202,9653f952-2137-469f-a020-618fd5744ff7
218503,25,22.8,176,93,"2021-09-23 05:15:17",A201,9653f952-2137-469f-a020-618fd5744ff7
218519,24,22.8,245,107,"2021-09-23 05:32:41",A203,9653f952-2137-469f-a020-618fd5744ff7
218522,27,23.1,199,93,"2021-09-23 05:33:41",A202,9653f952-2137-469f-a020-618fd5744ff7
218534,25,22.8,176,93,"2021-09-23 05:45:32",A201,9653f952-2137-469f-a020-618fd5744ff7
218548,24,22.8,244,107,"2021-09-23 06:02:51",A203,9653f952-2137-469f-a020-618fd5744ff7
218551,27,23.1,199,93,"2021-09-23 06:04:12",A202,9653f952-2137-469f-a020-618fd5744ff7
218563,25,22.8,174,93,"2021-09-23 06:15:47",A201,9653f952-2137-469f-a020-618fd5744ff7
218577,24,22.8,244,107,"2021-09-23 06:33:00",A203,9653f952-2137-469f-a020-618fd5744ff7
218580,27,23.2,197,93,"2021-09-23 06:34:43",A202,9653f952-2137-469f-a020-618fd5744ff7
218593,25,22.8,175,93,"2021-09-23 06:46:01",A201,9653f952-2137-469f-a020-618fd5744ff7
218606,24,22.98,245,107,"2021-09-23 07:03:10",A203,9653f952-2137-469f-a020-618fd5744ff7
218611,27,23.4,198,93,"2021-09-23 07:05:16",A202,9653f952-2137-469f-a020-618fd5744ff7
218623,25,22.9,175,93,"2021-09-23 07:16:21",A201,9653f952-2137-469f-a020-618fd5744ff7
218636,24,23.1,244,107,"2021-09-23 07:33:23",A203,9653f952-2137-469f-a020-618fd5744ff7
218641,27,23.6,198,93,"2021-09-23 07:35:52",A202,9653f952-2137-469f-a020-618fd5744ff7
218654,25,23,175,100,"2021-09-23 07:46:38",A201,9653f952-2137-469f-a020-618fd5744ff7
218666,24,23.4,243,107,"2021-09-23 08:03:37",A203,9653f952-2137-469f-a020-618fd5744ff7
218672,27,23.9,193,100,"2021-09-23 08:06:31",A202,9653f952-2137-469f-a020-618fd5744ff7
218685,25,23.2,174,100,"2021-09-23 08:16:56",A201,9653f952-2137-469f-a020-618fd5744ff7
218697,24,23.7,243,107,"2021-09-23 08:33:50",A203,9653f952-2137-469f-a020-618fd5744ff7
218703,27,24.4,195,100,"2021-09-23 08:37:03",A202,9653f952-2137-469f-a020-618fd5744ff7
218714,25,23.4,174,100,"2021-09-23 08:47:15",A201,9653f952-2137-469f-a020-618fd5744ff7
218726,24,24.1,241,100,"2021-09-23 09:04:04",A203,9653f952-2137-469f-a020-618fd5744ff7
218733,27,24.9,198,93,"2021-09-23 09:07:36",A202,9653f952-2137-469f-a020-618fd5744ff7
218745,25,23.5,173,100,"2021-09-23 09:17:32",A201,9653f952-2137-469f-a020-618fd5744ff7
218757,24,24.5,243,100,"2021-09-23 09:34:19",A203,9653f952-2137-469f-a020-618fd5744ff7
218764,29,25.4,216,93,"2021-09-23 09:38:07",A202,9653f952-2137-469f-a020-618fd5744ff7
218775,25,23.7,173,100,"2021-09-23 09:47:53",A201,9653f952-2137-469f-a020-618fd5744ff7
218787,24,25,239,100,"2021-09-23 10:04:35",A203,9653f952-2137-469f-a020-618fd5744ff7
218794,29,25.9,220,100,"2021-09-23 10:08:44",A202,9653f952-2137-469f-a020-618fd5744ff7
218817,24,25.4,242,100,"2021-09-23 10:34:51",A203,9653f952-2137-469f-a020-618fd5744ff7
218823,29,26.4,220,100,"2021-09-23 10:39:19",A202,9653f952-2137-469f-a020-618fd5744ff7
218832,25,24,172,100,"2021-09-23 10:48:32",A201,9653f952-2137-469f-a020-618fd5744ff7
218846,24,25.9,242,100,"2021-09-23 11:05:08",A203,9653f952-2137-469f-a020-618fd5744ff7
218853,29,26.8,222,100,"2021-09-23 11:09:57",A202,9653f952-2137-469f-a020-618fd5744ff7
218875,24,26.28,243,100,"2021-09-23 11:35:27",A203,9653f952-2137-469f-a020-618fd5744ff7
218882,29,27.2,219,100,"2021-09-23 11:40:35",A202,9653f952-2137-469f-a020-618fd5744ff7
218905,24,26.6,246,100,"2021-09-23 12:05:47",A203,9653f952-2137-469f-a020-618fd5744ff7
218913,29,27.5,216,100,"2021-09-23 12:11:13",A202,9653f952-2137-469f-a020-618fd5744ff7
218936,24,26.9,243,100,"2021-09-23 12:36:05",A203,9653f952-2137-469f-a020-618fd5744ff7
218944,29,27.8,216,100,"2021-09-23 12:41:53",A202,9653f952-2137-469f-a020-618fd5744ff7
218952,24,24.9,168,93,"2021-09-23 12:49:53",A201,9653f952-2137-469f-a020-618fd5744ff7
218966,24,27.2,243,107,"2021-09-23 13:06:20",A203,9653f952-2137-469f-a020-618fd5744ff7
218973,29,28,219,93,"2021-09-23 13:12:26",A202,9653f952-2137-469f-a020-618fd5744ff7
218981,24,25,170,93,"2021-09-23 13:20:10",A201,9653f952-2137-469f-a020-618fd5744ff7
218995,24,27.4,246,107,"2021-09-23 13:36:26",A203,9653f952-2137-469f-a020-618fd5744ff7
219002,29,27.9,217,93,"2021-09-23 13:42:56",A202,9653f952-2137-469f-a020-618fd5744ff7
219009,24,25.1,169,93,"2021-09-23 13:50:25",A201,9653f952-2137-469f-a020-618fd5744ff7
219024,24,27.3,247,107,"2021-09-23 14:08:23",A203,9653f952-2137-469f-a020-618fd5744ff7
219032,29,27.6,217,86,"2021-09-23 14:13:25",A202,9653f952-2137-469f-a020-618fd5744ff7
219039,24,25.2,170,93,"2021-09-23 14:20:39",A201,9653f952-2137-469f-a020-618fd5744ff7
219056,24,27.2,249,107,"2021-09-23 14:38:47",A203,9653f952-2137-469f-a020-618fd5744ff7
219063,29,27.3,221,86,"2021-09-23 14:43:55",A202,9653f952-2137-469f-a020-618fd5744ff7
219069,25,25.3,203,86,"2021-09-23 14:50:55",A201,9653f952-2137-469f-a020-618fd5744ff7
219085,24,27.1,249,107,"2021-09-23 15:09:10",A203,9653f952-2137-469f-a020-618fd5744ff7
219093,29,27.1,221,86,"2021-09-23 15:14:26",A202,9653f952-2137-469f-a020-618fd5744ff7
219099,25,25.3,220,86,"2021-09-23 15:21:10",A201,9653f952-2137-469f-a020-618fd5744ff7
219115,24,26.9,248,107,"2021-09-23 15:39:34",A203,9653f952-2137-469f-a020-618fd5744ff7
219123,29,26.9,219,86,"2021-09-23 15:44:55",A202,9653f952-2137-469f-a020-618fd5744ff7
219129,26,25.3,219,86,"2021-09-23 15:51:26",A201,9653f952-2137-469f-a020-618fd5744ff7
219145,24,26.7,247,107,"2021-09-23 16:09:56",A203,9653f952-2137-469f-a020-618fd5744ff7
219153,29,26.7,214,86,"2021-09-23 16:15:24",A202,9653f952-2137-469f-a020-618fd5744ff7
219158,26,25.3,219,86,"2021-09-23 16:21:38",A201,9653f952-2137-469f-a020-618fd5744ff7
219176,24,26.5,249,107,"2021-09-23 16:40:19",A203,9653f952-2137-469f-a020-618fd5744ff7
219184,29,26.4,218,86,"2021-09-23 16:45:53",A202,9653f952-2137-469f-a020-618fd5744ff7
219193,26,25.3,216,86,"2021-09-23 16:53:53",A201,9653f952-2137-469f-a020-618fd5744ff7
219207,24,26.3,250,107,"2021-09-23 17:10:41",A203,9653f952-2137-469f-a020-618fd5744ff7
219215,29,26.2,218,86,"2021-09-23 17:16:23",A202,9653f952-2137-469f-a020-618fd5744ff7
219224,26,25.3,216,86,"2021-09-23 17:24:17",A201,9653f952-2137-469f-a020-618fd5744ff7
219238,24,26.1,247,107,"2021-09-23 17:41:01",A203,9653f952-2137-469f-a020-618fd5744ff7
219246,29,26,218,86,"2021-09-23 17:46:52",A202,9653f952-2137-469f-a020-618fd5744ff7
219254,26,25.2,214,86,"2021-09-23 17:54:44",A201,9653f952-2137-469f-a020-618fd5744ff7
219273,29,25.8,215,86,"2021-09-23 18:17:21",A202,9653f952-2137-469f-a020-618fd5744ff7
219281,26,25.2,212,86,"2021-09-23 18:25:02",A201,9653f952-2137-469f-a020-618fd5744ff7
219299,29,25.5,218,86,"2021-09-23 18:47:47",A202,9653f952-2137-469f-a020-618fd5744ff7
219309,26,25.1,211,86,"2021-09-23 18:55:26",A201,9653f952-2137-469f-a020-618fd5744ff7
219328,29,25.3,217,86,"2021-09-23 19:18:17",A202,9653f952-2137-469f-a020-618fd5744ff7
219337,26,25,209,86,"2021-09-23 19:25:48",A201,9653f952-2137-469f-a020-618fd5744ff7
219356,29,25.1,216,86,"2021-09-23 19:48:41",A202,9653f952-2137-469f-a020-618fd5744ff7
219383,29,24.9,215,86,"2021-09-23 20:19:07",A202,9653f952-2137-469f-a020-618fd5744ff7
219392,26,24.9,205,86,"2021-09-23 20:26:32",A201,9653f952-2137-469f-a020-618fd5744ff7
219410,29,24.7,214,86,"2021-09-23 20:49:34",A202,9653f952-2137-469f-a020-618fd5744ff7
219418,26,24.8,207,86,"2021-09-23 20:56:56",A201,9653f952-2137-469f-a020-618fd5744ff7
219436,29,24.5,216,86,"2021-09-23 21:20:00",A202,9653f952-2137-469f-a020-618fd5744ff7
219443,26,24.7,206,86,"2021-09-23 21:27:21",A201,9653f952-2137-469f-a020-618fd5744ff7
219463,29,24.3,216,86,"2021-09-23 21:50:26",A202,9653f952-2137-469f-a020-618fd5744ff7
219471,26,24.6,204,86,"2021-09-23 21:57:37",A201,9653f952-2137-469f-a020-618fd5744ff7
219490,29,24.1,214,86,"2021-09-23 22:20:51",A202,9653f952-2137-469f-a020-618fd5744ff7
219499,26,24.5,199,86,"2021-09-23 22:27:59",A201,9653f952-2137-469f-a020-618fd5744ff7
219518,29,23.9,212,86,"2021-09-23 22:51:14",A202,9653f952-2137-469f-a020-618fd5744ff7
219527,26,24.4,203,86,"2021-09-23 22:58:19",A201,9653f952-2137-469f-a020-618fd5744ff7
219546,29,23.8,216,86,"2021-09-23 23:21:39",A202,9653f952-2137-469f-a020-618fd5744ff7
219554,26,24.3,203,86,"2021-09-23 23:28:41",A201,9653f952-2137-469f-a020-618fd5744ff7
219574,29,23.6,214,86,"2021-09-23 23:52:05",A202,9653f952-2137-469f-a020-618fd5744ff7
219582,26,24.2,202,86,"2021-09-23 23:59:01",A201,9653f952-2137-469f-a020-618fd5744ff7
219601,29,23.4,215,86,"2021-09-24 00:22:27",A202,9653f952-2137-469f-a020-618fd5744ff7
219608,26,24.1,197,86,"2021-09-24 00:29:24",A201,9653f952-2137-469f-a020-618fd5744ff7
219625,29,23.2,214,86,"2021-09-24 00:52:52",A202,9653f952-2137-469f-a020-618fd5744ff7
219631,26,24,200,86,"2021-09-24 00:59:43",A201,9653f952-2137-469f-a020-618fd5744ff7
219651,29,23.1,213,86,"2021-09-24 01:23:17",A202,9653f952-2137-469f-a020-618fd5744ff7
219657,25,23.9,198,86,"2021-09-24 01:30:05",A201,9653f952-2137-469f-a020-618fd5744ff7
219678,29,22.9,214,86,"2021-09-24 01:53:42",A202,9653f952-2137-469f-a020-618fd5744ff7
219684,26,23.8,197,86,"2021-09-24 02:00:24",A201,9653f952-2137-469f-a020-618fd5744ff7
219705,29,22.8,213,86,"2021-09-24 02:24:03",A202,9653f952-2137-469f-a020-618fd5744ff7
219711,26,23.7,198,86,"2021-09-24 02:30:45",A201,9653f952-2137-469f-a020-618fd5744ff7
219732,29,22.6,213,86,"2021-09-24 02:54:26",A202,9653f952-2137-469f-a020-618fd5744ff7
219738,25,23.6,196,86,"2021-09-24 03:01:05",A201,9653f952-2137-469f-a020-618fd5744ff7
219759,29,22.5,213,86,"2021-09-24 03:24:50",A202,9653f952-2137-469f-a020-618fd5744ff7
219765,25,23.5,196,86,"2021-09-24 03:31:25",A201,9653f952-2137-469f-a020-618fd5744ff7
219785,29,22.4,213,86,"2021-09-24 03:55:14",A202,9653f952-2137-469f-a020-618fd5744ff7
219791,25,23.4,196,86,"2021-09-24 04:01:45",A201,9653f952-2137-469f-a020-618fd5744ff7
219812,29,22.3,213,86,"2021-09-24 04:25:39",A202,9653f952-2137-469f-a020-618fd5744ff7
219818,25,23.3,196,86,"2021-09-24 04:32:06",A201,9653f952-2137-469f-a020-618fd5744ff7
219839,29,22.3,213,86,"2021-09-24 04:56:02",A202,9653f952-2137-469f-a020-618fd5744ff7
219845,25,23.2,196,86,"2021-09-24 05:02:27",A201,9653f952-2137-469f-a020-618fd5744ff7
219866,29,22.2,211,93,"2021-09-24 05:26:26",A202,9653f952-2137-469f-a020-618fd5744ff7
219872,25,23.1,195,93,"2021-09-24 05:32:50",A201,9653f952-2137-469f-a020-618fd5744ff7
219894,29,22.2,209,93,"2021-09-24 05:56:54",A202,9653f952-2137-469f-a020-618fd5744ff7
219899,25,23.1,193,93,"2021-09-24 06:03:14",A201,9653f952-2137-469f-a020-618fd5744ff7
219921,29,22.3,209,93,"2021-09-24 06:27:23",A202,9653f952-2137-469f-a020-618fd5744ff7
219927,25,23,194,93,"2021-09-24 06:33:39",A201,9653f952-2137-469f-a020-618fd5744ff7
219947,29,22.5,209,93,"2021-09-24 06:57:54",A202,9653f952-2137-469f-a020-618fd5744ff7
219952,25,23,193,93,"2021-09-24 07:04:01",A201,9653f952-2137-469f-a020-618fd5744ff7
219979,25,23,193,93,"2021-09-24 07:34:25",A201,9653f952-2137-469f-a020-618fd5744ff7
220001,29,23,210,93,"2021-09-24 07:59:01",A202,9653f952-2137-469f-a020-618fd5744ff7
220007,25,23,192,100,"2021-09-24 08:04:51",A201,9653f952-2137-469f-a020-618fd5744ff7
220032,25,23.1,192,100,"2021-09-24 08:35:16",A201,9653f952-2137-469f-a020-618fd5744ff7
220054,29,23.8,206,93,"2021-09-24 09:00:11",A202,9653f952-2137-469f-a020-618fd5744ff7
220059,25,23.2,192,100,"2021-09-24 09:05:43",A201,9653f952-2137-469f-a020-618fd5744ff7
220081,25,23.3,191,100,"2021-09-24 09:36:12",A201,9653f952-2137-469f-a020-618fd5744ff7
220105,29,24.6,209,100,"2021-09-24 10:01:24",A202,9653f952-2137-469f-a020-618fd5744ff7
220110,25,23.5,190,100,"2021-09-24 10:06:38",A201,9653f952-2137-469f-a020-618fd5744ff7
220134,29,25,208,100,"2021-09-24 10:31:58",A202,9653f952-2137-469f-a020-618fd5744ff7
220138,25,23.7,188,100,"2021-09-24 10:37:06",A201,9653f952-2137-469f-a020-618fd5744ff7
220162,29,25.2,203,93,"2021-09-24 11:02:30",A202,9653f952-2137-469f-a020-618fd5744ff7
220166,25,23.8,189,93,"2021-09-24 11:07:31",A201,9653f952-2137-469f-a020-618fd5744ff7
220189,29,25.3,206,86,"2021-09-24 11:32:59",A202,9653f952-2137-469f-a020-618fd5744ff7
220192,25,23.9,191,93,"2021-09-24 11:37:52",A201,9653f952-2137-469f-a020-618fd5744ff7
220217,29,25.1,206,86,"2021-09-24 12:03:25",A202,9653f952-2137-469f-a020-618fd5744ff7
220220,25,24,190,86,"2021-09-24 12:08:14",A201,9653f952-2137-469f-a020-618fd5744ff7
220245,29,24.9,207,86,"2021-09-24 12:33:53",A202,9653f952-2137-469f-a020-618fd5744ff7
220248,25,24.1,190,93,"2021-09-24 12:38:36",A201,9653f952-2137-469f-a020-618fd5744ff7
220271,29,24.7,209,93,"2021-09-24 13:04:20",A202,9653f952-2137-469f-a020-618fd5744ff7
220275,25,24.1,190,93,"2021-09-24 13:08:59",A201,9653f952-2137-469f-a020-618fd5744ff7
220299,29,24.6,208,86,"2021-09-24 13:34:48",A202,9653f952-2137-469f-a020-618fd5744ff7
220303,25,24.1,190,86,"2021-09-24 13:39:22",A201,9653f952-2137-469f-a020-618fd5744ff7
220324,29,24.5,209,86,"2021-09-24 14:05:16",A202,9653f952-2137-469f-a020-618fd5744ff7
220328,25,24.1,189,86,"2021-09-24 14:09:45",A201,9653f952-2137-469f-a020-618fd5744ff7
220351,29,24.4,210,86,"2021-09-24 14:35:42",A202,9653f952-2137-469f-a020-618fd5744ff7
220375,29,24.3,210,86,"2021-09-24 15:06:09",A202,9653f952-2137-469f-a020-618fd5744ff7
220379,25,24.1,189,86,"2021-09-24 15:10:30",A201,9653f952-2137-469f-a020-618fd5744ff7
220398,29,24.1,209,86,"2021-09-24 15:36:37",A202,9653f952-2137-469f-a020-618fd5744ff7
220402,25,24.1,189,86,"2021-09-24 15:40:53",A201,9653f952-2137-469f-a020-618fd5744ff7
220424,29,24,208,86,"2021-09-24 16:07:04",A202,9653f952-2137-469f-a020-618fd5744ff7
220428,25,24,187,86,"2021-09-24 16:11:16",A201,9653f952-2137-469f-a020-618fd5744ff7
220449,29,23.8,210,86,"2021-09-24 16:37:32",A202,9653f952-2137-469f-a020-618fd5744ff7
220454,25,24,188,86,"2021-09-24 16:41:38",A201,9653f952-2137-469f-a020-618fd5744ff7
220474,29,23.7,210,86,"2021-09-24 17:07:56",A202,9653f952-2137-469f-a020-618fd5744ff7
220479,25,23.9,189,86,"2021-09-24 17:11:59",A201,9653f952-2137-469f-a020-618fd5744ff7
220497,29,23.5,209,86,"2021-09-24 17:38:22",A202,9653f952-2137-469f-a020-618fd5744ff7
220502,25,23.9,188,86,"2021-09-24 17:42:22",A201,9653f952-2137-469f-a020-618fd5744ff7
220521,29,23.3,210,86,"2021-09-24 18:08:47",A202,9653f952-2137-469f-a020-618fd5744ff7
220527,25,23.8,187,86,"2021-09-24 18:12:44",A201,9653f952-2137-469f-a020-618fd5744ff7
220546,29,23.2,210,86,"2021-09-24 18:39:15",A202,9653f952-2137-469f-a020-618fd5744ff7
220552,25,23.7,189,86,"2021-09-24 18:43:05",A201,9653f952-2137-469f-a020-618fd5744ff7
220572,29,23.1,208,86,"2021-09-24 19:09:38",A202,9653f952-2137-469f-a020-618fd5744ff7
220577,25,23.62,190,86,"2021-09-24 19:13:27",A201,9653f952-2137-469f-a020-618fd5744ff7
220597,29,23,207,86,"2021-09-24 19:40:06",A202,9653f952-2137-469f-a020-618fd5744ff7
220602,25,23.6,189,86,"2021-09-24 19:43:49",A201,9653f952-2137-469f-a020-618fd5744ff7
220622,29,22.9,207,86,"2021-09-24 20:10:31",A202,9653f952-2137-469f-a020-618fd5744ff7
220627,25,23.5,190,86,"2021-09-24 20:14:11",A201,9653f952-2137-469f-a020-618fd5744ff7
220648,29,22.8,207,86,"2021-09-24 20:40:57",A202,9653f952-2137-469f-a020-618fd5744ff7
220653,25,23.4,190,86,"2021-09-24 20:44:32",A201,9653f952-2137-469f-a020-618fd5744ff7
220674,29,22.7,206,86,"2021-09-24 21:11:23",A202,9653f952-2137-469f-a020-618fd5744ff7
220679,25,23.4,189,86,"2021-09-24 21:14:54",A201,9653f952-2137-469f-a020-618fd5744ff7
220699,29,22.64,209,86,"2021-09-24 21:41:50",A202,9653f952-2137-469f-a020-618fd5744ff7
220704,25,23.3,188,86,"2021-09-24 21:45:16",A201,9653f952-2137-469f-a020-618fd5744ff7
220724,29,22.6,208,86,"2021-09-24 22:12:17",A202,9653f952-2137-469f-a020-618fd5744ff7
220729,25,23.3,189,86,"2021-09-24 22:15:36",A201,9653f952-2137-469f-a020-618fd5744ff7
220750,29,22.5,209,86,"2021-09-24 22:42:40",A202,9653f952-2137-469f-a020-618fd5744ff7
220772,29,22.4,209,86,"2021-09-24 23:13:04",A202,9653f952-2137-469f-a020-618fd5744ff7
220777,25,23.2,187,86,"2021-09-24 23:16:19",A201,9653f952-2137-469f-a020-618fd5744ff7
220797,29,22.3,208,86,"2021-09-24 23:43:30",A202,9653f952-2137-469f-a020-618fd5744ff7
220802,25,23.1,188,86,"2021-09-24 23:46:39",A201,9653f952-2137-469f-a020-618fd5744ff7
220823,29,22.3,208,86,"2021-09-25 00:14:58",A202,9653f952-2137-469f-a020-618fd5744ff7
220827,25,23,187,86,"2021-09-25 00:17:00",A201,9653f952-2137-469f-a020-618fd5744ff7
220848,29,22.2,208,86,"2021-09-25 00:45:24",A202,9653f952-2137-469f-a020-618fd5744ff7
220852,25,23,188,86,"2021-09-25 00:47:22",A201,9653f952-2137-469f-a020-618fd5744ff7
220874,29,22.1,208,86,"2021-09-25 01:15:48",A202,9653f952-2137-469f-a020-618fd5744ff7
220878,25,22.9,187,86,"2021-09-25 01:17:42",A201,9653f952-2137-469f-a020-618fd5744ff7
220899,29,22.08,208,86,"2021-09-25 01:46:13",A202,9653f952-2137-469f-a020-618fd5744ff7
220903,25,22.9,187,86,"2021-09-25 01:48:03",A201,9653f952-2137-469f-a020-618fd5744ff7
220924,29,21.9,207,86,"2021-09-25 02:16:38",A202,9653f952-2137-469f-a020-618fd5744ff7
220928,25,22.8,187,86,"2021-09-25 02:18:24",A201,9653f952-2137-469f-a020-618fd5744ff7
220949,29,21.8,205,86,"2021-09-25 02:47:02",A202,9653f952-2137-469f-a020-618fd5744ff7
220953,25,22.7,188,86,"2021-09-25 02:48:45",A201,9653f952-2137-469f-a020-618fd5744ff7
220973,29,21.7,205,86,"2021-09-25 03:17:27",A202,9653f952-2137-469f-a020-618fd5744ff7
220977,25,22.7,186,86,"2021-09-25 03:19:08",A201,9653f952-2137-469f-a020-618fd5744ff7
220998,29,21.6,205,86,"2021-09-25 03:47:50",A202,9653f952-2137-469f-a020-618fd5744ff7
221023,29,21.5,207,86,"2021-09-25 04:18:14",A202,9653f952-2137-469f-a020-618fd5744ff7
221027,25,22.5,188,86,"2021-09-25 04:19:47",A201,9653f952-2137-469f-a020-618fd5744ff7
221048,29,21.4,207,93,"2021-09-25 04:48:38",A202,9653f952-2137-469f-a020-618fd5744ff7
221052,25,22.4,188,93,"2021-09-25 04:50:05",A201,9653f952-2137-469f-a020-618fd5744ff7
221076,29,21.3,207,93,"2021-09-25 05:19:06",A202,9653f952-2137-469f-a020-618fd5744ff7
221078,25,22.4,188,93,"2021-09-25 05:20:30",A201,9653f952-2137-469f-a020-618fd5744ff7
221100,29,21.3,206,93,"2021-09-25 05:49:38",A202,9653f952-2137-469f-a020-618fd5744ff7
221102,25,22.3,186,93,"2021-09-25 05:50:50",A201,9653f952-2137-469f-a020-618fd5744ff7
221126,29,21.5,206,93,"2021-09-25 06:20:09",A202,9653f952-2137-469f-a020-618fd5744ff7
221128,25,22.3,186,93,"2021-09-25 06:21:14",A201,9653f952-2137-469f-a020-618fd5744ff7
221149,29,21.7,206,93,"2021-09-25 06:50:43",A202,9653f952-2137-469f-a020-618fd5744ff7
221151,25,22.2,185,100,"2021-09-25 06:51:39",A201,9653f952-2137-469f-a020-618fd5744ff7
221173,29,22,205,100,"2021-09-25 07:21:18",A202,9653f952-2137-469f-a020-618fd5744ff7
221174,25,22.2,185,100,"2021-09-25 07:22:06",A201,9653f952-2137-469f-a020-618fd5744ff7
221198,29,22.3,199,100,"2021-09-25 07:51:58",A202,9653f952-2137-469f-a020-618fd5744ff7
221199,25,22.3,184,100,"2021-09-25 07:52:32",A201,9653f952-2137-469f-a020-618fd5744ff7
221223,29,22.8,202,93,"2021-09-25 08:22:34",A202,9653f952-2137-469f-a020-618fd5744ff7
221224,25,22.4,185,100,"2021-09-25 08:23:01",A201,9653f952-2137-469f-a020-618fd5744ff7
221248,29,23.3,204,100,"2021-09-25 08:53:15",A202,9653f952-2137-469f-a020-618fd5744ff7
221249,25,22.5,186,100,"2021-09-25 08:53:27",A201,9653f952-2137-469f-a020-618fd5744ff7
221272,29,23.7,201,100,"2021-09-25 09:23:49",A202,9653f952-2137-469f-a020-618fd5744ff7
221273,25,22.6,187,100,"2021-09-25 09:23:54",A201,9653f952-2137-469f-a020-618fd5744ff7
221298,25,22.8,186,100,"2021-09-25 09:54:22",A201,9653f952-2137-469f-a020-618fd5744ff7
221299,28,24.3,200,100,"2021-09-25 09:54:26",A202,9653f952-2137-469f-a020-618fd5744ff7
221323,25,23,185,100,"2021-09-25 10:24:49",A201,9653f952-2137-469f-a020-618fd5744ff7
221324,28,24.9,203,100,"2021-09-25 10:25:03",A202,9653f952-2137-469f-a020-618fd5744ff7
221348,25,23.3,185,100,"2021-09-25 10:55:19",A201,9653f952-2137-469f-a020-618fd5744ff7
221349,28,25.4,202,100,"2021-09-25 10:55:41",A202,9653f952-2137-469f-a020-618fd5744ff7
221374,25,23.5,187,100,"2021-09-25 11:25:43",A201,9653f952-2137-469f-a020-618fd5744ff7
221375,28,25.8,202,93,"2021-09-25 11:26:16",A202,9653f952-2137-469f-a020-618fd5744ff7
221399,25,23.7,187,86,"2021-09-25 11:56:07",A201,9653f952-2137-469f-a020-618fd5744ff7
221400,28,25.9,204,86,"2021-09-25 11:56:46",A202,9653f952-2137-469f-a020-618fd5744ff7
221424,25,23.9,187,93,"2021-09-25 12:26:31",A201,9653f952-2137-469f-a020-618fd5744ff7
221425,28,25.7,204,93,"2021-09-25 12:27:16",A202,9653f952-2137-469f-a020-618fd5744ff7
221448,25,24,187,100,"2021-09-25 12:56:54",A201,9653f952-2137-469f-a020-618fd5744ff7
221450,28,25.6,204,100,"2021-09-25 12:57:49",A202,9653f952-2137-469f-a020-618fd5744ff7
221472,25,24.1,187,100,"2021-09-25 13:27:18",A201,9653f952-2137-469f-a020-618fd5744ff7
221474,28,25.4,202,93,"2021-09-25 13:28:19",A202,9653f952-2137-469f-a020-618fd5744ff7
221498,25,24.1,187,100,"2021-09-25 13:57:42",A201,9653f952-2137-469f-a020-618fd5744ff7
221502,28,25.3,204,93,"2021-09-25 13:58:51",A202,9653f952-2137-469f-a020-618fd5744ff7
221525,25,24.2,187,93,"2021-09-25 14:28:04",A201,9653f952-2137-469f-a020-618fd5744ff7
221529,28,25.2,204,86,"2021-09-25 14:29:20",A202,9653f952-2137-469f-a020-618fd5744ff7
221550,25,24.2,187,86,"2021-09-25 14:58:28",A201,9653f952-2137-469f-a020-618fd5744ff7
221554,28,25,204,86,"2021-09-25 14:59:53",A202,9653f952-2137-469f-a020-618fd5744ff7
221576,25,24.2,188,86,"2021-09-25 15:28:49",A201,9653f952-2137-469f-a020-618fd5744ff7
221579,28,24.82,203,86,"2021-09-25 15:30:17",A202,9653f952-2137-469f-a020-618fd5744ff7
221600,25,24.2,186,86,"2021-09-25 15:59:13",A201,9653f952-2137-469f-a020-618fd5744ff7
221623,25,24.1,188,86,"2021-09-25 16:29:40",A201,9653f952-2137-469f-a020-618fd5744ff7
221626,28,24.5,205,86,"2021-09-25 16:31:11",A202,9653f952-2137-469f-a020-618fd5744ff7
221649,25,24.1,187,86,"2021-09-25 16:59:57",A201,9653f952-2137-469f-a020-618fd5744ff7
221652,28,24.3,204,86,"2021-09-25 17:01:38",A202,9653f952-2137-469f-a020-618fd5744ff7
221675,28,24.1,204,86,"2021-09-25 17:32:06",A202,9653f952-2137-469f-a020-618fd5744ff7
221697,28,23.9,202,86,"2021-09-25 18:02:33",A202,9653f952-2137-469f-a020-618fd5744ff7
221718,28,23.8,202,86,"2021-09-25 18:33:01",A202,9653f952-2137-469f-a020-618fd5744ff7
221738,28,23.6,205,86,"2021-09-25 19:03:27",A202,9653f952-2137-469f-a020-618fd5744ff7
221760,28,23.5,203,86,"2021-09-25 19:33:54",A202,9653f952-2137-469f-a020-618fd5744ff7
221779,28,23.4,203,86,"2021-09-25 20:04:19",A202,9653f952-2137-469f-a020-618fd5744ff7
221801,28,23.3,203,86,"2021-09-25 20:34:49",A202,9653f952-2137-469f-a020-618fd5744ff7
221822,28,23.1,200,86,"2021-09-25 21:05:13",A202,9653f952-2137-469f-a020-618fd5744ff7
221843,28,23,199,86,"2021-09-25 21:35:38",A202,9653f952-2137-469f-a020-618fd5744ff7
221865,28,22.9,196,86,"2021-09-25 22:06:08",A202,9653f952-2137-469f-a020-618fd5744ff7
221887,28,22.7,202,86,"2021-09-25 22:36:29",A202,9653f952-2137-469f-a020-618fd5744ff7
221910,28,22.6,202,86,"2021-09-25 23:06:53",A202,9653f952-2137-469f-a020-618fd5744ff7
221933,28,22.5,202,86,"2021-09-25 23:37:18",A202,9653f952-2137-469f-a020-618fd5744ff7
221956,28,22.3,201,86,"2021-09-26 00:07:44",A202,9653f952-2137-469f-a020-618fd5744ff7
221977,28,22.2,200,86,"2021-09-26 00:38:05",A202,9653f952-2137-469f-a020-618fd5744ff7
222000,28,22.06,197,86,"2021-09-26 01:08:29",A202,9653f952-2137-469f-a020-618fd5744ff7
222022,28,21.9,196,86,"2021-09-26 01:38:53",A202,9653f952-2137-469f-a020-618fd5744ff7
222045,28,21.8,199,86,"2021-09-26 02:09:16",A202,9653f952-2137-469f-a020-618fd5744ff7
222068,28,21.7,201,86,"2021-09-26 02:39:41",A202,9653f952-2137-469f-a020-618fd5744ff7
222091,28,21.6,201,86,"2021-09-26 03:10:03",A202,9653f952-2137-469f-a020-618fd5744ff7
222133,28,21.4,201,86,"2021-09-26 04:10:53",A202,9653f952-2137-469f-a020-618fd5744ff7
222174,28,21.3,194,93,"2021-09-26 05:11:42",A202,9653f952-2137-469f-a020-618fd5744ff7
222197,29,21.3,198,93,"2021-09-26 05:42:11",A202,9653f952-2137-469f-a020-618fd5744ff7
222264,28,21.9,197,100,"2021-09-26 07:13:50",A202,9653f952-2137-469f-a020-618fd5744ff7
222289,28,22.2,196,100,"2021-09-26 07:44:28",A202,9653f952-2137-469f-a020-618fd5744ff7
222313,28,22.6,196,100,"2021-09-26 08:15:04",A202,9653f952-2137-469f-a020-618fd5744ff7
222339,28,23.2,191,100,"2021-09-26 08:45:42",A202,9653f952-2137-469f-a020-618fd5744ff7
222364,28,23.8,194,100,"2021-09-26 09:16:19",A202,9653f952-2137-469f-a020-618fd5744ff7
222389,28,24.4,194,100,"2021-09-26 09:46:57",A202,9653f952-2137-469f-a020-618fd5744ff7
222391,25,22.8,185,100,"2021-09-26 09:49:16",A201,9653f952-2137-469f-a020-618fd5744ff7
222414,28,25.1,188,100,"2021-09-26 10:17:34",A202,9653f952-2137-469f-a020-618fd5744ff7
222417,25,23,184,100,"2021-09-26 10:21:35",A201,9653f952-2137-469f-a020-618fd5744ff7
222419,31,24.2,351,100,"2021-09-26 10:24:02",A203,9653f952-2137-469f-a020-618fd5744ff7
222442,28,25.8,194,100,"2021-09-26 10:48:12",A202,9653f952-2137-469f-a020-618fd5744ff7
222445,25,23.3,185,100,"2021-09-26 10:51:59",A201,9653f952-2137-469f-a020-618fd5744ff7
222447,31,24.6,348,100,"2021-09-26 10:56:06",A203,9653f952-2137-469f-a020-618fd5744ff7
222471,28,26.5,190,100,"2021-09-26 11:18:49",A202,9653f952-2137-469f-a020-618fd5744ff7
222474,25,23.6,185,100,"2021-09-26 11:22:21",A201,9653f952-2137-469f-a020-618fd5744ff7
222476,31,25,344,100,"2021-09-26 11:26:28",A203,9653f952-2137-469f-a020-618fd5744ff7
222499,28,27.1,191,100,"2021-09-26 11:49:27",A202,9653f952-2137-469f-a020-618fd5744ff7
222502,25,23.9,186,100,"2021-09-26 11:52:46",A201,9653f952-2137-469f-a020-618fd5744ff7
222504,30,25.3,348,100,"2021-09-26 11:56:53",A203,9653f952-2137-469f-a020-618fd5744ff7
222529,28,27.5,191,100,"2021-09-26 12:20:07",A202,9653f952-2137-469f-a020-618fd5744ff7
222532,25,24.2,186,100,"2021-09-26 12:23:08",A201,9653f952-2137-469f-a020-618fd5744ff7
222535,30,25.5,348,107,"2021-09-26 12:27:13",A203,9653f952-2137-469f-a020-618fd5744ff7
222560,28,27.7,192,86,"2021-09-26 12:50:42",A202,9653f952-2137-469f-a020-618fd5744ff7
222562,25,24.5,185,93,"2021-09-26 12:53:31",A201,9653f952-2137-469f-a020-618fd5744ff7
222564,30,25.5,343,107,"2021-09-26 12:57:31",A203,9653f952-2137-469f-a020-618fd5744ff7
222587,31,28,264,86,"2021-09-26 13:21:12",A202,9653f952-2137-469f-a020-618fd5744ff7
222589,25,24.7,184,86,"2021-09-26 13:23:50",A201,9653f952-2137-469f-a020-618fd5744ff7
222592,30,25.5,347,107,"2021-09-26 13:27:49",A203,9653f952-2137-469f-a020-618fd5744ff7
222618,30,27.5,245,86,"2021-09-26 13:51:42",A202,9653f952-2137-469f-a020-618fd5744ff7
222620,25,24.9,186,86,"2021-09-26 13:54:10",A201,9653f952-2137-469f-a020-618fd5744ff7
222623,30,25.22,345,107,"2021-09-26 13:58:02",A203,9653f952-2137-469f-a020-618fd5744ff7
222647,30,27,236,86,"2021-09-26 14:22:12",A202,9653f952-2137-469f-a020-618fd5744ff7
222649,25,25,186,86,"2021-09-26 14:24:28",A201,9653f952-2137-469f-a020-618fd5744ff7
222652,30,25,345,107,"2021-09-26 14:28:15",A203,9653f952-2137-469f-a020-618fd5744ff7
222676,30,26.5,235,86,"2021-09-26 14:52:38",A202,9653f952-2137-469f-a020-618fd5744ff7
222678,25,25,186,86,"2021-09-26 14:54:45",A201,9653f952-2137-469f-a020-618fd5744ff7
222681,30,24.7,345,107,"2021-09-26 14:58:30",A203,9653f952-2137-469f-a020-618fd5744ff7
222706,30,26.2,233,86,"2021-09-26 15:23:08",A202,9653f952-2137-469f-a020-618fd5744ff7
222708,25,25,186,86,"2021-09-26 15:25:02",A201,9653f952-2137-469f-a020-618fd5744ff7
222711,30,24.5,346,107,"2021-09-26 15:28:44",A203,9653f952-2137-469f-a020-618fd5744ff7
222737,25,25,186,86,"2021-09-26 15:55:22",A201,9653f952-2137-469f-a020-618fd5744ff7
222740,30,24.3,347,107,"2021-09-26 15:58:54",A203,9653f952-2137-469f-a020-618fd5744ff7
222765,30,25.6,229,86,"2021-09-26 16:24:02",A202,9653f952-2137-469f-a020-618fd5744ff7
222766,25,24.9,185,86,"2021-09-26 16:25:37",A201,9653f952-2137-469f-a020-618fd5744ff7
222769,30,24.1,344,107,"2021-09-26 16:29:05",A203,9653f952-2137-469f-a020-618fd5744ff7
222795,25,24.9,186,86,"2021-09-26 16:55:54",A201,9653f952-2137-469f-a020-618fd5744ff7
222798,30,23.9,342,107,"2021-09-26 16:59:15",A203,9653f952-2137-469f-a020-618fd5744ff7
222824,25,24.8,184,86,"2021-09-26 17:26:11",A201,9653f952-2137-469f-a020-618fd5744ff7
222828,30,23.6,342,107,"2021-09-26 17:29:27",A203,9653f952-2137-469f-a020-618fd5744ff7
222852,25,24.7,186,86,"2021-09-26 17:56:30",A201,9653f952-2137-469f-a020-618fd5744ff7
222857,30,23.5,342,107,"2021-09-26 17:59:38",A203,9653f952-2137-469f-a020-618fd5744ff7
222881,30,24.5,224,86,"2021-09-26 18:25:46",A202,9653f952-2137-469f-a020-618fd5744ff7
222882,25,24.6,185,86,"2021-09-26 18:26:44",A201,9653f952-2137-469f-a020-618fd5744ff7
222886,30,23.3,342,107,"2021-09-26 18:29:48",A203,9653f952-2137-469f-a020-618fd5744ff7
222912,30,24.3,225,86,"2021-09-26 18:56:11",A202,9653f952-2137-469f-a020-618fd5744ff7
222913,25,24.5,186,86,"2021-09-26 18:57:01",A201,9653f952-2137-469f-a020-618fd5744ff7
222918,30,23.1,338,107,"2021-09-26 18:59:58",A203,9653f952-2137-469f-a020-618fd5744ff7
222945,29,24.1,225,86,"2021-09-26 19:26:37",A202,9653f952-2137-469f-a020-618fd5744ff7
222946,25,24.4,187,86,"2021-09-26 19:27:20",A201,9653f952-2137-469f-a020-618fd5744ff7
222949,29,23,342,107,"2021-09-26 19:30:11",A203,9653f952-2137-469f-a020-618fd5744ff7
222977,30,23.9,221,86,"2021-09-26 19:57:02",A202,9653f952-2137-469f-a020-618fd5744ff7
222978,25,24.3,186,86,"2021-09-26 19:57:33",A201,9653f952-2137-469f-a020-618fd5744ff7
222981,29,22.8,338,107,"2021-09-26 20:00:19",A203,9653f952-2137-469f-a020-618fd5744ff7
223008,30,23.7,218,86,"2021-09-26 20:27:29",A202,9653f952-2137-469f-a020-618fd5744ff7
223009,25,24.2,186,86,"2021-09-26 20:27:48",A201,9653f952-2137-469f-a020-618fd5744ff7
223012,29,22.7,337,114,"2021-09-26 20:30:32",A203,9653f952-2137-469f-a020-618fd5744ff7
223038,25,24.1,186,86,"2021-09-26 20:58:05",A201,9653f952-2137-469f-a020-618fd5744ff7
223041,29,22.6,339,107,"2021-09-26 21:00:37",A203,9653f952-2137-469f-a020-618fd5744ff7
223068,30,23.3,221,86,"2021-09-26 21:28:16",A202,9653f952-2137-469f-a020-618fd5744ff7
223069,25,24,186,86,"2021-09-26 21:28:22",A201,9653f952-2137-469f-a020-618fd5744ff7
223072,29,22.4,338,114,"2021-09-26 21:30:49",A203,9653f952-2137-469f-a020-618fd5744ff7
223099,25,23.9,185,86,"2021-09-26 21:58:37",A201,9653f952-2137-469f-a020-618fd5744ff7
223102,29,22.3,336,114,"2021-09-26 22:00:55",A203,9653f952-2137-469f-a020-618fd5744ff7
223128,25,23.8,185,86,"2021-09-26 22:28:51",A201,9653f952-2137-469f-a020-618fd5744ff7
223131,29,22.2,338,114,"2021-09-26 22:31:05",A203,9653f952-2137-469f-a020-618fd5744ff7
223158,25,23.7,185,86,"2021-09-26 22:59:07",A201,9653f952-2137-469f-a020-618fd5744ff7
223159,29,22.8,220,86,"2021-09-26 22:59:26",A202,9653f952-2137-469f-a020-618fd5744ff7
223162,29,22.1,337,114,"2021-09-26 23:01:13",A203,9653f952-2137-469f-a020-618fd5744ff7
223190,25,23.5,184,86,"2021-09-26 23:29:21",A201,9653f952-2137-469f-a020-618fd5744ff7
223191,30,22.6,219,86,"2021-09-26 23:29:49",A202,9653f952-2137-469f-a020-618fd5744ff7
223194,29,21.9,336,114,"2021-09-26 23:31:21",A203,9653f952-2137-469f-a020-618fd5744ff7
223220,25,23.4,183,86,"2021-09-26 23:59:36",A201,9653f952-2137-469f-a020-618fd5744ff7
223221,30,22.42,218,86,"2021-09-27 00:00:12",A202,9653f952-2137-469f-a020-618fd5744ff7
223223,29,21.8,335,114,"2021-09-27 00:01:29",A203,9653f952-2137-469f-a020-618fd5744ff7
223251,25,23.3,185,86,"2021-09-27 00:29:52",A201,9653f952-2137-469f-a020-618fd5744ff7
223252,30,22.3,213,86,"2021-09-27 00:30:35",A202,9653f952-2137-469f-a020-618fd5744ff7
223254,29,21.7,331,114,"2021-09-27 00:31:36",A203,9653f952-2137-469f-a020-618fd5744ff7
223280,25,23.2,184,86,"2021-09-27 01:00:07",A201,9653f952-2137-469f-a020-618fd5744ff7
223281,30,22.1,218,86,"2021-09-27 01:00:58",A202,9653f952-2137-469f-a020-618fd5744ff7
223282,29,21.6,334,114,"2021-09-27 01:01:44",A203,9653f952-2137-469f-a020-618fd5744ff7
223310,25,23.1,184,86,"2021-09-27 01:30:21",A201,9653f952-2137-469f-a020-618fd5744ff7
223311,29,21.5,335,114,"2021-09-27 01:31:51",A203,9653f952-2137-469f-a020-618fd5744ff7
223341,25,23,185,86,"2021-09-27 02:00:35",A201,9653f952-2137-469f-a020-618fd5744ff7
223342,29,21.3,334,114,"2021-09-27 02:02:00",A203,9653f952-2137-469f-a020-618fd5744ff7
223369,25,22.9,185,86,"2021-09-27 02:30:50",A201,9653f952-2137-469f-a020-618fd5744ff7
223371,29,21.2,335,114,"2021-09-27 02:32:05",A203,9653f952-2137-469f-a020-618fd5744ff7
223372,30,21.7,217,86,"2021-09-27 02:32:06",A202,9653f952-2137-469f-a020-618fd5744ff7
223399,25,22.8,184,86,"2021-09-27 03:01:05",A201,9653f952-2137-469f-a020-618fd5744ff7
223401,29,21.1,335,114,"2021-09-27 03:02:11",A203,9653f952-2137-469f-a020-618fd5744ff7
223403,30,21.6,214,86,"2021-09-27 03:03:30",A202,9653f952-2137-469f-a020-618fd5744ff7
223429,25,22.7,184,86,"2021-09-27 03:31:20",A201,9653f952-2137-469f-a020-618fd5744ff7
223431,29,21,330,114,"2021-09-27 03:32:19",A203,9653f952-2137-469f-a020-618fd5744ff7
223433,30,21.4,216,86,"2021-09-27 03:33:56",A202,9653f952-2137-469f-a020-618fd5744ff7
223459,25,22.6,184,86,"2021-09-27 04:01:33",A201,9653f952-2137-469f-a020-618fd5744ff7
223461,29,21,332,114,"2021-09-27 04:02:26",A203,9653f952-2137-469f-a020-618fd5744ff7
223464,30,21.3,213,86,"2021-09-27 04:04:21",A202,9653f952-2137-469f-a020-618fd5744ff7
223488,25,22.5,184,86,"2021-09-27 04:31:47",A201,9653f952-2137-469f-a020-618fd5744ff7
223490,29,20.9,331,114,"2021-09-27 04:32:33",A203,9653f952-2137-469f-a020-618fd5744ff7
223494,30,21.2,213,86,"2021-09-27 04:34:49",A202,9653f952-2137-469f-a020-618fd5744ff7
223518,25,22.4,185,86,"2021-09-27 05:02:02",A201,9653f952-2137-469f-a020-618fd5744ff7
223520,29,20.9,333,107,"2021-09-27 05:02:41",A203,9653f952-2137-469f-a020-618fd5744ff7
223525,30,21.2,214,86,"2021-09-27 05:05:15",A202,9653f952-2137-469f-a020-618fd5744ff7
223547,25,22.3,185,93,"2021-09-27 05:32:19",A201,9653f952-2137-469f-a020-618fd5744ff7
223550,29,20.8,333,107,"2021-09-27 05:32:50",A203,9653f952-2137-469f-a020-618fd5744ff7
223555,30,21.2,214,93,"2021-09-27 05:35:43",A202,9653f952-2137-469f-a020-618fd5744ff7
223578,25,22.3,184,93,"2021-09-27 06:02:36",A201,9653f952-2137-469f-a020-618fd5744ff7
223581,29,20.9,331,107,"2021-09-27 06:03:03",A203,9653f952-2137-469f-a020-618fd5744ff7
223586,30,21.2,214,93,"2021-09-27 06:06:17",A202,9653f952-2137-469f-a020-618fd5744ff7
223609,25,22.2,184,93,"2021-09-27 06:32:55",A201,9653f952-2137-469f-a020-618fd5744ff7
223610,29,21,331,107,"2021-09-27 06:33:18",A203,9653f952-2137-469f-a020-618fd5744ff7
223617,29,21.5,214,93,"2021-09-27 06:36:54",A202,9653f952-2137-469f-a020-618fd5744ff7
223637,25,22.2,184,93,"2021-09-27 07:03:15",A201,9653f952-2137-469f-a020-618fd5744ff7
223639,29,21.2,330,107,"2021-09-27 07:03:34",A203,9653f952-2137-469f-a020-618fd5744ff7
223646,29,21.8,211,93,"2021-09-27 07:07:28",A202,9653f952-2137-469f-a020-618fd5744ff7
223667,25,22.3,184,100,"2021-09-27 07:33:37",A201,9653f952-2137-469f-a020-618fd5744ff7
223669,29,21.5,328,107,"2021-09-27 07:33:54",A203,9653f952-2137-469f-a020-618fd5744ff7
223676,29,22.1,205,93,"2021-09-27 07:38:07",A202,9653f952-2137-469f-a020-618fd5744ff7
223697,25,22.4,183,100,"2021-09-27 08:03:59",A201,9653f952-2137-469f-a020-618fd5744ff7
223698,29,21.8,327,100,"2021-09-27 08:04:15",A203,9653f952-2137-469f-a020-618fd5744ff7
223706,29,22.5,208,100,"2021-09-27 08:08:49",A202,9653f952-2137-469f-a020-618fd5744ff7
223728,25,22.5,181,100,"2021-09-27 08:34:22",A201,9653f952-2137-469f-a020-618fd5744ff7
223729,29,22.2,329,100,"2021-09-27 08:34:36",A203,9653f952-2137-469f-a020-618fd5744ff7
223737,29,23,206,100,"2021-09-27 08:39:29",A202,9653f952-2137-469f-a020-618fd5744ff7
223754,25,22.7,185,100,"2021-09-27 09:04:43",A201,9653f952-2137-469f-a020-618fd5744ff7
223756,29,22.6,328,100,"2021-09-27 09:04:59",A203,9653f952-2137-469f-a020-618fd5744ff7
223764,29,23.6,209,100,"2021-09-27 09:10:11",A202,9653f952-2137-469f-a020-618fd5744ff7
223784,25,23,209,100,"2021-09-27 09:35:03",A201,9653f952-2137-469f-a020-618fd5744ff7
223785,29,23.1,328,100,"2021-09-27 09:35:22",A203,9653f952-2137-469f-a020-618fd5744ff7
223794,29,24.2,208,100,"2021-09-27 09:40:53",A202,9653f952-2137-469f-a020-618fd5744ff7
223812,25,23.2,223,100,"2021-09-27 10:05:25",A201,9653f952-2137-469f-a020-618fd5744ff7
223814,29,23.5,326,100,"2021-09-27 10:05:44",A203,9653f952-2137-469f-a020-618fd5744ff7
223823,29,24.7,208,93,"2021-09-27 10:11:33",A202,9653f952-2137-469f-a020-618fd5744ff7
223841,26,23.5,226,100,"2021-09-27 10:35:47",A201,9653f952-2137-469f-a020-618fd5744ff7
223844,29,23.8,328,100,"2021-09-27 10:36:07",A203,9653f952-2137-469f-a020-618fd5744ff7
223853,29,25,209,100,"2021-09-27 10:42:14",A202,9653f952-2137-469f-a020-618fd5744ff7
223870,26,23.8,227,100,"2021-09-27 11:06:09",A201,9653f952-2137-469f-a020-618fd5744ff7
223881,29,25.1,207,100,"2021-09-27 11:12:55",A202,9653f952-2137-469f-a020-618fd5744ff7
223899,26,24,227,100,"2021-09-27 11:36:32",A201,9653f952-2137-469f-a020-618fd5744ff7
223901,29,24.1,323,100,"2021-09-27 11:36:55",A203,9653f952-2137-469f-a020-618fd5744ff7
223926,26,24.2,223,93,"2021-09-27 12:06:57",A201,9653f952-2137-469f-a020-618fd5744ff7
223928,29,24.4,329,100,"2021-09-27 12:07:19",A203,9653f952-2137-469f-a020-618fd5744ff7
223938,29,25.7,206,86,"2021-09-27 12:14:21",A202,9653f952-2137-469f-a020-618fd5744ff7
223952,26,24.4,226,86,"2021-09-27 12:37:17",A201,9653f952-2137-469f-a020-618fd5744ff7
223954,29,24.6,329,107,"2021-09-27 12:37:35",A203,9653f952-2137-469f-a020-618fd5744ff7
223965,31,25.9,232,86,"2021-09-27 12:44:55",A202,9653f952-2137-469f-a020-618fd5744ff7
223978,28,24.6,243,93,"2021-09-27 13:07:34",A201,9653f952-2137-469f-a020-618fd5744ff7
223979,29,24.6,340,107,"2021-09-27 13:07:47",A203,9653f952-2137-469f-a020-618fd5744ff7
223992,31,25.7,234,86,"2021-09-27 13:15:30",A202,9653f952-2137-469f-a020-618fd5744ff7
224006,28,24.7,242,93,"2021-09-27 13:37:52",A201,9653f952-2137-469f-a020-618fd5744ff7
224007,30,24.4,343,107,"2021-09-27 13:38:03",A203,9653f952-2137-469f-a020-618fd5744ff7
224020,30,25.4,235,93,"2021-09-27 13:46:01",A202,9653f952-2137-469f-a020-618fd5744ff7
224035,28,24.8,242,93,"2021-09-27 14:08:12",A201,9653f952-2137-469f-a020-618fd5744ff7
224036,30,24.4,345,107,"2021-09-27 14:08:21",A203,9653f952-2137-469f-a020-618fd5744ff7
224048,30,25.3,235,93,"2021-09-27 14:16:36",A202,9653f952-2137-469f-a020-618fd5744ff7
224064,28,24.8,241,93,"2021-09-27 14:38:32",A201,9653f952-2137-469f-a020-618fd5744ff7
224065,30,24.3,348,107,"2021-09-27 14:38:37",A203,9653f952-2137-469f-a020-618fd5744ff7
224078,30,25.2,234,86,"2021-09-27 14:47:13",A202,9653f952-2137-469f-a020-618fd5744ff7
224093,28,24.8,241,86,"2021-09-27 15:08:52",A201,9653f952-2137-469f-a020-618fd5744ff7
224094,30,24.3,349,107,"2021-09-27 15:08:54",A203,9653f952-2137-469f-a020-618fd5744ff7
224108,30,25.1,230,86,"2021-09-27 15:17:48",A202,9653f952-2137-469f-a020-618fd5744ff7
224122,30,24.3,349,107,"2021-09-27 15:39:10",A203,9653f952-2137-469f-a020-618fd5744ff7
224123,28,24.8,238,86,"2021-09-27 15:39:12",A201,9653f952-2137-469f-a020-618fd5744ff7
224137,30,25.1,231,86,"2021-09-27 15:48:24",A202,9653f952-2137-469f-a020-618fd5744ff7
224152,30,24.2,350,107,"2021-09-27 16:09:26",A203,9653f952-2137-469f-a020-618fd5744ff7
224153,28,24.8,238,86,"2021-09-27 16:09:30",A201,9653f952-2137-469f-a020-618fd5744ff7
224167,30,24.9,230,86,"2021-09-27 16:18:56",A202,9653f952-2137-469f-a020-618fd5744ff7
224182,30,24.1,350,107,"2021-09-27 16:39:39",A203,9653f952-2137-469f-a020-618fd5744ff7
224183,28,24.8,238,86,"2021-09-27 16:39:48",A201,9653f952-2137-469f-a020-618fd5744ff7
224196,30,24.8,228,86,"2021-09-27 16:49:29",A202,9653f952-2137-469f-a020-618fd5744ff7
224211,30,23.9,350,107,"2021-09-27 17:09:54",A203,9653f952-2137-469f-a020-618fd5744ff7
224212,28,24.8,238,86,"2021-09-27 17:10:06",A201,9653f952-2137-469f-a020-618fd5744ff7
224225,30,24.6,226,86,"2021-09-27 17:20:02",A202,9653f952-2137-469f-a020-618fd5744ff7
224240,30,23.8,351,107,"2021-09-27 17:40:08",A203,9653f952-2137-469f-a020-618fd5744ff7
224242,28,24.8,238,86,"2021-09-27 17:40:24",A201,9653f952-2137-469f-a020-618fd5744ff7
224257,30,24.5,227,86,"2021-09-27 17:50:34",A202,9653f952-2137-469f-a020-618fd5744ff7
224271,30,23.7,350,107,"2021-09-27 18:10:22",A203,9653f952-2137-469f-a020-618fd5744ff7
224272,28,24.7,238,86,"2021-09-27 18:10:42",A201,9653f952-2137-469f-a020-618fd5744ff7
224288,30,24.3,225,86,"2021-09-27 18:21:05",A202,9653f952-2137-469f-a020-618fd5744ff7
224301,30,23.6,349,107,"2021-09-27 18:40:33",A203,9653f952-2137-469f-a020-618fd5744ff7
224302,28,24.7,236,86,"2021-09-27 18:41:00",A201,9653f952-2137-469f-a020-618fd5744ff7
224315,30,24.2,225,86,"2021-09-27 18:51:36",A202,9653f952-2137-469f-a020-618fd5744ff7
224328,30,23.4,350,107,"2021-09-27 19:10:45",A203,9653f952-2137-469f-a020-618fd5744ff7
224330,28,24.6,235,86,"2021-09-27 19:11:17",A201,9653f952-2137-469f-a020-618fd5744ff7
224343,30,24,225,86,"2021-09-27 19:22:08",A202,9653f952-2137-469f-a020-618fd5744ff7
224356,30,23.3,348,107,"2021-09-27 19:40:57",A203,9653f952-2137-469f-a020-618fd5744ff7
224358,28,24.5,234,86,"2021-09-27 19:41:34",A201,9653f952-2137-469f-a020-618fd5744ff7
224373,30,23.8,221,86,"2021-09-27 19:52:38",A202,9653f952-2137-469f-a020-618fd5744ff7
224386,30,23.1,347,107,"2021-09-27 20:11:10",A203,9653f952-2137-469f-a020-618fd5744ff7
224388,28,24.4,235,86,"2021-09-27 20:11:52",A201,9653f952-2137-469f-a020-618fd5744ff7
224404,30,23.7,219,86,"2021-09-27 20:23:11",A202,9653f952-2137-469f-a020-618fd5744ff7
224416,30,23,349,107,"2021-09-27 20:41:28",A203,9653f952-2137-469f-a020-618fd5744ff7
224418,28,24.3,236,86,"2021-09-27 20:42:10",A201,9653f952-2137-469f-a020-618fd5744ff7
224433,30,23.5,222,86,"2021-09-27 20:53:42",A202,9653f952-2137-469f-a020-618fd5744ff7
224446,30,22.9,349,107,"2021-09-27 21:11:40",A203,9653f952-2137-469f-a020-618fd5744ff7
224448,28,24.2,233,86,"2021-09-27 21:12:26",A201,9653f952-2137-469f-a020-618fd5744ff7
224463,30,23.4,222,86,"2021-09-27 21:24:11",A202,9653f952-2137-469f-a020-618fd5744ff7
224475,30,22.8,348,107,"2021-09-27 21:41:46",A203,9653f952-2137-469f-a020-618fd5744ff7
224476,28,24.1,234,86,"2021-09-27 21:42:44",A201,9653f952-2137-469f-a020-618fd5744ff7
224492,30,23.3,220,86,"2021-09-27 21:54:42",A202,9653f952-2137-469f-a020-618fd5744ff7
224505,30,22.7,345,107,"2021-09-27 22:11:58",A203,9653f952-2137-469f-a020-618fd5744ff7
224506,28,24,232,86,"2021-09-27 22:13:00",A201,9653f952-2137-469f-a020-618fd5744ff7
224533,30,22.6,346,107,"2021-09-27 22:42:19",A203,9653f952-2137-469f-a020-618fd5744ff7
224534,28,23.9,233,86,"2021-09-27 22:43:26",A201,9653f952-2137-469f-a020-618fd5744ff7
224550,30,23,217,86,"2021-09-27 22:55:40",A202,9653f952-2137-469f-a020-618fd5744ff7
224562,30,22.5,348,107,"2021-09-27 23:12:17",A203,9653f952-2137-469f-a020-618fd5744ff7
224563,28,23.9,232,86,"2021-09-27 23:13:33",A201,9653f952-2137-469f-a020-618fd5744ff7
224579,30,22.9,218,86,"2021-09-27 23:26:10",A202,9653f952-2137-469f-a020-618fd5744ff7
224591,30,22.4,348,107,"2021-09-27 23:42:27",A203,9653f952-2137-469f-a020-618fd5744ff7
224592,28,23.8,234,86,"2021-09-27 23:43:48",A201,9653f952-2137-469f-a020-618fd5744ff7
224607,30,22.8,220,86,"2021-09-27 23:56:39",A202,9653f952-2137-469f-a020-618fd5744ff7
224618,30,22.3,347,107,"2021-09-28 00:12:37",A203,9653f952-2137-469f-a020-618fd5744ff7
224620,28,23.7,233,86,"2021-09-28 00:14:04",A201,9653f952-2137-469f-a020-618fd5744ff7
224636,30,22.6,219,86,"2021-09-28 00:27:06",A202,9653f952-2137-469f-a020-618fd5744ff7
224646,30,22.1,345,107,"2021-09-28 00:42:47",A203,9653f952-2137-469f-a020-618fd5744ff7
224648,28,23.6,229,86,"2021-09-28 00:44:20",A201,9653f952-2137-469f-a020-618fd5744ff7
224663,30,22.5,214,86,"2021-09-28 00:57:34",A202,9653f952-2137-469f-a020-618fd5744ff7
224674,30,22,341,107,"2021-09-28 01:12:56",A203,9653f952-2137-469f-a020-618fd5744ff7
224676,28,23.5,229,86,"2021-09-28 01:14:36",A201,9653f952-2137-469f-a020-618fd5744ff7
224692,30,22.3,217,86,"2021-09-28 01:28:05",A202,9653f952-2137-469f-a020-618fd5744ff7
224702,30,21.9,342,107,"2021-09-28 01:43:05",A203,9653f952-2137-469f-a020-618fd5744ff7
224705,28,23.4,232,86,"2021-09-28 01:44:52",A201,9653f952-2137-469f-a020-618fd5744ff7
224720,30,22.2,217,86,"2021-09-28 01:58:33",A202,9653f952-2137-469f-a020-618fd5744ff7
224730,30,21.8,346,114,"2021-09-28 02:13:14",A203,9653f952-2137-469f-a020-618fd5744ff7
224733,28,23.3,231,86,"2021-09-28 02:15:07",A201,9653f952-2137-469f-a020-618fd5744ff7
224748,30,22.1,212,86,"2021-09-28 02:29:00",A202,9653f952-2137-469f-a020-618fd5744ff7
224758,30,21.7,346,114,"2021-09-28 02:43:22",A203,9653f952-2137-469f-a020-618fd5744ff7
224762,28,23.2,231,86,"2021-09-28 02:45:22",A201,9653f952-2137-469f-a020-618fd5744ff7
224775,30,21.9,217,86,"2021-09-28 02:59:28",A202,9653f952-2137-469f-a020-618fd5744ff7
224785,30,21.6,346,114,"2021-09-28 03:13:31",A203,9653f952-2137-469f-a020-618fd5744ff7
224789,28,23,231,86,"2021-09-28 03:15:37",A201,9653f952-2137-469f-a020-618fd5744ff7
224801,30,21.8,216,86,"2021-09-28 03:29:55",A202,9653f952-2137-469f-a020-618fd5744ff7
224810,30,21.4,346,114,"2021-09-28 03:43:39",A203,9653f952-2137-469f-a020-618fd5744ff7
224814,28,22.9,231,86,"2021-09-28 03:45:53",A201,9653f952-2137-469f-a020-618fd5744ff7
224828,30,21.7,212,86,"2021-09-28 04:00:22",A202,9653f952-2137-469f-a020-618fd5744ff7
224837,30,21.3,346,114,"2021-09-28 04:13:48",A203,9653f952-2137-469f-a020-618fd5744ff7
224841,28,22.8,229,86,"2021-09-28 04:16:07",A201,9653f952-2137-469f-a020-618fd5744ff7
224857,30,21.5,216,86,"2021-09-28 04:30:49",A202,9653f952-2137-469f-a020-618fd5744ff7
224865,30,21.2,344,107,"2021-09-28 04:43:56",A203,9653f952-2137-469f-a020-618fd5744ff7
224869,28,22.7,230,86,"2021-09-28 04:46:23",A201,9653f952-2137-469f-a020-618fd5744ff7
224884,30,21.4,215,86,"2021-09-28 05:01:16",A202,9653f952-2137-469f-a020-618fd5744ff7
224892,30,21.2,342,107,"2021-09-28 05:14:03",A203,9653f952-2137-469f-a020-618fd5744ff7
224897,28,22.6,230,93,"2021-09-28 05:16:39",A201,9653f952-2137-469f-a020-618fd5744ff7
224912,30,21.4,210,93,"2021-09-28 05:31:48",A202,9653f952-2137-469f-a020-618fd5744ff7
224920,30,21.1,342,107,"2021-09-28 05:44:16",A203,9653f952-2137-469f-a020-618fd5744ff7
224925,28,22.5,227,93,"2021-09-28 05:46:56",A201,9653f952-2137-469f-a020-618fd5744ff7
224941,30,21.5,213,93,"2021-09-28 06:02:20",A202,9653f952-2137-469f-a020-618fd5744ff7
224949,30,21.1,343,107,"2021-09-28 06:14:29",A203,9653f952-2137-469f-a020-618fd5744ff7
224954,28,22.44,228,93,"2021-09-28 06:17:16",A201,9653f952-2137-469f-a020-618fd5744ff7
224969,30,21.6,212,93,"2021-09-28 06:32:55",A202,9653f952-2137-469f-a020-618fd5744ff7
224980,28,22.4,228,100,"2021-09-28 06:47:36",A201,9653f952-2137-469f-a020-618fd5744ff7
224997,30,21.8,211,100,"2021-09-28 07:03:34",A202,9653f952-2137-469f-a020-618fd5744ff7
225004,30,21.4,340,107,"2021-09-28 07:15:06",A203,9653f952-2137-469f-a020-618fd5744ff7
225009,28,22.4,228,100,"2021-09-28 07:17:55",A201,9653f952-2137-469f-a020-618fd5744ff7
225025,30,22.1,209,100,"2021-09-28 07:34:13",A202,9653f952-2137-469f-a020-618fd5744ff7
225032,30,21.7,338,100,"2021-09-28 07:45:26",A203,9653f952-2137-469f-a020-618fd5744ff7
225035,28,22.5,228,100,"2021-09-28 07:48:17",A201,9653f952-2137-469f-a020-618fd5744ff7
225054,30,22.5,211,100,"2021-09-28 08:04:55",A202,9653f952-2137-469f-a020-618fd5744ff7
225061,30,22.1,340,100,"2021-09-28 08:15:49",A203,9653f952-2137-469f-a020-618fd5744ff7
225064,28,22.6,227,100,"2021-09-28 08:18:40",A201,9653f952-2137-469f-a020-618fd5744ff7
225081,30,22.9,210,100,"2021-09-28 08:35:39",A202,9653f952-2137-469f-a020-618fd5744ff7
225088,30,22.5,337,100,"2021-09-28 08:46:13",A203,9653f952-2137-469f-a020-618fd5744ff7
225091,28,22.8,228,100,"2021-09-28 08:49:03",A201,9653f952-2137-469f-a020-618fd5744ff7
225110,30,23.5,210,100,"2021-09-28 09:06:20",A202,9653f952-2137-469f-a020-618fd5744ff7
225117,30,23,340,107,"2021-09-28 09:16:32",A203,9653f952-2137-469f-a020-618fd5744ff7
225120,28,22.9,227,100,"2021-09-28 09:19:25",A201,9653f952-2137-469f-a020-618fd5744ff7
225140,29,23.9,208,100,"2021-09-28 09:36:59",A202,9653f952-2137-469f-a020-618fd5744ff7
225147,30,23.4,339,107,"2021-09-28 09:46:53",A203,9653f952-2137-469f-a020-618fd5744ff7
225150,28,23.2,228,100,"2021-09-28 09:49:48",A201,9653f952-2137-469f-a020-618fd5744ff7
225169,29,24.3,208,100,"2021-09-28 10:07:42",A202,9653f952-2137-469f-a020-618fd5744ff7
225176,30,23.7,342,100,"2021-09-28 10:17:14",A203,9653f952-2137-469f-a020-618fd5744ff7
225179,27,23.4,227,100,"2021-09-28 10:20:11",A201,9653f952-2137-469f-a020-618fd5744ff7
225198,29,24.5,209,100,"2021-09-28 10:38:22",A202,9653f952-2137-469f-a020-618fd5744ff7
225205,30,23.9,341,100,"2021-09-28 10:47:36",A203,9653f952-2137-469f-a020-618fd5744ff7
225207,27,23.6,227,100,"2021-09-28 10:50:32",A201,9653f952-2137-469f-a020-618fd5744ff7
225227,29,24.9,208,100,"2021-09-28 11:09:03",A202,9653f952-2137-469f-a020-618fd5744ff7
225234,30,24.3,336,100,"2021-09-28 11:18:00",A203,9653f952-2137-469f-a020-618fd5744ff7
225236,27,23.7,227,100,"2021-09-28 11:20:54",A201,9653f952-2137-469f-a020-618fd5744ff7
225262,30,24.7,341,100,"2021-09-28 11:48:26",A203,9653f952-2137-469f-a020-618fd5744ff7
225264,27,24,224,100,"2021-09-28 11:51:19",A201,9653f952-2137-469f-a020-618fd5744ff7
225285,29,26,207,100,"2021-09-28 12:10:31",A202,9653f952-2137-469f-a020-618fd5744ff7
225292,30,25.1,342,100,"2021-09-28 12:18:48",A203,9653f952-2137-469f-a020-618fd5744ff7
225294,27,24.3,225,100,"2021-09-28 12:21:42",A201,9653f952-2137-469f-a020-618fd5744ff7
225314,29,26.4,206,100,"2021-09-28 12:41:12",A202,9653f952-2137-469f-a020-618fd5744ff7
225321,30,25.4,340,100,"2021-09-28 12:49:12",A203,9653f952-2137-469f-a020-618fd5744ff7
225326,27,24.56,227,100,"2021-09-28 12:54:03",A201,9653f952-2137-469f-a020-618fd5744ff7
225342,29,26.6,207,100,"2021-09-28 13:11:55",A202,9653f952-2137-469f-a020-618fd5744ff7
225350,30,25.6,340,93,"2021-09-28 13:21:19",A203,9653f952-2137-469f-a020-618fd5744ff7
225353,27,24.8,227,100,"2021-09-28 13:24:26",A201,9653f952-2137-469f-a020-618fd5744ff7
225371,29,26.88,208,100,"2021-09-28 13:42:39",A202,9653f952-2137-469f-a020-618fd5744ff7
225379,30,25.8,342,100,"2021-09-28 13:51:44",A203,9653f952-2137-469f-a020-618fd5744ff7
225382,27,25,225,100,"2021-09-28 13:54:50",A201,9653f952-2137-469f-a020-618fd5744ff7
225401,29,27,206,93,"2021-09-28 14:13:25",A202,9653f952-2137-469f-a020-618fd5744ff7
225409,30,26,342,107,"2021-09-28 14:22:04",A203,9653f952-2137-469f-a020-618fd5744ff7
225412,27,25.2,226,93,"2021-09-28 14:25:13",A201,9653f952-2137-469f-a020-618fd5744ff7
225432,29,27.1,205,86,"2021-09-28 14:44:02",A202,9653f952-2137-469f-a020-618fd5744ff7
225440,30,26,343,107,"2021-09-28 14:52:19",A203,9653f952-2137-469f-a020-618fd5744ff7
225442,27,25.4,224,86,"2021-09-28 14:55:34",A201,9653f952-2137-469f-a020-618fd5744ff7
225464,29,27,208,86,"2021-09-28 15:14:38",A202,9653f952-2137-469f-a020-618fd5744ff7
225472,30,25.9,344,107,"2021-09-28 15:22:34",A203,9653f952-2137-469f-a020-618fd5744ff7
225474,27,25.5,226,86,"2021-09-28 15:25:52",A201,9653f952-2137-469f-a020-618fd5744ff7
225495,29,26.8,205,86,"2021-09-28 15:45:13",A202,9653f952-2137-469f-a020-618fd5744ff7
225504,30,25.7,344,107,"2021-09-28 15:52:49",A203,9653f952-2137-469f-a020-618fd5744ff7
225506,27,25.6,225,86,"2021-09-28 15:56:10",A201,9653f952-2137-469f-a020-618fd5744ff7
225528,29,26.5,208,86,"2021-09-28 16:15:48",A202,9653f952-2137-469f-a020-618fd5744ff7
225537,30,25.5,344,107,"2021-09-28 16:23:01",A203,9653f952-2137-469f-a020-618fd5744ff7
225539,27,25.6,223,86,"2021-09-28 16:26:29",A201,9653f952-2137-469f-a020-618fd5744ff7
225560,29,26.3,209,86,"2021-09-28 16:46:22",A202,9653f952-2137-469f-a020-618fd5744ff7
225568,30,25.3,341,107,"2021-09-28 16:53:14",A203,9653f952-2137-469f-a020-618fd5744ff7
225571,27,25.6,222,86,"2021-09-28 16:56:46",A201,9653f952-2137-469f-a020-618fd5744ff7
225593,29,26,209,86,"2021-09-28 17:16:55",A202,9653f952-2137-469f-a020-618fd5744ff7
225600,29,25.1,341,107,"2021-09-28 17:23:27",A203,9653f952-2137-469f-a020-618fd5744ff7
225603,27,25.6,224,86,"2021-09-28 17:27:04",A201,9653f952-2137-469f-a020-618fd5744ff7
225623,29,25.7,209,86,"2021-09-28 17:47:29",A202,9653f952-2137-469f-a020-618fd5744ff7
225631,29,24.9,343,107,"2021-09-28 17:53:40",A203,9653f952-2137-469f-a020-618fd5744ff7
225634,27,25.5,222,86,"2021-09-28 17:57:23",A201,9653f952-2137-469f-a020-618fd5744ff7
225656,29,25.5,208,86,"2021-09-28 18:18:01",A202,9653f952-2137-469f-a020-618fd5744ff7
225663,29,24.7,342,107,"2021-09-28 18:23:51",A203,9653f952-2137-469f-a020-618fd5744ff7
225666,27,25.4,223,86,"2021-09-28 18:27:40",A201,9653f952-2137-469f-a020-618fd5744ff7
225687,29,25.2,205,86,"2021-09-28 18:48:30",A202,9653f952-2137-469f-a020-618fd5744ff7
225694,29,24.5,342,107,"2021-09-28 18:54:02",A203,9653f952-2137-469f-a020-618fd5744ff7
225697,27,25.3,224,86,"2021-09-28 18:57:57",A201,9653f952-2137-469f-a020-618fd5744ff7
225720,29,25,209,86,"2021-09-28 19:19:03",A202,9653f952-2137-469f-a020-618fd5744ff7
225727,29,24.2,343,107,"2021-09-28 19:24:08",A203,9653f952-2137-469f-a020-618fd5744ff7
225729,27,25.2,224,86,"2021-09-28 19:28:13",A201,9653f952-2137-469f-a020-618fd5744ff7
225751,29,24.8,209,86,"2021-09-28 19:49:34",A202,9653f952-2137-469f-a020-618fd5744ff7
225757,29,24,337,107,"2021-09-28 19:54:18",A203,9653f952-2137-469f-a020-618fd5744ff7
225761,27,25.1,223,86,"2021-09-28 19:58:32",A201,9653f952-2137-469f-a020-618fd5744ff7
225785,29,24.5,209,86,"2021-09-28 20:20:04",A202,9653f952-2137-469f-a020-618fd5744ff7
225790,29,23.8,342,107,"2021-09-28 20:24:27",A203,9653f952-2137-469f-a020-618fd5744ff7
225794,27,25,223,86,"2021-09-28 20:28:51",A201,9653f952-2137-469f-a020-618fd5744ff7
225814,29,24.3,209,86,"2021-09-28 20:50:34",A202,9653f952-2137-469f-a020-618fd5744ff7
225819,29,23.6,342,107,"2021-09-28 20:54:36",A203,9653f952-2137-469f-a020-618fd5744ff7
225823,27,24.9,220,86,"2021-09-28 20:59:03",A201,9653f952-2137-469f-a020-618fd5744ff7
225843,29,24.1,207,86,"2021-09-28 21:21:03",A202,9653f952-2137-469f-a020-618fd5744ff7
225848,29,23.4,342,107,"2021-09-28 21:24:46",A203,9653f952-2137-469f-a020-618fd5744ff7
225852,27,24.7,222,86,"2021-09-28 21:29:21",A201,9653f952-2137-469f-a020-618fd5744ff7
225874,29,23.82,209,86,"2021-09-28 21:51:33",A202,9653f952-2137-469f-a020-618fd5744ff7
225878,29,23.2,338,107,"2021-09-28 21:54:56",A203,9653f952-2137-469f-a020-618fd5744ff7
225882,27,24.6,222,86,"2021-09-28 21:59:36",A201,9653f952-2137-469f-a020-618fd5744ff7
225905,29,23.7,209,86,"2021-09-28 22:22:03",A202,9653f952-2137-469f-a020-618fd5744ff7
225908,29,23.1,340,107,"2021-09-28 22:25:02",A203,9653f952-2137-469f-a020-618fd5744ff7
225913,27,24.5,221,86,"2021-09-28 22:29:51",A201,9653f952-2137-469f-a020-618fd5744ff7
225937,29,23.5,208,86,"2021-09-28 22:52:35",A202,9653f952-2137-469f-a020-618fd5744ff7
225940,29,22.9,341,107,"2021-09-28 22:55:08",A203,9653f952-2137-469f-a020-618fd5744ff7
225945,27,24.3,221,86,"2021-09-28 23:00:07",A201,9653f952-2137-469f-a020-618fd5744ff7
225968,29,23.3,207,86,"2021-09-28 23:23:00",A202,9653f952-2137-469f-a020-618fd5744ff7
225970,29,22.8,335,107,"2021-09-28 23:25:14",A203,9653f952-2137-469f-a020-618fd5744ff7
225976,27,24.2,220,86,"2021-09-28 23:30:23",A201,9653f952-2137-469f-a020-618fd5744ff7
226000,29,23.1,206,86,"2021-09-28 23:53:27",A202,9653f952-2137-469f-a020-618fd5744ff7
226002,29,22.6,336,107,"2021-09-28 23:55:22",A203,9653f952-2137-469f-a020-618fd5744ff7
226008,27,24.1,221,86,"2021-09-29 00:00:38",A201,9653f952-2137-469f-a020-618fd5744ff7
226030,29,23,206,86,"2021-09-29 00:23:54",A202,9653f952-2137-469f-a020-618fd5744ff7
226032,29,22.5,339,114,"2021-09-29 00:25:29",A203,9653f952-2137-469f-a020-618fd5744ff7
226038,27,24,221,86,"2021-09-29 00:30:52",A201,9653f952-2137-469f-a020-618fd5744ff7
226062,29,22.8,208,86,"2021-09-29 00:54:23",A202,9653f952-2137-469f-a020-618fd5744ff7
226063,29,22.3,340,114,"2021-09-29 00:55:34",A203,9653f952-2137-469f-a020-618fd5744ff7
226070,27,23.8,219,86,"2021-09-29 01:01:07",A201,9653f952-2137-469f-a020-618fd5744ff7
226094,29,22.7,207,86,"2021-09-29 01:24:51",A202,9653f952-2137-469f-a020-618fd5744ff7
226095,29,22.2,337,114,"2021-09-29 01:25:39",A203,9653f952-2137-469f-a020-618fd5744ff7
226102,27,23.7,220,86,"2021-09-29 01:31:22",A201,9653f952-2137-469f-a020-618fd5744ff7
226126,29,22.5,207,86,"2021-09-29 01:55:21",A202,9653f952-2137-469f-a020-618fd5744ff7
226127,29,22.1,337,114,"2021-09-29 01:55:45",A203,9653f952-2137-469f-a020-618fd5744ff7
226133,27,23.6,219,86,"2021-09-29 02:01:37",A201,9653f952-2137-469f-a020-618fd5744ff7
226157,29,22.4,206,86,"2021-09-29 02:25:44",A202,9653f952-2137-469f-a020-618fd5744ff7
226158,29,22,339,114,"2021-09-29 02:25:52",A203,9653f952-2137-469f-a020-618fd5744ff7
226164,27,23.5,217,86,"2021-09-29 02:31:51",A201,9653f952-2137-469f-a020-618fd5744ff7
226189,29,21.9,338,114,"2021-09-29 02:55:56",A203,9653f952-2137-469f-a020-618fd5744ff7
226190,29,22.2,207,86,"2021-09-29 02:56:10",A202,9653f952-2137-469f-a020-618fd5744ff7
226196,27,23.4,217,86,"2021-09-29 03:02:06",A201,9653f952-2137-469f-a020-618fd5744ff7
226220,29,21.8,337,114,"2021-09-29 03:26:02",A203,9653f952-2137-469f-a020-618fd5744ff7
226221,29,22.1,205,86,"2021-09-29 03:26:40",A202,9653f952-2137-469f-a020-618fd5744ff7
226227,27,23.2,219,86,"2021-09-29 03:32:20",A201,9653f952-2137-469f-a020-618fd5744ff7
226251,29,21.7,337,114,"2021-09-29 03:56:08",A203,9653f952-2137-469f-a020-618fd5744ff7
226258,27,23.1,218,86,"2021-09-29 04:02:35",A201,9653f952-2137-469f-a020-618fd5744ff7
226282,29,21.6,335,107,"2021-09-29 04:26:12",A203,9653f952-2137-469f-a020-618fd5744ff7
226284,29,21.9,204,86,"2021-09-29 04:27:32",A202,9653f952-2137-469f-a020-618fd5744ff7
226290,27,23,218,93,"2021-09-29 04:32:49",A201,9653f952-2137-469f-a020-618fd5744ff7
226311,29,21.5,333,107,"2021-09-29 04:56:21",A203,9653f952-2137-469f-a020-618fd5744ff7
226314,29,21.7,206,93,"2021-09-29 04:58:03",A202,9653f952-2137-469f-a020-618fd5744ff7
226319,27,22.9,218,93,"2021-09-29 05:03:05",A201,9653f952-2137-469f-a020-618fd5744ff7
226341,29,21.4,333,107,"2021-09-29 05:26:29",A203,9653f952-2137-469f-a020-618fd5744ff7
226344,29,21.7,206,93,"2021-09-29 05:28:33",A202,9653f952-2137-469f-a020-618fd5744ff7
226349,27,22.8,216,93,"2021-09-29 05:33:22",A201,9653f952-2137-469f-a020-618fd5744ff7
226370,29,21.4,330,107,"2021-09-29 05:56:41",A203,9653f952-2137-469f-a020-618fd5744ff7
226377,29,21.7,206,93,"2021-09-29 06:00:09",A202,9653f952-2137-469f-a020-618fd5744ff7
226380,27,22.7,216,93,"2021-09-29 06:03:40",A201,9653f952-2137-469f-a020-618fd5744ff7
226400,29,21.4,332,107,"2021-09-29 06:26:55",A203,9653f952-2137-469f-a020-618fd5744ff7
226407,29,21.8,205,93,"2021-09-29 06:30:37",A202,9653f952-2137-469f-a020-618fd5744ff7
226410,27,22.6,211,93,"2021-09-29 06:34:03",A201,9653f952-2137-469f-a020-618fd5744ff7
226431,29,21.6,329,107,"2021-09-29 06:57:12",A203,9653f952-2137-469f-a020-618fd5744ff7
226438,29,22.08,205,93,"2021-09-29 07:01:05",A202,9653f952-2137-469f-a020-618fd5744ff7
226441,27,22.6,212,100,"2021-09-29 07:04:21",A201,9653f952-2137-469f-a020-618fd5744ff7
226462,29,21.8,334,107,"2021-09-29 07:27:27",A203,9653f952-2137-469f-a020-618fd5744ff7
226469,29,22.3,203,93,"2021-09-29 07:31:36",A202,9653f952-2137-469f-a020-618fd5744ff7
226472,27,22.7,214,100,"2021-09-29 07:34:40",A201,9653f952-2137-469f-a020-618fd5744ff7
226494,29,22.1,333,100,"2021-09-29 07:57:47",A203,9653f952-2137-469f-a020-618fd5744ff7
226501,29,22.6,199,100,"2021-09-29 08:02:06",A202,9653f952-2137-469f-a020-618fd5744ff7
226504,27,22.78,210,100,"2021-09-29 08:05:02",A201,9653f952-2137-469f-a020-618fd5744ff7
226526,29,22.5,332,100,"2021-09-29 08:28:06",A203,9653f952-2137-469f-a020-618fd5744ff7
226533,29,23.1,201,100,"2021-09-29 08:32:36",A202,9653f952-2137-469f-a020-618fd5744ff7
226536,27,22.9,216,100,"2021-09-29 08:35:25",A201,9653f952-2137-469f-a020-618fd5744ff7
226556,29,23,332,100,"2021-09-29 08:58:25",A203,9653f952-2137-469f-a020-618fd5744ff7
226563,29,23.7,202,100,"2021-09-29 09:03:07",A202,9653f952-2137-469f-a020-618fd5744ff7
226566,27,23.1,217,100,"2021-09-29 09:05:46",A201,9653f952-2137-469f-a020-618fd5744ff7
226592,29,24.3,199,100,"2021-09-29 09:33:39",A202,9653f952-2137-469f-a020-618fd5744ff7
226595,27,23.3,214,100,"2021-09-29 09:36:08",A201,9653f952-2137-469f-a020-618fd5744ff7
226620,29,25.1,198,100,"2021-09-29 10:04:12",A202,9653f952-2137-469f-a020-618fd5744ff7
226623,27,23.5,216,100,"2021-09-29 10:06:31",A201,9653f952-2137-469f-a020-618fd5744ff7
226642,29,24.6,329,100,"2021-09-29 10:29:29",A203,9653f952-2137-469f-a020-618fd5744ff7
226649,29,25.8,198,100,"2021-09-29 10:34:45",A202,9653f952-2137-469f-a020-618fd5744ff7
226651,27,23.8,215,100,"2021-09-29 10:36:55",A201,9653f952-2137-469f-a020-618fd5744ff7
226672,29,25,330,100,"2021-09-29 10:59:52",A203,9653f952-2137-469f-a020-618fd5744ff7
226679,28,26.3,198,100,"2021-09-29 11:05:19",A202,9653f952-2137-469f-a020-618fd5744ff7
226681,27,24.2,216,100,"2021-09-29 11:07:17",A201,9653f952-2137-469f-a020-618fd5744ff7
226703,29,25.4,329,100,"2021-09-29 11:30:15",A203,9653f952-2137-469f-a020-618fd5744ff7
226711,28,26.8,199,100,"2021-09-29 11:35:50",A202,9653f952-2137-469f-a020-618fd5744ff7
226712,27,24.5,216,100,"2021-09-29 11:37:40",A201,9653f952-2137-469f-a020-618fd5744ff7
226735,29,25.8,331,100,"2021-09-29 12:00:39",A203,9653f952-2137-469f-a020-618fd5744ff7
226743,28,27.2,198,100,"2021-09-29 12:06:25",A202,9653f952-2137-469f-a020-618fd5744ff7
226744,27,24.8,215,100,"2021-09-29 12:08:05",A201,9653f952-2137-469f-a020-618fd5744ff7
226767,29,26.2,332,93,"2021-09-29 12:31:04",A203,9653f952-2137-469f-a020-618fd5744ff7
226775,28,27.6,194,93,"2021-09-29 12:36:59",A202,9653f952-2137-469f-a020-618fd5744ff7
226796,29,26.5,334,93,"2021-09-29 13:01:27",A203,9653f952-2137-469f-a020-618fd5744ff7
226804,28,28,197,93,"2021-09-29 13:07:35",A202,9653f952-2137-469f-a020-618fd5744ff7
226805,27,25.4,217,100,"2021-09-29 13:08:53",A201,9653f952-2137-469f-a020-618fd5744ff7
226828,29,26.8,332,93,"2021-09-29 13:31:51",A203,9653f952-2137-469f-a020-618fd5744ff7
226836,28,28.2,200,100,"2021-09-29 13:38:09",A202,9653f952-2137-469f-a020-618fd5744ff7
226837,27,25.7,218,100,"2021-09-29 13:39:20",A201,9653f952-2137-469f-a020-618fd5744ff7
226860,29,27,334,100,"2021-09-29 14:02:18",A203,9653f952-2137-469f-a020-618fd5744ff7
226868,28,28.4,199,100,"2021-09-29 14:08:47",A202,9653f952-2137-469f-a020-618fd5744ff7
226869,27,25.9,216,93,"2021-09-29 14:09:43",A201,9653f952-2137-469f-a020-618fd5744ff7
226889,29,27.1,333,100,"2021-09-29 14:32:39",A203,9653f952-2137-469f-a020-618fd5744ff7
226896,28,28.6,197,93,"2021-09-29 14:39:19",A202,9653f952-2137-469f-a020-618fd5744ff7
226898,27,26.1,217,93,"2021-09-29 14:40:07",A201,9653f952-2137-469f-a020-618fd5744ff7
226918,29,27.1,334,100,"2021-09-29 15:03:02",A203,9653f952-2137-469f-a020-618fd5744ff7
226926,28,28.5,197,86,"2021-09-29 15:09:53",A202,9653f952-2137-469f-a020-618fd5744ff7
226928,27,26.3,217,86,"2021-09-29 15:10:29",A201,9653f952-2137-469f-a020-618fd5744ff7
226948,29,27.1,332,107,"2021-09-29 15:33:21",A203,9653f952-2137-469f-a020-618fd5744ff7
226956,28,28.4,200,86,"2021-09-29 15:40:23",A202,9653f952-2137-469f-a020-618fd5744ff7
226958,27,26.4,218,86,"2021-09-29 15:40:51",A201,9653f952-2137-469f-a020-618fd5744ff7
226977,29,26.9,334,107,"2021-09-29 16:03:37",A203,9653f952-2137-469f-a020-618fd5744ff7
226985,28,28.1,200,86,"2021-09-29 16:10:50",A202,9653f952-2137-469f-a020-618fd5744ff7
226987,27,26.4,215,86,"2021-09-29 16:11:12",A201,9653f952-2137-469f-a020-618fd5744ff7
227006,29,26.7,335,107,"2021-09-29 16:33:50",A203,9653f952-2137-469f-a020-618fd5744ff7
227014,28,27.8,200,86,"2021-09-29 16:41:17",A202,9653f952-2137-469f-a020-618fd5744ff7
227017,27,26.5,215,86,"2021-09-29 16:41:31",A201,9653f952-2137-469f-a020-618fd5744ff7
227037,29,26.5,338,107,"2021-09-29 17:04:06",A203,9653f952-2137-469f-a020-618fd5744ff7
227046,28,27.5,201,86,"2021-09-29 17:11:40",A202,9653f952-2137-469f-a020-618fd5744ff7
227047,27,26.4,216,86,"2021-09-29 17:11:50",A201,9653f952-2137-469f-a020-618fd5744ff7
227069,29,26.2,337,107,"2021-09-29 17:34:18",A203,9653f952-2137-469f-a020-618fd5744ff7
227077,28,27.2,200,86,"2021-09-29 17:42:04",A202,9653f952-2137-469f-a020-618fd5744ff7
227078,27,26.4,217,86,"2021-09-29 17:42:07",A201,9653f952-2137-469f-a020-618fd5744ff7
227099,29,26,337,107,"2021-09-29 18:04:30",A203,9653f952-2137-469f-a020-618fd5744ff7
227107,27,26.3,216,86,"2021-09-29 18:12:25",A201,9653f952-2137-469f-a020-618fd5744ff7
227108,28,26.9,198,86,"2021-09-29 18:12:27",A202,9653f952-2137-469f-a020-618fd5744ff7
227129,29,25.8,338,107,"2021-09-29 18:34:41",A203,9653f952-2137-469f-a020-618fd5744ff7
227137,27,26.2,215,86,"2021-09-29 18:42:45",A201,9653f952-2137-469f-a020-618fd5744ff7
227138,28,26.6,200,86,"2021-09-29 18:42:49",A202,9653f952-2137-469f-a020-618fd5744ff7
227160,29,25.5,339,107,"2021-09-29 19:04:52",A203,9653f952-2137-469f-a020-618fd5744ff7
227169,27,26.1,216,86,"2021-09-29 19:12:59",A201,9653f952-2137-469f-a020-618fd5744ff7
227170,28,26.3,201,86,"2021-09-29 19:13:10",A202,9653f952-2137-469f-a020-618fd5744ff7
227191,29,25.3,336,107,"2021-09-29 19:35:06",A203,9653f952-2137-469f-a020-618fd5744ff7
227199,27,26,216,86,"2021-09-29 19:43:16",A201,9653f952-2137-469f-a020-618fd5744ff7
227200,28,26.1,201,86,"2021-09-29 19:43:31",A202,9653f952-2137-469f-a020-618fd5744ff7
227220,29,25.1,337,107,"2021-09-29 20:05:13",A203,9653f952-2137-469f-a020-618fd5744ff7
227230,27,25.9,214,86,"2021-09-29 20:13:33",A201,9653f952-2137-469f-a020-618fd5744ff7
227231,28,25.8,200,86,"2021-09-29 20:13:51",A202,9653f952-2137-469f-a020-618fd5744ff7
227253,29,24.9,336,107,"2021-09-29 20:35:22",A203,9653f952-2137-469f-a020-618fd5744ff7
227262,27,25.7,214,86,"2021-09-29 20:43:49",A201,9653f952-2137-469f-a020-618fd5744ff7
227263,28,25.6,199,86,"2021-09-29 20:44:12",A202,9653f952-2137-469f-a020-618fd5744ff7
227283,29,24.7,336,107,"2021-09-29 21:05:31",A203,9653f952-2137-469f-a020-618fd5744ff7
227292,27,25.6,215,86,"2021-09-29 21:14:08",A201,9653f952-2137-469f-a020-618fd5744ff7
227293,28,25.3,202,86,"2021-09-29 21:14:33",A202,9653f952-2137-469f-a020-618fd5744ff7
227314,29,24.5,335,107,"2021-09-29 21:35:41",A203,9653f952-2137-469f-a020-618fd5744ff7
227324,27,25.5,214,86,"2021-09-29 21:44:22",A201,9653f952-2137-469f-a020-618fd5744ff7
227325,28,25.1,200,86,"2021-09-29 21:44:50",A202,9653f952-2137-469f-a020-618fd5744ff7
227344,29,24.4,337,107,"2021-09-29 22:05:48",A203,9653f952-2137-469f-a020-618fd5744ff7
227355,27,25.3,214,86,"2021-09-29 22:14:39",A201,9653f952-2137-469f-a020-618fd5744ff7
227357,28,24.9,199,86,"2021-09-29 22:15:11",A202,9653f952-2137-469f-a020-618fd5744ff7
227373,29,24.2,336,107,"2021-09-29 22:35:55",A203,9653f952-2137-469f-a020-618fd5744ff7
227384,27,25.2,214,86,"2021-09-29 22:44:54",A201,9653f952-2137-469f-a020-618fd5744ff7
227386,28,24.7,199,86,"2021-09-29 22:45:29",A202,9653f952-2137-469f-a020-618fd5744ff7
227405,29,24,337,107,"2021-09-29 23:06:03",A203,9653f952-2137-469f-a020-618fd5744ff7
227414,27,25.1,213,86,"2021-09-29 23:15:09",A201,9653f952-2137-469f-a020-618fd5744ff7
227416,28,24.5,201,86,"2021-09-29 23:15:48",A202,9653f952-2137-469f-a020-618fd5744ff7
227432,29,23.9,335,107,"2021-09-29 23:36:08",A203,9653f952-2137-469f-a020-618fd5744ff7
227444,27,25,213,86,"2021-09-29 23:45:25",A201,9653f952-2137-469f-a020-618fd5744ff7
227446,28,24.3,200,86,"2021-09-29 23:46:06",A202,9653f952-2137-469f-a020-618fd5744ff7
227464,29,23.7,336,107,"2021-09-30 00:06:16",A203,9653f952-2137-469f-a020-618fd5744ff7
227476,27,24.8,213,86,"2021-09-30 00:15:41",A201,9653f952-2137-469f-a020-618fd5744ff7
227477,28,24.2,200,86,"2021-09-30 00:16:24",A202,9653f952-2137-469f-a020-618fd5744ff7
227496,29,23.56,334,114,"2021-09-30 00:36:22",A203,9653f952-2137-469f-a020-618fd5744ff7
227508,27,24.7,211,86,"2021-09-30 00:45:55",A201,9653f952-2137-469f-a020-618fd5744ff7
227509,28,24,200,86,"2021-09-30 00:46:43",A202,9653f952-2137-469f-a020-618fd5744ff7
227528,29,23.4,335,114,"2021-09-30 01:06:28",A203,9653f952-2137-469f-a020-618fd5744ff7
227539,27,24.6,213,86,"2021-09-30 01:16:10",A201,9653f952-2137-469f-a020-618fd5744ff7
227541,28,23.8,198,86,"2021-09-30 01:17:01",A202,9653f952-2137-469f-a020-618fd5744ff7
227558,29,23.3,334,114,"2021-09-30 01:36:33",A203,9653f952-2137-469f-a020-618fd5744ff7
227569,27,24.5,213,86,"2021-09-30 01:46:25",A201,9653f952-2137-469f-a020-618fd5744ff7
227572,28,23.6,196,86,"2021-09-30 01:47:18",A202,9653f952-2137-469f-a020-618fd5744ff7
227588,29,23.1,334,114,"2021-09-30 02:06:39",A203,9653f952-2137-469f-a020-618fd5744ff7
227600,27,24.3,213,86,"2021-09-30 02:16:40",A201,9653f952-2137-469f-a020-618fd5744ff7
227603,28,23.5,196,86,"2021-09-30 02:17:38",A202,9653f952-2137-469f-a020-618fd5744ff7
227618,29,23,335,114,"2021-09-30 02:36:44",A203,9653f952-2137-469f-a020-618fd5744ff7
227629,27,24.2,212,86,"2021-09-30 02:46:53",A201,9653f952-2137-469f-a020-618fd5744ff7
227632,28,23.3,198,86,"2021-09-30 02:47:53",A202,9653f952-2137-469f-a020-618fd5744ff7
227646,29,22.8,334,114,"2021-09-30 03:06:51",A203,9653f952-2137-469f-a020-618fd5744ff7
227658,27,24.1,210,86,"2021-09-30 03:17:10",A201,9653f952-2137-469f-a020-618fd5744ff7
227660,28,23.2,200,86,"2021-09-30 03:18:10",A202,9653f952-2137-469f-a020-618fd5744ff7
227675,29,22.7,334,114,"2021-09-30 03:36:56",A203,9653f952-2137-469f-a020-618fd5744ff7
227686,27,24,211,86,"2021-09-30 03:47:23",A201,9653f952-2137-469f-a020-618fd5744ff7
227687,28,23,198,86,"2021-09-30 03:48:29",A202,9653f952-2137-469f-a020-618fd5744ff7
227704,29,22.6,334,114,"2021-09-30 04:07:02",A203,9653f952-2137-469f-a020-618fd5744ff7
227716,27,23.8,211,86,"2021-09-30 04:17:37",A201,9653f952-2137-469f-a020-618fd5744ff7
227717,28,22.9,198,86,"2021-09-30 04:18:46",A202,9653f952-2137-469f-a020-618fd5744ff7
227733,29,22.5,333,107,"2021-09-30 04:37:07",A203,9653f952-2137-469f-a020-618fd5744ff7
227745,27,23.7,211,93,"2021-09-30 04:47:53",A201,9653f952-2137-469f-a020-618fd5744ff7
227746,28,22.7,199,93,"2021-09-30 04:49:04",A202,9653f952-2137-469f-a020-618fd5744ff7
227762,29,22.4,333,107,"2021-09-30 05:07:14",A203,9653f952-2137-469f-a020-618fd5744ff7
227774,27,23.6,210,93,"2021-09-30 05:18:09",A201,9653f952-2137-469f-a020-618fd5744ff7
227775,28,22.6,194,93,"2021-09-30 05:19:24",A202,9653f952-2137-469f-a020-618fd5744ff7
227791,29,22.3,333,107,"2021-09-30 05:37:22",A203,9653f952-2137-469f-a020-618fd5744ff7
227803,27,23.5,210,93,"2021-09-30 05:48:25",A201,9653f952-2137-469f-a020-618fd5744ff7
227804,28,22.6,196,93,"2021-09-30 05:49:44",A202,9653f952-2137-469f-a020-618fd5744ff7
227820,29,22.3,330,107,"2021-09-30 06:07:32",A203,9653f952-2137-469f-a020-618fd5744ff7
227832,27,23.4,209,93,"2021-09-30 06:18:42",A201,9653f952-2137-469f-a020-618fd5744ff7
227833,28,22.6,194,93,"2021-09-30 06:20:09",A202,9653f952-2137-469f-a020-618fd5744ff7
227852,29,22.4,330,107,"2021-09-30 06:37:46",A203,9653f952-2137-469f-a020-618fd5744ff7
227864,27,23.4,209,93,"2021-09-30 06:49:01",A201,9653f952-2137-469f-a020-618fd5744ff7
227866,28,22.8,192,93,"2021-09-30 06:50:33",A202,9653f952-2137-469f-a020-618fd5744ff7
227883,29,22.5,330,107,"2021-09-30 07:08:00",A203,9653f952-2137-469f-a020-618fd5744ff7
227895,27,23.4,209,93,"2021-09-30 07:19:23",A201,9653f952-2137-469f-a020-618fd5744ff7
227897,28,23,193,93,"2021-09-30 07:21:02",A202,9653f952-2137-469f-a020-618fd5744ff7
227926,27,23.4,210,100,"2021-09-30 07:49:44",A201,9653f952-2137-469f-a020-618fd5744ff7
227927,28,23.3,196,100,"2021-09-30 07:51:32",A202,9653f952-2137-469f-a020-618fd5744ff7
227944,29,23,329,100,"2021-09-30 08:08:35",A203,9653f952-2137-469f-a020-618fd5744ff7
227954,27,23.5,210,100,"2021-09-30 08:20:06",A201,9653f952-2137-469f-a020-618fd5744ff7
227956,28,23.8,196,100,"2021-09-30 08:22:05",A202,9653f952-2137-469f-a020-618fd5744ff7
227973,29,23.5,328,100,"2021-09-30 08:38:57",A203,9653f952-2137-469f-a020-618fd5744ff7
227985,27,23.6,210,100,"2021-09-30 08:50:28",A201,9653f952-2137-469f-a020-618fd5744ff7
227987,28,24.3,193,100,"2021-09-30 08:52:41",A202,9653f952-2137-469f-a020-618fd5744ff7
228005,29,23.9,329,100,"2021-09-30 09:09:16",A203,9653f952-2137-469f-a020-618fd5744ff7
228017,26,23.9,209,93,"2021-09-30 09:20:49",A201,9653f952-2137-469f-a020-618fd5744ff7
228019,28,24.8,193,86,"2021-09-30 09:23:07",A202,9653f952-2137-469f-a020-618fd5744ff7
228035,29,24.3,326,114,"2021-09-30 09:39:31",A203,9653f952-2137-469f-a020-618fd5744ff7
228048,26,24.1,209,86,"2021-09-30 09:51:09",A201,9653f952-2137-469f-a020-618fd5744ff7
228050,28,25.2,196,86,"2021-09-30 09:53:30",A202,9653f952-2137-469f-a020-618fd5744ff7
228067,29,24.42,329,107,"2021-09-30 10:09:38",A203,9653f952-2137-469f-a020-618fd5744ff7
228080,26,24.3,209,86,"2021-09-30 10:21:24",A201,9653f952-2137-469f-a020-618fd5744ff7
228082,28,25.2,196,86,"2021-09-30 10:23:52",A202,9653f952-2137-469f-a020-618fd5744ff7
228098,29,24.4,331,107,"2021-09-30 10:39:48",A203,9653f952-2137-469f-a020-618fd5744ff7
228110,26,24.4,208,93,"2021-09-30 10:51:41",A201,9653f952-2137-469f-a020-618fd5744ff7
228112,28,25,196,93,"2021-09-30 10:54:14",A202,9653f952-2137-469f-a020-618fd5744ff7
228129,29,24.3,332,107,"2021-09-30 11:09:57",A203,9653f952-2137-469f-a020-618fd5744ff7
228142,28,24.9,197,93,"2021-09-30 11:24:38",A202,9653f952-2137-469f-a020-618fd5744ff7
228158,29,24.3,331,107,"2021-09-30 11:40:08",A203,9653f952-2137-469f-a020-618fd5744ff7
228170,26,24.5,210,100,"2021-09-30 11:52:17",A201,9653f952-2137-469f-a020-618fd5744ff7
228172,28,24.8,197,100,"2021-09-30 11:55:02",A202,9653f952-2137-469f-a020-618fd5744ff7
228190,29,24.2,331,107,"2021-09-30 12:10:23",A203,9653f952-2137-469f-a020-618fd5744ff7
228201,26,24.5,210,100,"2021-09-30 12:22:38",A201,9653f952-2137-469f-a020-618fd5744ff7
228203,28,24.8,195,100,"2021-09-30 12:25:27",A202,9653f952-2137-469f-a020-618fd5744ff7
228219,29,24.2,332,107,"2021-09-30 12:40:38",A203,9653f952-2137-469f-a020-618fd5744ff7
228231,26,24.5,210,100,"2021-09-30 12:52:54",A201,9653f952-2137-469f-a020-618fd5744ff7
228233,28,24.8,196,100,"2021-09-30 12:55:54",A202,9653f952-2137-469f-a020-618fd5744ff7
228251,29,24.2,325,107,"2021-09-30 13:10:49",A203,9653f952-2137-469f-a020-618fd5744ff7
228260,26,24.5,210,100,"2021-09-30 13:23:13",A201,9653f952-2137-469f-a020-618fd5744ff7
228263,28,24.9,197,100,"2021-09-30 13:26:19",A202,9653f952-2137-469f-a020-618fd5744ff7
228281,29,24.2,324,107,"2021-09-30 13:41:05",A203,9653f952-2137-469f-a020-618fd5744ff7
228291,26,24.6,209,100,"2021-09-30 13:53:32",A201,9653f952-2137-469f-a020-618fd5744ff7
228294,28,24.9,196,100,"2021-09-30 13:56:45",A202,9653f952-2137-469f-a020-618fd5744ff7
228311,29,24.2,323,107,"2021-09-30 14:11:16",A203,9653f952-2137-469f-a020-618fd5744ff7
228320,26,24.6,209,93,"2021-09-30 14:23:50",A201,9653f952-2137-469f-a020-618fd5744ff7
228323,28,24.9,197,93,"2021-09-30 14:27:11",A202,9653f952-2137-469f-a020-618fd5744ff7
228340,29,24.2,324,107,"2021-09-30 14:41:31",A203,9653f952-2137-469f-a020-618fd5744ff7
228348,26,24.6,209,86,"2021-09-30 14:54:09",A201,9653f952-2137-469f-a020-618fd5744ff7
228351,28,24.9,197,86,"2021-09-30 14:57:36",A202,9653f952-2137-469f-a020-618fd5744ff7
228367,29,24.2,323,107,"2021-09-30 15:11:45",A203,9653f952-2137-469f-a020-618fd5744ff7
228380,26,24.6,210,86,"2021-09-30 15:26:26",A201,9653f952-2137-469f-a020-618fd5744ff7
228381,28,24.9,197,86,"2021-09-30 15:27:59",A202,9653f952-2137-469f-a020-618fd5744ff7
228397,29,24.1,327,107,"2021-09-30 15:43:42",A203,9653f952-2137-469f-a020-618fd5744ff7
228409,26,24.6,209,86,"2021-09-30 15:56:48",A201,9653f952-2137-469f-a020-618fd5744ff7
228410,28,24.8,197,86,"2021-09-30 15:58:21",A202,9653f952-2137-469f-a020-618fd5744ff7
228427,29,24.1,327,107,"2021-09-30 16:14:02",A203,9653f952-2137-469f-a020-618fd5744ff7
228439,26,24.6,209,86,"2021-09-30 16:27:11",A201,9653f952-2137-469f-a020-618fd5744ff7
228440,28,24.6,196,86,"2021-09-30 16:28:43",A202,9653f952-2137-469f-a020-618fd5744ff7
228458,29,23.9,330,107,"2021-09-30 16:44:22",A203,9653f952-2137-469f-a020-618fd5744ff7
228470,26,24.58,208,86,"2021-09-30 16:57:31",A201,9653f952-2137-469f-a020-618fd5744ff7
228471,28,24.5,194,86,"2021-09-30 16:59:04",A202,9653f952-2137-469f-a020-618fd5744ff7
228488,29,23.8,329,107,"2021-09-30 17:14:40",A203,9653f952-2137-469f-a020-618fd5744ff7
228499,26,24.5,207,86,"2021-09-30 17:27:52",A201,9653f952-2137-469f-a020-618fd5744ff7
228500,28,24.3,191,86,"2021-09-30 17:29:24",A202,9653f952-2137-469f-a020-618fd5744ff7
228516,29,23.7,327,107,"2021-09-30 17:44:57",A203,9653f952-2137-469f-a020-618fd5744ff7
228526,26,24.4,209,86,"2021-09-30 17:58:13",A201,9653f952-2137-469f-a020-618fd5744ff7
228527,28,24.1,196,86,"2021-09-30 17:59:43",A202,9653f952-2137-469f-a020-618fd5744ff7
228543,29,23.6,328,107,"2021-09-30 18:15:15",A203,9653f952-2137-469f-a020-618fd5744ff7
228555,26,24.3,209,86,"2021-09-30 18:28:34",A201,9653f952-2137-469f-a020-618fd5744ff7
228557,28,23.9,197,86,"2021-09-30 18:30:03",A202,9653f952-2137-469f-a020-618fd5744ff7
228573,29,23.4,328,107,"2021-09-30 18:45:32",A203,9653f952-2137-469f-a020-618fd5744ff7
228584,26,24.2,208,86,"2021-09-30 18:58:56",A201,9653f952-2137-469f-a020-618fd5744ff7
228586,28,23.8,196,86,"2021-09-30 19:00:22",A202,9653f952-2137-469f-a020-618fd5744ff7
228601,29,23.3,328,107,"2021-09-30 19:15:49",A203,9653f952-2137-469f-a020-618fd5744ff7
228612,26,24.1,208,86,"2021-09-30 19:29:14",A201,9653f952-2137-469f-a020-618fd5744ff7
228614,28,23.6,196,86,"2021-09-30 19:30:42",A202,9653f952-2137-469f-a020-618fd5744ff7
228628,29,23.2,328,114,"2021-09-30 19:46:05",A203,9653f952-2137-469f-a020-618fd5744ff7
228639,26,24,208,86,"2021-09-30 19:59:35",A201,9653f952-2137-469f-a020-618fd5744ff7
228641,28,23.4,194,86,"2021-09-30 20:00:59",A202,9653f952-2137-469f-a020-618fd5744ff7
228656,29,23,327,114,"2021-09-30 20:16:22",A203,9653f952-2137-469f-a020-618fd5744ff7
228667,26,23.9,208,86,"2021-09-30 20:29:54",A201,9653f952-2137-469f-a020-618fd5744ff7
228669,28,23.2,191,86,"2021-09-30 20:31:17",A202,9653f952-2137-469f-a020-618fd5744ff7
228683,29,22.9,327,114,"2021-09-30 20:46:37",A203,9653f952-2137-469f-a020-618fd5744ff7
228695,26,23.8,207,86,"2021-09-30 21:00:15",A201,9653f952-2137-469f-a020-618fd5744ff7
228697,28,23.1,191,86,"2021-09-30 21:01:37",A202,9653f952-2137-469f-a020-618fd5744ff7
228711,29,22.7,327,114,"2021-09-30 21:16:55",A203,9653f952-2137-469f-a020-618fd5744ff7
228722,26,23.6,204,86,"2021-09-30 21:30:33",A201,9653f952-2137-469f-a020-618fd5744ff7
228724,28,22.9,194,86,"2021-09-30 21:31:55",A202,9653f952-2137-469f-a020-618fd5744ff7
228737,29,22.6,326,114,"2021-09-30 21:47:11",A203,9653f952-2137-469f-a020-618fd5744ff7
228749,26,23.5,207,86,"2021-09-30 22:00:54",A201,9653f952-2137-469f-a020-618fd5744ff7
228751,28,22.8,196,86,"2021-09-30 22:02:11",A202,9653f952-2137-469f-a020-618fd5744ff7
228765,29,22.5,326,114,"2021-09-30 22:17:25",A203,9653f952-2137-469f-a020-618fd5744ff7
228778,26,23.4,207,86,"2021-09-30 22:31:14",A201,9653f952-2137-469f-a020-618fd5744ff7
228780,28,22.6,196,86,"2021-09-30 22:32:41",A202,9653f952-2137-469f-a020-618fd5744ff7
228794,29,22.4,324,114,"2021-09-30 22:47:41",A203,9653f952-2137-469f-a020-618fd5744ff7
228807,26,23.3,207,86,"2021-09-30 23:01:34",A201,9653f952-2137-469f-a020-618fd5744ff7
228809,28,22.6,196,86,"2021-09-30 23:02:51",A202,9653f952-2137-469f-a020-618fd5744ff7
228822,29,22.2,326,114,"2021-09-30 23:17:56",A203,9653f952-2137-469f-a020-618fd5744ff7
228834,26,23.2,208,86,"2021-09-30 23:31:53",A201,9653f952-2137-469f-a020-618fd5744ff7
228836,28,22.3,195,86,"2021-09-30 23:33:06",A202,9653f952-2137-469f-a020-618fd5744ff7
228849,29,22.1,325,114,"2021-09-30 23:48:11",A203,9653f952-2137-469f-a020-618fd5744ff7
228862,26,23.1,207,86,"2021-10-01 00:02:10",A201,9653f952-2137-469f-a020-618fd5744ff7
228863,28,22.2,194,86,"2021-10-01 00:03:21",A202,9653f952-2137-469f-a020-618fd5744ff7
228876,29,22.1,325,114,"2021-10-01 00:18:25",A203,9653f952-2137-469f-a020-618fd5744ff7
228889,26,23,207,86,"2021-10-01 00:32:30",A201,9653f952-2137-469f-a020-618fd5744ff7
228891,28,22.1,191,86,"2021-10-01 00:33:37",A202,9653f952-2137-469f-a020-618fd5744ff7
228904,29,22,324,114,"2021-10-01 00:48:41",A203,9653f952-2137-469f-a020-618fd5744ff7
228920,28,22,191,86,"2021-10-01 01:03:58",A202,9653f952-2137-469f-a020-618fd5744ff7
228934,29,21.9,324,114,"2021-10-01 01:18:57",A203,9653f952-2137-469f-a020-618fd5744ff7
228947,26,22.8,203,86,"2021-10-01 01:33:09",A201,9653f952-2137-469f-a020-618fd5744ff7
228948,28,21.9,191,86,"2021-10-01 01:34:13",A202,9653f952-2137-469f-a020-618fd5744ff7
228961,29,21.8,324,114,"2021-10-01 01:49:11",A203,9653f952-2137-469f-a020-618fd5744ff7
228975,26,22.7,204,86,"2021-10-01 02:03:27",A201,9653f952-2137-469f-a020-618fd5744ff7
228977,28,21.8,194,86,"2021-10-01 02:04:37",A202,9653f952-2137-469f-a020-618fd5744ff7
228988,29,21.8,325,114,"2021-10-01 02:19:25",A203,9653f952-2137-469f-a020-618fd5744ff7
229002,26,22.6,206,86,"2021-10-01 02:33:46",A201,9653f952-2137-469f-a020-618fd5744ff7
229004,28,21.7,195,86,"2021-10-01 02:34:54",A202,9653f952-2137-469f-a020-618fd5744ff7
229016,29,21.7,323,114,"2021-10-01 02:49:39",A203,9653f952-2137-469f-a020-618fd5744ff7
229030,26,22.5,206,86,"2021-10-01 03:04:06",A201,9653f952-2137-469f-a020-618fd5744ff7
229042,29,21.6,324,114,"2021-10-01 03:19:53",A203,9653f952-2137-469f-a020-618fd5744ff7
229057,26,22.4,205,86,"2021-10-01 03:34:25",A201,9653f952-2137-469f-a020-618fd5744ff7
229059,28,21.5,194,86,"2021-10-01 03:35:23",A202,9653f952-2137-469f-a020-618fd5744ff7
229070,29,21.5,326,114,"2021-10-01 03:50:07",A203,9653f952-2137-469f-a020-618fd5744ff7
229084,26,22.3,205,86,"2021-10-01 04:04:42",A201,9653f952-2137-469f-a020-618fd5744ff7
229085,28,21.4,195,86,"2021-10-01 04:05:37",A202,9653f952-2137-469f-a020-618fd5744ff7
229097,29,21.4,322,114,"2021-10-01 04:20:21",A203,9653f952-2137-469f-a020-618fd5744ff7
229109,26,22.2,204,86,"2021-10-01 04:35:02",A201,9653f952-2137-469f-a020-618fd5744ff7
229110,28,21.3,195,86,"2021-10-01 04:35:52",A202,9653f952-2137-469f-a020-618fd5744ff7
229124,29,21.3,320,114,"2021-10-01 04:50:36",A203,9653f952-2137-469f-a020-618fd5744ff7
229138,26,22.2,205,86,"2021-10-01 05:05:21",A201,9653f952-2137-469f-a020-618fd5744ff7
229139,28,21.2,194,86,"2021-10-01 05:06:08",A202,9653f952-2137-469f-a020-618fd5744ff7
229153,29,21.3,323,107,"2021-10-01 05:20:50",A203,9653f952-2137-469f-a020-618fd5744ff7
229168,26,22.1,205,93,"2021-10-01 05:35:41",A201,9653f952-2137-469f-a020-618fd5744ff7
229169,28,21.2,191,93,"2021-10-01 05:36:26",A202,9653f952-2137-469f-a020-618fd5744ff7
229183,29,21.3,324,107,"2021-10-01 05:51:08",A203,9653f952-2137-469f-a020-618fd5744ff7
229199,26,22,203,93,"2021-10-01 06:06:01",A201,9653f952-2137-469f-a020-618fd5744ff7
229200,28,21.2,193,93,"2021-10-01 06:06:49",A202,9653f952-2137-469f-a020-618fd5744ff7
229213,29,21.3,323,107,"2021-10-01 06:21:31",A203,9653f952-2137-469f-a020-618fd5744ff7
229227,26,22,203,93,"2021-10-01 06:36:26",A201,9653f952-2137-469f-a020-618fd5744ff7
229229,28,21.4,192,93,"2021-10-01 06:37:12",A202,9653f952-2137-469f-a020-618fd5744ff7
229241,29,21.4,322,107,"2021-10-01 06:51:49",A203,9653f952-2137-469f-a020-618fd5744ff7
229256,26,22,204,93,"2021-10-01 07:06:49",A201,9653f952-2137-469f-a020-618fd5744ff7
229258,28,21.6,192,93,"2021-10-01 07:07:36",A202,9653f952-2137-469f-a020-618fd5744ff7
229271,29,21.5,322,107,"2021-10-01 07:22:14",A203,9653f952-2137-469f-a020-618fd5744ff7
229284,26,22.1,203,93,"2021-10-01 07:37:13",A201,9653f952-2137-469f-a020-618fd5744ff7
229286,28,21.9,192,93,"2021-10-01 07:38:06",A202,9653f952-2137-469f-a020-618fd5744ff7
229301,32,21.9,374,107,"2021-10-01 07:52:37",A203,9653f952-2137-469f-a020-618fd5744ff7
229313,26,22.2,204,100,"2021-10-01 08:07:37",A201,9653f952-2137-469f-a020-618fd5744ff7
229317,28,22.3,192,93,"2021-10-01 08:08:34",A202,9653f952-2137-469f-a020-618fd5744ff7
229331,31,22.2,366,107,"2021-10-01 08:23:01",A203,9653f952-2137-469f-a020-618fd5744ff7
229343,26,22.3,204,100,"2021-10-01 08:38:05",A201,9653f952-2137-469f-a020-618fd5744ff7
229348,28,22.7,187,100,"2021-10-01 08:40:19",A202,9653f952-2137-469f-a020-618fd5744ff7
229361,31,22.5,357,100,"2021-10-01 08:53:29",A203,9653f952-2137-469f-a020-618fd5744ff7
229373,26,22.5,201,100,"2021-10-01 09:08:34",A201,9653f952-2137-469f-a020-618fd5744ff7
229378,28,23.4,187,100,"2021-10-01 09:10:42",A202,9653f952-2137-469f-a020-618fd5744ff7
229389,31,23,355,100,"2021-10-01 09:23:58",A203,9653f952-2137-469f-a020-618fd5744ff7
229400,26,22.8,204,100,"2021-10-01 09:39:02",A201,9653f952-2137-469f-a020-618fd5744ff7
229404,27,24.1,189,100,"2021-10-01 09:41:07",A202,9653f952-2137-469f-a020-618fd5744ff7
229418,31,23.4,352,100,"2021-10-01 09:54:26",A203,9653f952-2137-469f-a020-618fd5744ff7
229430,26,23.2,202,100,"2021-10-01 10:09:28",A201,9653f952-2137-469f-a020-618fd5744ff7
229434,27,24.9,184,100,"2021-10-01 10:11:31",A202,9653f952-2137-469f-a020-618fd5744ff7
229447,31,23.9,352,100,"2021-10-01 10:24:57",A203,9653f952-2137-469f-a020-618fd5744ff7
229459,26,23.6,204,100,"2021-10-01 10:39:55",A201,9653f952-2137-469f-a020-618fd5744ff7
229463,27,25.56,189,100,"2021-10-01 10:41:56",A202,9653f952-2137-469f-a020-618fd5744ff7
229477,31,24.3,351,100,"2021-10-01 10:55:26",A203,9653f952-2137-469f-a020-618fd5744ff7
229489,26,24,201,100,"2021-10-01 11:10:24",A201,9653f952-2137-469f-a020-618fd5744ff7
229493,27,26.2,184,100,"2021-10-01 11:12:22",A202,9653f952-2137-469f-a020-618fd5744ff7
229506,31,24.7,350,100,"2021-10-01 11:25:56",A203,9653f952-2137-469f-a020-618fd5744ff7
229518,26,24.4,203,100,"2021-10-01 11:40:54",A201,9653f952-2137-469f-a020-618fd5744ff7
229522,27,26.8,188,100,"2021-10-01 11:42:47",A202,9653f952-2137-469f-a020-618fd5744ff7
229536,30,25,351,100,"2021-10-01 11:56:36",A203,9653f952-2137-469f-a020-618fd5744ff7
229563,30,25.2,351,100,"2021-10-01 12:26:54",A203,9653f952-2137-469f-a020-618fd5744ff7
229575,26,25.2,205,100,"2021-10-01 12:41:46",A201,9653f952-2137-469f-a020-618fd5744ff7
229579,29,27.4,216,100,"2021-10-01 12:43:28",A202,9653f952-2137-469f-a020-618fd5744ff7
229593,30,25.4,350,100,"2021-10-01 12:57:25",A203,9653f952-2137-469f-a020-618fd5744ff7
229605,26,25.5,206,93,"2021-10-01 13:12:17",A201,9653f952-2137-469f-a020-618fd5744ff7
229608,29,27.3,214,93,"2021-10-01 13:13:52",A202,9653f952-2137-469f-a020-618fd5744ff7
229622,30,25.4,348,100,"2021-10-01 13:27:55",A203,9653f952-2137-469f-a020-618fd5744ff7
229635,26,25.7,207,93,"2021-10-01 13:42:40",A201,9653f952-2137-469f-a020-618fd5744ff7
229637,29,27.2,212,100,"2021-10-01 13:44:16",A202,9653f952-2137-469f-a020-618fd5744ff7
229651,30,25.4,351,100,"2021-10-01 13:58:21",A203,9653f952-2137-469f-a020-618fd5744ff7
229664,26,25.8,206,93,"2021-10-01 14:13:07",A201,9653f952-2137-469f-a020-618fd5744ff7
229666,29,27,212,100,"2021-10-01 14:14:39",A202,9653f952-2137-469f-a020-618fd5744ff7
229681,30,25.4,349,100,"2021-10-01 14:28:56",A203,9653f952-2137-469f-a020-618fd5744ff7
229693,26,25.9,206,86,"2021-10-01 14:43:36",A201,9653f952-2137-469f-a020-618fd5744ff7
229695,29,26.9,215,86,"2021-10-01 14:45:06",A202,9653f952-2137-469f-a020-618fd5744ff7
229710,30,25.4,349,100,"2021-10-01 14:59:22",A203,9653f952-2137-469f-a020-618fd5744ff7
229723,26,26,207,86,"2021-10-01 15:14:04",A201,9653f952-2137-469f-a020-618fd5744ff7
229725,29,26.8,215,86,"2021-10-01 15:15:27",A202,9653f952-2137-469f-a020-618fd5744ff7
229740,30,25.3,346,107,"2021-10-01 15:29:46",A203,9653f952-2137-469f-a020-618fd5744ff7
229752,26,26.1,206,86,"2021-10-01 15:44:28",A201,9653f952-2137-469f-a020-618fd5744ff7
229754,29,26.6,213,86,"2021-10-01 15:45:49",A202,9653f952-2137-469f-a020-618fd5744ff7
229769,30,25.2,344,107,"2021-10-01 16:00:13",A203,9653f952-2137-469f-a020-618fd5744ff7
229781,26,26.1,206,86,"2021-10-01 16:14:52",A201,9653f952-2137-469f-a020-618fd5744ff7
229784,29,26.3,215,86,"2021-10-01 16:16:08",A202,9653f952-2137-469f-a020-618fd5744ff7
229796,30,25,350,107,"2021-10-01 16:30:35",A203,9653f952-2137-469f-a020-618fd5744ff7
229808,26,26.1,206,86,"2021-10-01 16:45:17",A201,9653f952-2137-469f-a020-618fd5744ff7
229811,29,26,214,86,"2021-10-01 16:46:26",A202,9653f952-2137-469f-a020-618fd5744ff7
229825,30,24.8,349,107,"2021-10-01 17:01:00",A203,9653f952-2137-469f-a020-618fd5744ff7
229836,26,26,206,86,"2021-10-01 17:15:41",A201,9653f952-2137-469f-a020-618fd5744ff7
229839,29,25.8,212,86,"2021-10-01 17:16:45",A202,9653f952-2137-469f-a020-618fd5744ff7
229854,30,24.6,349,107,"2021-10-01 17:31:22",A203,9653f952-2137-469f-a020-618fd5744ff7
229864,26,25.9,206,86,"2021-10-01 17:46:04",A201,9653f952-2137-469f-a020-618fd5744ff7
229867,29,25.5,211,86,"2021-10-01 17:47:02",A202,9653f952-2137-469f-a020-618fd5744ff7
229881,30,24.4,347,107,"2021-10-01 18:01:44",A203,9653f952-2137-469f-a020-618fd5744ff7
229893,26,25.8,206,86,"2021-10-01 18:16:27",A201,9653f952-2137-469f-a020-618fd5744ff7
229910,30,24.2,349,107,"2021-10-01 18:32:07",A203,9653f952-2137-469f-a020-618fd5744ff7
229922,26,25.7,205,86,"2021-10-01 18:46:48",A201,9653f952-2137-469f-a020-618fd5744ff7
229925,29,25,212,86,"2021-10-01 18:47:37",A202,9653f952-2137-469f-a020-618fd5744ff7
229939,30,24,348,107,"2021-10-01 19:02:28",A203,9653f952-2137-469f-a020-618fd5744ff7
229950,26,25.6,205,86,"2021-10-01 19:17:11",A201,9653f952-2137-469f-a020-618fd5744ff7
229953,29,24.8,208,86,"2021-10-01 19:17:50",A202,9653f952-2137-469f-a020-618fd5744ff7
229969,30,23.8,346,107,"2021-10-01 19:32:46",A203,9653f952-2137-469f-a020-618fd5744ff7
229980,26,25.5,204,86,"2021-10-01 19:47:33",A201,9653f952-2137-469f-a020-618fd5744ff7
229983,29,24.6,210,86,"2021-10-01 19:48:04",A202,9653f952-2137-469f-a020-618fd5744ff7
229998,30,23.6,347,107,"2021-10-01 20:03:05",A203,9653f952-2137-469f-a020-618fd5744ff7
230008,26,25.4,203,86,"2021-10-01 20:17:54",A201,9653f952-2137-469f-a020-618fd5744ff7
230011,29,24.4,208,86,"2021-10-01 20:18:17",A202,9653f952-2137-469f-a020-618fd5744ff7
230024,30,23.4,343,107,"2021-10-01 20:33:22",A203,9653f952-2137-469f-a020-618fd5744ff7
230036,26,25.3,203,86,"2021-10-01 20:48:15",A201,9653f952-2137-469f-a020-618fd5744ff7
230038,29,24.1,211,86,"2021-10-01 20:48:32",A202,9653f952-2137-469f-a020-618fd5744ff7
230053,30,23.2,345,107,"2021-10-01 21:03:45",A203,9653f952-2137-469f-a020-618fd5744ff7
230064,26,25.1,204,86,"2021-10-01 21:18:38",A201,9653f952-2137-469f-a020-618fd5744ff7
230065,29,23.9,209,86,"2021-10-01 21:18:45",A202,9653f952-2137-469f-a020-618fd5744ff7
230080,30,23.1,345,107,"2021-10-01 21:33:58",A203,9653f952-2137-469f-a020-618fd5744ff7
230092,26,25,204,86,"2021-10-01 21:48:58",A201,9653f952-2137-469f-a020-618fd5744ff7
230093,29,23.7,210,86,"2021-10-01 21:48:59",A202,9653f952-2137-469f-a020-618fd5744ff7
230106,30,22.9,345,107,"2021-10-01 22:04:17",A203,9653f952-2137-469f-a020-618fd5744ff7
230118,29,23.6,208,86,"2021-10-01 22:19:12",A202,9653f952-2137-469f-a020-618fd5744ff7
230119,26,24.9,204,86,"2021-10-01 22:19:20",A201,9653f952-2137-469f-a020-618fd5744ff7
230133,30,22.8,342,107,"2021-10-01 22:34:35",A203,9653f952-2137-469f-a020-618fd5744ff7
230145,29,23.4,210,86,"2021-10-01 22:49:24",A202,9653f952-2137-469f-a020-618fd5744ff7
230146,26,24.7,204,86,"2021-10-01 22:49:41",A201,9653f952-2137-469f-a020-618fd5744ff7
230161,30,22.7,344,107,"2021-10-01 23:04:52",A203,9653f952-2137-469f-a020-618fd5744ff7
230172,29,23.3,209,86,"2021-10-01 23:19:36",A202,9653f952-2137-469f-a020-618fd5744ff7
230175,26,24.6,204,86,"2021-10-01 23:20:01",A201,9653f952-2137-469f-a020-618fd5744ff7
230189,30,22.6,343,107,"2021-10-01 23:35:09",A203,9653f952-2137-469f-a020-618fd5744ff7
230200,29,23.2,207,86,"2021-10-01 23:49:50",A202,9653f952-2137-469f-a020-618fd5744ff7
230203,26,24.5,203,86,"2021-10-01 23:50:23",A201,9653f952-2137-469f-a020-618fd5744ff7
230218,30,22.5,337,107,"2021-10-02 00:05:27",A203,9653f952-2137-469f-a020-618fd5744ff7
230229,29,23,206,86,"2021-10-02 00:20:01",A202,9653f952-2137-469f-a020-618fd5744ff7
230232,26,24.4,201,86,"2021-10-02 00:20:43",A201,9653f952-2137-469f-a020-618fd5744ff7
230248,30,22.4,338,107,"2021-10-02 00:35:45",A203,9653f952-2137-469f-a020-618fd5744ff7
230258,29,22.9,206,86,"2021-10-02 00:50:14",A202,9653f952-2137-469f-a020-618fd5744ff7
230262,26,24.3,202,86,"2021-10-02 00:51:04",A201,9653f952-2137-469f-a020-618fd5744ff7
230278,30,22.3,342,107,"2021-10-02 01:06:01",A203,9653f952-2137-469f-a020-618fd5744ff7
230287,29,22.7,207,86,"2021-10-02 01:20:26",A202,9653f952-2137-469f-a020-618fd5744ff7
230291,26,24.2,203,86,"2021-10-02 01:21:24",A201,9653f952-2137-469f-a020-618fd5744ff7
230306,29,22.2,342,114,"2021-10-02 01:36:18",A203,9653f952-2137-469f-a020-618fd5744ff7
230316,29,22.6,208,86,"2021-10-02 01:50:36",A202,9653f952-2137-469f-a020-618fd5744ff7
230321,26,24.1,203,86,"2021-10-02 01:51:43",A201,9653f952-2137-469f-a020-618fd5744ff7
230335,29,22.1,338,114,"2021-10-02 02:06:35",A203,9653f952-2137-469f-a020-618fd5744ff7
230344,29,22.5,208,86,"2021-10-02 02:20:50",A202,9653f952-2137-469f-a020-618fd5744ff7
230348,26,23.9,202,86,"2021-10-02 02:22:04",A201,9653f952-2137-469f-a020-618fd5744ff7
230361,29,22,337,114,"2021-10-02 02:36:50",A203,9653f952-2137-469f-a020-618fd5744ff7
230371,29,22.3,208,86,"2021-10-02 02:51:02",A202,9653f952-2137-469f-a020-618fd5744ff7
230376,26,23.8,203,86,"2021-10-02 02:52:24",A201,9653f952-2137-469f-a020-618fd5744ff7
230388,29,21.9,340,114,"2021-10-02 03:07:05",A203,9653f952-2137-469f-a020-618fd5744ff7
230399,29,22.2,207,86,"2021-10-02 03:21:10",A202,9653f952-2137-469f-a020-618fd5744ff7
230404,26,23.7,201,86,"2021-10-02 03:22:43",A201,9653f952-2137-469f-a020-618fd5744ff7
230418,29,21.8,340,114,"2021-10-02 03:37:21",A203,9653f952-2137-469f-a020-618fd5744ff7
230428,29,22.1,206,86,"2021-10-02 03:51:21",A202,9653f952-2137-469f-a020-618fd5744ff7
230433,26,23.6,199,86,"2021-10-02 03:53:02",A201,9653f952-2137-469f-a020-618fd5744ff7
230446,29,21.7,339,114,"2021-10-02 04:07:39",A203,9653f952-2137-469f-a020-618fd5744ff7
230456,29,22,206,86,"2021-10-02 04:21:32",A202,9653f952-2137-469f-a020-618fd5744ff7
230461,26,23.5,201,86,"2021-10-02 04:23:24",A201,9653f952-2137-469f-a020-618fd5744ff7
230472,29,21.6,337,107,"2021-10-02 04:37:51",A203,9653f952-2137-469f-a020-618fd5744ff7
230481,29,21.9,205,86,"2021-10-02 04:51:45",A202,9653f952-2137-469f-a020-618fd5744ff7
230488,26,23.4,200,86,"2021-10-02 04:53:42",A201,9653f952-2137-469f-a020-618fd5744ff7
230498,29,21.5,338,107,"2021-10-02 05:08:06",A203,9653f952-2137-469f-a020-618fd5744ff7
230508,29,21.8,204,86,"2021-10-02 05:21:56",A202,9653f952-2137-469f-a020-618fd5744ff7
230514,26,23.3,201,93,"2021-10-02 05:24:03",A201,9653f952-2137-469f-a020-618fd5744ff7
230528,29,21.4,339,107,"2021-10-02 05:38:24",A203,9653f952-2137-469f-a020-618fd5744ff7
230538,29,21.7,206,93,"2021-10-02 05:52:13",A202,9653f952-2137-469f-a020-618fd5744ff7
230544,26,23.2,201,93,"2021-10-02 05:54:23",A201,9653f952-2137-469f-a020-618fd5744ff7
230555,29,21.4,339,107,"2021-10-02 06:08:42",A203,9653f952-2137-469f-a020-618fd5744ff7
230565,29,21.8,206,93,"2021-10-02 06:22:25",A202,9653f952-2137-469f-a020-618fd5744ff7
230571,26,23.1,199,93,"2021-10-02 06:24:47",A201,9653f952-2137-469f-a020-618fd5744ff7
230580,29,21.5,337,107,"2021-10-02 06:39:04",A203,9653f952-2137-469f-a020-618fd5744ff7
230592,29,21.9,206,93,"2021-10-02 06:52:43",A202,9653f952-2137-469f-a020-618fd5744ff7
230598,26,23.1,199,93,"2021-10-02 06:55:11",A201,9653f952-2137-469f-a020-618fd5744ff7
230608,29,21.6,336,107,"2021-10-02 07:09:26",A203,9653f952-2137-469f-a020-618fd5744ff7
230621,29,22,204,93,"2021-10-02 07:23:04",A202,9653f952-2137-469f-a020-618fd5744ff7
230626,26,23.1,200,93,"2021-10-02 07:25:32",A201,9653f952-2137-469f-a020-618fd5744ff7
230638,29,21.7,337,107,"2021-10-02 07:39:50",A203,9653f952-2137-469f-a020-618fd5744ff7
230649,29,22.2,202,93,"2021-10-02 07:53:22",A202,9653f952-2137-469f-a020-618fd5744ff7
230653,26,23.1,206,93,"2021-10-02 07:55:58",A201,9653f952-2137-469f-a020-618fd5744ff7
230663,29,21.96,332,107,"2021-10-02 08:10:16",A203,9653f952-2137-469f-a020-618fd5744ff7
230679,29,23.2,282,100,"2021-10-02 08:26:21",A201,9653f952-2137-469f-a020-618fd5744ff7
230718,29,22.6,333,107,"2021-10-02 09:11:12",A203,9653f952-2137-469f-a020-618fd5744ff7
230730,29,23.4,201,100,"2021-10-02 09:24:33",A202,9653f952-2137-469f-a020-618fd5744ff7
230734,29,23.5,273,100,"2021-10-02 09:27:13",A201,9653f952-2137-469f-a020-618fd5744ff7
230746,29,23,332,100,"2021-10-02 09:41:42",A203,9653f952-2137-469f-a020-618fd5744ff7
230758,29,23.9,202,100,"2021-10-02 09:54:59",A202,9653f952-2137-469f-a020-618fd5744ff7
230762,28,23.7,272,100,"2021-10-02 09:57:42",A201,9653f952-2137-469f-a020-618fd5744ff7
230773,29,23.4,331,100,"2021-10-02 10:12:11",A203,9653f952-2137-469f-a020-618fd5744ff7
230785,29,24.4,200,100,"2021-10-02 10:25:23",A202,9653f952-2137-469f-a020-618fd5744ff7
230789,28,23.9,269,100,"2021-10-02 10:28:09",A201,9653f952-2137-469f-a020-618fd5744ff7
230813,29,24.9,199,100,"2021-10-02 10:55:57",A202,9653f952-2137-469f-a020-618fd5744ff7
230817,28,24.2,272,100,"2021-10-02 10:58:36",A201,9653f952-2137-469f-a020-618fd5744ff7
230840,28,25.4,200,100,"2021-10-02 11:26:17",A202,9653f952-2137-469f-a020-618fd5744ff7
230844,28,24.5,274,100,"2021-10-02 11:29:07",A201,9653f952-2137-469f-a020-618fd5744ff7
230853,29,24.8,331,100,"2021-10-02 11:43:46",A203,9653f952-2137-469f-a020-618fd5744ff7
230866,28,25.9,197,100,"2021-10-02 11:56:43",A202,9653f952-2137-469f-a020-618fd5744ff7
230869,28,24.8,274,100,"2021-10-02 11:59:33",A201,9653f952-2137-469f-a020-618fd5744ff7
230879,29,25.2,331,107,"2021-10-02 12:14:15",A203,9653f952-2137-469f-a020-618fd5744ff7
230893,28,26.1,199,100,"2021-10-02 12:27:05",A202,9653f952-2137-469f-a020-618fd5744ff7
230907,29,25.4,335,100,"2021-10-02 12:44:46",A203,9653f952-2137-469f-a020-618fd5744ff7
230920,28,26.2,199,100,"2021-10-02 12:57:29",A202,9653f952-2137-469f-a020-618fd5744ff7
230922,28,25.4,267,100,"2021-10-02 13:00:26",A201,9653f952-2137-469f-a020-618fd5744ff7
230934,29,25.6,332,100,"2021-10-02 13:15:18",A203,9653f952-2137-469f-a020-618fd5744ff7
230947,28,26.4,199,100,"2021-10-02 13:27:57",A202,9653f952-2137-469f-a020-618fd5744ff7
230949,28,25.6,267,100,"2021-10-02 13:30:56",A201,9653f952-2137-469f-a020-618fd5744ff7
230962,29,25.9,331,100,"2021-10-02 13:45:52",A203,9653f952-2137-469f-a020-618fd5744ff7
230975,28,26.6,200,100,"2021-10-02 13:58:25",A202,9653f952-2137-469f-a020-618fd5744ff7
230978,28,25.8,269,100,"2021-10-02 14:01:23",A201,9653f952-2137-469f-a020-618fd5744ff7
230990,29,26.1,334,100,"2021-10-02 14:16:22",A203,9653f952-2137-469f-a020-618fd5744ff7
231005,28,26.8,199,93,"2021-10-02 14:28:53",A202,9653f952-2137-469f-a020-618fd5744ff7
231006,28,25.9,268,93,"2021-10-02 14:31:52",A201,9653f952-2137-469f-a020-618fd5744ff7
231017,29,26.3,333,100,"2021-10-02 14:46:56",A203,9653f952-2137-469f-a020-618fd5744ff7
231031,28,26.8,200,86,"2021-10-02 14:59:15",A202,9653f952-2137-469f-a020-618fd5744ff7
231033,28,26.1,268,86,"2021-10-02 15:02:19",A201,9653f952-2137-469f-a020-618fd5744ff7
231045,29,26.3,334,107,"2021-10-02 15:17:20",A203,9653f952-2137-469f-a020-618fd5744ff7
231059,28,26.6,200,86,"2021-10-02 15:29:36",A202,9653f952-2137-469f-a020-618fd5744ff7
231061,28,26.2,265,86,"2021-10-02 15:32:43",A201,9653f952-2137-469f-a020-618fd5744ff7
231074,29,26.1,337,107,"2021-10-02 15:47:43",A203,9653f952-2137-469f-a020-618fd5744ff7
231086,28,26.4,201,86,"2021-10-02 15:59:52",A202,9653f952-2137-469f-a020-618fd5744ff7
231088,28,26.2,264,86,"2021-10-02 16:03:07",A201,9653f952-2137-469f-a020-618fd5744ff7
231101,29,25.9,337,107,"2021-10-02 16:18:06",A203,9653f952-2137-469f-a020-618fd5744ff7
231113,28,26.1,200,86,"2021-10-02 16:30:11",A202,9653f952-2137-469f-a020-618fd5744ff7
231115,28,26.1,265,86,"2021-10-02 16:33:31",A201,9653f952-2137-469f-a020-618fd5744ff7
231127,29,25.7,339,107,"2021-10-02 16:48:25",A203,9653f952-2137-469f-a020-618fd5744ff7
231140,28,25.8,200,86,"2021-10-02 17:00:26",A202,9653f952-2137-469f-a020-618fd5744ff7
231142,28,26.1,265,86,"2021-10-02 17:03:52",A201,9653f952-2137-469f-a020-618fd5744ff7
231154,29,25.4,339,107,"2021-10-02 17:18:45",A203,9653f952-2137-469f-a020-618fd5744ff7
231167,28,25.5,199,86,"2021-10-02 17:30:41",A202,9653f952-2137-469f-a020-618fd5744ff7
231169,27,25.9,265,86,"2021-10-02 17:34:14",A201,9653f952-2137-469f-a020-618fd5744ff7
231182,29,25.1,339,107,"2021-10-02 17:49:05",A203,9653f952-2137-469f-a020-618fd5744ff7
231194,28,25.3,202,86,"2021-10-02 18:00:53",A202,9653f952-2137-469f-a020-618fd5744ff7
231199,28,25.8,258,86,"2021-10-02 18:06:28",A201,9653f952-2137-469f-a020-618fd5744ff7
231212,29,24.8,337,107,"2021-10-02 18:20:58",A203,9653f952-2137-469f-a020-618fd5744ff7
231223,28,25,201,86,"2021-10-02 18:31:07",A202,9653f952-2137-469f-a020-618fd5744ff7
231228,27,25.6,262,86,"2021-10-02 18:36:51",A201,9653f952-2137-469f-a020-618fd5744ff7
231238,29,24.6,339,107,"2021-10-02 18:51:18",A203,9653f952-2137-469f-a020-618fd5744ff7
231249,28,24.7,200,86,"2021-10-02 19:01:21",A202,9653f952-2137-469f-a020-618fd5744ff7
231253,27,25.4,262,86,"2021-10-02 19:07:22",A201,9653f952-2137-469f-a020-618fd5744ff7
231266,29,24.4,336,107,"2021-10-02 19:21:42",A203,9653f952-2137-469f-a020-618fd5744ff7
231278,28,24.5,202,86,"2021-10-02 19:31:34",A202,9653f952-2137-469f-a020-618fd5744ff7
231283,27,25.3,257,86,"2021-10-02 19:37:42",A201,9653f952-2137-469f-a020-618fd5744ff7
231295,29,24.3,337,107,"2021-10-02 19:52:04",A203,9653f952-2137-469f-a020-618fd5744ff7
231306,28,24.3,199,86,"2021-10-02 20:01:47",A202,9653f952-2137-469f-a020-618fd5744ff7
231310,27,25.1,260,86,"2021-10-02 20:08:04",A201,9653f952-2137-469f-a020-618fd5744ff7
231321,29,24.1,336,107,"2021-10-02 20:22:31",A203,9653f952-2137-469f-a020-618fd5744ff7
231331,28,24.2,201,86,"2021-10-02 20:32:01",A202,9653f952-2137-469f-a020-618fd5744ff7
231336,27,25,259,86,"2021-10-02 20:38:27",A201,9653f952-2137-469f-a020-618fd5744ff7
231349,29,24,334,107,"2021-10-02 20:52:52",A203,9653f952-2137-469f-a020-618fd5744ff7
231358,28,24,201,86,"2021-10-02 21:02:16",A202,9653f952-2137-469f-a020-618fd5744ff7
231363,27,24.9,259,86,"2021-10-02 21:08:51",A201,9653f952-2137-469f-a020-618fd5744ff7
231375,29,23.9,335,107,"2021-10-02 21:23:12",A203,9653f952-2137-469f-a020-618fd5744ff7
231385,28,23.9,200,86,"2021-10-02 21:32:26",A202,9653f952-2137-469f-a020-618fd5744ff7
231390,27,24.7,254,86,"2021-10-02 21:39:15",A201,9653f952-2137-469f-a020-618fd5744ff7
231401,29,23.7,334,107,"2021-10-02 21:53:35",A203,9653f952-2137-469f-a020-618fd5744ff7
231410,28,23.7,198,86,"2021-10-02 22:02:39",A202,9653f952-2137-469f-a020-618fd5744ff7
231414,27,24.6,257,86,"2021-10-02 22:09:39",A201,9653f952-2137-469f-a020-618fd5744ff7
231427,29,23.6,334,107,"2021-10-02 22:23:58",A203,9653f952-2137-469f-a020-618fd5744ff7
231437,28,23.6,197,86,"2021-10-02 22:32:57",A202,9653f952-2137-469f-a020-618fd5744ff7
231441,27,24.5,256,86,"2021-10-02 22:40:03",A201,9653f952-2137-469f-a020-618fd5744ff7
231455,29,23.5,333,107,"2021-10-02 22:54:20",A203,9653f952-2137-469f-a020-618fd5744ff7
231464,28,23.4,199,86,"2021-10-02 23:03:05",A202,9653f952-2137-469f-a020-618fd5744ff7
231468,27,24.4,256,86,"2021-10-02 23:10:26",A201,9653f952-2137-469f-a020-618fd5744ff7
231482,29,23.3,332,107,"2021-10-02 23:24:42",A203,9653f952-2137-469f-a020-618fd5744ff7
231492,28,23.3,198,86,"2021-10-02 23:33:20",A202,9653f952-2137-469f-a020-618fd5744ff7
231496,27,24.3,255,86,"2021-10-02 23:40:50",A201,9653f952-2137-469f-a020-618fd5744ff7
231508,29,23.2,332,107,"2021-10-02 23:55:06",A203,9653f952-2137-469f-a020-618fd5744ff7
231518,28,23.2,199,86,"2021-10-03 00:03:31",A202,9653f952-2137-469f-a020-618fd5744ff7
231522,27,24.2,253,86,"2021-10-03 00:11:13",A201,9653f952-2137-469f-a020-618fd5744ff7
231535,29,23.2,333,107,"2021-10-03 00:25:27",A203,9653f952-2137-469f-a020-618fd5744ff7
231544,28,23.1,200,86,"2021-10-03 00:33:43",A202,9653f952-2137-469f-a020-618fd5744ff7
231549,27,24.1,255,86,"2021-10-03 00:41:39",A201,9653f952-2137-469f-a020-618fd5744ff7
231561,29,23.1,332,107,"2021-10-03 00:55:49",A203,9653f952-2137-469f-a020-618fd5744ff7
231569,28,23,200,86,"2021-10-03 01:03:58",A202,9653f952-2137-469f-a020-618fd5744ff7
231575,27,24,254,86,"2021-10-03 01:12:02",A201,9653f952-2137-469f-a020-618fd5744ff7
231587,29,23,332,107,"2021-10-03 01:26:12",A203,9653f952-2137-469f-a020-618fd5744ff7
231595,28,22.9,200,86,"2021-10-03 01:34:08",A202,9653f952-2137-469f-a020-618fd5744ff7
231601,27,23.9,255,86,"2021-10-03 01:42:25",A201,9653f952-2137-469f-a020-618fd5744ff7
231613,29,22.9,332,107,"2021-10-03 01:56:33",A203,9653f952-2137-469f-a020-618fd5744ff7
231619,28,22.8,199,86,"2021-10-03 02:04:28",A202,9653f952-2137-469f-a020-618fd5744ff7
231625,27,23.8,254,86,"2021-10-03 02:12:48",A201,9653f952-2137-469f-a020-618fd5744ff7
231637,29,22.8,332,107,"2021-10-03 02:26:53",A203,9653f952-2137-469f-a020-618fd5744ff7
231644,28,22.8,199,86,"2021-10-03 02:34:32",A202,9653f952-2137-469f-a020-618fd5744ff7
231651,27,23.7,254,86,"2021-10-03 02:43:12",A201,9653f952-2137-469f-a020-618fd5744ff7
231663,29,22.7,331,114,"2021-10-03 02:57:15",A203,9653f952-2137-469f-a020-618fd5744ff7
231676,27,23.6,251,86,"2021-10-03 03:13:35",A201,9653f952-2137-469f-a020-618fd5744ff7
231688,29,22.6,332,107,"2021-10-03 03:27:35",A203,9653f952-2137-469f-a020-618fd5744ff7
231701,27,23.5,253,86,"2021-10-03 03:44:00",A201,9653f952-2137-469f-a020-618fd5744ff7
231711,29,22.5,324,107,"2021-10-03 03:57:56",A203,9653f952-2137-469f-a020-618fd5744ff7
231726,27,23.4,252,86,"2021-10-03 04:14:22",A201,9653f952-2137-469f-a020-618fd5744ff7
231737,29,22.4,328,107,"2021-10-03 04:28:17",A203,9653f952-2137-469f-a020-618fd5744ff7
231750,27,23.3,251,86,"2021-10-03 04:44:44",A201,9653f952-2137-469f-a020-618fd5744ff7
231761,29,22.4,331,107,"2021-10-03 04:58:39",A203,9653f952-2137-469f-a020-618fd5744ff7
231768,28,22.3,195,86,"2021-10-03 05:05:31",A202,9653f952-2137-469f-a020-618fd5744ff7
231776,27,23.2,252,86,"2021-10-03 05:15:08",A201,9653f952-2137-469f-a020-618fd5744ff7
231787,29,22.3,331,107,"2021-10-03 05:29:01",A203,9653f952-2137-469f-a020-618fd5744ff7
231793,28,22.2,196,86,"2021-10-03 05:35:45",A202,9653f952-2137-469f-a020-618fd5744ff7
231799,27,23.1,252,93,"2021-10-03 05:45:34",A201,9653f952-2137-469f-a020-618fd5744ff7
231816,28,22.3,196,93,"2021-10-03 06:05:59",A202,9653f952-2137-469f-a020-618fd5744ff7
231823,27,23.1,251,93,"2021-10-03 06:15:59",A201,9653f952-2137-469f-a020-618fd5744ff7
231833,29,22.4,330,107,"2021-10-03 06:29:52",A203,9653f952-2137-469f-a020-618fd5744ff7
231840,28,22.4,195,93,"2021-10-03 06:36:18",A202,9653f952-2137-469f-a020-618fd5744ff7
231848,27,23.1,251,93,"2021-10-03 06:46:27",A201,9653f952-2137-469f-a020-618fd5744ff7
231859,29,22.5,329,107,"2021-10-03 07:00:23",A203,9653f952-2137-469f-a020-618fd5744ff7
231866,28,22.6,195,93,"2021-10-03 07:06:39",A202,9653f952-2137-469f-a020-618fd5744ff7
231873,27,23.1,249,93,"2021-10-03 07:16:53",A201,9653f952-2137-469f-a020-618fd5744ff7
231884,29,22.7,329,107,"2021-10-03 07:30:49",A203,9653f952-2137-469f-a020-618fd5744ff7
231892,28,22.8,193,93,"2021-10-03 07:36:59",A202,9653f952-2137-469f-a020-618fd5744ff7
231900,27,23.2,251,93,"2021-10-03 07:47:21",A201,9653f952-2137-469f-a020-618fd5744ff7
231912,29,22.8,329,107,"2021-10-03 08:01:18",A203,9653f952-2137-469f-a020-618fd5744ff7
231920,28,23,192,93,"2021-10-03 08:07:19",A202,9653f952-2137-469f-a020-618fd5744ff7
231928,27,23.2,251,93,"2021-10-03 08:17:50",A201,9653f952-2137-469f-a020-618fd5744ff7
231937,29,23,328,107,"2021-10-03 08:31:49",A203,9653f952-2137-469f-a020-618fd5744ff7
231944,28,23.3,197,93,"2021-10-03 08:37:41",A202,9653f952-2137-469f-a020-618fd5744ff7
231951,27,23.3,250,93,"2021-10-03 08:48:19",A201,9653f952-2137-469f-a020-618fd5744ff7
231962,29,23.2,320,107,"2021-10-03 09:02:21",A203,9653f952-2137-469f-a020-618fd5744ff7
231969,28,23.5,196,93,"2021-10-03 09:08:04",A202,9653f952-2137-469f-a020-618fd5744ff7
231977,27,23.4,251,93,"2021-10-03 09:18:46",A201,9653f952-2137-469f-a020-618fd5744ff7
231988,29,23.4,326,107,"2021-10-03 09:32:50",A203,9653f952-2137-469f-a020-618fd5744ff7
231995,28,23.7,196,93,"2021-10-03 09:38:25",A202,9653f952-2137-469f-a020-618fd5744ff7
232002,27,23.6,250,100,"2021-10-03 09:49:15",A201,9653f952-2137-469f-a020-618fd5744ff7
232014,29,23.5,327,107,"2021-10-03 10:03:23",A203,9653f952-2137-469f-a020-618fd5744ff7
232020,28,24,195,93,"2021-10-03 10:08:49",A202,9653f952-2137-469f-a020-618fd5744ff7
232026,27,23.7,251,100,"2021-10-03 10:19:44",A201,9653f952-2137-469f-a020-618fd5744ff7
232037,29,23.7,327,100,"2021-10-03 10:33:55",A203,9653f952-2137-469f-a020-618fd5744ff7
232045,28,24.3,194,100,"2021-10-03 10:39:12",A202,9653f952-2137-469f-a020-618fd5744ff7
232052,27,23.8,247,100,"2021-10-03 10:50:14",A201,9653f952-2137-469f-a020-618fd5744ff7
232064,29,24,325,100,"2021-10-03 11:04:29",A203,9653f952-2137-469f-a020-618fd5744ff7
232072,28,24.7,192,100,"2021-10-03 11:10:55",A202,9653f952-2137-469f-a020-618fd5744ff7
232078,27,24,247,100,"2021-10-03 11:20:44",A201,9653f952-2137-469f-a020-618fd5744ff7
232090,29,24.4,323,100,"2021-10-03 11:35:04",A203,9653f952-2137-469f-a020-618fd5744ff7
232099,28,25.1,194,100,"2021-10-03 11:41:18",A202,9653f952-2137-469f-a020-618fd5744ff7
232105,27,24.3,249,100,"2021-10-03 11:51:14",A201,9653f952-2137-469f-a020-618fd5744ff7
232117,29,24.7,324,100,"2021-10-03 12:05:48",A203,9653f952-2137-469f-a020-618fd5744ff7
232125,28,25.4,194,100,"2021-10-03 12:11:46",A202,9653f952-2137-469f-a020-618fd5744ff7
232131,27,24.5,250,100,"2021-10-03 12:21:45",A201,9653f952-2137-469f-a020-618fd5744ff7
232145,29,24.9,327,100,"2021-10-03 12:36:14",A203,9653f952-2137-469f-a020-618fd5744ff7
232160,27,24.7,248,93,"2021-10-03 12:52:15",A201,9653f952-2137-469f-a020-618fd5744ff7
232172,29,25,328,107,"2021-10-03 13:06:47",A203,9653f952-2137-469f-a020-618fd5744ff7
232181,28,25.8,192,86,"2021-10-03 13:12:33",A202,9653f952-2137-469f-a020-618fd5744ff7
232185,27,24.9,251,86,"2021-10-03 13:22:43",A201,9653f952-2137-469f-a020-618fd5744ff7
232199,29,25,329,107,"2021-10-03 13:37:11",A203,9653f952-2137-469f-a020-618fd5744ff7
232209,28,25.7,195,86,"2021-10-03 13:42:47",A202,9653f952-2137-469f-a020-618fd5744ff7
232214,27,25,248,86,"2021-10-03 13:53:07",A201,9653f952-2137-469f-a020-618fd5744ff7
232229,29,24.9,330,107,"2021-10-03 14:07:36",A203,9653f952-2137-469f-a020-618fd5744ff7
232237,28,25.4,194,86,"2021-10-03 14:13:00",A202,9653f952-2137-469f-a020-618fd5744ff7
232242,30,25,312,86,"2021-10-03 14:23:29",A201,9653f952-2137-469f-a020-618fd5744ff7
232261,36,23.84,402,107,"2021-10-03 14:37:55",A203,9653f952-2137-469f-a020-618fd5744ff7
232270,32,24.6,231,86,"2021-10-03 14:43:13",A202,9653f952-2137-469f-a020-618fd5744ff7
232275,31,24,290,86,"2021-10-03 14:53:54",A201,9653f952-2137-469f-a020-618fd5744ff7
232292,35,23.3,374,107,"2021-10-03 15:08:15",A203,9653f952-2137-469f-a020-618fd5744ff7
232301,32,24.2,229,86,"2021-10-03 15:13:41",A202,9653f952-2137-469f-a020-618fd5744ff7
232305,32,23.8,295,86,"2021-10-03 15:24:18",A201,9653f952-2137-469f-a020-618fd5744ff7
232321,35,22.82,369,114,"2021-10-03 15:38:37",A203,9653f952-2137-469f-a020-618fd5744ff7
232333,30,23.3,286,86,"2021-10-03 15:54:41",A201,9653f952-2137-469f-a020-618fd5744ff7
232348,35,22.8,368,107,"2021-10-03 16:08:58",A203,9653f952-2137-469f-a020-618fd5744ff7
232355,32,23.9,226,86,"2021-10-03 16:13:50",A202,9653f952-2137-469f-a020-618fd5744ff7
232360,30,23.2,281,86,"2021-10-03 16:25:03",A201,9653f952-2137-469f-a020-618fd5744ff7
232375,35,22.7,365,107,"2021-10-03 16:39:18",A203,9653f952-2137-469f-a020-618fd5744ff7
232386,29,23.1,285,86,"2021-10-03 16:55:27",A201,9653f952-2137-469f-a020-618fd5744ff7
232402,35,22.7,362,107,"2021-10-03 17:09:40",A203,9653f952-2137-469f-a020-618fd5744ff7
232414,29,23.1,284,86,"2021-10-03 17:25:52",A201,9653f952-2137-469f-a020-618fd5744ff7
232430,34,22.6,359,107,"2021-10-03 17:40:02",A203,9653f952-2137-469f-a020-618fd5744ff7
232440,31,23,211,86,"2021-10-03 17:44:31",A202,9653f952-2137-469f-a020-618fd5744ff7
232445,29,23,278,86,"2021-10-03 17:56:13",A201,9653f952-2137-469f-a020-618fd5744ff7
232459,34,22.5,360,107,"2021-10-03 18:10:23",A203,9653f952-2137-469f-a020-618fd5744ff7
232470,31,22.9,206,86,"2021-10-03 18:14:47",A202,9653f952-2137-469f-a020-618fd5744ff7
232473,29,22.9,280,86,"2021-10-03 18:26:38",A201,9653f952-2137-469f-a020-618fd5744ff7
232487,34,22.42,359,107,"2021-10-03 18:40:44",A203,9653f952-2137-469f-a020-618fd5744ff7
232500,29,22.9,280,86,"2021-10-03 18:57:01",A201,9653f952-2137-469f-a020-618fd5744ff7
232514,34,22.4,354,107,"2021-10-03 19:11:07",A203,9653f952-2137-469f-a020-618fd5744ff7
232527,29,22.8,280,86,"2021-10-03 19:27:23",A201,9653f952-2137-469f-a020-618fd5744ff7
232543,33,22.3,351,107,"2021-10-03 19:41:27",A203,9653f952-2137-469f-a020-618fd5744ff7
232553,29,22.8,279,86,"2021-10-03 19:57:48",A201,9653f952-2137-469f-a020-618fd5744ff7
232569,33,22.3,352,107,"2021-10-03 20:11:50",A203,9653f952-2137-469f-a020-618fd5744ff7
232579,29,22.8,278,86,"2021-10-03 20:28:10",A201,9653f952-2137-469f-a020-618fd5744ff7
232595,32,22.2,352,107,"2021-10-03 20:42:09",A203,9653f952-2137-469f-a020-618fd5744ff7
232601,31,22.4,200,86,"2021-10-03 20:45:53",A202,9653f952-2137-469f-a020-618fd5744ff7
232607,29,22.7,276,86,"2021-10-03 20:58:33",A201,9653f952-2137-469f-a020-618fd5744ff7
232622,32,22.2,351,107,"2021-10-03 21:12:33",A203,9653f952-2137-469f-a020-618fd5744ff7
232632,29,22.7,276,86,"2021-10-03 21:28:57",A201,9653f952-2137-469f-a020-618fd5744ff7
232659,29,22.6,272,86,"2021-10-03 21:59:20",A201,9653f952-2137-469f-a020-618fd5744ff7
232676,32,22,350,114,"2021-10-03 22:13:13",A203,9653f952-2137-469f-a020-618fd5744ff7
232688,29,22.6,273,86,"2021-10-03 22:29:42",A201,9653f952-2137-469f-a020-618fd5744ff7
232704,32,21.9,344,114,"2021-10-03 22:43:31",A203,9653f952-2137-469f-a020-618fd5744ff7
232716,29,22.5,274,86,"2021-10-03 23:00:06",A201,9653f952-2137-469f-a020-618fd5744ff7
232732,32,21.8,348,114,"2021-10-03 23:13:56",A203,9653f952-2137-469f-a020-618fd5744ff7
232738,30,21.9,202,86,"2021-10-03 23:16:43",A202,9653f952-2137-469f-a020-618fd5744ff7
232744,29,22.4,274,86,"2021-10-03 23:30:27",A201,9653f952-2137-469f-a020-618fd5744ff7
232761,32,21.7,348,114,"2021-10-03 23:44:14",A203,9653f952-2137-469f-a020-618fd5744ff7
232773,29,22.4,269,86,"2021-10-04 00:00:51",A201,9653f952-2137-469f-a020-618fd5744ff7
232790,32,21.7,348,114,"2021-10-04 00:14:32",A203,9653f952-2137-469f-a020-618fd5744ff7
232801,28,22.3,269,86,"2021-10-04 00:31:13",A201,9653f952-2137-469f-a020-618fd5744ff7
232815,32,21.6,348,114,"2021-10-04 00:44:52",A203,9653f952-2137-469f-a020-618fd5744ff7
232820,30,21.7,196,86,"2021-10-04 00:47:10",A202,9653f952-2137-469f-a020-618fd5744ff7
232827,28,22.2,273,86,"2021-10-04 01:01:36",A201,9653f952-2137-469f-a020-618fd5744ff7
232846,28,22.2,272,86,"2021-10-04 01:31:58",A201,9653f952-2137-469f-a020-618fd5744ff7
232857,31,21.4,351,107,"2021-10-04 01:45:25",A203,9653f952-2137-469f-a020-618fd5744ff7
232866,28,22.1,270,86,"2021-10-04 02:02:21",A201,9653f952-2137-469f-a020-618fd5744ff7
232883,31,21.4,351,93,"2021-10-04 02:15:35",A203,9653f952-2137-469f-a020-618fd5744ff7
232896,28,22.04,271,86,"2021-10-04 02:32:44",A201,9653f952-2137-469f-a020-618fd5744ff7
232911,31,21.4,350,93,"2021-10-04 02:45:44",A203,9653f952-2137-469f-a020-618fd5744ff7
232925,28,22,270,86,"2021-10-04 03:03:06",A201,9653f952-2137-469f-a020-618fd5744ff7
232939,31,21.3,349,93,"2021-10-04 03:15:54",A203,9653f952-2137-469f-a020-618fd5744ff7
232951,28,21.9,271,86,"2021-10-04 03:33:28",A201,9653f952-2137-469f-a020-618fd5744ff7
232966,31,21.3,349,93,"2021-10-04 03:46:03",A203,9653f952-2137-469f-a020-618fd5744ff7
232969,30,21.3,201,86,"2021-10-04 03:48:16",A202,9653f952-2137-469f-a020-618fd5744ff7
232981,28,21.9,266,86,"2021-10-04 04:03:52",A201,9653f952-2137-469f-a020-618fd5744ff7
232994,31,21.2,348,93,"2021-10-04 04:16:13",A203,9653f952-2137-469f-a020-618fd5744ff7
233021,31,21.2,348,93,"2021-10-04 04:46:23",A203,9653f952-2137-469f-a020-618fd5744ff7
233037,28,21.8,267,86,"2021-10-04 05:04:37",A201,9653f952-2137-469f-a020-618fd5744ff7
233050,31,21.2,347,93,"2021-10-04 05:16:32",A203,9653f952-2137-469f-a020-618fd5744ff7
233062,28,21.8,268,86,"2021-10-04 05:35:02",A201,9653f952-2137-469f-a020-618fd5744ff7
233074,31,21.2,344,100,"2021-10-04 05:46:46",A203,9653f952-2137-469f-a020-618fd5744ff7
233078,30,21.2,197,86,"2021-10-04 05:49:06",A202,9653f952-2137-469f-a020-618fd5744ff7
233091,28,21.7,270,86,"2021-10-04 06:05:22",A201,9653f952-2137-469f-a020-618fd5744ff7
233101,31,21.2,343,107,"2021-10-04 06:17:00",A203,9653f952-2137-469f-a020-618fd5744ff7
233120,28,21.7,268,93,"2021-10-04 06:35:46",A201,9653f952-2137-469f-a020-618fd5744ff7
233131,31,21.2,343,107,"2021-10-04 06:47:22",A203,9653f952-2137-469f-a020-618fd5744ff7
233148,28,21.7,268,93,"2021-10-04 07:06:14",A201,9653f952-2137-469f-a020-618fd5744ff7
233160,31,21.4,342,107,"2021-10-04 07:17:48",A203,9653f952-2137-469f-a020-618fd5744ff7
233164,30,21.2,196,93,"2021-10-04 07:19:47",A202,9653f952-2137-469f-a020-618fd5744ff7
233176,28,21.7,268,93,"2021-10-04 07:36:39",A201,9653f952-2137-469f-a020-618fd5744ff7
233188,31,21.6,341,107,"2021-10-04 07:48:16",A203,9653f952-2137-469f-a020-618fd5744ff7
233192,30,21.6,195,93,"2021-10-04 07:50:07",A202,9653f952-2137-469f-a020-618fd5744ff7
233204,28,21.8,267,100,"2021-10-04 08:07:06",A201,9653f952-2137-469f-a020-618fd5744ff7
233217,31,22.1,336,107,"2021-10-04 08:18:47",A203,9653f952-2137-469f-a020-618fd5744ff7
233221,30,21.9,197,93,"2021-10-04 08:20:30",A202,9653f952-2137-469f-a020-618fd5744ff7
233234,28,22,267,100,"2021-10-04 08:37:35",A201,9653f952-2137-469f-a020-618fd5744ff7
233247,31,22.6,339,107,"2021-10-04 08:49:21",A203,9653f952-2137-469f-a020-618fd5744ff7
233251,30,22.3,197,93,"2021-10-04 08:50:52",A202,9653f952-2137-469f-a020-618fd5744ff7
233264,28,22.2,263,100,"2021-10-04 09:08:05",A201,9653f952-2137-469f-a020-618fd5744ff7
233277,31,23.2,337,100,"2021-10-04 09:19:54",A203,9653f952-2137-469f-a020-618fd5744ff7
233281,30,22.9,194,100,"2021-10-04 09:21:17",A202,9653f952-2137-469f-a020-618fd5744ff7
233295,28,22.5,268,100,"2021-10-04 09:38:34",A201,9653f952-2137-469f-a020-618fd5744ff7
233309,31,23.8,339,100,"2021-10-04 09:50:24",A203,9653f952-2137-469f-a020-618fd5744ff7
233313,30,23.7,195,100,"2021-10-04 09:51:41",A202,9653f952-2137-469f-a020-618fd5744ff7
233327,28,22.8,267,100,"2021-10-04 10:09:05",A201,9653f952-2137-469f-a020-618fd5744ff7
233340,31,24.5,339,100,"2021-10-04 10:20:59",A203,9653f952-2137-469f-a020-618fd5744ff7
233344,30,24.5,194,100,"2021-10-04 10:22:05",A202,9653f952-2137-469f-a020-618fd5744ff7
233357,28,23.2,266,100,"2021-10-04 10:39:34",A201,9653f952-2137-469f-a020-618fd5744ff7
233372,31,25.1,339,100,"2021-10-04 10:51:33",A203,9653f952-2137-469f-a020-618fd5744ff7
233375,30,25.1,194,100,"2021-10-04 10:52:32",A202,9653f952-2137-469f-a020-618fd5744ff7
233402,31,25.5,337,100,"2021-10-04 11:22:09",A203,9653f952-2137-469f-a020-618fd5744ff7
233405,30,25.6,194,100,"2021-10-04 11:22:56",A202,9653f952-2137-469f-a020-618fd5744ff7
233418,28,24,267,100,"2021-10-04 11:40:48",A201,9653f952-2137-469f-a020-618fd5744ff7
233430,31,25.8,339,100,"2021-10-04 11:52:43",A203,9653f952-2137-469f-a020-618fd5744ff7
233432,29,26,191,100,"2021-10-04 11:53:22",A202,9653f952-2137-469f-a020-618fd5744ff7
233444,28,24.4,262,100,"2021-10-04 12:11:05",A201,9653f952-2137-469f-a020-618fd5744ff7
233459,29,26.3,193,100,"2021-10-04 12:23:49",A202,9653f952-2137-469f-a020-618fd5744ff7
233473,28,24.7,267,100,"2021-10-04 12:41:35",A201,9653f952-2137-469f-a020-618fd5744ff7
233488,31,26.3,335,107,"2021-10-04 12:53:57",A203,9653f952-2137-469f-a020-618fd5744ff7
233490,29,26.5,193,93,"2021-10-04 12:54:14",A202,9653f952-2137-469f-a020-618fd5744ff7
233505,28,25,267,86,"2021-10-04 13:12:03",A201,9653f952-2137-469f-a020-618fd5744ff7
233520,31,26.4,337,107,"2021-10-04 13:24:22",A203,9653f952-2137-469f-a020-618fd5744ff7
233522,29,26.6,196,86,"2021-10-04 13:24:31",A202,9653f952-2137-469f-a020-618fd5744ff7
233534,28,25.2,266,86,"2021-10-04 13:42:30",A201,9653f952-2137-469f-a020-618fd5744ff7
233551,31,26.2,341,107,"2021-10-04 13:54:48",A203,9653f952-2137-469f-a020-618fd5744ff7
233552,29,26.4,196,86,"2021-10-04 13:54:49",A202,9653f952-2137-469f-a020-618fd5744ff7
233566,28,25.3,261,86,"2021-10-04 14:12:56",A201,9653f952-2137-469f-a020-618fd5744ff7
233582,29,26.1,195,86,"2021-10-04 14:25:07",A202,9653f952-2137-469f-a020-618fd5744ff7
233584,31,25.9,340,107,"2021-10-04 14:25:17",A203,9653f952-2137-469f-a020-618fd5744ff7
233599,28,25.3,265,86,"2021-10-04 14:43:21",A201,9653f952-2137-469f-a020-618fd5744ff7
233615,29,25.9,195,86,"2021-10-04 14:55:22",A202,9653f952-2137-469f-a020-618fd5744ff7
233617,31,25.56,341,107,"2021-10-04 14:55:40",A203,9653f952-2137-469f-a020-618fd5744ff7
233631,28,25.3,265,86,"2021-10-04 15:13:46",A201,9653f952-2137-469f-a020-618fd5744ff7
233646,29,25.6,195,86,"2021-10-04 15:25:37",A202,9653f952-2137-469f-a020-618fd5744ff7
233649,31,25.3,344,107,"2021-10-04 15:26:07",A203,9653f952-2137-469f-a020-618fd5744ff7
233663,28,25.3,264,86,"2021-10-04 15:44:11",A201,9653f952-2137-469f-a020-618fd5744ff7
233678,29,25.4,194,86,"2021-10-04 15:55:54",A202,9653f952-2137-469f-a020-618fd5744ff7
233681,31,25,342,107,"2021-10-04 15:56:30",A203,9653f952-2137-469f-a020-618fd5744ff7
233695,28,25.2,264,86,"2021-10-04 16:14:36",A201,9653f952-2137-469f-a020-618fd5744ff7
233709,29,25.1,198,86,"2021-10-04 16:26:13",A202,9653f952-2137-469f-a020-618fd5744ff7
233712,30,24.8,344,107,"2021-10-04 16:26:55",A203,9653f952-2137-469f-a020-618fd5744ff7
233724,28,25.1,258,86,"2021-10-04 16:45:00",A201,9653f952-2137-469f-a020-618fd5744ff7
233738,29,24.9,197,86,"2021-10-04 16:56:23",A202,9653f952-2137-469f-a020-618fd5744ff7
233740,30,24.5,340,107,"2021-10-04 16:57:21",A203,9653f952-2137-469f-a020-618fd5744ff7
233753,28,25,257,86,"2021-10-04 17:15:25",A201,9653f952-2137-469f-a020-618fd5744ff7
233782,28,24.9,262,86,"2021-10-04 17:45:48",A201,9653f952-2137-469f-a020-618fd5744ff7
233797,29,24.5,196,86,"2021-10-04 17:56:51",A202,9653f952-2137-469f-a020-618fd5744ff7
233800,30,24.1,341,107,"2021-10-04 17:58:05",A203,9653f952-2137-469f-a020-618fd5744ff7
233815,27,24.8,260,86,"2021-10-04 18:16:12",A201,9653f952-2137-469f-a020-618fd5744ff7
233828,30,24.3,195,86,"2021-10-04 18:27:06",A202,9653f952-2137-469f-a020-618fd5744ff7
233831,30,23.9,342,107,"2021-10-04 18:28:29",A203,9653f952-2137-469f-a020-618fd5744ff7
233844,27,24.7,260,86,"2021-10-04 18:46:36",A201,9653f952-2137-469f-a020-618fd5744ff7
233859,29,24.1,191,86,"2021-10-04 18:57:21",A202,9653f952-2137-469f-a020-618fd5744ff7
233862,30,23.7,340,107,"2021-10-04 18:58:51",A203,9653f952-2137-469f-a020-618fd5744ff7
233875,27,24.6,255,86,"2021-10-04 19:17:00",A201,9653f952-2137-469f-a020-618fd5744ff7
233888,30,23.9,197,86,"2021-10-04 19:27:28",A202,9653f952-2137-469f-a020-618fd5744ff7
233891,30,23.5,338,107,"2021-10-04 19:29:12",A203,9653f952-2137-469f-a020-618fd5744ff7
233906,27,24.4,257,86,"2021-10-04 19:47:23",A201,9653f952-2137-469f-a020-618fd5744ff7
233922,30,23.3,340,107,"2021-10-04 19:59:36",A203,9653f952-2137-469f-a020-618fd5744ff7
233937,27,24.3,257,86,"2021-10-04 20:17:46",A201,9653f952-2137-469f-a020-618fd5744ff7
233951,30,23.5,196,86,"2021-10-04 20:27:56",A202,9653f952-2137-469f-a020-618fd5744ff7
233955,30,23.1,339,107,"2021-10-04 20:29:55",A203,9653f952-2137-469f-a020-618fd5744ff7
233972,27,24.2,258,86,"2021-10-04 20:49:59",A201,9653f952-2137-469f-a020-618fd5744ff7
233984,30,23.4,194,86,"2021-10-04 20:58:04",A202,9653f952-2137-469f-a020-618fd5744ff7
233990,30,23,339,107,"2021-10-04 21:01:48",A203,9653f952-2137-469f-a020-618fd5744ff7
234004,27,24,258,86,"2021-10-04 21:20:22",A201,9653f952-2137-469f-a020-618fd5744ff7
234015,30,23.2,190,86,"2021-10-04 21:28:16",A202,9653f952-2137-469f-a020-618fd5744ff7
234022,30,22.8,339,107,"2021-10-04 21:32:09",A203,9653f952-2137-469f-a020-618fd5744ff7
234037,27,23.9,255,86,"2021-10-04 21:50:47",A201,9653f952-2137-469f-a020-618fd5744ff7
234048,30,23,190,86,"2021-10-04 21:58:28",A202,9653f952-2137-469f-a020-618fd5744ff7
234055,30,22.6,336,114,"2021-10-04 22:02:32",A203,9653f952-2137-469f-a020-618fd5744ff7
234070,27,23.8,256,86,"2021-10-04 22:21:10",A201,9653f952-2137-469f-a020-618fd5744ff7
234087,30,22.5,338,107,"2021-10-04 22:32:57",A203,9653f952-2137-469f-a020-618fd5744ff7
234100,27,23.7,255,86,"2021-10-04 22:51:35",A201,9653f952-2137-469f-a020-618fd5744ff7
234116,30,22.4,338,114,"2021-10-04 23:03:15",A203,9653f952-2137-469f-a020-618fd5744ff7
234131,27,23.5,255,86,"2021-10-04 23:21:59",A201,9653f952-2137-469f-a020-618fd5744ff7
234147,30,22.2,338,114,"2021-10-04 23:33:36",A203,9653f952-2137-469f-a020-618fd5744ff7
234162,27,23.4,256,86,"2021-10-04 23:52:22",A201,9653f952-2137-469f-a020-618fd5744ff7
234179,30,22.1,336,114,"2021-10-05 00:03:58",A203,9653f952-2137-469f-a020-618fd5744ff7
234194,27,23.3,255,86,"2021-10-05 00:22:46",A201,9653f952-2137-469f-a020-618fd5744ff7
234211,30,22,337,114,"2021-10-05 00:34:20",A203,9653f952-2137-469f-a020-618fd5744ff7
234226,27,23.2,253,86,"2021-10-05 00:53:11",A201,9653f952-2137-469f-a020-618fd5744ff7
234243,30,21.8,335,114,"2021-10-05 01:04:41",A203,9653f952-2137-469f-a020-618fd5744ff7
234259,27,23,254,86,"2021-10-05 01:23:33",A201,9653f952-2137-469f-a020-618fd5744ff7
234275,30,21.7,335,114,"2021-10-05 01:35:02",A203,9653f952-2137-469f-a020-618fd5744ff7
234291,27,22.9,254,86,"2021-10-05 01:53:56",A201,9653f952-2137-469f-a020-618fd5744ff7
234300,30,22,190,86,"2021-10-05 02:00:02",A202,9653f952-2137-469f-a020-618fd5744ff7
234308,30,21.6,335,114,"2021-10-05 02:05:22",A203,9653f952-2137-469f-a020-618fd5744ff7
234323,27,22.8,254,86,"2021-10-05 02:24:19",A201,9653f952-2137-469f-a020-618fd5744ff7
234339,30,21.5,336,114,"2021-10-05 02:35:43",A203,9653f952-2137-469f-a020-618fd5744ff7
234355,27,22.7,252,86,"2021-10-05 02:54:43",A201,9653f952-2137-469f-a020-618fd5744ff7
234371,30,21.4,335,114,"2021-10-05 03:06:06",A203,9653f952-2137-469f-a020-618fd5744ff7
234386,27,22.6,253,86,"2021-10-05 03:25:06",A201,9653f952-2137-469f-a020-618fd5744ff7
234401,30,21.3,336,114,"2021-10-05 03:36:26",A203,9653f952-2137-469f-a020-618fd5744ff7
234416,27,22.5,252,86,"2021-10-05 03:55:30",A201,9653f952-2137-469f-a020-618fd5744ff7
234432,30,21.2,334,107,"2021-10-05 04:06:39",A203,9653f952-2137-469f-a020-618fd5744ff7
234448,27,22.4,249,86,"2021-10-05 04:25:54",A201,9653f952-2137-469f-a020-618fd5744ff7
234464,30,21.2,326,100,"2021-10-05 04:36:51",A203,9653f952-2137-469f-a020-618fd5744ff7
234477,27,22.3,251,86,"2021-10-05 04:56:17",A201,9653f952-2137-469f-a020-618fd5744ff7
234493,30,21.1,334,107,"2021-10-05 05:07:11",A203,9653f952-2137-469f-a020-618fd5744ff7
234508,27,22.2,251,93,"2021-10-05 05:26:41",A201,9653f952-2137-469f-a020-618fd5744ff7
234515,30,21.3,194,93,"2021-10-05 05:31:14",A202,9653f952-2137-469f-a020-618fd5744ff7
234525,30,21.1,332,107,"2021-10-05 05:37:35",A203,9653f952-2137-469f-a020-618fd5744ff7
234540,27,22.2,252,93,"2021-10-05 05:57:06",A201,9653f952-2137-469f-a020-618fd5744ff7
234547,30,21.4,194,93,"2021-10-05 06:01:32",A202,9653f952-2137-469f-a020-618fd5744ff7
234557,30,21.2,333,107,"2021-10-05 06:08:02",A203,9653f952-2137-469f-a020-618fd5744ff7
234571,27,22.1,251,93,"2021-10-05 06:27:35",A201,9653f952-2137-469f-a020-618fd5744ff7
234577,30,21.5,193,93,"2021-10-05 06:31:53",A202,9653f952-2137-469f-a020-618fd5744ff7
234587,30,21.4,330,107,"2021-10-05 06:38:34",A203,9653f952-2137-469f-a020-618fd5744ff7
234602,27,22.1,251,100,"2021-10-05 06:58:04",A201,9653f952-2137-469f-a020-618fd5744ff7
234609,30,21.7,193,93,"2021-10-05 07:02:16",A202,9653f952-2137-469f-a020-618fd5744ff7
234619,30,21.8,326,107,"2021-10-05 07:09:06",A203,9653f952-2137-469f-a020-618fd5744ff7
234632,27,22.2,251,100,"2021-10-05 07:28:34",A201,9653f952-2137-469f-a020-618fd5744ff7
234638,29,22.1,192,100,"2021-10-05 07:32:39",A202,9653f952-2137-469f-a020-618fd5744ff7
234647,30,22.2,329,107,"2021-10-05 07:39:40",A203,9653f952-2137-469f-a020-618fd5744ff7
234660,27,22.3,251,100,"2021-10-05 07:59:03",A201,9653f952-2137-469f-a020-618fd5744ff7
234666,29,22.4,192,100,"2021-10-05 08:03:03",A202,9653f952-2137-469f-a020-618fd5744ff7
234675,30,22.7,328,100,"2021-10-05 08:10:12",A203,9653f952-2137-469f-a020-618fd5744ff7
234689,27,22.42,248,100,"2021-10-05 08:29:35",A201,9653f952-2137-469f-a020-618fd5744ff7
234696,29,22.7,187,100,"2021-10-05 08:33:26",A202,9653f952-2137-469f-a020-618fd5744ff7
234705,30,23.26,328,100,"2021-10-05 08:40:51",A203,9653f952-2137-469f-a020-618fd5744ff7
234720,27,22.7,245,100,"2021-10-05 09:00:12",A201,9653f952-2137-469f-a020-618fd5744ff7
234727,29,23.2,189,100,"2021-10-05 09:03:53",A202,9653f952-2137-469f-a020-618fd5744ff7
234736,30,23.9,325,100,"2021-10-05 09:11:29",A203,9653f952-2137-469f-a020-618fd5744ff7
234750,27,23,251,100,"2021-10-05 09:30:37",A201,9653f952-2137-469f-a020-618fd5744ff7
234757,29,23.8,190,100,"2021-10-05 09:34:19",A202,9653f952-2137-469f-a020-618fd5744ff7
234765,30,24.5,326,100,"2021-10-05 09:42:04",A203,9653f952-2137-469f-a020-618fd5744ff7
234779,27,23.2,251,100,"2021-10-05 10:01:13",A201,9653f952-2137-469f-a020-618fd5744ff7
234786,29,24.3,185,100,"2021-10-05 10:04:44",A202,9653f952-2137-469f-a020-618fd5744ff7
234796,30,25,329,100,"2021-10-05 10:12:40",A203,9653f952-2137-469f-a020-618fd5744ff7
234809,27,23.6,248,100,"2021-10-05 10:31:43",A201,9653f952-2137-469f-a020-618fd5744ff7
234815,29,24.9,189,100,"2021-10-05 10:35:09",A202,9653f952-2137-469f-a020-618fd5744ff7
234825,30,25.6,324,100,"2021-10-05 10:43:16",A203,9653f952-2137-469f-a020-618fd5744ff7
234841,27,23.9,251,100,"2021-10-05 11:02:14",A201,9653f952-2137-469f-a020-618fd5744ff7
234847,29,25.5,189,100,"2021-10-05 11:05:35",A202,9653f952-2137-469f-a020-618fd5744ff7
234857,30,26.1,331,100,"2021-10-05 11:13:54",A203,9653f952-2137-469f-a020-618fd5744ff7
234873,27,24.2,252,100,"2021-10-05 11:32:44",A201,9653f952-2137-469f-a020-618fd5744ff7
234880,29,25.9,185,100,"2021-10-05 11:35:59",A202,9653f952-2137-469f-a020-618fd5744ff7
234889,30,26.4,329,100,"2021-10-05 11:44:31",A203,9653f952-2137-469f-a020-618fd5744ff7
234905,27,24.6,250,100,"2021-10-05 12:03:17",A201,9653f952-2137-469f-a020-618fd5744ff7
234911,29,26.2,188,100,"2021-10-05 12:06:24",A202,9653f952-2137-469f-a020-618fd5744ff7
234920,30,26.7,331,100,"2021-10-05 12:15:08",A203,9653f952-2137-469f-a020-618fd5744ff7
234935,27,24.9,252,100,"2021-10-05 12:33:48",A201,9653f952-2137-469f-a020-618fd5744ff7
234942,29,26.4,189,100,"2021-10-05 12:36:50",A202,9653f952-2137-469f-a020-618fd5744ff7
234951,30,26.8,331,100,"2021-10-05 12:45:45",A203,9653f952-2137-469f-a020-618fd5744ff7
234966,27,25.1,253,100,"2021-10-05 13:04:21",A201,9653f952-2137-469f-a020-618fd5744ff7
234973,29,26.7,189,100,"2021-10-05 13:07:17",A202,9653f952-2137-469f-a020-618fd5744ff7
234982,30,27,332,100,"2021-10-05 13:16:22",A203,9653f952-2137-469f-a020-618fd5744ff7
234998,27,25.3,251,100,"2021-10-05 13:34:53",A201,9653f952-2137-469f-a020-618fd5744ff7
235005,29,26.9,187,100,"2021-10-05 13:39:00",A202,9653f952-2137-469f-a020-618fd5744ff7
235014,30,27.1,332,100,"2021-10-05 13:46:57",A203,9653f952-2137-469f-a020-618fd5744ff7
235028,27,25.5,250,93,"2021-10-05 14:05:26",A201,9653f952-2137-469f-a020-618fd5744ff7
235035,29,27,188,93,"2021-10-05 14:09:23",A202,9653f952-2137-469f-a020-618fd5744ff7
235044,30,27.1,333,100,"2021-10-05 14:17:32",A203,9653f952-2137-469f-a020-618fd5744ff7
235060,27,25.7,249,86,"2021-10-05 14:35:56",A201,9653f952-2137-469f-a020-618fd5744ff7
235067,29,26.9,188,86,"2021-10-05 14:39:46",A202,9653f952-2137-469f-a020-618fd5744ff7
235076,30,27,333,107,"2021-10-05 14:48:05",A203,9653f952-2137-469f-a020-618fd5744ff7
235092,27,25.7,252,86,"2021-10-05 15:06:22",A201,9653f952-2137-469f-a020-618fd5744ff7
235099,29,26.8,188,86,"2021-10-05 15:10:08",A202,9653f952-2137-469f-a020-618fd5744ff7
235110,30,26.8,334,107,"2021-10-05 15:18:37",A203,9653f952-2137-469f-a020-618fd5744ff7
235123,27,25.8,251,86,"2021-10-05 15:36:52",A201,9653f952-2137-469f-a020-618fd5744ff7
235130,29,26.52,188,86,"2021-10-05 15:40:27",A202,9653f952-2137-469f-a020-618fd5744ff7
235141,30,26.5,335,107,"2021-10-05 15:49:10",A203,9653f952-2137-469f-a020-618fd5744ff7
235155,27,25.7,251,86,"2021-10-05 16:07:21",A201,9653f952-2137-469f-a020-618fd5744ff7
235161,29,26.3,190,86,"2021-10-05 16:10:45",A202,9653f952-2137-469f-a020-618fd5744ff7
235173,30,26.2,333,107,"2021-10-05 16:19:38",A203,9653f952-2137-469f-a020-618fd5744ff7
235186,27,25.7,250,86,"2021-10-05 16:37:47",A201,9653f952-2137-469f-a020-618fd5744ff7
235203,30,25.9,336,107,"2021-10-05 16:50:07",A203,9653f952-2137-469f-a020-618fd5744ff7
235217,27,25.6,250,86,"2021-10-05 17:08:15",A201,9653f952-2137-469f-a020-618fd5744ff7
235223,29,25.8,191,86,"2021-10-05 17:11:18",A202,9653f952-2137-469f-a020-618fd5744ff7
235235,30,25.6,336,107,"2021-10-05 17:20:36",A203,9653f952-2137-469f-a020-618fd5744ff7
235249,27,25.5,251,86,"2021-10-05 17:38:42",A201,9653f952-2137-469f-a020-618fd5744ff7
235255,29,25.6,191,86,"2021-10-05 17:41:34",A202,9653f952-2137-469f-a020-618fd5744ff7
235267,30,25.4,335,107,"2021-10-05 17:51:01",A203,9653f952-2137-469f-a020-618fd5744ff7
235279,27,25.4,250,86,"2021-10-05 18:09:07",A201,9653f952-2137-469f-a020-618fd5744ff7
235285,29,25.3,187,86,"2021-10-05 18:11:49",A202,9653f952-2137-469f-a020-618fd5744ff7
235297,30,25.1,338,107,"2021-10-05 18:21:30",A203,9653f952-2137-469f-a020-618fd5744ff7
235313,27,25.3,250,86,"2021-10-05 18:39:34",A201,9653f952-2137-469f-a020-618fd5744ff7
235315,29,25.1,191,86,"2021-10-05 18:42:04",A202,9653f952-2137-469f-a020-618fd5744ff7
235327,30,24.9,334,107,"2021-10-05 18:51:54",A203,9653f952-2137-469f-a020-618fd5744ff7
235347,29,24.9,192,86,"2021-10-05 19:12:18",A202,9653f952-2137-469f-a020-618fd5744ff7
235359,30,24.7,333,107,"2021-10-05 19:22:21",A203,9653f952-2137-469f-a020-618fd5744ff7
235377,27,25.1,245,86,"2021-10-05 19:40:25",A201,9653f952-2137-469f-a020-618fd5744ff7
235378,29,24.7,191,86,"2021-10-05 19:42:31",A202,9653f952-2137-469f-a020-618fd5744ff7
235390,30,24.4,336,107,"2021-10-05 19:52:46",A203,9653f952-2137-469f-a020-618fd5744ff7
235409,27,25,247,86,"2021-10-05 20:10:51",A201,9653f952-2137-469f-a020-618fd5744ff7
235410,29,24.5,190,86,"2021-10-05 20:12:44",A202,9653f952-2137-469f-a020-618fd5744ff7
235423,30,24.2,334,107,"2021-10-05 20:23:11",A203,9653f952-2137-469f-a020-618fd5744ff7
235441,27,24.88,248,86,"2021-10-05 20:41:16",A201,9653f952-2137-469f-a020-618fd5744ff7
235442,29,24.4,186,86,"2021-10-05 20:42:58",A202,9653f952-2137-469f-a020-618fd5744ff7
235455,30,24.1,336,107,"2021-10-05 20:53:36",A203,9653f952-2137-469f-a020-618fd5744ff7
235473,27,24.7,247,86,"2021-10-05 21:11:41",A201,9653f952-2137-469f-a020-618fd5744ff7
235474,29,24.2,186,86,"2021-10-05 21:13:12",A202,9653f952-2137-469f-a020-618fd5744ff7
235487,30,23.9,331,107,"2021-10-05 21:24:01",A203,9653f952-2137-469f-a020-618fd5744ff7
235505,27,24.6,246,86,"2021-10-05 21:42:07",A201,9653f952-2137-469f-a020-618fd5744ff7
235506,29,24,191,86,"2021-10-05 21:43:24",A202,9653f952-2137-469f-a020-618fd5744ff7
235519,29,23.7,334,107,"2021-10-05 21:54:27",A203,9653f952-2137-469f-a020-618fd5744ff7
235537,27,24.5,242,86,"2021-10-05 22:12:31",A201,9653f952-2137-469f-a020-618fd5744ff7
235538,29,23.9,191,86,"2021-10-05 22:13:37",A202,9653f952-2137-469f-a020-618fd5744ff7
235551,29,23.6,335,107,"2021-10-05 22:24:49",A203,9653f952-2137-469f-a020-618fd5744ff7
235568,27,24.4,243,86,"2021-10-05 22:42:58",A201,9653f952-2137-469f-a020-618fd5744ff7
235569,29,23.7,191,86,"2021-10-05 22:43:49",A202,9653f952-2137-469f-a020-618fd5744ff7
235582,29,23.4,334,107,"2021-10-05 22:55:13",A203,9653f952-2137-469f-a020-618fd5744ff7
235600,27,24.3,245,86,"2021-10-05 23:13:22",A201,9653f952-2137-469f-a020-618fd5744ff7
235601,29,23.6,190,86,"2021-10-05 23:14:00",A202,9653f952-2137-469f-a020-618fd5744ff7
235614,29,23.3,332,107,"2021-10-05 23:25:37",A203,9653f952-2137-469f-a020-618fd5744ff7
235632,27,24.1,246,86,"2021-10-05 23:43:46",A201,9653f952-2137-469f-a020-618fd5744ff7
235633,29,23.5,189,86,"2021-10-05 23:44:13",A202,9653f952-2137-469f-a020-618fd5744ff7
235645,29,23.2,333,107,"2021-10-05 23:56:00",A203,9653f952-2137-469f-a020-618fd5744ff7
235664,27,24,244,86,"2021-10-06 00:14:10",A201,9653f952-2137-469f-a020-618fd5744ff7
235665,29,23.3,186,86,"2021-10-06 00:14:25",A202,9653f952-2137-469f-a020-618fd5744ff7
235677,29,23,334,107,"2021-10-06 00:26:22",A203,9653f952-2137-469f-a020-618fd5744ff7
235695,27,23.9,245,86,"2021-10-06 00:44:35",A201,9653f952-2137-469f-a020-618fd5744ff7
235696,29,23.2,185,86,"2021-10-06 00:44:38",A202,9653f952-2137-469f-a020-618fd5744ff7
235708,29,22.9,333,107,"2021-10-06 00:56:46",A203,9653f952-2137-469f-a020-618fd5744ff7
235726,29,23.1,186,86,"2021-10-06 01:14:49",A202,9653f952-2137-469f-a020-618fd5744ff7
235727,27,23.8,243,86,"2021-10-06 01:14:59",A201,9653f952-2137-469f-a020-618fd5744ff7
235739,29,22.8,333,107,"2021-10-06 01:27:09",A203,9653f952-2137-469f-a020-618fd5744ff7
235757,29,23,186,86,"2021-10-06 01:45:01",A202,9653f952-2137-469f-a020-618fd5744ff7
235758,27,23.7,241,86,"2021-10-06 01:45:25",A201,9653f952-2137-469f-a020-618fd5744ff7
235770,29,22.7,333,107,"2021-10-06 01:57:32",A203,9653f952-2137-469f-a020-618fd5744ff7
235787,29,22.9,189,86,"2021-10-06 02:15:14",A202,9653f952-2137-469f-a020-618fd5744ff7
235788,27,23.6,242,86,"2021-10-06 02:15:49",A201,9653f952-2137-469f-a020-618fd5744ff7
235800,29,22.6,333,114,"2021-10-06 02:27:55",A203,9653f952-2137-469f-a020-618fd5744ff7
235817,29,22.8,189,86,"2021-10-06 02:45:25",A202,9653f952-2137-469f-a020-618fd5744ff7
235818,27,23.6,244,86,"2021-10-06 02:46:13",A201,9653f952-2137-469f-a020-618fd5744ff7
235830,29,22.6,333,107,"2021-10-06 02:58:14",A203,9653f952-2137-469f-a020-618fd5744ff7
235848,29,22.7,189,86,"2021-10-06 03:15:37",A202,9653f952-2137-469f-a020-618fd5744ff7
235850,27,23.5,242,86,"2021-10-06 03:16:39",A201,9653f952-2137-469f-a020-618fd5744ff7
235861,29,22.5,332,100,"2021-10-06 03:28:30",A203,9653f952-2137-469f-a020-618fd5744ff7
235879,29,22.6,190,86,"2021-10-06 03:45:50",A202,9653f952-2137-469f-a020-618fd5744ff7
235881,27,23.4,242,86,"2021-10-06 03:47:05",A201,9653f952-2137-469f-a020-618fd5744ff7
235891,29,22.4,333,100,"2021-10-06 03:58:42",A203,9653f952-2137-469f-a020-618fd5744ff7
235908,29,22.6,191,86,"2021-10-06 04:16:04",A202,9653f952-2137-469f-a020-618fd5744ff7
235911,27,23.3,242,86,"2021-10-06 04:17:26",A201,9653f952-2137-469f-a020-618fd5744ff7
235920,29,22.3,329,100,"2021-10-06 04:28:55",A203,9653f952-2137-469f-a020-618fd5744ff7
235938,29,22.5,190,86,"2021-10-06 04:46:15",A202,9653f952-2137-469f-a020-618fd5744ff7
235941,27,23.2,239,86,"2021-10-06 04:47:51",A201,9653f952-2137-469f-a020-618fd5744ff7
235950,29,22.2,328,107,"2021-10-06 04:59:17",A203,9653f952-2137-469f-a020-618fd5744ff7
235967,29,22.4,189,93,"2021-10-06 05:16:26",A202,9653f952-2137-469f-a020-618fd5744ff7
235971,27,23.1,239,93,"2021-10-06 05:18:18",A201,9653f952-2137-469f-a020-618fd5744ff7
235980,29,22.2,328,107,"2021-10-06 05:29:43",A203,9653f952-2137-469f-a020-618fd5744ff7
235998,29,22.4,189,93,"2021-10-06 05:46:44",A202,9653f952-2137-469f-a020-618fd5744ff7
236002,27,23.1,240,93,"2021-10-06 05:48:47",A201,9653f952-2137-469f-a020-618fd5744ff7
236010,29,22.3,328,107,"2021-10-06 06:00:11",A203,9653f952-2137-469f-a020-618fd5744ff7
236027,29,22.5,189,93,"2021-10-06 06:17:04",A202,9653f952-2137-469f-a020-618fd5744ff7
236031,27,23,240,93,"2021-10-06 06:19:13",A201,9653f952-2137-469f-a020-618fd5744ff7
236040,29,22.4,325,107,"2021-10-06 06:30:39",A203,9653f952-2137-469f-a020-618fd5744ff7
236058,29,22.6,189,93,"2021-10-06 06:47:27",A202,9653f952-2137-469f-a020-618fd5744ff7
236062,27,23,241,100,"2021-10-06 06:49:43",A201,9653f952-2137-469f-a020-618fd5744ff7
236091,27,23.1,240,93,"2021-10-06 07:20:13",A201,9653f952-2137-469f-a020-618fd5744ff7
236100,30,23.1,325,107,"2021-10-06 07:31:47",A203,9653f952-2137-469f-a020-618fd5744ff7
236118,29,23.2,187,93,"2021-10-06 07:48:16",A202,9653f952-2137-469f-a020-618fd5744ff7
236122,27,23.2,240,100,"2021-10-06 07:50:44",A201,9653f952-2137-469f-a020-618fd5744ff7
236148,29,23.5,187,100,"2021-10-06 08:18:35",A202,9653f952-2137-469f-a020-618fd5744ff7
236152,27,23.3,238,100,"2021-10-06 08:21:14",A201,9653f952-2137-469f-a020-618fd5744ff7
236160,30,24,324,100,"2021-10-06 08:32:57",A203,9653f952-2137-469f-a020-618fd5744ff7
236177,29,23.8,183,100,"2021-10-06 08:49:02",A202,9653f952-2137-469f-a020-618fd5744ff7
236182,27,23.5,241,100,"2021-10-06 08:51:46",A201,9653f952-2137-469f-a020-618fd5744ff7
236190,29,24.4,322,100,"2021-10-06 09:03:35",A203,9653f952-2137-469f-a020-618fd5744ff7
236208,28,24.2,185,100,"2021-10-06 09:19:29",A202,9653f952-2137-469f-a020-618fd5744ff7
236213,27,23.7,241,100,"2021-10-06 09:22:18",A201,9653f952-2137-469f-a020-618fd5744ff7
236221,30,24.9,322,100,"2021-10-06 09:34:13",A203,9653f952-2137-469f-a020-618fd5744ff7
236239,28,24.7,186,100,"2021-10-06 09:49:55",A202,9653f952-2137-469f-a020-618fd5744ff7
236244,27,23.9,239,100,"2021-10-06 09:52:50",A201,9653f952-2137-469f-a020-618fd5744ff7
236252,29,25.4,325,100,"2021-10-06 10:04:54",A203,9653f952-2137-469f-a020-618fd5744ff7
236269,28,25.2,183,100,"2021-10-06 10:20:21",A202,9653f952-2137-469f-a020-618fd5744ff7
236274,27,24.2,240,100,"2021-10-06 10:23:23",A201,9653f952-2137-469f-a020-618fd5744ff7
236282,29,25.9,325,100,"2021-10-06 10:35:29",A203,9653f952-2137-469f-a020-618fd5744ff7
236299,28,25.7,181,100,"2021-10-06 10:50:46",A202,9653f952-2137-469f-a020-618fd5744ff7
236304,27,24.4,240,100,"2021-10-06 10:53:56",A201,9653f952-2137-469f-a020-618fd5744ff7
236312,29,26.3,326,93,"2021-10-06 11:06:07",A203,9653f952-2137-469f-a020-618fd5744ff7
236329,28,26.1,185,100,"2021-10-06 11:21:12",A202,9653f952-2137-469f-a020-618fd5744ff7
236334,27,24.7,241,100,"2021-10-06 11:24:35",A201,9653f952-2137-469f-a020-618fd5744ff7
236342,30,26.8,327,100,"2021-10-06 11:36:48",A203,9653f952-2137-469f-a020-618fd5744ff7
236359,28,26.6,184,100,"2021-10-06 11:51:39",A202,9653f952-2137-469f-a020-618fd5744ff7
236364,27,25,239,100,"2021-10-06 11:55:01",A201,9653f952-2137-469f-a020-618fd5744ff7
236372,29,27.2,326,93,"2021-10-06 12:07:29",A203,9653f952-2137-469f-a020-618fd5744ff7
236389,28,27.2,179,100,"2021-10-06 12:22:08",A202,9653f952-2137-469f-a020-618fd5744ff7
236395,27,25.3,242,100,"2021-10-06 12:25:35",A201,9653f952-2137-469f-a020-618fd5744ff7
236403,29,27.6,326,100,"2021-10-06 12:38:10",A203,9653f952-2137-469f-a020-618fd5744ff7
236420,28,27.6,185,100,"2021-10-06 12:52:32",A202,9653f952-2137-469f-a020-618fd5744ff7
236426,27,25.7,241,100,"2021-10-06 12:56:07",A201,9653f952-2137-469f-a020-618fd5744ff7
236434,29,27.8,328,100,"2021-10-06 13:08:45",A203,9653f952-2137-469f-a020-618fd5744ff7
236451,28,27.8,184,100,"2021-10-06 13:22:58",A202,9653f952-2137-469f-a020-618fd5744ff7
236458,26,25.9,241,100,"2021-10-06 13:26:39",A201,9653f952-2137-469f-a020-618fd5744ff7
236465,29,27.9,327,100,"2021-10-06 13:39:26",A203,9653f952-2137-469f-a020-618fd5744ff7
236483,28,27.9,185,100,"2021-10-06 13:53:25",A202,9653f952-2137-469f-a020-618fd5744ff7
236490,26,26.1,239,100,"2021-10-06 13:57:11",A201,9653f952-2137-469f-a020-618fd5744ff7
236497,29,28,324,100,"2021-10-06 14:10:03",A203,9653f952-2137-469f-a020-618fd5744ff7
236513,28,28,184,100,"2021-10-06 14:23:50",A202,9653f952-2137-469f-a020-618fd5744ff7
236520,26,26.3,240,100,"2021-10-06 14:27:42",A201,9653f952-2137-469f-a020-618fd5744ff7
236527,29,28,329,100,"2021-10-06 14:40:39",A203,9653f952-2137-469f-a020-618fd5744ff7
236544,28,28,181,86,"2021-10-06 14:54:13",A202,9653f952-2137-469f-a020-618fd5744ff7
236551,26,26.4,241,86,"2021-10-06 14:58:15",A201,9653f952-2137-469f-a020-618fd5744ff7
236558,29,27.8,324,107,"2021-10-06 15:11:10",A203,9653f952-2137-469f-a020-618fd5744ff7
236576,28,27.8,185,86,"2021-10-06 15:24:29",A202,9653f952-2137-469f-a020-618fd5744ff7
236582,26,26.5,239,86,"2021-10-06 15:28:40",A201,9653f952-2137-469f-a020-618fd5744ff7
236589,29,27.5,327,107,"2021-10-06 15:41:35",A203,9653f952-2137-469f-a020-618fd5744ff7
236605,28,27.6,185,86,"2021-10-06 15:54:43",A202,9653f952-2137-469f-a020-618fd5744ff7
236613,26,26.5,240,86,"2021-10-06 15:59:06",A201,9653f952-2137-469f-a020-618fd5744ff7
236620,29,27.1,333,107,"2021-10-06 16:12:00",A203,9653f952-2137-469f-a020-618fd5744ff7
236646,28,27.2,187,86,"2021-10-06 16:24:58",A202,9653f952-2137-469f-a020-618fd5744ff7
236654,26,26.4,239,86,"2021-10-06 16:29:31",A201,9653f952-2137-469f-a020-618fd5744ff7
236661,29,26.6,330,107,"2021-10-06 16:42:23",A203,9653f952-2137-469f-a020-618fd5744ff7
236677,28,26.9,186,86,"2021-10-06 16:55:08",A202,9653f952-2137-469f-a020-618fd5744ff7
236688,26,26.3,237,86,"2021-10-06 16:59:56",A201,9653f952-2137-469f-a020-618fd5744ff7
236696,29,26.2,334,107,"2021-10-06 17:12:46",A203,9653f952-2137-469f-a020-618fd5744ff7
236710,28,26.5,183,86,"2021-10-06 17:25:21",A202,9653f952-2137-469f-a020-618fd5744ff7
236720,26,26.2,239,86,"2021-10-06 17:30:22",A201,9653f952-2137-469f-a020-618fd5744ff7
236727,29,25.7,333,107,"2021-10-06 17:43:11",A203,9653f952-2137-469f-a020-618fd5744ff7
236742,28,26.2,187,86,"2021-10-06 17:55:33",A202,9653f952-2137-469f-a020-618fd5744ff7
236751,26,26,237,86,"2021-10-06 18:00:46",A201,9653f952-2137-469f-a020-618fd5744ff7
236758,29,25.4,332,107,"2021-10-06 18:13:34",A203,9653f952-2137-469f-a020-618fd5744ff7
236773,28,25.9,187,86,"2021-10-06 18:25:44",A202,9653f952-2137-469f-a020-618fd5744ff7
236783,26,25.88,239,86,"2021-10-06 18:31:12",A201,9653f952-2137-469f-a020-618fd5744ff7
236791,29,25.1,332,107,"2021-10-06 18:43:56",A203,9653f952-2137-469f-a020-618fd5744ff7
236804,28,25.6,186,86,"2021-10-06 18:55:55",A202,9653f952-2137-469f-a020-618fd5744ff7
236814,26,25.7,235,86,"2021-10-06 19:01:35",A201,9653f952-2137-469f-a020-618fd5744ff7
236822,29,24.8,330,114,"2021-10-06 19:14:19",A203,9653f952-2137-469f-a020-618fd5744ff7
236845,26,25.5,237,86,"2021-10-06 19:31:59",A201,9653f952-2137-469f-a020-618fd5744ff7
236853,29,24.6,332,107,"2021-10-06 19:44:42",A203,9653f952-2137-469f-a020-618fd5744ff7
236868,28,25,187,86,"2021-10-06 19:56:18",A202,9653f952-2137-469f-a020-618fd5744ff7
236877,26,25.4,237,86,"2021-10-06 20:02:25",A201,9653f952-2137-469f-a020-618fd5744ff7
236885,29,24.3,331,107,"2021-10-06 20:15:06",A203,9653f952-2137-469f-a020-618fd5744ff7
236900,28,24.8,187,86,"2021-10-06 20:26:27",A202,9653f952-2137-469f-a020-618fd5744ff7
236909,26,25.2,236,86,"2021-10-06 20:32:49",A201,9653f952-2137-469f-a020-618fd5744ff7
236917,29,24.1,331,107,"2021-10-06 20:45:26",A203,9653f952-2137-469f-a020-618fd5744ff7
236931,28,24.5,186,86,"2021-10-06 20:56:41",A202,9653f952-2137-469f-a020-618fd5744ff7
236940,26,25.1,232,86,"2021-10-06 21:03:11",A201,9653f952-2137-469f-a020-618fd5744ff7
236948,29,23.9,330,114,"2021-10-06 21:15:48",A203,9653f952-2137-469f-a020-618fd5744ff7
236962,28,24.3,181,86,"2021-10-06 21:26:48",A202,9653f952-2137-469f-a020-618fd5744ff7
236972,26,24.9,234,86,"2021-10-06 21:33:35",A201,9653f952-2137-469f-a020-618fd5744ff7
236981,29,23.7,330,114,"2021-10-06 21:46:10",A203,9653f952-2137-469f-a020-618fd5744ff7
237011,29,23.5,329,114,"2021-10-06 22:16:31",A203,9653f952-2137-469f-a020-618fd5744ff7
237023,28,23.9,185,86,"2021-10-06 22:27:11",A202,9653f952-2137-469f-a020-618fd5744ff7
237034,26,24.6,234,86,"2021-10-06 22:34:23",A201,9653f952-2137-469f-a020-618fd5744ff7
237043,29,23.3,330,114,"2021-10-06 22:46:51",A203,9653f952-2137-469f-a020-618fd5744ff7
237064,26,24.5,235,86,"2021-10-06 23:04:46",A201,9653f952-2137-469f-a020-618fd5744ff7
237073,29,23.2,327,114,"2021-10-06 23:17:13",A203,9653f952-2137-469f-a020-618fd5744ff7
237085,28,23.6,186,86,"2021-10-06 23:27:37",A202,9653f952-2137-469f-a020-618fd5744ff7
237096,26,24.3,235,86,"2021-10-06 23:36:55",A201,9653f952-2137-469f-a020-618fd5744ff7
237107,29,23,329,114,"2021-10-06 23:49:02",A203,9653f952-2137-469f-a020-618fd5744ff7
237115,28,23.4,185,86,"2021-10-06 23:57:38",A202,9653f952-2137-469f-a020-618fd5744ff7
237127,26,24.2,230,86,"2021-10-07 00:07:20",A201,9653f952-2137-469f-a020-618fd5744ff7
237138,29,22.8,328,114,"2021-10-07 00:19:24",A203,9653f952-2137-469f-a020-618fd5744ff7
237158,26,24.1,232,86,"2021-10-07 00:37:44",A201,9653f952-2137-469f-a020-618fd5744ff7
237169,29,22.7,328,114,"2021-10-07 00:49:46",A203,9653f952-2137-469f-a020-618fd5744ff7
237190,26,23.9,232,86,"2021-10-07 01:08:08",A201,9653f952-2137-469f-a020-618fd5744ff7
237200,29,22.5,329,114,"2021-10-07 01:20:08",A203,9653f952-2137-469f-a020-618fd5744ff7
237221,26,23.8,234,86,"2021-10-07 01:38:33",A201,9653f952-2137-469f-a020-618fd5744ff7
237231,29,22.4,329,114,"2021-10-07 01:50:28",A203,9653f952-2137-469f-a020-618fd5744ff7
237252,26,23.7,233,86,"2021-10-07 02:08:56",A201,9653f952-2137-469f-a020-618fd5744ff7
237261,29,22.3,328,100,"2021-10-07 02:20:41",A203,9653f952-2137-469f-a020-618fd5744ff7
237270,28,22.6,186,86,"2021-10-07 02:28:27",A202,9653f952-2137-469f-a020-618fd5744ff7
237283,26,23.5,230,86,"2021-10-07 02:39:19",A201,9653f952-2137-469f-a020-618fd5744ff7
237293,29,22.2,328,93,"2021-10-07 02:50:51",A203,9653f952-2137-469f-a020-618fd5744ff7
237314,26,23.4,231,86,"2021-10-07 03:09:44",A201,9653f952-2137-469f-a020-618fd5744ff7
237323,29,22.1,329,93,"2021-10-07 03:21:04",A203,9653f952-2137-469f-a020-618fd5744ff7
237342,26,23.3,232,86,"2021-10-07 03:40:07",A201,9653f952-2137-469f-a020-618fd5744ff7
237350,29,22,330,93,"2021-10-07 03:51:14",A203,9653f952-2137-469f-a020-618fd5744ff7
237359,28,22.2,185,86,"2021-10-07 03:58:50",A202,9653f952-2137-469f-a020-618fd5744ff7
237378,26,23.2,231,86,"2021-10-07 04:10:32",A201,9653f952-2137-469f-a020-618fd5744ff7
237385,29,21.9,329,93,"2021-10-07 04:21:27",A203,9653f952-2137-469f-a020-618fd5744ff7
237394,28,22.1,183,86,"2021-10-07 04:29:00",A202,9653f952-2137-469f-a020-618fd5744ff7
237407,26,23.1,233,86,"2021-10-07 04:40:55",A201,9653f952-2137-469f-a020-618fd5744ff7
237415,29,21.8,323,93,"2021-10-07 04:51:39",A203,9653f952-2137-469f-a020-618fd5744ff7
237424,28,22,179,86,"2021-10-07 04:59:11",A202,9653f952-2137-469f-a020-618fd5744ff7
237436,26,23,232,86,"2021-10-07 05:11:20",A201,9653f952-2137-469f-a020-618fd5744ff7
237444,29,21.8,327,107,"2021-10-07 05:21:59",A203,9653f952-2137-469f-a020-618fd5744ff7
237453,28,22,180,93,"2021-10-07 05:29:21",A202,9653f952-2137-469f-a020-618fd5744ff7
237465,26,22.9,232,93,"2021-10-07 05:41:44",A201,9653f952-2137-469f-a020-618fd5744ff7
237474,29,21.8,326,107,"2021-10-07 05:52:22",A203,9653f952-2137-469f-a020-618fd5744ff7
237493,26,22.8,232,93,"2021-10-07 06:12:11",A201,9653f952-2137-469f-a020-618fd5744ff7
237501,29,21.9,325,107,"2021-10-07 06:22:47",A203,9653f952-2137-469f-a020-618fd5744ff7
237509,28,22.1,179,93,"2021-10-07 06:29:51",A202,9653f952-2137-469f-a020-618fd5744ff7
237521,26,22.8,231,93,"2021-10-07 06:42:38",A201,9653f952-2137-469f-a020-618fd5744ff7
237529,29,22.1,322,107,"2021-10-07 06:53:17",A203,9653f952-2137-469f-a020-618fd5744ff7
237537,28,22.2,183,93,"2021-10-07 07:00:10",A202,9653f952-2137-469f-a020-618fd5744ff7
237547,26,22.8,232,100,"2021-10-07 07:13:08",A201,9653f952-2137-469f-a020-618fd5744ff7
237555,29,22.5,324,107,"2021-10-07 07:23:50",A203,9653f952-2137-469f-a020-618fd5744ff7
237563,28,22.6,183,100,"2021-10-07 07:30:31",A202,9653f952-2137-469f-a020-618fd5744ff7
237574,26,22.9,231,100,"2021-10-07 07:43:39",A201,9653f952-2137-469f-a020-618fd5744ff7
237583,29,23,317,100,"2021-10-07 07:54:26",A203,9653f952-2137-469f-a020-618fd5744ff7
237590,28,22.9,183,100,"2021-10-07 08:00:55",A202,9653f952-2137-469f-a020-618fd5744ff7
237602,26,23,231,100,"2021-10-07 08:14:11",A201,9653f952-2137-469f-a020-618fd5744ff7
237612,29,23.5,323,100,"2021-10-07 08:25:02",A203,9653f952-2137-469f-a020-618fd5744ff7
237619,28,23.2,182,100,"2021-10-07 08:31:18",A202,9653f952-2137-469f-a020-618fd5744ff7
237631,26,23.2,231,100,"2021-10-07 08:44:41",A201,9653f952-2137-469f-a020-618fd5744ff7
237641,29,24.1,320,100,"2021-10-07 08:55:39",A203,9653f952-2137-469f-a020-618fd5744ff7
237658,26,23.5,232,100,"2021-10-07 09:15:14",A201,9653f952-2137-469f-a020-618fd5744ff7
237667,29,24.8,318,100,"2021-10-07 09:26:17",A203,9653f952-2137-469f-a020-618fd5744ff7
237674,27,24.2,180,100,"2021-10-07 09:32:07",A202,9653f952-2137-469f-a020-618fd5744ff7
237686,26,23.8,230,100,"2021-10-07 09:45:45",A201,9653f952-2137-469f-a020-618fd5744ff7
237696,29,25.4,321,100,"2021-10-07 09:56:56",A203,9653f952-2137-469f-a020-618fd5744ff7
237703,27,25,180,100,"2021-10-07 10:02:33",A202,9653f952-2137-469f-a020-618fd5744ff7
237714,26,24.1,233,100,"2021-10-07 10:16:18",A201,9653f952-2137-469f-a020-618fd5744ff7
237728,27,25.9,175,100,"2021-10-07 10:32:56",A202,9653f952-2137-469f-a020-618fd5744ff7
237740,26,24.5,231,100,"2021-10-07 10:46:52",A201,9653f952-2137-469f-a020-618fd5744ff7
237750,29,26.6,321,100,"2021-10-07 10:58:15",A203,9653f952-2137-469f-a020-618fd5744ff7
237757,27,26.5,179,100,"2021-10-07 11:03:21",A202,9653f952-2137-469f-a020-618fd5744ff7
237767,26,24.9,231,100,"2021-10-07 11:17:25",A201,9653f952-2137-469f-a020-618fd5744ff7
237777,29,27.1,322,100,"2021-10-07 11:28:55",A203,9653f952-2137-469f-a020-618fd5744ff7
237784,27,27.1,176,100,"2021-10-07 11:33:47",A202,9653f952-2137-469f-a020-618fd5744ff7
237794,26,25.2,232,100,"2021-10-07 11:47:57",A201,9653f952-2137-469f-a020-618fd5744ff7
237802,29,27.5,324,100,"2021-10-07 11:59:36",A203,9653f952-2137-469f-a020-618fd5744ff7
237809,27,27.6,178,100,"2021-10-07 12:04:14",A202,9653f952-2137-469f-a020-618fd5744ff7
237820,26,25.6,229,100,"2021-10-07 12:18:32",A201,9653f952-2137-469f-a020-618fd5744ff7
237829,29,27.8,324,100,"2021-10-07 12:30:14",A203,9653f952-2137-469f-a020-618fd5744ff7
237836,27,28,179,100,"2021-10-07 12:34:38",A202,9653f952-2137-469f-a020-618fd5744ff7
237846,26,26,233,100,"2021-10-07 12:49:04",A201,9653f952-2137-469f-a020-618fd5744ff7
237854,29,27.9,326,100,"2021-10-07 13:00:52",A203,9653f952-2137-469f-a020-618fd5744ff7
237861,27,28.12,178,100,"2021-10-07 13:05:03",A202,9653f952-2137-469f-a020-618fd5744ff7
237871,26,26.2,232,93,"2021-10-07 13:19:37",A201,9653f952-2137-469f-a020-618fd5744ff7
237879,29,27.9,327,107,"2021-10-07 13:31:28",A203,9653f952-2137-469f-a020-618fd5744ff7
237886,27,28.1,177,93,"2021-10-07 13:35:27",A202,9653f952-2137-469f-a020-618fd5744ff7
237897,26,26.4,232,93,"2021-10-07 13:50:08",A201,9653f952-2137-469f-a020-618fd5744ff7
237906,29,27.8,327,107,"2021-10-07 14:02:03",A203,9653f952-2137-469f-a020-618fd5744ff7
237913,27,28,177,86,"2021-10-07 14:05:48",A202,9653f952-2137-469f-a020-618fd5744ff7
237922,26,26.6,230,86,"2021-10-07 14:20:40",A201,9653f952-2137-469f-a020-618fd5744ff7
237929,29,27.6,328,107,"2021-10-07 14:32:39",A203,9653f952-2137-469f-a020-618fd5744ff7
237936,27,27.8,178,86,"2021-10-07 14:36:11",A202,9653f952-2137-469f-a020-618fd5744ff7
237946,26,26.6,230,86,"2021-10-07 14:51:09",A201,9653f952-2137-469f-a020-618fd5744ff7
237962,27,27.7,179,86,"2021-10-07 15:06:30",A202,9653f952-2137-469f-a020-618fd5744ff7
237972,26,26.6,231,86,"2021-10-07 15:21:38",A201,9653f952-2137-469f-a020-618fd5744ff7
237981,29,27.1,329,107,"2021-10-07 15:33:44",A203,9653f952-2137-469f-a020-618fd5744ff7
237988,27,27.4,180,86,"2021-10-07 15:36:49",A202,9653f952-2137-469f-a020-618fd5744ff7
237998,26,26.6,230,86,"2021-10-07 15:52:07",A201,9653f952-2137-469f-a020-618fd5744ff7
238007,29,26.9,329,107,"2021-10-07 16:04:16",A203,9653f952-2137-469f-a020-618fd5744ff7
238014,27,27.2,181,86,"2021-10-07 16:08:24",A202,9653f952-2137-469f-a020-618fd5744ff7
238024,26,26.6,232,86,"2021-10-07 16:22:37",A201,9653f952-2137-469f-a020-618fd5744ff7
238034,29,26.6,329,107,"2021-10-07 16:34:46",A203,9653f952-2137-469f-a020-618fd5744ff7
238041,27,27,181,86,"2021-10-07 16:38:47",A202,9653f952-2137-469f-a020-618fd5744ff7
238050,26,26.5,231,86,"2021-10-07 16:53:04",A201,9653f952-2137-469f-a020-618fd5744ff7
238063,29,26.3,328,107,"2021-10-07 17:05:15",A203,9653f952-2137-469f-a020-618fd5744ff7
238068,27,26.7,178,86,"2021-10-07 17:09:10",A202,9653f952-2137-469f-a020-618fd5744ff7
238077,26,26.4,232,86,"2021-10-07 17:23:31",A201,9653f952-2137-469f-a020-618fd5744ff7
238091,29,26.1,329,107,"2021-10-07 17:35:43",A203,9653f952-2137-469f-a020-618fd5744ff7
238095,27,26.4,179,86,"2021-10-07 17:39:32",A202,9653f952-2137-469f-a020-618fd5744ff7
238103,26,26.3,231,86,"2021-10-07 17:53:58",A201,9653f952-2137-469f-a020-618fd5744ff7
238117,29,25.8,330,107,"2021-10-07 18:06:11",A203,9653f952-2137-469f-a020-618fd5744ff7
238121,27,26.2,180,86,"2021-10-07 18:09:53",A202,9653f952-2137-469f-a020-618fd5744ff7
238130,26,26.2,229,86,"2021-10-07 18:24:25",A201,9653f952-2137-469f-a020-618fd5744ff7
238145,29,25.6,326,107,"2021-10-07 18:36:40",A203,9653f952-2137-469f-a020-618fd5744ff7
238149,27,25.96,181,86,"2021-10-07 18:40:15",A202,9653f952-2137-469f-a020-618fd5744ff7
238157,26,26.1,228,86,"2021-10-07 18:54:52",A201,9653f952-2137-469f-a020-618fd5744ff7
238172,29,25.4,328,107,"2021-10-07 19:07:07",A203,9653f952-2137-469f-a020-618fd5744ff7
238176,27,25.7,181,86,"2021-10-07 19:10:37",A202,9653f952-2137-469f-a020-618fd5744ff7
238184,26,26,228,86,"2021-10-07 19:25:20",A201,9653f952-2137-469f-a020-618fd5744ff7
238197,29,25.2,329,107,"2021-10-07 19:37:38",A203,9653f952-2137-469f-a020-618fd5744ff7
238202,27,25.6,181,86,"2021-10-07 19:40:59",A202,9653f952-2137-469f-a020-618fd5744ff7
238207,26,25.9,228,86,"2021-10-07 19:55:46",A201,9653f952-2137-469f-a020-618fd5744ff7
238221,29,25,328,107,"2021-10-07 20:08:01",A203,9653f952-2137-469f-a020-618fd5744ff7
238226,27,25.4,177,86,"2021-10-07 20:11:20",A202,9653f952-2137-469f-a020-618fd5744ff7
238231,26,25.8,230,86,"2021-10-07 20:26:12",A201,9653f952-2137-469f-a020-618fd5744ff7
238246,29,24.8,329,107,"2021-10-07 20:38:26",A203,9653f952-2137-469f-a020-618fd5744ff7
238251,27,25.2,180,86,"2021-10-07 20:41:39",A202,9653f952-2137-469f-a020-618fd5744ff7
238258,26,25.7,228,86,"2021-10-07 20:56:39",A201,9653f952-2137-469f-a020-618fd5744ff7
238272,29,24.6,327,107,"2021-10-07 21:08:55",A203,9653f952-2137-469f-a020-618fd5744ff7
238277,27,25,181,86,"2021-10-07 21:12:00",A202,9653f952-2137-469f-a020-618fd5744ff7
238284,26,25.5,229,86,"2021-10-07 21:27:04",A201,9653f952-2137-469f-a020-618fd5744ff7
238300,29,24.5,329,107,"2021-10-07 21:39:20",A203,9653f952-2137-469f-a020-618fd5744ff7
238304,27,24.8,181,86,"2021-10-07 21:42:19",A202,9653f952-2137-469f-a020-618fd5744ff7
238311,26,25.4,229,86,"2021-10-07 21:57:31",A201,9653f952-2137-469f-a020-618fd5744ff7
238326,29,24.3,328,107,"2021-10-07 22:09:45",A203,9653f952-2137-469f-a020-618fd5744ff7
238330,27,24.7,181,86,"2021-10-07 22:12:38",A202,9653f952-2137-469f-a020-618fd5744ff7
238337,26,25.3,225,86,"2021-10-07 22:27:56",A201,9653f952-2137-469f-a020-618fd5744ff7
238352,29,24.1,324,107,"2021-10-07 22:40:07",A203,9653f952-2137-469f-a020-618fd5744ff7
238356,27,24.5,179,86,"2021-10-07 22:42:57",A202,9653f952-2137-469f-a020-618fd5744ff7
238364,26,25.2,228,86,"2021-10-07 22:58:21",A201,9653f952-2137-469f-a020-618fd5744ff7
238379,29,23.94,326,107,"2021-10-07 23:10:31",A203,9653f952-2137-469f-a020-618fd5744ff7
238383,27,24.3,177,86,"2021-10-07 23:13:15",A202,9653f952-2137-469f-a020-618fd5744ff7
238391,26,25.1,227,86,"2021-10-07 23:28:46",A201,9653f952-2137-469f-a020-618fd5744ff7
238407,29,23.8,327,114,"2021-10-07 23:40:55",A203,9653f952-2137-469f-a020-618fd5744ff7
238410,27,24.1,181,86,"2021-10-07 23:43:35",A202,9653f952-2137-469f-a020-618fd5744ff7
238413,26,25,229,86,"2021-10-07 23:59:11",A201,9653f952-2137-469f-a020-618fd5744ff7
238422,29,23.6,327,114,"2021-10-08 00:11:19",A203,9653f952-2137-469f-a020-618fd5744ff7
238427,26,24.8,226,86,"2021-10-08 00:29:36",A201,9653f952-2137-469f-a020-618fd5744ff7
238436,29,23.5,327,114,"2021-10-08 00:41:41",A203,9653f952-2137-469f-a020-618fd5744ff7
238441,26,24.7,228,86,"2021-10-08 01:00:01",A201,9653f952-2137-469f-a020-618fd5744ff7
238449,29,23.3,327,121,"2021-10-08 01:12:05",A203,9653f952-2137-469f-a020-618fd5744ff7
238453,26,24.6,227,86,"2021-10-08 01:30:25",A201,9653f952-2137-469f-a020-618fd5744ff7
238463,29,23.2,326,100,"2021-10-08 01:42:19",A203,9653f952-2137-469f-a020-618fd5744ff7
238467,26,24.5,228,86,"2021-10-08 02:00:49",A201,9653f952-2137-469f-a020-618fd5744ff7
238477,29,23,328,93,"2021-10-08 02:12:32",A203,9653f952-2137-469f-a020-618fd5744ff7
238482,26,24.34,227,86,"2021-10-08 02:31:14",A201,9653f952-2137-469f-a020-618fd5744ff7
238491,28,22.9,329,93,"2021-10-08 02:42:43",A203,9653f952-2137-469f-a020-618fd5744ff7
238496,26,24.2,227,86,"2021-10-08 03:01:41",A201,9653f952-2137-469f-a020-618fd5744ff7
238505,28,22.8,329,93,"2021-10-08 03:12:55",A203,9653f952-2137-469f-a020-618fd5744ff7
238509,26,24.1,227,86,"2021-10-08 03:32:04",A201,9653f952-2137-469f-a020-618fd5744ff7
238517,28,22.6,330,93,"2021-10-08 03:43:06",A203,9653f952-2137-469f-a020-618fd5744ff7
238522,26,24,227,86,"2021-10-08 04:02:27",A201,9653f952-2137-469f-a020-618fd5744ff7
238530,29,22.5,327,93,"2021-10-08 04:13:17",A203,9653f952-2137-469f-a020-618fd5744ff7
238533,26,23.9,227,93,"2021-10-08 04:32:51",A201,9653f952-2137-469f-a020-618fd5744ff7
238542,29,22.4,319,100,"2021-10-08 04:43:34",A203,9653f952-2137-469f-a020-618fd5744ff7
238546,26,23.8,224,93,"2021-10-08 05:03:16",A201,9653f952-2137-469f-a020-618fd5744ff7
238553,29,22.3,326,107,"2021-10-08 05:13:57",A203,9653f952-2137-469f-a020-618fd5744ff7
238559,26,23.7,224,93,"2021-10-08 05:33:44",A201,9653f952-2137-469f-a020-618fd5744ff7
238566,29,22.3,325,107,"2021-10-08 05:44:24",A203,9653f952-2137-469f-a020-618fd5744ff7
238571,26,23.6,224,93,"2021-10-08 06:04:12",A201,9653f952-2137-469f-a020-618fd5744ff7
238579,29,22.4,324,107,"2021-10-08 06:14:53",A203,9653f952-2137-469f-a020-618fd5744ff7
238585,26,23.6,224,100,"2021-10-08 06:34:42",A201,9653f952-2137-469f-a020-618fd5744ff7
238593,29,22.7,322,107,"2021-10-08 06:45:27",A203,9653f952-2137-469f-a020-618fd5744ff7
238597,26,23.54,225,100,"2021-10-08 07:05:15",A201,9653f952-2137-469f-a020-618fd5744ff7
238605,29,23,316,100,"2021-10-08 07:16:03",A203,9653f952-2137-469f-a020-618fd5744ff7
238611,26,23.6,224,100,"2021-10-08 07:35:46",A201,9653f952-2137-469f-a020-618fd5744ff7
238623,26,23.7,224,100,"2021-10-08 08:06:18",A201,9653f952-2137-469f-a020-618fd5744ff7
238631,29,24.1,316,100,"2021-10-08 08:17:18",A203,9653f952-2137-469f-a020-618fd5744ff7
238637,26,24,224,100,"2021-10-08 08:36:51",A201,9653f952-2137-469f-a020-618fd5744ff7
238645,29,24.8,322,100,"2021-10-08 08:47:59",A203,9653f952-2137-469f-a020-618fd5744ff7
238651,26,24.2,225,100,"2021-10-08 09:07:24",A201,9653f952-2137-469f-a020-618fd5744ff7
238658,29,25.5,318,100,"2021-10-08 09:18:40",A203,9653f952-2137-469f-a020-618fd5744ff7
238664,26,24.6,223,100,"2021-10-08 09:37:59",A201,9653f952-2137-469f-a020-618fd5744ff7
238670,29,26.2,321,93,"2021-10-08 09:49:22",A203,9653f952-2137-469f-a020-618fd5744ff7
238675,26,24.9,225,100,"2021-10-08 10:08:32",A201,9653f952-2137-469f-a020-618fd5744ff7
238683,29,26.8,314,100,"2021-10-08 10:20:06",A203,9653f952-2137-469f-a020-618fd5744ff7
238688,26,25.3,224,100,"2021-10-08 10:39:04",A201,9653f952-2137-469f-a020-618fd5744ff7
238696,29,27.3,322,100,"2021-10-08 10:50:43",A203,9653f952-2137-469f-a020-618fd5744ff7
238700,26,25.6,225,100,"2021-10-08 11:09:39",A201,9653f952-2137-469f-a020-618fd5744ff7
238708,29,27.6,323,100,"2021-10-08 11:21:22",A203,9653f952-2137-469f-a020-618fd5744ff7
238714,26,25.86,225,100,"2021-10-08 11:40:12",A201,9653f952-2137-469f-a020-618fd5744ff7
238722,29,27.8,323,100,"2021-10-08 11:52:01",A203,9653f952-2137-469f-a020-618fd5744ff7
238727,29,27.9,326,93,"2021-10-08 12:53:25",A203,9653f952-2137-469f-a020-618fd5744ff7
238733,26,26.4,221,100,"2021-10-08 13:11:53",A201,9653f952-2137-469f-a020-618fd5744ff7
238745,29,28,325,93,"2021-10-08 13:24:05",A203,9653f952-2137-469f-a020-618fd5744ff7
238752,26,26.5,222,100,"2021-10-08 13:42:27",A201,9653f952-2137-469f-a020-618fd5744ff7
238762,29,28.24,325,100,"2021-10-08 13:54:47",A203,9653f952-2137-469f-a020-618fd5744ff7
238769,26,26.7,224,93,"2021-10-08 14:13:01",A201,9653f952-2137-469f-a020-618fd5744ff7
238779,29,28.3,325,100,"2021-10-08 14:25:24",A203,9653f952-2137-469f-a020-618fd5744ff7
238786,26,26.8,223,86,"2021-10-08 14:43:34",A201,9653f952-2137-469f-a020-618fd5744ff7
238796,29,28.2,324,100,"2021-10-08 14:56:02",A203,9653f952-2137-469f-a020-618fd5744ff7
238803,26,26.9,223,86,"2021-10-08 15:14:07",A201,9653f952-2137-469f-a020-618fd5744ff7
238812,29,28,325,107,"2021-10-08 15:26:38",A203,9653f952-2137-469f-a020-618fd5744ff7
238819,26,26.9,224,86,"2021-10-08 15:44:35",A201,9653f952-2137-469f-a020-618fd5744ff7
238828,29,27.8,328,107,"2021-10-08 15:57:14",A203,9653f952-2137-469f-a020-618fd5744ff7
238837,26,26.8,222,86,"2021-10-08 17:16:03",A201,9653f952-2137-469f-a020-618fd5744ff7
238846,29,27,326,107,"2021-10-08 17:28:47",A203,9653f952-2137-469f-a020-618fd5744ff7
238852,26,26.7,225,86,"2021-10-08 17:46:35",A201,9653f952-2137-469f-a020-618fd5744ff7
238861,29,26.7,329,107,"2021-10-08 17:59:18",A203,9653f952-2137-469f-a020-618fd5744ff7
238868,26,26.6,219,86,"2021-10-08 18:16:59",A201,9653f952-2137-469f-a020-618fd5744ff7
238876,29,26.5,329,107,"2021-10-08 18:29:47",A203,9653f952-2137-469f-a020-618fd5744ff7
238883,26,26.5,220,86,"2021-10-08 18:47:27",A201,9653f952-2137-469f-a020-618fd5744ff7
238891,29,26.2,327,107,"2021-10-08 19:00:15",A203,9653f952-2137-469f-a020-618fd5744ff7
238898,26,26.4,222,86,"2021-10-08 19:17:53",A201,9653f952-2137-469f-a020-618fd5744ff7
238906,29,26,329,107,"2021-10-08 19:30:42",A203,9653f952-2137-469f-a020-618fd5744ff7
238914,26,26.3,222,86,"2021-10-08 19:48:23",A201,9653f952-2137-469f-a020-618fd5744ff7
238922,29,25.8,326,107,"2021-10-08 20:01:11",A203,9653f952-2137-469f-a020-618fd5744ff7
238930,26,26.2,219,86,"2021-10-08 20:18:48",A201,9653f952-2137-469f-a020-618fd5744ff7
238945,26,26.1,222,86,"2021-10-08 20:49:14",A201,9653f952-2137-469f-a020-618fd5744ff7
238953,29,25.4,326,107,"2021-10-08 21:02:04",A203,9653f952-2137-469f-a020-618fd5744ff7
238961,26,26,218,86,"2021-10-08 21:19:41",A201,9653f952-2137-469f-a020-618fd5744ff7
238969,29,25.2,328,107,"2021-10-08 21:32:29",A203,9653f952-2137-469f-a020-618fd5744ff7
238977,26,25.8,218,86,"2021-10-08 21:50:09",A201,9653f952-2137-469f-a020-618fd5744ff7
238986,29,25,328,107,"2021-10-08 22:02:55",A203,9653f952-2137-469f-a020-618fd5744ff7
238993,26,25.7,220,86,"2021-10-08 22:20:34",A201,9653f952-2137-469f-a020-618fd5744ff7
239003,29,24.9,324,107,"2021-10-08 22:33:22",A203,9653f952-2137-469f-a020-618fd5744ff7
239010,26,25.6,219,86,"2021-10-08 22:51:00",A201,9653f952-2137-469f-a020-618fd5744ff7
239020,29,24.7,327,107,"2021-10-08 23:03:47",A203,9653f952-2137-469f-a020-618fd5744ff7
239027,26,25.5,220,86,"2021-10-08 23:21:26",A201,9653f952-2137-469f-a020-618fd5744ff7
239037,29,24.6,327,107,"2021-10-08 23:34:13",A203,9653f952-2137-469f-a020-618fd5744ff7
239043,26,25.4,220,86,"2021-10-08 23:51:52",A201,9653f952-2137-469f-a020-618fd5744ff7
239053,29,24.4,327,107,"2021-10-09 00:04:36",A203,9653f952-2137-469f-a020-618fd5744ff7
239059,26,25.3,220,86,"2021-10-09 00:22:17",A201,9653f952-2137-469f-a020-618fd5744ff7
239069,29,24.3,327,114,"2021-10-09 00:35:02",A203,9653f952-2137-469f-a020-618fd5744ff7
239075,26,25.2,218,86,"2021-10-09 00:52:42",A201,9653f952-2137-469f-a020-618fd5744ff7
239085,29,24.1,322,107,"2021-10-09 01:05:24",A203,9653f952-2137-469f-a020-618fd5744ff7
239092,26,25.1,218,86,"2021-10-09 01:23:08",A201,9653f952-2137-469f-a020-618fd5744ff7
239102,28,24,324,114,"2021-10-09 01:35:46",A203,9653f952-2137-469f-a020-618fd5744ff7
239107,26,25,218,86,"2021-10-09 01:53:34",A201,9653f952-2137-469f-a020-618fd5744ff7
239117,28,23.9,322,100,"2021-10-09 02:06:03",A203,9653f952-2137-469f-a020-618fd5744ff7
239124,26,24.9,217,86,"2021-10-09 02:25:47",A201,9653f952-2137-469f-a020-618fd5744ff7
239133,28,23.8,325,100,"2021-10-09 02:37:41",A203,9653f952-2137-469f-a020-618fd5744ff7
239140,26,24.8,218,86,"2021-10-09 02:56:09",A201,9653f952-2137-469f-a020-618fd5744ff7
239149,28,23.7,325,100,"2021-10-09 03:08:05",A203,9653f952-2137-469f-a020-618fd5744ff7
239156,26,24.7,218,86,"2021-10-09 03:26:35",A201,9653f952-2137-469f-a020-618fd5744ff7
239164,28,23.6,327,93,"2021-10-09 03:38:30",A203,9653f952-2137-469f-a020-618fd5744ff7
239172,26,24.6,217,86,"2021-10-09 03:56:58",A201,9653f952-2137-469f-a020-618fd5744ff7
239181,28,23.5,326,93,"2021-10-09 04:08:54",A203,9653f952-2137-469f-a020-618fd5744ff7
239189,26,24.5,218,86,"2021-10-09 04:27:24",A201,9653f952-2137-469f-a020-618fd5744ff7
239197,28,23.4,326,100,"2021-10-09 04:39:20",A203,9653f952-2137-469f-a020-618fd5744ff7
239206,26,24.4,215,86,"2021-10-09 04:57:47",A201,9653f952-2137-469f-a020-618fd5744ff7
239214,28,23.4,322,100,"2021-10-09 05:09:48",A203,9653f952-2137-469f-a020-618fd5744ff7
239223,26,24.4,216,93,"2021-10-09 05:28:12",A201,9653f952-2137-469f-a020-618fd5744ff7
239231,29,23.4,321,100,"2021-10-09 05:40:19",A203,9653f952-2137-469f-a020-618fd5744ff7
239240,26,24.3,216,93,"2021-10-09 05:58:39",A201,9653f952-2137-469f-a020-618fd5744ff7
239248,29,23.5,324,107,"2021-10-09 06:10:58",A203,9653f952-2137-469f-a020-618fd5744ff7
239257,26,24.3,213,93,"2021-10-09 06:29:06",A201,9653f952-2137-469f-a020-618fd5744ff7
239265,29,23.6,319,107,"2021-10-09 06:41:40",A203,9653f952-2137-469f-a020-618fd5744ff7
239273,26,24.3,214,93,"2021-10-09 06:59:35",A201,9653f952-2137-469f-a020-618fd5744ff7
239281,29,23.9,316,100,"2021-10-09 07:12:25",A203,9653f952-2137-469f-a020-618fd5744ff7
239289,26,24.3,215,100,"2021-10-09 07:30:06",A201,9653f952-2137-469f-a020-618fd5744ff7
239297,29,24.2,322,100,"2021-10-09 07:43:11",A203,9653f952-2137-469f-a020-618fd5744ff7
239305,26,24.4,213,100,"2021-10-09 08:00:38",A201,9653f952-2137-469f-a020-618fd5744ff7
239313,29,24.7,321,100,"2021-10-09 08:13:59",A203,9653f952-2137-469f-a020-618fd5744ff7
239321,26,24.5,214,100,"2021-10-09 08:31:10",A201,9653f952-2137-469f-a020-618fd5744ff7
239329,29,25.3,318,100,"2021-10-09 08:44:48",A203,9653f952-2137-469f-a020-618fd5744ff7
239337,26,24.8,210,100,"2021-10-09 09:01:40",A201,9653f952-2137-469f-a020-618fd5744ff7
239345,29,26,318,100,"2021-10-09 09:15:39",A203,9653f952-2137-469f-a020-618fd5744ff7
239353,26,25,211,100,"2021-10-09 09:32:13",A201,9653f952-2137-469f-a020-618fd5744ff7
239361,29,26.7,318,100,"2021-10-09 09:46:29",A203,9653f952-2137-469f-a020-618fd5744ff7
239370,25,25.4,212,100,"2021-10-09 10:02:46",A201,9653f952-2137-469f-a020-618fd5744ff7
239377,29,27.4,321,93,"2021-10-09 10:17:23",A203,9653f952-2137-469f-a020-618fd5744ff7
239385,25,25.8,210,100,"2021-10-09 10:33:19",A201,9653f952-2137-469f-a020-618fd5744ff7
239391,29,28.1,321,100,"2021-10-09 10:48:16",A203,9653f952-2137-469f-a020-618fd5744ff7
239399,25,26.1,210,100,"2021-10-09 11:03:52",A201,9653f952-2137-469f-a020-618fd5744ff7
239405,29,28.5,336,107,"2021-10-09 11:19:02",A203,9653f952-2137-469f-a020-618fd5744ff7
239413,25,26.5,209,100,"2021-10-09 11:34:24",A201,9653f952-2137-469f-a020-618fd5744ff7
239416,31,28.6,363,107,"2021-10-09 11:49:42",A203,9653f952-2137-469f-a020-618fd5744ff7
239425,25,26.8,207,100,"2021-10-09 12:04:52",A201,9653f952-2137-469f-a020-618fd5744ff7
239429,31,28.32,357,107,"2021-10-09 12:20:26",A203,9653f952-2137-469f-a020-618fd5744ff7
239438,25,27,207,100,"2021-10-09 12:35:23",A201,9653f952-2137-469f-a020-618fd5744ff7
239445,31,28,359,107,"2021-10-09 12:51:11",A203,9653f952-2137-469f-a020-618fd5744ff7
239454,25,27.28,205,100,"2021-10-09 13:05:52",A201,9653f952-2137-469f-a020-618fd5744ff7
239461,31,27.9,356,107,"2021-10-09 13:21:57",A203,9653f952-2137-469f-a020-618fd5744ff7
239470,25,27.4,205,86,"2021-10-09 13:36:22",A201,9653f952-2137-469f-a020-618fd5744ff7
239476,31,27.6,356,107,"2021-10-09 13:52:36",A203,9653f952-2137-469f-a020-618fd5744ff7
239484,25,27.54,205,86,"2021-10-09 14:06:50",A201,9653f952-2137-469f-a020-618fd5744ff7
239491,31,27.2,355,107,"2021-10-09 14:23:19",A203,9653f952-2137-469f-a020-618fd5744ff7
239498,25,27.6,203,86,"2021-10-09 14:37:18",A201,9653f952-2137-469f-a020-618fd5744ff7
239504,31,26.9,353,107,"2021-10-09 14:53:58",A203,9653f952-2137-469f-a020-618fd5744ff7
239512,25,27.6,204,86,"2021-10-09 15:07:48",A201,9653f952-2137-469f-a020-618fd5744ff7
239520,31,26.5,352,107,"2021-10-09 15:24:38",A203,9653f952-2137-469f-a020-618fd5744ff7
239527,25,27.6,204,86,"2021-10-09 15:38:10",A201,9653f952-2137-469f-a020-618fd5744ff7
239535,31,26.2,353,107,"2021-10-09 15:55:17",A203,9653f952-2137-469f-a020-618fd5744ff7
239541,25,27.5,204,86,"2021-10-09 16:08:38",A201,9653f952-2137-469f-a020-618fd5744ff7
239548,30,25.9,355,107,"2021-10-09 16:25:56",A203,9653f952-2137-469f-a020-618fd5744ff7
239555,25,27.4,205,86,"2021-10-09 16:39:04",A201,9653f952-2137-469f-a020-618fd5744ff7
239562,30,25.7,353,107,"2021-10-09 16:56:36",A203,9653f952-2137-469f-a020-618fd5744ff7
239570,25,27.3,204,86,"2021-10-09 17:09:30",A201,9653f952-2137-469f-a020-618fd5744ff7
239577,30,25.4,346,107,"2021-10-09 17:27:13",A203,9653f952-2137-469f-a020-618fd5744ff7
239585,25,27.2,202,86,"2021-10-09 17:39:56",A201,9653f952-2137-469f-a020-618fd5744ff7
239592,30,25.2,353,107,"2021-10-09 17:57:52",A203,9653f952-2137-469f-a020-618fd5744ff7
239600,25,27.1,201,86,"2021-10-09 18:10:23",A201,9653f952-2137-469f-a020-618fd5744ff7
239608,30,25.1,345,107,"2021-10-09 18:28:31",A203,9653f952-2137-469f-a020-618fd5744ff7
239615,25,27,203,86,"2021-10-09 18:40:47",A201,9653f952-2137-469f-a020-618fd5744ff7
239624,30,24.9,350,107,"2021-10-09 18:59:08",A203,9653f952-2137-469f-a020-618fd5744ff7
239630,25,26.9,201,86,"2021-10-09 19:11:13",A201,9653f952-2137-469f-a020-618fd5744ff7
239639,30,24.7,348,107,"2021-10-09 19:29:44",A203,9653f952-2137-469f-a020-618fd5744ff7
239645,25,26.74,202,86,"2021-10-09 19:41:39",A201,9653f952-2137-469f-a020-618fd5744ff7
239653,30,24.6,349,107,"2021-10-09 20:00:22",A203,9653f952-2137-469f-a020-618fd5744ff7
239659,25,26.6,202,86,"2021-10-09 20:12:04",A201,9653f952-2137-469f-a020-618fd5744ff7
239668,30,24.4,348,107,"2021-10-09 20:30:58",A203,9653f952-2137-469f-a020-618fd5744ff7
239674,25,26.5,202,86,"2021-10-09 20:42:29",A201,9653f952-2137-469f-a020-618fd5744ff7
239681,30,24.2,346,107,"2021-10-09 21:01:36",A203,9653f952-2137-469f-a020-618fd5744ff7
239687,25,26.4,202,86,"2021-10-09 21:12:53",A201,9653f952-2137-469f-a020-618fd5744ff7
239696,30,24,348,107,"2021-10-09 21:32:11",A203,9653f952-2137-469f-a020-618fd5744ff7
239701,25,26.3,200,86,"2021-10-09 21:43:19",A201,9653f952-2137-469f-a020-618fd5744ff7
239710,30,23.9,347,107,"2021-10-09 22:02:47",A203,9653f952-2137-469f-a020-618fd5744ff7
239715,25,26.2,200,86,"2021-10-09 22:13:43",A201,9653f952-2137-469f-a020-618fd5744ff7
239726,30,23.7,347,107,"2021-10-09 22:33:21",A203,9653f952-2137-469f-a020-618fd5744ff7
239730,25,26,199,86,"2021-10-09 22:44:07",A201,9653f952-2137-469f-a020-618fd5744ff7
239741,30,23.6,346,107,"2021-10-09 23:03:56",A203,9653f952-2137-469f-a020-618fd5744ff7
239745,25,25.9,201,86,"2021-10-09 23:14:30",A201,9653f952-2137-469f-a020-618fd5744ff7
239756,30,23.4,346,114,"2021-10-09 23:34:29",A203,9653f952-2137-469f-a020-618fd5744ff7
239760,25,25.8,201,86,"2021-10-09 23:44:55",A201,9653f952-2137-469f-a020-618fd5744ff7
239774,25,25.7,200,86,"2021-10-10 00:15:18",A201,9653f952-2137-469f-a020-618fd5744ff7
239785,30,23.1,343,100,"2021-10-10 00:35:28",A203,9653f952-2137-469f-a020-618fd5744ff7
239789,25,25.6,199,86,"2021-10-10 00:45:42",A201,9653f952-2137-469f-a020-618fd5744ff7
239800,29,23,345,100,"2021-10-10 01:05:52",A203,9653f952-2137-469f-a020-618fd5744ff7
239803,25,25.5,198,86,"2021-10-10 01:16:06",A201,9653f952-2137-469f-a020-618fd5744ff7
239814,29,22.9,345,93,"2021-10-10 01:36:16",A203,9653f952-2137-469f-a020-618fd5744ff7
239818,25,25.3,200,86,"2021-10-10 01:46:28",A201,9653f952-2137-469f-a020-618fd5744ff7
239829,29,22.7,347,93,"2021-10-10 02:06:39",A203,9653f952-2137-469f-a020-618fd5744ff7
239833,25,25.2,199,86,"2021-10-10 02:16:54",A201,9653f952-2137-469f-a020-618fd5744ff7
239844,29,22.6,348,93,"2021-10-10 02:37:02",A203,9653f952-2137-469f-a020-618fd5744ff7
239848,25,25.1,200,86,"2021-10-10 02:47:17",A201,9653f952-2137-469f-a020-618fd5744ff7
239859,29,22.5,347,93,"2021-10-10 03:07:26",A203,9653f952-2137-469f-a020-618fd5744ff7
239863,25,25,199,86,"2021-10-10 03:17:40",A201,9653f952-2137-469f-a020-618fd5744ff7
239874,29,22.4,347,93,"2021-10-10 03:37:46",A203,9653f952-2137-469f-a020-618fd5744ff7
239878,25,24.9,198,86,"2021-10-10 03:48:05",A201,9653f952-2137-469f-a020-618fd5744ff7
239889,29,22.3,347,93,"2021-10-10 04:08:08",A203,9653f952-2137-469f-a020-618fd5744ff7
239893,25,24.8,196,86,"2021-10-10 04:18:27",A201,9653f952-2137-469f-a020-618fd5744ff7
239904,29,22.2,345,100,"2021-10-10 04:38:32",A203,9653f952-2137-469f-a020-618fd5744ff7
239908,25,24.7,196,86,"2021-10-10 04:48:51",A201,9653f952-2137-469f-a020-618fd5744ff7
239919,30,22.2,342,100,"2021-10-10 05:08:58",A203,9653f952-2137-469f-a020-618fd5744ff7
239922,25,24.6,197,93,"2021-10-10 05:19:15",A201,9653f952-2137-469f-a020-618fd5744ff7
239932,30,22.1,340,107,"2021-10-10 05:39:33",A203,9653f952-2137-469f-a020-618fd5744ff7
239936,25,24.6,197,93,"2021-10-10 05:49:43",A201,9653f952-2137-469f-a020-618fd5744ff7
239947,30,22.2,336,107,"2021-10-10 06:10:14",A203,9653f952-2137-469f-a020-618fd5744ff7
239952,25,24.5,196,93,"2021-10-10 06:20:09",A201,9653f952-2137-469f-a020-618fd5744ff7
239962,30,22.4,338,107,"2021-10-10 06:40:58",A203,9653f952-2137-469f-a020-618fd5744ff7
239967,25,24.5,196,93,"2021-10-10 06:50:39",A201,9653f952-2137-469f-a020-618fd5744ff7
239980,30,22.8,338,107,"2021-10-10 07:11:42",A203,9653f952-2137-469f-a020-618fd5744ff7
239984,25,24.5,195,100,"2021-10-10 07:21:09",A201,9653f952-2137-469f-a020-618fd5744ff7
239996,30,23.2,338,107,"2021-10-10 07:42:27",A203,9653f952-2137-469f-a020-618fd5744ff7
240000,25,24.6,194,93,"2021-10-10 07:51:39",A201,9653f952-2137-469f-a020-618fd5744ff7
240016,30,23.7,338,107,"2021-10-10 08:13:15",A203,9653f952-2137-469f-a020-618fd5744ff7
240021,25,24.7,190,100,"2021-10-10 08:22:11",A201,9653f952-2137-469f-a020-618fd5744ff7
240037,30,24.1,335,100,"2021-10-10 08:43:58",A203,9653f952-2137-469f-a020-618fd5744ff7
240039,25,24.9,190,100,"2021-10-10 08:52:45",A201,9653f952-2137-469f-a020-618fd5744ff7
240058,30,24.7,338,100,"2021-10-10 09:15:01",A203,9653f952-2137-469f-a020-618fd5744ff7
240061,25,25.1,189,100,"2021-10-10 09:23:12",A201,9653f952-2137-469f-a020-618fd5744ff7
240082,30,25.2,337,100,"2021-10-10 09:45:32",A203,9653f952-2137-469f-a020-618fd5744ff7
240085,25,25.4,187,100,"2021-10-10 09:53:45",A201,9653f952-2137-469f-a020-618fd5744ff7
240106,30,25.8,334,100,"2021-10-10 10:16:23",A203,9653f952-2137-469f-a020-618fd5744ff7
240109,25,25.8,186,100,"2021-10-10 10:24:17",A201,9653f952-2137-469f-a020-618fd5744ff7
240129,30,26.2,338,100,"2021-10-10 10:47:11",A203,9653f952-2137-469f-a020-618fd5744ff7
240132,25,26.2,185,100,"2021-10-10 10:54:50",A201,9653f952-2137-469f-a020-618fd5744ff7
240151,30,26.5,335,100,"2021-10-10 11:17:58",A203,9653f952-2137-469f-a020-618fd5744ff7
240154,25,26.5,182,100,"2021-10-10 11:25:23",A201,9653f952-2137-469f-a020-618fd5744ff7
240174,30,26.7,338,100,"2021-10-10 11:48:47",A203,9653f952-2137-469f-a020-618fd5744ff7
240177,25,26.8,181,100,"2021-10-10 11:55:52",A201,9653f952-2137-469f-a020-618fd5744ff7
240198,30,26.8,340,93,"2021-10-10 12:19:40",A203,9653f952-2137-469f-a020-618fd5744ff7
240201,25,27,180,93,"2021-10-10 12:26:26",A201,9653f952-2137-469f-a020-618fd5744ff7
240222,30,27.1,336,100,"2021-10-10 12:50:28",A203,9653f952-2137-469f-a020-618fd5744ff7
240225,25,27.3,180,100,"2021-10-10 12:56:58",A201,9653f952-2137-469f-a020-618fd5744ff7
240247,30,27.1,334,100,"2021-10-10 13:21:16",A203,9653f952-2137-469f-a020-618fd5744ff7
240249,25,27.48,180,100,"2021-10-10 13:27:29",A201,9653f952-2137-469f-a020-618fd5744ff7
240270,30,27,336,107,"2021-10-10 13:52:02",A203,9653f952-2137-469f-a020-618fd5744ff7
240272,25,27.6,179,93,"2021-10-10 13:57:59",A201,9653f952-2137-469f-a020-618fd5744ff7
240293,30,26.9,335,107,"2021-10-10 14:22:44",A203,9653f952-2137-469f-a020-618fd5744ff7
240295,25,27.6,180,93,"2021-10-10 14:28:26",A201,9653f952-2137-469f-a020-618fd5744ff7
240315,30,26.7,337,107,"2021-10-10 14:53:27",A203,9653f952-2137-469f-a020-618fd5744ff7
240317,25,27.6,180,86,"2021-10-10 14:58:55",A201,9653f952-2137-469f-a020-618fd5744ff7
240339,30,26.5,342,107,"2021-10-10 15:24:10",A203,9653f952-2137-469f-a020-618fd5744ff7
240341,25,27.6,179,86,"2021-10-10 15:29:23",A201,9653f952-2137-469f-a020-618fd5744ff7
240363,30,26.3,343,107,"2021-10-10 15:54:52",A203,9653f952-2137-469f-a020-618fd5744ff7
240366,25,27.5,177,86,"2021-10-10 15:59:51",A201,9653f952-2137-469f-a020-618fd5744ff7
240386,30,26.1,342,107,"2021-10-10 16:25:31",A203,9653f952-2137-469f-a020-618fd5744ff7
240389,25,27.5,178,86,"2021-10-10 16:30:19",A201,9653f952-2137-469f-a020-618fd5744ff7
240410,30,25.9,341,107,"2021-10-10 16:56:11",A203,9653f952-2137-469f-a020-618fd5744ff7
240413,25,27.4,176,86,"2021-10-10 17:00:45",A201,9653f952-2137-469f-a020-618fd5744ff7
240434,30,25.6,344,107,"2021-10-10 17:26:51",A203,9653f952-2137-469f-a020-618fd5744ff7
240437,25,27.3,176,86,"2021-10-10 17:31:11",A201,9653f952-2137-469f-a020-618fd5744ff7
240458,30,25.4,343,107,"2021-10-10 17:57:28",A203,9653f952-2137-469f-a020-618fd5744ff7
240461,25,27.2,178,86,"2021-10-10 18:01:38",A201,9653f952-2137-469f-a020-618fd5744ff7
240480,30,25.2,344,107,"2021-10-10 18:28:08",A203,9653f952-2137-469f-a020-618fd5744ff7
240483,25,27,175,86,"2021-10-10 18:32:03",A201,9653f952-2137-469f-a020-618fd5744ff7
240503,30,25,343,107,"2021-10-10 18:58:44",A203,9653f952-2137-469f-a020-618fd5744ff7
240506,25,26.9,178,86,"2021-10-10 19:02:28",A201,9653f952-2137-469f-a020-618fd5744ff7
240523,30,24.8,344,107,"2021-10-10 19:29:20",A203,9653f952-2137-469f-a020-618fd5744ff7
240526,25,26.8,178,86,"2021-10-10 19:32:53",A201,9653f952-2137-469f-a020-618fd5744ff7
240547,30,24.6,340,107,"2021-10-10 19:59:58",A203,9653f952-2137-469f-a020-618fd5744ff7
240549,25,26.7,177,86,"2021-10-10 20:03:18",A201,9653f952-2137-469f-a020-618fd5744ff7
240571,30,24.4,342,107,"2021-10-10 20:30:34",A203,9653f952-2137-469f-a020-618fd5744ff7
240594,30,24.3,342,107,"2021-10-10 21:01:10",A203,9653f952-2137-469f-a020-618fd5744ff7
240596,25,26.4,176,86,"2021-10-10 21:04:09",A201,9653f952-2137-469f-a020-618fd5744ff7
240618,30,24.1,342,107,"2021-10-10 21:31:46",A203,9653f952-2137-469f-a020-618fd5744ff7
240620,25,26.3,177,86,"2021-10-10 21:34:33",A201,9653f952-2137-469f-a020-618fd5744ff7
240641,30,23.9,342,107,"2021-10-10 22:02:23",A203,9653f952-2137-469f-a020-618fd5744ff7
240643,25,26.2,177,86,"2021-10-10 22:04:58",A201,9653f952-2137-469f-a020-618fd5744ff7
240664,30,23.8,341,107,"2021-10-10 22:32:57",A203,9653f952-2137-469f-a020-618fd5744ff7
240666,25,26.1,177,86,"2021-10-10 22:35:22",A201,9653f952-2137-469f-a020-618fd5744ff7
240687,29,23.7,341,107,"2021-10-10 23:03:32",A203,9653f952-2137-469f-a020-618fd5744ff7
240689,25,25.96,176,86,"2021-10-10 23:05:46",A201,9653f952-2137-469f-a020-618fd5744ff7
240710,29,23.6,341,107,"2021-10-10 23:34:08",A203,9653f952-2137-469f-a020-618fd5744ff7
240712,25,25.8,176,86,"2021-10-10 23:36:10",A201,9653f952-2137-469f-a020-618fd5744ff7
240734,29,23.4,339,107,"2021-10-11 00:04:44",A203,9653f952-2137-469f-a020-618fd5744ff7
240735,25,25.7,177,86,"2021-10-11 00:06:35",A201,9653f952-2137-469f-a020-618fd5744ff7
240757,29,23.3,341,107,"2021-10-11 00:35:18",A203,9653f952-2137-469f-a020-618fd5744ff7
240758,25,25.6,176,86,"2021-10-11 00:36:59",A201,9653f952-2137-469f-a020-618fd5744ff7
240780,29,23.2,339,114,"2021-10-11 01:05:52",A203,9653f952-2137-469f-a020-618fd5744ff7
240781,25,25.5,176,86,"2021-10-11 01:07:23",A201,9653f952-2137-469f-a020-618fd5744ff7
240803,29,23.1,338,107,"2021-10-11 01:36:23",A203,9653f952-2137-469f-a020-618fd5744ff7
240804,25,25.4,176,86,"2021-10-11 01:37:48",A201,9653f952-2137-469f-a020-618fd5744ff7
240825,29,23,339,100,"2021-10-11 02:06:51",A203,9653f952-2137-469f-a020-618fd5744ff7
240826,25,25.3,174,86,"2021-10-11 02:08:13",A201,9653f952-2137-469f-a020-618fd5744ff7
240847,29,22.9,337,100,"2021-10-11 02:37:17",A203,9653f952-2137-469f-a020-618fd5744ff7
240848,25,25.2,175,86,"2021-10-11 02:38:37",A201,9653f952-2137-469f-a020-618fd5744ff7
240869,29,22.8,338,100,"2021-10-11 03:07:41",A203,9653f952-2137-469f-a020-618fd5744ff7
240870,25,25.1,175,86,"2021-10-11 03:09:01",A201,9653f952-2137-469f-a020-618fd5744ff7
240890,29,22.8,337,100,"2021-10-11 03:38:06",A203,9653f952-2137-469f-a020-618fd5744ff7
240891,25,25.1,175,86,"2021-10-11 03:39:24",A201,9653f952-2137-469f-a020-618fd5744ff7
240913,29,22.7,335,100,"2021-10-11 04:08:31",A203,9653f952-2137-469f-a020-618fd5744ff7
240914,25,25,174,86,"2021-10-11 04:09:50",A201,9653f952-2137-469f-a020-618fd5744ff7
240936,29,22.6,334,100,"2021-10-11 04:38:56",A203,9653f952-2137-469f-a020-618fd5744ff7
240937,25,24.9,174,86,"2021-10-11 04:40:12",A201,9653f952-2137-469f-a020-618fd5744ff7
240958,29,22.5,336,100,"2021-10-11 05:09:27",A203,9653f952-2137-469f-a020-618fd5744ff7
240960,25,24.8,174,93,"2021-10-11 05:12:27",A201,9653f952-2137-469f-a020-618fd5744ff7
240980,29,22.5,336,107,"2021-10-11 05:41:16",A203,9653f952-2137-469f-a020-618fd5744ff7
240982,25,24.7,174,93,"2021-10-11 05:42:51",A201,9653f952-2137-469f-a020-618fd5744ff7
241003,29,22.6,334,107,"2021-10-11 06:11:44",A203,9653f952-2137-469f-a020-618fd5744ff7
241005,25,24.7,174,93,"2021-10-11 06:13:18",A201,9653f952-2137-469f-a020-618fd5744ff7
241026,29,22.8,334,107,"2021-10-11 06:42:17",A203,9653f952-2137-469f-a020-618fd5744ff7
241028,25,24.7,172,93,"2021-10-11 06:43:46",A201,9653f952-2137-469f-a020-618fd5744ff7
241049,29,23.1,330,107,"2021-10-11 07:12:48",A203,9653f952-2137-469f-a020-618fd5744ff7
241051,25,24.7,194,93,"2021-10-11 07:14:11",A201,9653f952-2137-469f-a020-618fd5744ff7
241074,29,23.4,331,107,"2021-10-11 07:43:24",A203,9653f952-2137-469f-a020-618fd5744ff7
241076,25,24.7,189,93,"2021-10-11 07:44:42",A201,9653f952-2137-469f-a020-618fd5744ff7
241099,29,23.7,330,107,"2021-10-11 08:13:55",A203,9653f952-2137-469f-a020-618fd5744ff7
241100,25,24.8,188,100,"2021-10-11 08:15:05",A201,9653f952-2137-469f-a020-618fd5744ff7
241125,29,24,331,107,"2021-10-11 08:44:30",A203,9653f952-2137-469f-a020-618fd5744ff7
241126,25,24.9,187,93,"2021-10-11 08:45:37",A201,9653f952-2137-469f-a020-618fd5744ff7
241147,29,24.4,334,107,"2021-10-11 09:15:06",A203,9653f952-2137-469f-a020-618fd5744ff7
241149,25,25,185,100,"2021-10-11 09:16:03",A201,9653f952-2137-469f-a020-618fd5744ff7
241171,29,24.8,331,107,"2021-10-11 09:45:35",A203,9653f952-2137-469f-a020-618fd5744ff7
241174,25,25.1,184,93,"2021-10-11 09:46:33",A201,9653f952-2137-469f-a020-618fd5744ff7
241194,29,25.1,332,107,"2021-10-11 10:16:06",A203,9653f952-2137-469f-a020-618fd5744ff7
241197,25,25.3,184,93,"2021-10-11 10:16:57",A201,9653f952-2137-469f-a020-618fd5744ff7
241218,29,25.2,335,107,"2021-10-11 10:46:38",A203,9653f952-2137-469f-a020-618fd5744ff7
241222,25,25.4,183,93,"2021-10-11 10:47:23",A201,9653f952-2137-469f-a020-618fd5744ff7
241241,27,25.1,170,93,"2021-10-11 11:07:21",A202,9653f952-2137-469f-a020-618fd5744ff7
241245,29,25.2,335,107,"2021-10-11 11:17:06",A203,9653f952-2137-469f-a020-618fd5744ff7
241249,25,25.5,182,93,"2021-10-11 11:17:50",A201,9653f952-2137-469f-a020-618fd5744ff7
241268,27,25.1,168,93,"2021-10-11 11:38:54",A202,9653f952-2137-469f-a020-618fd5744ff7
241273,29,25.1,334,107,"2021-10-11 11:47:34",A203,9653f952-2137-469f-a020-618fd5744ff7
241276,25,25.5,183,100,"2021-10-11 11:48:13",A201,9653f952-2137-469f-a020-618fd5744ff7
241294,27,25,169,100,"2021-10-11 12:09:20",A202,9653f952-2137-469f-a020-618fd5744ff7
241299,29,25,334,107,"2021-10-11 12:18:07",A203,9653f952-2137-469f-a020-618fd5744ff7
241302,25,25.5,181,100,"2021-10-11 12:18:39",A201,9653f952-2137-469f-a020-618fd5744ff7
241321,27,25,169,100,"2021-10-11 12:39:48",A202,9653f952-2137-469f-a020-618fd5744ff7
241324,29,25,336,107,"2021-10-11 12:48:39",A203,9653f952-2137-469f-a020-618fd5744ff7
241327,25,25.5,181,100,"2021-10-11 12:49:07",A201,9653f952-2137-469f-a020-618fd5744ff7
241345,27,25,169,100,"2021-10-11 13:10:15",A202,9653f952-2137-469f-a020-618fd5744ff7
241350,29,25.1,335,107,"2021-10-11 13:19:09",A203,9653f952-2137-469f-a020-618fd5744ff7
241352,25,25.6,178,100,"2021-10-11 13:19:35",A201,9653f952-2137-469f-a020-618fd5744ff7
241372,27,25,168,100,"2021-10-11 13:40:44",A202,9653f952-2137-469f-a020-618fd5744ff7
241377,29,25.1,332,107,"2021-10-11 13:49:43",A203,9653f952-2137-469f-a020-618fd5744ff7
241379,25,25.6,179,100,"2021-10-11 13:50:02",A201,9653f952-2137-469f-a020-618fd5744ff7
241398,27,25.1,169,93,"2021-10-11 14:11:13",A202,9653f952-2137-469f-a020-618fd5744ff7
241404,29,25.2,334,107,"2021-10-11 14:20:16",A203,9653f952-2137-469f-a020-618fd5744ff7
241405,25,25.6,179,93,"2021-10-11 14:20:28",A201,9653f952-2137-469f-a020-618fd5744ff7
241425,27,25.1,169,86,"2021-10-11 14:41:43",A202,9653f952-2137-469f-a020-618fd5744ff7
241431,34,25.38,387,107,"2021-10-11 14:50:44",A203,9653f952-2137-469f-a020-618fd5744ff7
241432,25,25.6,179,86,"2021-10-11 14:50:55",A201,9653f952-2137-469f-a020-618fd5744ff7
241450,27,25,169,86,"2021-10-11 15:12:08",A202,9653f952-2137-469f-a020-618fd5744ff7
241456,34,25.1,377,107,"2021-10-11 15:21:16",A203,9653f952-2137-469f-a020-618fd5744ff7
241458,25,25.6,179,86,"2021-10-11 15:21:22",A201,9653f952-2137-469f-a020-618fd5744ff7
241478,27,25,168,86,"2021-10-11 15:42:34",A202,9653f952-2137-469f-a020-618fd5744ff7
241485,33,24.9,377,107,"2021-10-11 15:51:42",A203,9653f952-2137-469f-a020-618fd5744ff7
241486,25,25.6,178,86,"2021-10-11 15:51:47",A201,9653f952-2137-469f-a020-618fd5744ff7
241511,32,24.7,366,107,"2021-10-11 16:22:06",A203,9653f952-2137-469f-a020-618fd5744ff7
241512,25,25.5,179,86,"2021-10-11 16:22:10",A201,9653f952-2137-469f-a020-618fd5744ff7
241533,27,24.7,169,86,"2021-10-11 16:43:16",A202,9653f952-2137-469f-a020-618fd5744ff7
241539,32,24.5,370,107,"2021-10-11 16:52:31",A203,9653f952-2137-469f-a020-618fd5744ff7
241540,25,25.4,178,86,"2021-10-11 16:52:35",A201,9653f952-2137-469f-a020-618fd5744ff7
241560,27,24.5,170,86,"2021-10-11 17:13:38",A202,9653f952-2137-469f-a020-618fd5744ff7
241567,32,24.2,371,107,"2021-10-11 17:22:58",A203,9653f952-2137-469f-a020-618fd5744ff7
241568,25,25.3,179,86,"2021-10-11 17:22:58",A201,9653f952-2137-469f-a020-618fd5744ff7
241588,27,24.3,168,86,"2021-10-11 17:43:58",A202,9653f952-2137-469f-a020-618fd5744ff7
241594,32,24,369,107,"2021-10-11 17:53:23",A203,9653f952-2137-469f-a020-618fd5744ff7
241595,25,25.2,179,86,"2021-10-11 17:53:24",A201,9653f952-2137-469f-a020-618fd5744ff7
241615,27,24.2,166,86,"2021-10-11 18:14:19",A202,9653f952-2137-469f-a020-618fd5744ff7
241621,25,25.1,178,86,"2021-10-11 18:23:46",A201,9653f952-2137-469f-a020-618fd5744ff7
241622,32,23.8,368,107,"2021-10-11 18:23:49",A203,9653f952-2137-469f-a020-618fd5744ff7
241641,27,24,167,86,"2021-10-11 18:44:38",A202,9653f952-2137-469f-a020-618fd5744ff7
241647,25,25,177,86,"2021-10-11 18:54:09",A201,9653f952-2137-469f-a020-618fd5744ff7
241648,32,23.6,368,107,"2021-10-11 18:54:14",A203,9653f952-2137-469f-a020-618fd5744ff7
241667,27,23.9,169,86,"2021-10-11 19:14:59",A202,9653f952-2137-469f-a020-618fd5744ff7
241673,25,24.9,176,86,"2021-10-11 19:24:33",A201,9653f952-2137-469f-a020-618fd5744ff7
241674,32,23.4,368,107,"2021-10-11 19:24:40",A203,9653f952-2137-469f-a020-618fd5744ff7
241692,27,23.7,170,86,"2021-10-11 19:45:19",A202,9653f952-2137-469f-a020-618fd5744ff7
241698,25,24.8,178,86,"2021-10-11 19:54:54",A201,9653f952-2137-469f-a020-618fd5744ff7
241699,32,23.3,368,107,"2021-10-11 19:55:03",A203,9653f952-2137-469f-a020-618fd5744ff7
241718,27,23.6,169,86,"2021-10-11 20:15:40",A202,9653f952-2137-469f-a020-618fd5744ff7
241724,25,24.7,177,86,"2021-10-11 20:25:21",A201,9653f952-2137-469f-a020-618fd5744ff7
241725,32,23.1,367,107,"2021-10-11 20:25:29",A203,9653f952-2137-469f-a020-618fd5744ff7
241744,27,23.5,169,86,"2021-10-11 20:45:59",A202,9653f952-2137-469f-a020-618fd5744ff7
241750,25,24.6,175,86,"2021-10-11 20:55:42",A201,9653f952-2137-469f-a020-618fd5744ff7
241751,32,23,366,107,"2021-10-11 20:55:54",A203,9653f952-2137-469f-a020-618fd5744ff7
241770,27,23.3,169,86,"2021-10-11 21:16:19",A202,9653f952-2137-469f-a020-618fd5744ff7
241777,25,24.5,176,86,"2021-10-11 21:26:04",A201,9653f952-2137-469f-a020-618fd5744ff7
241778,32,22.8,365,114,"2021-10-11 21:26:16",A203,9653f952-2137-469f-a020-618fd5744ff7
241796,27,23.2,169,86,"2021-10-11 21:46:39",A202,9653f952-2137-469f-a020-618fd5744ff7
241803,25,24.4,177,86,"2021-10-11 21:56:27",A201,9653f952-2137-469f-a020-618fd5744ff7
241804,32,22.7,364,114,"2021-10-11 21:56:41",A203,9653f952-2137-469f-a020-618fd5744ff7
241821,27,23.1,169,86,"2021-10-11 22:16:57",A202,9653f952-2137-469f-a020-618fd5744ff7
241828,25,24.3,176,86,"2021-10-11 22:26:48",A201,9653f952-2137-469f-a020-618fd5744ff7
241829,32,22.6,364,114,"2021-10-11 22:27:03",A203,9653f952-2137-469f-a020-618fd5744ff7
241848,27,23,169,86,"2021-10-11 22:47:15",A202,9653f952-2137-469f-a020-618fd5744ff7
241855,25,24.2,175,86,"2021-10-11 22:57:11",A201,9653f952-2137-469f-a020-618fd5744ff7
241856,32,22.5,364,114,"2021-10-11 22:57:26",A203,9653f952-2137-469f-a020-618fd5744ff7
241876,27,22.8,167,86,"2021-10-11 23:17:34",A202,9653f952-2137-469f-a020-618fd5744ff7
241883,25,24.1,174,86,"2021-10-11 23:27:33",A201,9653f952-2137-469f-a020-618fd5744ff7
241884,31,22.34,362,107,"2021-10-11 23:27:42",A203,9653f952-2137-469f-a020-618fd5744ff7
241903,27,22.7,166,86,"2021-10-11 23:47:53",A202,9653f952-2137-469f-a020-618fd5744ff7
241910,25,24,175,86,"2021-10-11 23:57:55",A201,9653f952-2137-469f-a020-618fd5744ff7
241911,31,22.2,365,100,"2021-10-11 23:57:58",A203,9653f952-2137-469f-a020-618fd5744ff7
241930,27,22.6,167,86,"2021-10-12 00:18:12",A202,9653f952-2137-469f-a020-618fd5744ff7
241937,31,22.1,364,93,"2021-10-12 00:28:13",A203,9653f952-2137-469f-a020-618fd5744ff7
241938,25,23.9,175,86,"2021-10-12 00:28:19",A201,9653f952-2137-469f-a020-618fd5744ff7
241956,27,22.5,168,86,"2021-10-12 00:48:32",A202,9653f952-2137-469f-a020-618fd5744ff7
241962,31,22.06,365,93,"2021-10-12 00:58:25",A203,9653f952-2137-469f-a020-618fd5744ff7
241964,25,23.8,176,86,"2021-10-12 00:58:41",A201,9653f952-2137-469f-a020-618fd5744ff7
241982,27,22.4,169,86,"2021-10-12 01:18:49",A202,9653f952-2137-469f-a020-618fd5744ff7
241988,31,22,364,93,"2021-10-12 01:28:36",A203,9653f952-2137-469f-a020-618fd5744ff7
241990,25,23.7,175,86,"2021-10-12 01:29:02",A201,9653f952-2137-469f-a020-618fd5744ff7
242007,27,22.3,169,86,"2021-10-12 01:49:08",A202,9653f952-2137-469f-a020-618fd5744ff7
242013,31,21.9,363,93,"2021-10-12 01:58:48",A203,9653f952-2137-469f-a020-618fd5744ff7
242015,25,23.68,176,86,"2021-10-12 01:59:24",A201,9653f952-2137-469f-a020-618fd5744ff7
242033,27,22.3,169,86,"2021-10-12 02:19:27",A202,9653f952-2137-469f-a020-618fd5744ff7
242039,30,21.8,364,93,"2021-10-12 02:28:59",A203,9653f952-2137-469f-a020-618fd5744ff7
242041,25,23.6,176,86,"2021-10-12 02:29:53",A201,9653f952-2137-469f-a020-618fd5744ff7
242058,27,22.2,169,86,"2021-10-12 02:49:46",A202,9653f952-2137-469f-a020-618fd5744ff7
242064,30,21.7,363,93,"2021-10-12 02:59:16",A203,9653f952-2137-469f-a020-618fd5744ff7
242066,25,23.5,175,86,"2021-10-12 03:00:09",A201,9653f952-2137-469f-a020-618fd5744ff7
242083,27,22.1,169,86,"2021-10-12 03:20:05",A202,9653f952-2137-469f-a020-618fd5744ff7
242089,30,21.6,363,93,"2021-10-12 03:29:22",A203,9653f952-2137-469f-a020-618fd5744ff7
242091,25,23.4,174,86,"2021-10-12 03:30:31",A201,9653f952-2137-469f-a020-618fd5744ff7
242108,27,22,169,86,"2021-10-12 03:50:23",A202,9653f952-2137-469f-a020-618fd5744ff7
242115,30,21.5,363,93,"2021-10-12 03:59:32",A203,9653f952-2137-469f-a020-618fd5744ff7
242117,25,23.3,172,86,"2021-10-12 04:00:52",A201,9653f952-2137-469f-a020-618fd5744ff7
242134,27,21.9,168,86,"2021-10-12 04:20:42",A202,9653f952-2137-469f-a020-618fd5744ff7
242141,31,21.4,359,93,"2021-10-12 04:29:46",A203,9653f952-2137-469f-a020-618fd5744ff7
242144,25,23.2,173,86,"2021-10-12 04:31:15",A201,9653f952-2137-469f-a020-618fd5744ff7
242160,27,21.9,169,86,"2021-10-12 04:51:01",A202,9653f952-2137-469f-a020-618fd5744ff7
242168,30,21.4,361,100,"2021-10-12 05:00:01",A203,9653f952-2137-469f-a020-618fd5744ff7
242171,25,23.2,175,86,"2021-10-12 05:01:37",A201,9653f952-2137-469f-a020-618fd5744ff7
242185,27,21.8,169,86,"2021-10-12 05:21:21",A202,9653f952-2137-469f-a020-618fd5744ff7
242193,30,21.4,360,100,"2021-10-12 05:30:14",A203,9653f952-2137-469f-a020-618fd5744ff7
242196,25,23.1,175,86,"2021-10-12 05:31:59",A201,9653f952-2137-469f-a020-618fd5744ff7
242210,27,21.8,167,86,"2021-10-12 05:51:41",A202,9653f952-2137-469f-a020-618fd5744ff7
242218,30,21.4,352,100,"2021-10-12 06:00:29",A203,9653f952-2137-469f-a020-618fd5744ff7
242234,27,21.8,166,86,"2021-10-12 06:22:01",A202,9653f952-2137-469f-a020-618fd5744ff7
242242,31,21.5,349,100,"2021-10-12 06:30:48",A203,9653f952-2137-469f-a020-618fd5744ff7
242245,25,23,175,93,"2021-10-12 06:32:46",A201,9653f952-2137-469f-a020-618fd5744ff7
242260,27,21.9,166,86,"2021-10-12 06:52:24",A202,9653f952-2137-469f-a020-618fd5744ff7
242268,30,21.6,352,100,"2021-10-12 07:01:07",A203,9653f952-2137-469f-a020-618fd5744ff7
242284,27,22,168,86,"2021-10-12 07:22:47",A202,9653f952-2137-469f-a020-618fd5744ff7
242292,30,21.7,352,100,"2021-10-12 07:31:26",A203,9653f952-2137-469f-a020-618fd5744ff7
242295,25,23,172,86,"2021-10-12 07:33:37",A201,9653f952-2137-469f-a020-618fd5744ff7
242308,27,22.1,168,86,"2021-10-12 07:53:12",A202,9653f952-2137-469f-a020-618fd5744ff7
242315,30,21.8,348,100,"2021-10-12 08:01:45",A203,9653f952-2137-469f-a020-618fd5744ff7
242318,25,23,173,86,"2021-10-12 08:04:01",A201,9653f952-2137-469f-a020-618fd5744ff7
242332,27,22.1,168,86,"2021-10-12 08:23:34",A202,9653f952-2137-469f-a020-618fd5744ff7
242340,30,21.9,346,100,"2021-10-12 08:32:02",A203,9653f952-2137-469f-a020-618fd5744ff7
242343,25,23,173,86,"2021-10-12 08:34:24",A201,9653f952-2137-469f-a020-618fd5744ff7
242357,27,22.2,168,93,"2021-10-12 08:53:58",A202,9653f952-2137-469f-a020-618fd5744ff7
242365,31,22,349,107,"2021-10-12 09:02:25",A203,9653f952-2137-469f-a020-618fd5744ff7
242368,25,23,173,93,"2021-10-12 09:04:51",A201,9653f952-2137-469f-a020-618fd5744ff7
242382,27,22.3,167,93,"2021-10-12 09:24:24",A202,9653f952-2137-469f-a020-618fd5744ff7
242390,31,22.1,350,107,"2021-10-12 09:32:53",A203,9653f952-2137-469f-a020-618fd5744ff7
242393,25,23,173,93,"2021-10-12 09:35:17",A201,9653f952-2137-469f-a020-618fd5744ff7
242408,31,22.5,226,93,"2021-10-12 09:54:51",A202,9653f952-2137-469f-a020-618fd5744ff7
242416,31,22.3,351,107,"2021-10-12 10:03:23",A203,9653f952-2137-469f-a020-618fd5744ff7
242419,25,23.1,172,93,"2021-10-12 10:05:45",A201,9653f952-2137-469f-a020-618fd5744ff7
242435,30,22.8,213,93,"2021-10-12 10:25:17",A202,9653f952-2137-469f-a020-618fd5744ff7
242443,31,22.6,349,107,"2021-10-12 10:33:51",A203,9653f952-2137-469f-a020-618fd5744ff7
242446,25,23.2,173,93,"2021-10-12 10:36:09",A201,9653f952-2137-469f-a020-618fd5744ff7
242459,30,22.9,210,86,"2021-10-12 10:55:39",A202,9653f952-2137-469f-a020-618fd5744ff7
242465,31,22.8,352,107,"2021-10-12 11:04:17",A203,9653f952-2137-469f-a020-618fd5744ff7
242468,25,23.3,172,86,"2021-10-12 11:06:32",A201,9653f952-2137-469f-a020-618fd5744ff7
242482,30,22.9,209,86,"2021-10-12 11:25:59",A202,9653f952-2137-469f-a020-618fd5744ff7
242489,31,22.8,351,107,"2021-10-12 11:34:41",A203,9653f952-2137-469f-a020-618fd5744ff7
242492,25,23.3,172,93,"2021-10-12 11:36:57",A201,9653f952-2137-469f-a020-618fd5744ff7
242505,30,22.9,206,93,"2021-10-12 11:56:21",A202,9653f952-2137-469f-a020-618fd5744ff7
242513,31,22.7,353,107,"2021-10-12 12:05:09",A203,9653f952-2137-469f-a020-618fd5744ff7
242516,25,23.4,173,93,"2021-10-12 12:07:20",A201,9653f952-2137-469f-a020-618fd5744ff7
242529,30,22.9,207,93,"2021-10-12 12:26:45",A202,9653f952-2137-469f-a020-618fd5744ff7
242536,31,22.7,353,107,"2021-10-12 12:35:35",A203,9653f952-2137-469f-a020-618fd5744ff7
242541,25,23.4,171,93,"2021-10-12 12:37:44",A201,9653f952-2137-469f-a020-618fd5744ff7
242551,30,22.9,206,86,"2021-10-12 12:57:08",A202,9653f952-2137-469f-a020-618fd5744ff7
242558,31,22.7,353,107,"2021-10-12 13:06:01",A203,9653f952-2137-469f-a020-618fd5744ff7
242563,25,23.4,172,86,"2021-10-12 13:08:09",A201,9653f952-2137-469f-a020-618fd5744ff7
242576,30,22.9,206,86,"2021-10-12 13:27:31",A202,9653f952-2137-469f-a020-618fd5744ff7
242583,31,22.7,352,107,"2021-10-12 13:36:27",A203,9653f952-2137-469f-a020-618fd5744ff7
242588,26,23.4,214,86,"2021-10-12 13:38:34",A201,9653f952-2137-469f-a020-618fd5744ff7
242601,30,22.9,205,86,"2021-10-12 13:57:55",A202,9653f952-2137-469f-a020-618fd5744ff7
242609,31,22.6,349,107,"2021-10-12 14:06:55",A203,9653f952-2137-469f-a020-618fd5744ff7
242613,28,23.4,244,93,"2021-10-12 14:08:58",A201,9653f952-2137-469f-a020-618fd5744ff7
242626,30,22.9,204,86,"2021-10-12 14:28:18",A202,9653f952-2137-469f-a020-618fd5744ff7
242635,30,22.6,351,107,"2021-10-12 14:37:22",A203,9653f952-2137-469f-a020-618fd5744ff7
242638,28,23.3,241,86,"2021-10-12 14:39:22",A201,9653f952-2137-469f-a020-618fd5744ff7
242652,30,22.9,204,86,"2021-10-12 14:58:42",A202,9653f952-2137-469f-a020-618fd5744ff7
242661,30,22.6,348,107,"2021-10-12 15:07:43",A203,9653f952-2137-469f-a020-618fd5744ff7
242664,28,23.3,239,86,"2021-10-12 15:09:45",A201,9653f952-2137-469f-a020-618fd5744ff7
242677,30,22.8,204,86,"2021-10-12 15:29:03",A202,9653f952-2137-469f-a020-618fd5744ff7
242685,30,22.6,350,100,"2021-10-12 15:38:01",A203,9653f952-2137-469f-a020-618fd5744ff7
242688,28,23.3,238,86,"2021-10-12 15:40:13",A201,9653f952-2137-469f-a020-618fd5744ff7
242701,30,22.8,202,86,"2021-10-12 15:59:26",A202,9653f952-2137-469f-a020-618fd5744ff7
242709,30,22.5,350,100,"2021-10-12 16:08:18",A203,9653f952-2137-469f-a020-618fd5744ff7
242712,28,23.2,236,86,"2021-10-12 16:10:31",A201,9653f952-2137-469f-a020-618fd5744ff7
242724,30,22.7,199,86,"2021-10-12 16:29:45",A202,9653f952-2137-469f-a020-618fd5744ff7
242733,30,22.4,353,93,"2021-10-12 16:38:32",A203,9653f952-2137-469f-a020-618fd5744ff7
242737,28,23.2,236,86,"2021-10-12 16:40:58",A201,9653f952-2137-469f-a020-618fd5744ff7
242758,30,22.3,354,93,"2021-10-12 17:08:47",A203,9653f952-2137-469f-a020-618fd5744ff7
242762,28,23.2,236,86,"2021-10-12 17:11:18",A201,9653f952-2137-469f-a020-618fd5744ff7
242774,30,22.6,202,86,"2021-10-12 17:30:26",A202,9653f952-2137-469f-a020-618fd5744ff7
242782,30,22.3,353,93,"2021-10-12 17:39:00",A203,9653f952-2137-469f-a020-618fd5744ff7
242787,28,23.1,230,86,"2021-10-12 17:41:40",A201,9653f952-2137-469f-a020-618fd5744ff7
242800,30,22.5,203,86,"2021-10-12 18:00:47",A202,9653f952-2137-469f-a020-618fd5744ff7
242808,30,22.2,353,93,"2021-10-12 18:09:14",A203,9653f952-2137-469f-a020-618fd5744ff7
242813,28,23.1,233,86,"2021-10-12 18:12:04",A201,9653f952-2137-469f-a020-618fd5744ff7
242825,30,22.4,202,86,"2021-10-12 18:31:07",A202,9653f952-2137-469f-a020-618fd5744ff7
242833,30,22.1,352,93,"2021-10-12 18:39:28",A203,9653f952-2137-469f-a020-618fd5744ff7
242838,28,23,234,86,"2021-10-12 18:42:27",A201,9653f952-2137-469f-a020-618fd5744ff7
242849,30,22.3,203,86,"2021-10-12 19:01:27",A202,9653f952-2137-469f-a020-618fd5744ff7
242857,30,22,353,93,"2021-10-12 19:09:43",A203,9653f952-2137-469f-a020-618fd5744ff7
242863,28,23,233,86,"2021-10-12 19:12:51",A201,9653f952-2137-469f-a020-618fd5744ff7
242873,30,22.3,202,86,"2021-10-12 19:31:48",A202,9653f952-2137-469f-a020-618fd5744ff7
242879,30,21.9,352,93,"2021-10-12 19:39:54",A203,9653f952-2137-469f-a020-618fd5744ff7
242886,28,22.9,231,86,"2021-10-12 19:43:15",A201,9653f952-2137-469f-a020-618fd5744ff7
242898,30,22.2,200,86,"2021-10-12 20:02:10",A202,9653f952-2137-469f-a020-618fd5744ff7
242905,30,21.9,352,93,"2021-10-12 20:10:08",A203,9653f952-2137-469f-a020-618fd5744ff7
242912,28,22.9,232,86,"2021-10-12 20:13:36",A201,9653f952-2137-469f-a020-618fd5744ff7
242923,30,22.1,200,86,"2021-10-12 20:32:29",A202,9653f952-2137-469f-a020-618fd5744ff7
242929,30,21.8,352,93,"2021-10-12 20:40:20",A203,9653f952-2137-469f-a020-618fd5744ff7
242936,28,22.8,230,86,"2021-10-12 20:44:00",A201,9653f952-2137-469f-a020-618fd5744ff7
242947,30,22.1,200,86,"2021-10-12 21:02:48",A202,9653f952-2137-469f-a020-618fd5744ff7
242953,30,21.8,351,93,"2021-10-12 21:10:33",A203,9653f952-2137-469f-a020-618fd5744ff7
242961,28,22.8,229,86,"2021-10-12 21:14:24",A201,9653f952-2137-469f-a020-618fd5744ff7
242970,30,22,198,86,"2021-10-12 21:33:08",A202,9653f952-2137-469f-a020-618fd5744ff7
242976,30,21.7,352,93,"2021-10-12 21:40:45",A203,9653f952-2137-469f-a020-618fd5744ff7
242984,27,22.7,231,86,"2021-10-12 21:44:45",A201,9653f952-2137-469f-a020-618fd5744ff7
242993,29,22,195,86,"2021-10-12 22:03:26",A202,9653f952-2137-469f-a020-618fd5744ff7
243000,30,21.6,351,93,"2021-10-12 22:10:58",A203,9653f952-2137-469f-a020-618fd5744ff7
243008,27,22.7,229,86,"2021-10-12 22:15:08",A201,9653f952-2137-469f-a020-618fd5744ff7
243018,29,21.9,201,86,"2021-10-12 22:33:46",A202,9653f952-2137-469f-a020-618fd5744ff7
243025,30,21.6,351,93,"2021-10-12 22:41:11",A203,9653f952-2137-469f-a020-618fd5744ff7
243033,27,22.6,229,86,"2021-10-12 22:45:30",A201,9653f952-2137-469f-a020-618fd5744ff7
243042,29,21.86,200,86,"2021-10-12 23:04:07",A202,9653f952-2137-469f-a020-618fd5744ff7
243049,30,21.5,351,93,"2021-10-12 23:11:22",A203,9653f952-2137-469f-a020-618fd5744ff7
243057,27,22.6,229,86,"2021-10-12 23:15:53",A201,9653f952-2137-469f-a020-618fd5744ff7
243066,29,21.8,201,86,"2021-10-12 23:34:26",A202,9653f952-2137-469f-a020-618fd5744ff7
243073,30,21.4,351,93,"2021-10-12 23:41:35",A203,9653f952-2137-469f-a020-618fd5744ff7
243081,27,22.5,228,86,"2021-10-12 23:46:15",A201,9653f952-2137-469f-a020-618fd5744ff7
243090,29,21.7,201,86,"2021-10-13 00:04:45",A202,9653f952-2137-469f-a020-618fd5744ff7
243097,30,21.4,351,93,"2021-10-13 00:11:48",A203,9653f952-2137-469f-a020-618fd5744ff7
243104,27,22.5,228,86,"2021-10-13 00:16:39",A201,9653f952-2137-469f-a020-618fd5744ff7
243113,29,21.7,200,86,"2021-10-13 00:35:05",A202,9653f952-2137-469f-a020-618fd5744ff7
243119,30,21.3,350,93,"2021-10-13 00:42:00",A203,9653f952-2137-469f-a020-618fd5744ff7
243126,27,22.4,225,86,"2021-10-13 00:47:01",A201,9653f952-2137-469f-a020-618fd5744ff7
243135,29,21.6,200,86,"2021-10-13 01:05:24",A202,9653f952-2137-469f-a020-618fd5744ff7
243142,30,21.3,349,93,"2021-10-13 01:12:12",A203,9653f952-2137-469f-a020-618fd5744ff7
243150,27,22.4,227,86,"2021-10-13 01:17:24",A201,9653f952-2137-469f-a020-618fd5744ff7
243156,29,21.6,200,86,"2021-10-13 01:35:44",A202,9653f952-2137-469f-a020-618fd5744ff7
243163,30,21.2,349,93,"2021-10-13 01:42:26",A203,9653f952-2137-469f-a020-618fd5744ff7
243171,27,22.38,226,86,"2021-10-13 01:47:46",A201,9653f952-2137-469f-a020-618fd5744ff7
243179,29,21.5,199,86,"2021-10-13 02:06:04",A202,9653f952-2137-469f-a020-618fd5744ff7
243185,29,21.2,350,93,"2021-10-13 02:12:36",A203,9653f952-2137-469f-a020-618fd5744ff7
243193,27,22.3,225,86,"2021-10-13 02:18:09",A201,9653f952-2137-469f-a020-618fd5744ff7
243213,27,22.3,224,86,"2021-10-13 02:48:31",A201,9653f952-2137-469f-a020-618fd5744ff7
243221,29,21.4,198,86,"2021-10-13 03:06:42",A202,9653f952-2137-469f-a020-618fd5744ff7
243228,29,21,349,93,"2021-10-13 03:13:01",A203,9653f952-2137-469f-a020-618fd5744ff7
243236,27,22.2,224,86,"2021-10-13 03:18:54",A201,9653f952-2137-469f-a020-618fd5744ff7
243244,29,21.4,195,86,"2021-10-13 03:37:02",A202,9653f952-2137-469f-a020-618fd5744ff7
243250,29,21,349,93,"2021-10-13 03:43:14",A203,9653f952-2137-469f-a020-618fd5744ff7
243258,27,22.2,223,86,"2021-10-13 03:49:17",A201,9653f952-2137-469f-a020-618fd5744ff7
243266,29,21.3,197,86,"2021-10-13 04:07:21",A202,9653f952-2137-469f-a020-618fd5744ff7
243273,29,20.94,349,93,"2021-10-13 04:13:23",A203,9653f952-2137-469f-a020-618fd5744ff7
243281,27,22.1,224,86,"2021-10-13 04:19:38",A201,9653f952-2137-469f-a020-618fd5744ff7
243289,29,21.3,195,86,"2021-10-13 04:37:40",A202,9653f952-2137-469f-a020-618fd5744ff7
243296,30,20.9,348,93,"2021-10-13 04:43:38",A203,9653f952-2137-469f-a020-618fd5744ff7
243304,27,22.1,223,86,"2021-10-13 04:50:01",A201,9653f952-2137-469f-a020-618fd5744ff7
243312,29,21.3,195,86,"2021-10-13 05:07:59",A202,9653f952-2137-469f-a020-618fd5744ff7
243318,30,20.9,343,100,"2021-10-13 05:13:53",A203,9653f952-2137-469f-a020-618fd5744ff7
243326,27,22.1,223,93,"2021-10-13 05:20:24",A201,9653f952-2137-469f-a020-618fd5744ff7
243340,30,20.9,345,100,"2021-10-13 05:44:11",A203,9653f952-2137-469f-a020-618fd5744ff7
243348,27,22,219,93,"2021-10-13 05:50:46",A201,9653f952-2137-469f-a020-618fd5744ff7
243356,29,21.3,195,93,"2021-10-13 06:08:43",A202,9653f952-2137-469f-a020-618fd5744ff7
243363,30,21,344,100,"2021-10-13 06:14:30",A203,9653f952-2137-469f-a020-618fd5744ff7
243370,27,22,222,93,"2021-10-13 06:21:11",A201,9653f952-2137-469f-a020-618fd5744ff7
243379,29,21.4,195,93,"2021-10-13 06:39:08",A202,9653f952-2137-469f-a020-618fd5744ff7
243384,30,21.2,343,107,"2021-10-13 06:44:58",A203,9653f952-2137-469f-a020-618fd5744ff7
243392,27,22,220,93,"2021-10-13 06:51:37",A201,9653f952-2137-469f-a020-618fd5744ff7
243401,29,21.6,197,93,"2021-10-13 07:09:37",A202,9653f952-2137-469f-a020-618fd5744ff7
243407,30,21.4,341,107,"2021-10-13 07:15:30",A203,9653f952-2137-469f-a020-618fd5744ff7
243415,27,22,222,93,"2021-10-13 07:22:12",A201,9653f952-2137-469f-a020-618fd5744ff7
243424,29,21.9,197,93,"2021-10-13 07:40:08",A202,9653f952-2137-469f-a020-618fd5744ff7
243429,30,21.9,342,107,"2021-10-13 07:46:05",A203,9653f952-2137-469f-a020-618fd5744ff7
243437,27,22.1,221,93,"2021-10-13 07:54:24",A201,9653f952-2137-469f-a020-618fd5744ff7
243445,29,22.22,196,93,"2021-10-13 08:10:40",A202,9653f952-2137-469f-a020-618fd5744ff7
243455,30,22.5,340,100,"2021-10-13 08:18:06",A203,9653f952-2137-469f-a020-618fd5744ff7
243460,27,22.3,218,100,"2021-10-13 08:24:51",A201,9653f952-2137-469f-a020-618fd5744ff7
243466,29,22.6,195,93,"2021-10-13 08:41:13",A202,9653f952-2137-469f-a020-618fd5744ff7
243476,30,23,338,100,"2021-10-13 08:48:31",A203,9653f952-2137-469f-a020-618fd5744ff7
243488,29,23.1,192,93,"2021-10-13 09:11:45",A202,9653f952-2137-469f-a020-618fd5744ff7
243498,30,23.6,335,100,"2021-10-13 09:18:54",A203,9653f952-2137-469f-a020-618fd5744ff7
243503,27,22.7,218,93,"2021-10-13 09:25:35",A201,9653f952-2137-469f-a020-618fd5744ff7
243512,29,23.5,195,93,"2021-10-13 09:42:19",A202,9653f952-2137-469f-a020-618fd5744ff7
243520,30,24,339,100,"2021-10-13 09:49:19",A203,9653f952-2137-469f-a020-618fd5744ff7
243525,27,23,218,100,"2021-10-13 09:56:01",A201,9653f952-2137-469f-a020-618fd5744ff7
243534,29,23.9,195,100,"2021-10-13 10:12:52",A202,9653f952-2137-469f-a020-618fd5744ff7
243542,30,24.4,336,100,"2021-10-13 10:19:42",A203,9653f952-2137-469f-a020-618fd5744ff7
243547,27,23.2,217,100,"2021-10-13 10:26:24",A201,9653f952-2137-469f-a020-618fd5744ff7
243556,29,24.3,194,100,"2021-10-13 10:43:26",A202,9653f952-2137-469f-a020-618fd5744ff7
243565,30,24.8,338,100,"2021-10-13 10:50:07",A203,9653f952-2137-469f-a020-618fd5744ff7
243570,27,23.4,216,100,"2021-10-13 10:56:48",A201,9653f952-2137-469f-a020-618fd5744ff7
243579,29,24.7,189,100,"2021-10-13 11:13:58",A202,9653f952-2137-469f-a020-618fd5744ff7
243586,30,25.1,342,100,"2021-10-13 11:20:31",A203,9653f952-2137-469f-a020-618fd5744ff7
243592,27,23.6,215,93,"2021-10-13 11:27:11",A201,9653f952-2137-469f-a020-618fd5744ff7
243600,29,25,194,100,"2021-10-13 11:44:30",A202,9653f952-2137-469f-a020-618fd5744ff7
243608,30,25.3,341,100,"2021-10-13 11:50:54",A203,9653f952-2137-469f-a020-618fd5744ff7
243614,27,23.9,213,100,"2021-10-13 11:57:36",A201,9653f952-2137-469f-a020-618fd5744ff7
243622,29,25.3,195,100,"2021-10-13 12:15:03",A202,9653f952-2137-469f-a020-618fd5744ff7
243630,30,25.5,340,100,"2021-10-13 12:21:21",A203,9653f952-2137-469f-a020-618fd5744ff7
243644,29,25.52,194,100,"2021-10-13 12:45:38",A202,9653f952-2137-469f-a020-618fd5744ff7
243651,30,25.9,341,100,"2021-10-13 12:51:48",A203,9653f952-2137-469f-a020-618fd5744ff7
243659,26,24.3,212,100,"2021-10-13 12:58:24",A201,9653f952-2137-469f-a020-618fd5744ff7
243668,29,25.8,191,100,"2021-10-13 13:16:13",A202,9653f952-2137-469f-a020-618fd5744ff7
243674,30,26.2,342,93,"2021-10-13 13:22:16",A203,9653f952-2137-469f-a020-618fd5744ff7
243682,26,24.5,211,100,"2021-10-13 13:28:50",A201,9653f952-2137-469f-a020-618fd5744ff7
243690,29,25.9,191,93,"2021-10-13 13:46:48",A202,9653f952-2137-469f-a020-618fd5744ff7
243696,30,26.5,342,100,"2021-10-13 13:52:41",A203,9653f952-2137-469f-a020-618fd5744ff7
243704,26,24.7,211,93,"2021-10-13 13:59:15",A201,9653f952-2137-469f-a020-618fd5744ff7
243713,29,26,191,93,"2021-10-13 14:18:30",A202,9653f952-2137-469f-a020-618fd5744ff7
243719,30,26.6,340,107,"2021-10-13 14:23:06",A203,9653f952-2137-469f-a020-618fd5744ff7
243729,26,24.8,210,86,"2021-10-13 14:29:39",A201,9653f952-2137-469f-a020-618fd5744ff7
243738,28,25.9,193,86,"2021-10-13 14:48:53",A202,9653f952-2137-469f-a020-618fd5744ff7
243743,30,26.6,342,107,"2021-10-13 14:53:28",A203,9653f952-2137-469f-a020-618fd5744ff7
243754,26,24.9,210,86,"2021-10-13 14:59:59",A201,9653f952-2137-469f-a020-618fd5744ff7
243766,29,25.8,193,86,"2021-10-13 15:19:14",A202,9653f952-2137-469f-a020-618fd5744ff7
243772,30,26.4,341,107,"2021-10-13 15:23:50",A203,9653f952-2137-469f-a020-618fd5744ff7
243781,26,24.9,209,86,"2021-10-13 15:30:22",A201,9653f952-2137-469f-a020-618fd5744ff7
243794,29,25.6,193,86,"2021-10-13 15:49:35",A202,9653f952-2137-469f-a020-618fd5744ff7
243799,30,26.2,342,107,"2021-10-13 15:54:08",A203,9653f952-2137-469f-a020-618fd5744ff7
243808,26,25,210,86,"2021-10-13 16:00:42",A201,9653f952-2137-469f-a020-618fd5744ff7
243821,29,25.4,194,86,"2021-10-13 16:19:52",A202,9653f952-2137-469f-a020-618fd5744ff7
243826,30,25.9,344,107,"2021-10-13 16:24:27",A203,9653f952-2137-469f-a020-618fd5744ff7
243837,26,24.9,209,86,"2021-10-13 16:31:00",A201,9653f952-2137-469f-a020-618fd5744ff7
243849,29,25.2,195,86,"2021-10-13 16:50:09",A202,9653f952-2137-469f-a020-618fd5744ff7
243855,30,25.6,347,107,"2021-10-13 16:54:45",A203,9653f952-2137-469f-a020-618fd5744ff7
243866,26,24.9,210,86,"2021-10-13 17:01:20",A201,9653f952-2137-469f-a020-618fd5744ff7
243878,29,25,195,86,"2021-10-13 17:20:26",A202,9653f952-2137-469f-a020-618fd5744ff7
243883,30,25.3,346,107,"2021-10-13 17:25:02",A203,9653f952-2137-469f-a020-618fd5744ff7
243893,26,24.9,209,86,"2021-10-13 17:31:38",A201,9653f952-2137-469f-a020-618fd5744ff7
243906,29,24.8,195,86,"2021-10-13 17:50:42",A202,9653f952-2137-469f-a020-618fd5744ff7
243910,30,25.1,345,107,"2021-10-13 17:55:18",A203,9653f952-2137-469f-a020-618fd5744ff7
243921,26,24.8,210,86,"2021-10-13 18:01:56",A201,9653f952-2137-469f-a020-618fd5744ff7
243934,29,24.6,194,86,"2021-10-13 18:20:59",A202,9653f952-2137-469f-a020-618fd5744ff7
243939,30,24.9,346,107,"2021-10-13 18:25:34",A203,9653f952-2137-469f-a020-618fd5744ff7
243950,26,24.7,209,86,"2021-10-13 18:32:14",A201,9653f952-2137-469f-a020-618fd5744ff7
243963,29,24.5,191,86,"2021-10-13 18:51:11",A202,9653f952-2137-469f-a020-618fd5744ff7
243968,30,24.6,347,107,"2021-10-13 18:55:49",A203,9653f952-2137-469f-a020-618fd5744ff7
243979,26,24.6,209,86,"2021-10-13 19:02:33",A201,9653f952-2137-469f-a020-618fd5744ff7
243992,29,24.3,191,86,"2021-10-13 19:21:25",A202,9653f952-2137-469f-a020-618fd5744ff7
243997,30,24.4,343,107,"2021-10-13 19:26:03",A203,9653f952-2137-469f-a020-618fd5744ff7
244007,26,24.5,210,86,"2021-10-13 19:32:50",A201,9653f952-2137-469f-a020-618fd5744ff7
244020,29,24.1,195,86,"2021-10-13 19:51:39",A202,9653f952-2137-469f-a020-618fd5744ff7
244024,30,24.2,345,107,"2021-10-13 19:56:16",A203,9653f952-2137-469f-a020-618fd5744ff7
244035,26,24.5,209,86,"2021-10-13 20:03:09",A201,9653f952-2137-469f-a020-618fd5744ff7
244047,29,23.9,195,86,"2021-10-13 20:21:52",A202,9653f952-2137-469f-a020-618fd5744ff7
244051,30,24,344,107,"2021-10-13 20:26:30",A203,9653f952-2137-469f-a020-618fd5744ff7
244062,26,24.4,207,86,"2021-10-13 20:33:27",A201,9653f952-2137-469f-a020-618fd5744ff7
244075,29,23.8,195,86,"2021-10-13 20:52:04",A202,9653f952-2137-469f-a020-618fd5744ff7
244081,30,23.8,345,107,"2021-10-13 20:56:43",A203,9653f952-2137-469f-a020-618fd5744ff7
244092,26,24.3,205,86,"2021-10-13 21:03:43",A201,9653f952-2137-469f-a020-618fd5744ff7
244105,29,23.6,195,86,"2021-10-13 21:22:17",A202,9653f952-2137-469f-a020-618fd5744ff7
244110,30,23.6,345,107,"2021-10-13 21:26:55",A203,9653f952-2137-469f-a020-618fd5744ff7
244121,26,24.2,207,86,"2021-10-13 21:34:00",A201,9653f952-2137-469f-a020-618fd5744ff7
244133,29,23.5,187,86,"2021-10-13 21:52:29",A202,9653f952-2137-469f-a020-618fd5744ff7
244137,30,23.5,344,107,"2021-10-13 21:57:07",A203,9653f952-2137-469f-a020-618fd5744ff7
244148,26,24.1,207,86,"2021-10-13 22:04:17",A201,9653f952-2137-469f-a020-618fd5744ff7
244161,29,23.3,190,86,"2021-10-13 22:22:41",A202,9653f952-2137-469f-a020-618fd5744ff7
244167,30,23.3,344,107,"2021-10-13 22:27:20",A203,9653f952-2137-469f-a020-618fd5744ff7
244178,26,24,207,86,"2021-10-13 22:34:34",A201,9653f952-2137-469f-a020-618fd5744ff7
244191,29,23.2,194,86,"2021-10-13 22:52:55",A202,9653f952-2137-469f-a020-618fd5744ff7
244196,30,23.2,344,107,"2021-10-13 22:57:32",A203,9653f952-2137-469f-a020-618fd5744ff7
244207,26,23.9,207,86,"2021-10-13 23:04:51",A201,9653f952-2137-469f-a020-618fd5744ff7
244220,29,23.1,194,86,"2021-10-13 23:23:07",A202,9653f952-2137-469f-a020-618fd5744ff7
244226,30,23,344,107,"2021-10-13 23:27:44",A203,9653f952-2137-469f-a020-618fd5744ff7
244237,26,23.8,207,86,"2021-10-13 23:35:07",A201,9653f952-2137-469f-a020-618fd5744ff7
244250,29,23,194,86,"2021-10-13 23:53:18",A202,9653f952-2137-469f-a020-618fd5744ff7
244255,30,22.9,343,107,"2021-10-13 23:57:56",A203,9653f952-2137-469f-a020-618fd5744ff7
244266,26,23.7,207,86,"2021-10-14 00:05:23",A201,9653f952-2137-469f-a020-618fd5744ff7
244279,29,22.9,193,86,"2021-10-14 00:23:30",A202,9653f952-2137-469f-a020-618fd5744ff7
244285,30,22.8,343,114,"2021-10-14 00:28:07",A203,9653f952-2137-469f-a020-618fd5744ff7
244296,26,23.6,206,86,"2021-10-14 00:35:40",A201,9653f952-2137-469f-a020-618fd5744ff7
244309,29,22.8,194,86,"2021-10-14 00:53:42",A202,9653f952-2137-469f-a020-618fd5744ff7
244314,30,22.7,344,107,"2021-10-14 00:58:19",A203,9653f952-2137-469f-a020-618fd5744ff7
244325,26,23.6,205,86,"2021-10-14 01:05:57",A201,9653f952-2137-469f-a020-618fd5744ff7
244338,29,22.6,194,86,"2021-10-14 01:23:53",A202,9653f952-2137-469f-a020-618fd5744ff7
244344,30,22.5,343,107,"2021-10-14 01:28:30",A203,9653f952-2137-469f-a020-618fd5744ff7
244356,26,23.5,204,86,"2021-10-14 01:36:15",A201,9653f952-2137-469f-a020-618fd5744ff7
244368,30,22.4,343,107,"2021-10-14 01:58:41",A203,9653f952-2137-469f-a020-618fd5744ff7
244380,26,23.4,207,86,"2021-10-14 02:06:30",A201,9653f952-2137-469f-a020-618fd5744ff7
244392,29,22.5,191,86,"2021-10-14 02:24:18",A202,9653f952-2137-469f-a020-618fd5744ff7
244398,30,22.3,343,114,"2021-10-14 02:28:53",A203,9653f952-2137-469f-a020-618fd5744ff7
244410,26,23.3,206,86,"2021-10-14 02:36:45",A201,9653f952-2137-469f-a020-618fd5744ff7
244421,29,22.4,189,86,"2021-10-14 02:54:28",A202,9653f952-2137-469f-a020-618fd5744ff7
244426,30,22.2,342,114,"2021-10-14 02:59:04",A203,9653f952-2137-469f-a020-618fd5744ff7
244440,26,23.2,206,86,"2021-10-14 03:07:03",A201,9653f952-2137-469f-a020-618fd5744ff7
244451,29,22.3,188,86,"2021-10-14 03:24:41",A202,9653f952-2137-469f-a020-618fd5744ff7
244456,30,22.1,342,114,"2021-10-14 03:29:12",A203,9653f952-2137-469f-a020-618fd5744ff7
244469,26,23.2,206,86,"2021-10-14 03:37:20",A201,9653f952-2137-469f-a020-618fd5744ff7
244480,29,22.2,190,86,"2021-10-14 03:54:54",A202,9653f952-2137-469f-a020-618fd5744ff7
244485,30,22.1,342,100,"2021-10-14 03:59:18",A203,9653f952-2137-469f-a020-618fd5744ff7
244497,26,23.1,205,86,"2021-10-14 04:07:38",A201,9653f952-2137-469f-a020-618fd5744ff7
244509,29,22.2,192,86,"2021-10-14 04:25:07",A202,9653f952-2137-469f-a020-618fd5744ff7
244514,30,22,342,107,"2021-10-14 04:29:28",A203,9653f952-2137-469f-a020-618fd5744ff7
244526,26,23,204,93,"2021-10-14 04:37:54",A201,9653f952-2137-469f-a020-618fd5744ff7
244537,29,22.1,192,93,"2021-10-14 04:55:22",A202,9653f952-2137-469f-a020-618fd5744ff7
244543,30,22,336,107,"2021-10-14 04:59:43",A203,9653f952-2137-469f-a020-618fd5744ff7
244555,26,23,205,93,"2021-10-14 05:08:11",A201,9653f952-2137-469f-a020-618fd5744ff7
244567,29,22.1,191,93,"2021-10-14 05:25:40",A202,9653f952-2137-469f-a020-618fd5744ff7
244587,30,22,337,107,"2021-10-14 05:29:58",A203,9653f952-2137-469f-a020-618fd5744ff7
244622,26,22.9,203,93,"2021-10-14 05:38:33",A201,9653f952-2137-469f-a020-618fd5744ff7
244655,29,22.1,192,93,"2021-10-14 05:56:01",A202,9653f952-2137-469f-a020-618fd5744ff7
244671,26,22.9,202,93,"2021-10-14 06:08:53",A201,9653f952-2137-469f-a020-618fd5744ff7
244682,29,22.2,192,93,"2021-10-14 06:26:24",A202,9653f952-2137-469f-a020-618fd5744ff7
244689,30,22.2,337,100,"2021-10-14 06:30:39",A203,9653f952-2137-469f-a020-618fd5744ff7
244699,26,22.9,200,100,"2021-10-14 06:39:16",A201,9653f952-2137-469f-a020-618fd5744ff7
244712,29,22.4,188,93,"2021-10-14 06:56:48",A202,9653f952-2137-469f-a020-618fd5744ff7
244719,30,22.56,339,100,"2021-10-14 07:01:04",A203,9653f952-2137-469f-a020-618fd5744ff7
244729,26,22.9,201,100,"2021-10-14 07:09:40",A201,9653f952-2137-469f-a020-618fd5744ff7
244742,29,22.7,187,100,"2021-10-14 07:27:15",A202,9653f952-2137-469f-a020-618fd5744ff7
244748,30,23,335,100,"2021-10-14 07:31:27",A203,9653f952-2137-469f-a020-618fd5744ff7
244758,26,23,201,93,"2021-10-14 07:40:03",A201,9653f952-2137-469f-a020-618fd5744ff7
244770,29,23,188,100,"2021-10-14 07:57:40",A202,9653f952-2137-469f-a020-618fd5744ff7
244777,30,23.5,331,100,"2021-10-14 08:01:54",A203,9653f952-2137-469f-a020-618fd5744ff7
244786,26,23,201,100,"2021-10-14 08:10:28",A201,9653f952-2137-469f-a020-618fd5744ff7
244798,29,23.3,191,100,"2021-10-14 08:28:05",A202,9653f952-2137-469f-a020-618fd5744ff7
244805,30,24,333,100,"2021-10-14 08:32:16",A203,9653f952-2137-469f-a020-618fd5744ff7
244815,26,23.2,201,100,"2021-10-14 08:40:50",A201,9653f952-2137-469f-a020-618fd5744ff7
244827,28,23.5,191,100,"2021-10-14 08:58:30",A202,9653f952-2137-469f-a020-618fd5744ff7
244832,30,24.4,332,100,"2021-10-14 09:02:41",A203,9653f952-2137-469f-a020-618fd5744ff7
244842,26,23.3,200,100,"2021-10-14 09:11:14",A201,9653f952-2137-469f-a020-618fd5744ff7
244853,28,23.9,189,100,"2021-10-14 09:28:56",A202,9653f952-2137-469f-a020-618fd5744ff7
244859,30,24.9,329,100,"2021-10-14 09:33:09",A203,9653f952-2137-469f-a020-618fd5744ff7
244869,26,23.5,197,100,"2021-10-14 09:41:39",A201,9653f952-2137-469f-a020-618fd5744ff7
244881,28,24.4,187,100,"2021-10-14 09:59:21",A202,9653f952-2137-469f-a020-618fd5744ff7
244886,30,25.4,327,100,"2021-10-14 10:03:38",A203,9653f952-2137-469f-a020-618fd5744ff7
244906,28,24.8,189,100,"2021-10-14 10:29:47",A202,9653f952-2137-469f-a020-618fd5744ff7
244914,30,25.9,332,100,"2021-10-14 10:34:01",A203,9653f952-2137-469f-a020-618fd5744ff7
244923,26,23.9,198,100,"2021-10-14 10:42:27",A201,9653f952-2137-469f-a020-618fd5744ff7
244933,28,25.1,189,100,"2021-10-14 11:00:11",A202,9653f952-2137-469f-a020-618fd5744ff7
244942,30,26.3,331,100,"2021-10-14 11:04:25",A203,9653f952-2137-469f-a020-618fd5744ff7
244952,26,24.1,199,100,"2021-10-14 11:12:51",A201,9653f952-2137-469f-a020-618fd5744ff7
244962,28,25.5,189,100,"2021-10-14 11:30:37",A202,9653f952-2137-469f-a020-618fd5744ff7
244971,29,26.6,332,100,"2021-10-14 11:34:50",A203,9653f952-2137-469f-a020-618fd5744ff7
244980,26,24.3,197,100,"2021-10-14 11:43:14",A201,9653f952-2137-469f-a020-618fd5744ff7
244991,28,25.7,185,100,"2021-10-14 12:01:02",A202,9653f952-2137-469f-a020-618fd5744ff7
244999,29,27,332,100,"2021-10-14 12:05:15",A203,9653f952-2137-469f-a020-618fd5744ff7
245009,26,24.5,198,100,"2021-10-14 12:13:39",A201,9653f952-2137-469f-a020-618fd5744ff7
245019,28,25.9,189,93,"2021-10-14 12:31:28",A202,9653f952-2137-469f-a020-618fd5744ff7
245027,29,27.2,328,100,"2021-10-14 12:35:40",A203,9653f952-2137-469f-a020-618fd5744ff7
245036,26,24.6,197,100,"2021-10-14 12:44:01",A201,9653f952-2137-469f-a020-618fd5744ff7
245046,28,25.8,188,100,"2021-10-14 13:01:50",A202,9653f952-2137-469f-a020-618fd5744ff7
245055,29,27.2,334,100,"2021-10-14 13:06:03",A203,9653f952-2137-469f-a020-618fd5744ff7
245064,26,24.7,197,100,"2021-10-14 13:14:23",A201,9653f952-2137-469f-a020-618fd5744ff7
245075,28,25.8,189,100,"2021-10-14 13:32:12",A202,9653f952-2137-469f-a020-618fd5744ff7
245084,29,27.2,335,100,"2021-10-14 13:36:29",A203,9653f952-2137-469f-a020-618fd5744ff7
245093,26,24.8,194,100,"2021-10-14 13:44:46",A201,9653f952-2137-469f-a020-618fd5744ff7
245104,28,25.7,189,100,"2021-10-14 14:02:37",A202,9653f952-2137-469f-a020-618fd5744ff7
245113,29,27.3,336,107,"2021-10-14 14:06:48",A203,9653f952-2137-469f-a020-618fd5744ff7
245132,28,25.7,189,93,"2021-10-14 14:33:00",A202,9653f952-2137-469f-a020-618fd5744ff7
245140,29,27.4,335,107,"2021-10-14 14:37:09",A203,9653f952-2137-469f-a020-618fd5744ff7
245148,26,24.9,196,93,"2021-10-14 14:45:30",A201,9653f952-2137-469f-a020-618fd5744ff7
245158,28,25.6,189,86,"2021-10-14 15:03:18",A202,9653f952-2137-469f-a020-618fd5744ff7
245167,29,27.3,336,107,"2021-10-14 15:07:27",A203,9653f952-2137-469f-a020-618fd5744ff7
245176,26,25,195,86,"2021-10-14 15:15:52",A201,9653f952-2137-469f-a020-618fd5744ff7
245186,28,25.5,189,86,"2021-10-14 15:33:39",A202,9653f952-2137-469f-a020-618fd5744ff7
245196,29,27.1,337,107,"2021-10-14 15:37:45",A203,9653f952-2137-469f-a020-618fd5744ff7
245205,26,25,195,86,"2021-10-14 15:46:11",A201,9653f952-2137-469f-a020-618fd5744ff7
245214,28,25.3,187,86,"2021-10-14 16:03:54",A202,9653f952-2137-469f-a020-618fd5744ff7
245224,29,26.8,337,107,"2021-10-14 16:08:02",A203,9653f952-2137-469f-a020-618fd5744ff7
245233,26,25,195,86,"2021-10-14 16:16:30",A201,9653f952-2137-469f-a020-618fd5744ff7
245245,28,25.1,189,86,"2021-10-14 16:34:10",A202,9653f952-2137-469f-a020-618fd5744ff7
245252,29,26.5,337,107,"2021-10-14 16:38:17",A203,9653f952-2137-469f-a020-618fd5744ff7
245261,26,24.9,192,86,"2021-10-14 16:46:47",A201,9653f952-2137-469f-a020-618fd5744ff7
245272,28,24.9,189,86,"2021-10-14 17:04:27",A202,9653f952-2137-469f-a020-618fd5744ff7
245280,29,26.3,338,107,"2021-10-14 17:08:34",A203,9653f952-2137-469f-a020-618fd5744ff7
245289,26,24.9,194,86,"2021-10-14 17:17:05",A201,9653f952-2137-469f-a020-618fd5744ff7
245301,28,24.7,191,86,"2021-10-14 17:34:41",A202,9653f952-2137-469f-a020-618fd5744ff7
245309,29,26,338,107,"2021-10-14 17:38:49",A203,9653f952-2137-469f-a020-618fd5744ff7
245318,26,24.8,194,86,"2021-10-14 17:47:25",A201,9653f952-2137-469f-a020-618fd5744ff7
245330,28,24.6,191,86,"2021-10-14 18:04:57",A202,9653f952-2137-469f-a020-618fd5744ff7
245337,29,25.7,338,107,"2021-10-14 18:09:05",A203,9653f952-2137-469f-a020-618fd5744ff7
245346,26,24.7,194,86,"2021-10-14 18:17:42",A201,9653f952-2137-469f-a020-618fd5744ff7
245358,28,24.4,191,86,"2021-10-14 18:35:10",A202,9653f952-2137-469f-a020-618fd5744ff7
245365,29,25.5,336,107,"2021-10-14 18:39:19",A203,9653f952-2137-469f-a020-618fd5744ff7
245374,26,24.7,192,86,"2021-10-14 18:48:01",A201,9653f952-2137-469f-a020-618fd5744ff7
245386,28,24.3,189,86,"2021-10-14 19:05:24",A202,9653f952-2137-469f-a020-618fd5744ff7
245393,29,25.3,338,107,"2021-10-14 19:09:35",A203,9653f952-2137-469f-a020-618fd5744ff7
245402,26,24.6,192,86,"2021-10-14 19:18:17",A201,9653f952-2137-469f-a020-618fd5744ff7
245414,28,24.1,186,86,"2021-10-14 19:35:38",A202,9653f952-2137-469f-a020-618fd5744ff7
245422,29,25.1,336,107,"2021-10-14 19:39:48",A203,9653f952-2137-469f-a020-618fd5744ff7
245431,26,24.5,192,86,"2021-10-14 19:48:35",A201,9653f952-2137-469f-a020-618fd5744ff7
245443,28,23.9,190,86,"2021-10-14 20:05:52",A202,9653f952-2137-469f-a020-618fd5744ff7
245451,29,24.9,336,107,"2021-10-14 20:10:00",A203,9653f952-2137-469f-a020-618fd5744ff7
245460,26,24.4,194,86,"2021-10-14 20:18:54",A201,9653f952-2137-469f-a020-618fd5744ff7
245471,28,23.8,190,86,"2021-10-14 20:36:04",A202,9653f952-2137-469f-a020-618fd5744ff7
245479,29,24.6,337,107,"2021-10-14 20:40:14",A203,9653f952-2137-469f-a020-618fd5744ff7
245488,26,24.3,193,86,"2021-10-14 20:49:08",A201,9653f952-2137-469f-a020-618fd5744ff7
245500,28,23.64,191,86,"2021-10-14 21:06:14",A202,9653f952-2137-469f-a020-618fd5744ff7
245508,29,24.4,336,107,"2021-10-14 21:10:24",A203,9653f952-2137-469f-a020-618fd5744ff7
245517,26,24.2,193,86,"2021-10-14 21:19:25",A201,9653f952-2137-469f-a020-618fd5744ff7
245529,28,23.5,191,86,"2021-10-14 21:36:27",A202,9653f952-2137-469f-a020-618fd5744ff7
245536,29,24.2,336,107,"2021-10-14 21:40:36",A203,9653f952-2137-469f-a020-618fd5744ff7
245545,26,24.1,193,86,"2021-10-14 21:49:41",A201,9653f952-2137-469f-a020-618fd5744ff7
245557,28,23.4,190,86,"2021-10-14 22:06:37",A202,9653f952-2137-469f-a020-618fd5744ff7
245562,29,24,337,107,"2021-10-14 22:10:47",A203,9653f952-2137-469f-a020-618fd5744ff7
245571,26,24,193,86,"2021-10-14 22:19:57",A201,9653f952-2137-469f-a020-618fd5744ff7
245584,28,23.2,188,86,"2021-10-14 22:36:49",A202,9653f952-2137-469f-a020-618fd5744ff7
245589,29,23.9,336,114,"2021-10-14 22:40:59",A203,9653f952-2137-469f-a020-618fd5744ff7
245600,26,23.9,193,86,"2021-10-14 22:50:14",A201,9653f952-2137-469f-a020-618fd5744ff7
245613,28,23.1,189,86,"2021-10-14 23:07:01",A202,9653f952-2137-469f-a020-618fd5744ff7
245618,29,23.7,336,114,"2021-10-14 23:11:10",A203,9653f952-2137-469f-a020-618fd5744ff7
245629,26,23.8,192,86,"2021-10-14 23:20:29",A201,9653f952-2137-469f-a020-618fd5744ff7
245642,28,23,186,86,"2021-10-14 23:37:10",A202,9653f952-2137-469f-a020-618fd5744ff7
245647,29,23.5,335,107,"2021-10-14 23:41:21",A203,9653f952-2137-469f-a020-618fd5744ff7
245658,26,23.7,191,86,"2021-10-14 23:50:45",A201,9653f952-2137-469f-a020-618fd5744ff7
245671,28,22.8,188,86,"2021-10-15 00:07:21",A202,9653f952-2137-469f-a020-618fd5744ff7
245676,29,23.3,335,114,"2021-10-15 00:11:32",A203,9653f952-2137-469f-a020-618fd5744ff7
245686,26,23.6,191,86,"2021-10-15 00:21:02",A201,9653f952-2137-469f-a020-618fd5744ff7
245700,28,22.7,190,86,"2021-10-15 00:37:32",A202,9653f952-2137-469f-a020-618fd5744ff7
245705,29,23.2,335,114,"2021-10-15 00:41:43",A203,9653f952-2137-469f-a020-618fd5744ff7
245715,26,23.5,192,86,"2021-10-15 00:51:16",A201,9653f952-2137-469f-a020-618fd5744ff7
245729,28,22.6,191,86,"2021-10-15 01:07:42",A202,9653f952-2137-469f-a020-618fd5744ff7
245733,29,23,335,114,"2021-10-15 01:11:52",A203,9653f952-2137-469f-a020-618fd5744ff7
245744,26,23.4,191,86,"2021-10-15 01:21:33",A201,9653f952-2137-469f-a020-618fd5744ff7
245758,28,22.42,189,86,"2021-10-15 01:37:55",A202,9653f952-2137-469f-a020-618fd5744ff7
245762,29,22.9,334,114,"2021-10-15 01:42:03",A203,9653f952-2137-469f-a020-618fd5744ff7
245773,26,23.3,190,86,"2021-10-15 01:51:48",A201,9653f952-2137-469f-a020-618fd5744ff7
245787,28,22.3,191,86,"2021-10-15 02:08:03",A202,9653f952-2137-469f-a020-618fd5744ff7
245791,29,22.7,335,114,"2021-10-15 02:12:12",A203,9653f952-2137-469f-a020-618fd5744ff7
245802,26,23.2,192,86,"2021-10-15 02:22:03",A201,9653f952-2137-469f-a020-618fd5744ff7
245816,28,22.2,191,86,"2021-10-15 02:38:16",A202,9653f952-2137-469f-a020-618fd5744ff7
245820,29,22.6,333,114,"2021-10-15 02:42:22",A203,9653f952-2137-469f-a020-618fd5744ff7
245831,26,23.2,191,86,"2021-10-15 02:52:19",A201,9653f952-2137-469f-a020-618fd5744ff7
245845,28,22.1,190,86,"2021-10-15 03:08:25",A202,9653f952-2137-469f-a020-618fd5744ff7
245849,29,22.42,334,114,"2021-10-15 03:12:32",A203,9653f952-2137-469f-a020-618fd5744ff7
245860,26,23.1,192,86,"2021-10-15 03:22:34",A201,9653f952-2137-469f-a020-618fd5744ff7
245874,28,22,189,86,"2021-10-15 03:38:34",A202,9653f952-2137-469f-a020-618fd5744ff7
245878,29,22.3,334,114,"2021-10-15 03:42:41",A203,9653f952-2137-469f-a020-618fd5744ff7
245888,26,23,191,86,"2021-10-15 03:52:51",A201,9653f952-2137-469f-a020-618fd5744ff7
245901,28,21.9,187,86,"2021-10-15 04:08:45",A202,9653f952-2137-469f-a020-618fd5744ff7
245905,29,22.2,334,114,"2021-10-15 04:12:50",A203,9653f952-2137-469f-a020-618fd5744ff7
245917,26,22.9,190,86,"2021-10-15 04:23:05",A201,9653f952-2137-469f-a020-618fd5744ff7
245930,28,21.9,186,86,"2021-10-15 04:38:55",A202,9653f952-2137-469f-a020-618fd5744ff7
245934,29,22.1,326,114,"2021-10-15 04:43:00",A203,9653f952-2137-469f-a020-618fd5744ff7
245946,26,22.8,191,86,"2021-10-15 04:53:21",A201,9653f952-2137-469f-a020-618fd5744ff7
245959,28,21.8,187,93,"2021-10-15 05:09:07",A202,9653f952-2137-469f-a020-618fd5744ff7
245963,29,22.1,331,107,"2021-10-15 05:13:10",A203,9653f952-2137-469f-a020-618fd5744ff7
245975,26,22.7,191,93,"2021-10-15 05:23:37",A201,9653f952-2137-469f-a020-618fd5744ff7
245987,28,21.8,186,93,"2021-10-15 05:39:18",A202,9653f952-2137-469f-a020-618fd5744ff7
245991,29,22.1,333,107,"2021-10-15 05:43:23",A203,9653f952-2137-469f-a020-618fd5744ff7
246003,26,22.7,189,93,"2021-10-15 05:53:54",A201,9653f952-2137-469f-a020-618fd5744ff7
246015,28,21.8,188,93,"2021-10-15 06:09:33",A202,9653f952-2137-469f-a020-618fd5744ff7
246019,29,22.2,332,107,"2021-10-15 06:13:35",A203,9653f952-2137-469f-a020-618fd5744ff7
246031,26,22.6,190,93,"2021-10-15 06:24:11",A201,9653f952-2137-469f-a020-618fd5744ff7
246043,28,21.9,188,93,"2021-10-15 06:39:50",A202,9653f952-2137-469f-a020-618fd5744ff7
246047,29,22.3,331,107,"2021-10-15 06:43:51",A203,9653f952-2137-469f-a020-618fd5744ff7
246058,26,22.6,190,93,"2021-10-15 06:54:31",A201,9653f952-2137-469f-a020-618fd5744ff7
246070,28,22.1,185,93,"2021-10-15 07:10:09",A202,9653f952-2137-469f-a020-618fd5744ff7
246074,29,22.6,330,107,"2021-10-15 07:14:11",A203,9653f952-2137-469f-a020-618fd5744ff7
246085,26,22.6,188,100,"2021-10-15 07:24:52",A201,9653f952-2137-469f-a020-618fd5744ff7
246097,28,22.4,185,100,"2021-10-15 07:40:34",A202,9653f952-2137-469f-a020-618fd5744ff7
246101,29,23.1,328,107,"2021-10-15 07:44:31",A203,9653f952-2137-469f-a020-618fd5744ff7
246113,26,22.7,189,100,"2021-10-15 07:55:17",A201,9653f952-2137-469f-a020-618fd5744ff7
246125,28,22.8,188,93,"2021-10-15 08:10:58",A202,9653f952-2137-469f-a020-618fd5744ff7
246130,29,23.7,325,107,"2021-10-15 08:14:53",A203,9653f952-2137-469f-a020-618fd5744ff7
246142,26,22.8,187,100,"2021-10-15 08:25:38",A201,9653f952-2137-469f-a020-618fd5744ff7
246154,28,23.2,188,93,"2021-10-15 08:41:21",A202,9653f952-2137-469f-a020-618fd5744ff7
246159,29,24.26,322,107,"2021-10-15 08:45:16",A203,9653f952-2137-469f-a020-618fd5744ff7
246171,25,23,187,100,"2021-10-15 08:56:01",A201,9653f952-2137-469f-a020-618fd5744ff7
246183,28,23.5,186,100,"2021-10-15 09:11:45",A202,9653f952-2137-469f-a020-618fd5744ff7
246188,29,24.8,322,100,"2021-10-15 09:15:48",A203,9653f952-2137-469f-a020-618fd5744ff7
246200,25,23.2,188,100,"2021-10-15 09:26:35",A201,9653f952-2137-469f-a020-618fd5744ff7
246211,28,24,184,100,"2021-10-15 09:42:09",A202,9653f952-2137-469f-a020-618fd5744ff7
246215,29,25.4,326,100,"2021-10-15 09:46:01",A203,9653f952-2137-469f-a020-618fd5744ff7
246226,25,23.3,188,100,"2021-10-15 09:56:46",A201,9653f952-2137-469f-a020-618fd5744ff7
246236,28,24.6,186,100,"2021-10-15 10:12:35",A202,9653f952-2137-469f-a020-618fd5744ff7
246241,29,26,323,100,"2021-10-15 10:16:27",A203,9653f952-2137-469f-a020-618fd5744ff7
246253,25,23.5,186,100,"2021-10-15 10:29:08",A201,9653f952-2137-469f-a020-618fd5744ff7
246266,28,25.2,184,100,"2021-10-15 10:42:59",A202,9653f952-2137-469f-a020-618fd5744ff7
246272,29,26.7,325,100,"2021-10-15 10:48:32",A203,9653f952-2137-469f-a020-618fd5744ff7
246294,28,25.6,184,100,"2021-10-15 11:13:25",A202,9653f952-2137-469f-a020-618fd5744ff7
246301,29,27.1,324,100,"2021-10-15 11:18:53",A203,9653f952-2137-469f-a020-618fd5744ff7
246339,25,24,184,100,"2021-10-15 12:00:14",A201,9653f952-2137-469f-a020-618fd5744ff7
246353,28,26,186,100,"2021-10-15 12:14:14",A202,9653f952-2137-469f-a020-618fd5744ff7
246369,25,24.2,185,100,"2021-10-15 12:30:37",A201,9653f952-2137-469f-a020-618fd5744ff7
246381,28,26.2,185,93,"2021-10-15 12:44:38",A202,9653f952-2137-469f-a020-618fd5744ff7
246397,25,24.4,185,93,"2021-10-15 13:00:58",A201,9653f952-2137-469f-a020-618fd5744ff7
246409,28,26.2,182,86,"2021-10-15 13:14:58",A202,9653f952-2137-469f-a020-618fd5744ff7
246427,25,24.5,185,86,"2021-10-15 13:31:16",A201,9653f952-2137-469f-a020-618fd5744ff7
246437,28,26.1,184,93,"2021-10-15 13:45:19",A202,9653f952-2137-469f-a020-618fd5744ff7
246465,28,25.9,186,93,"2021-10-15 14:15:42",A202,9653f952-2137-469f-a020-618fd5744ff7
246483,25,24.7,184,86,"2021-10-15 14:31:58",A201,9653f952-2137-469f-a020-618fd5744ff7
246494,28,25.8,186,86,"2021-10-15 14:46:06",A202,9653f952-2137-469f-a020-618fd5744ff7
246511,25,24.7,185,86,"2021-10-15 15:02:17",A201,9653f952-2137-469f-a020-618fd5744ff7
246523,28,25.7,192,86,"2021-10-15 15:16:22",A202,9653f952-2137-469f-a020-618fd5744ff7
246541,25,24.7,184,86,"2021-10-15 15:32:35",A201,9653f952-2137-469f-a020-618fd5744ff7
246553,28,25.4,196,86,"2021-10-15 15:46:38",A202,9653f952-2137-469f-a020-618fd5744ff7
246570,25,24.7,184,86,"2021-10-15 16:02:52",A201,9653f952-2137-469f-a020-618fd5744ff7
246582,28,25.1,196,86,"2021-10-15 16:16:52",A202,9653f952-2137-469f-a020-618fd5744ff7
246599,25,24.6,184,86,"2021-10-15 16:33:06",A201,9653f952-2137-469f-a020-618fd5744ff7
246612,28,24.8,197,86,"2021-10-15 16:48:24",A202,9653f952-2137-469f-a020-618fd5744ff7
246628,25,24.5,184,86,"2021-10-15 17:03:24",A201,9653f952-2137-469f-a020-618fd5744ff7
246641,28,24.6,198,86,"2021-10-15 17:18:48",A202,9653f952-2137-469f-a020-618fd5744ff7
246654,25,24.4,185,86,"2021-10-15 17:33:39",A201,9653f952-2137-469f-a020-618fd5744ff7
246667,29,24.4,198,86,"2021-10-15 17:49:13",A202,9653f952-2137-469f-a020-618fd5744ff7
246672,32,25.3,368,107,"2021-10-15 17:52:25",A203,9653f952-2137-469f-a020-618fd5744ff7
246683,25,24.4,183,86,"2021-10-15 18:03:56",A201,9653f952-2137-469f-a020-618fd5744ff7
246696,29,24.2,198,86,"2021-10-15 18:19:37",A202,9653f952-2137-469f-a020-618fd5744ff7
246710,25,24.3,185,86,"2021-10-15 18:34:13",A201,9653f952-2137-469f-a020-618fd5744ff7
246724,29,24,195,86,"2021-10-15 18:50:03",A202,9653f952-2137-469f-a020-618fd5744ff7
246729,31,24.7,364,107,"2021-10-15 18:52:47",A203,9653f952-2137-469f-a020-618fd5744ff7
246740,25,24.2,185,86,"2021-10-15 19:04:30",A201,9653f952-2137-469f-a020-618fd5744ff7
246753,29,23.9,194,86,"2021-10-15 19:20:28",A202,9653f952-2137-469f-a020-618fd5744ff7
246759,31,24.5,364,107,"2021-10-15 19:22:59",A203,9653f952-2137-469f-a020-618fd5744ff7
246769,25,24.1,185,86,"2021-10-15 19:34:44",A201,9653f952-2137-469f-a020-618fd5744ff7
246782,29,23.7,198,86,"2021-10-15 19:50:52",A202,9653f952-2137-469f-a020-618fd5744ff7
246788,31,24.3,363,107,"2021-10-15 19:53:11",A203,9653f952-2137-469f-a020-618fd5744ff7
246799,25,24.1,185,86,"2021-10-15 20:05:00",A201,9653f952-2137-469f-a020-618fd5744ff7
246812,29,23.6,198,86,"2021-10-15 20:21:18",A202,9653f952-2137-469f-a020-618fd5744ff7
246816,31,24.1,361,107,"2021-10-15 20:23:21",A203,9653f952-2137-469f-a020-618fd5744ff7
246828,25,24,185,86,"2021-10-15 20:35:17",A201,9653f952-2137-469f-a020-618fd5744ff7
246841,29,23.5,198,86,"2021-10-15 20:51:43",A202,9653f952-2137-469f-a020-618fd5744ff7
246845,31,24,362,107,"2021-10-15 20:53:32",A203,9653f952-2137-469f-a020-618fd5744ff7
246857,25,23.9,185,86,"2021-10-15 21:05:34",A201,9653f952-2137-469f-a020-618fd5744ff7
246870,29,23.4,197,86,"2021-10-15 21:22:09",A202,9653f952-2137-469f-a020-618fd5744ff7
246874,31,23.8,361,107,"2021-10-15 21:23:43",A203,9653f952-2137-469f-a020-618fd5744ff7
246886,25,23.9,185,86,"2021-10-15 21:35:49",A201,9653f952-2137-469f-a020-618fd5744ff7
246898,29,23.3,197,86,"2021-10-15 21:52:31",A202,9653f952-2137-469f-a020-618fd5744ff7
246901,31,23.7,360,107,"2021-10-15 21:53:54",A203,9653f952-2137-469f-a020-618fd5744ff7
246914,25,23.8,185,86,"2021-10-15 22:06:05",A201,9653f952-2137-469f-a020-618fd5744ff7
246926,29,23.2,197,86,"2021-10-15 22:22:55",A202,9653f952-2137-469f-a020-618fd5744ff7
246929,31,23.6,360,107,"2021-10-15 22:24:04",A203,9653f952-2137-469f-a020-618fd5744ff7
246941,25,23.8,185,86,"2021-10-15 22:36:22",A201,9653f952-2137-469f-a020-618fd5744ff7
246953,29,23.1,195,86,"2021-10-15 22:53:19",A202,9653f952-2137-469f-a020-618fd5744ff7
246957,31,23.4,356,107,"2021-10-15 22:54:13",A203,9653f952-2137-469f-a020-618fd5744ff7
246970,25,23.7,184,86,"2021-10-15 23:06:35",A201,9653f952-2137-469f-a020-618fd5744ff7
246982,29,22.9,194,86,"2021-10-15 23:23:43",A202,9653f952-2137-469f-a020-618fd5744ff7
246985,31,23.3,357,107,"2021-10-15 23:24:23",A203,9653f952-2137-469f-a020-618fd5744ff7
246997,25,23.6,184,86,"2021-10-15 23:36:51",A201,9653f952-2137-469f-a020-618fd5744ff7
247010,29,22.8,193,86,"2021-10-15 23:54:07",A202,9653f952-2137-469f-a020-618fd5744ff7
247012,31,23.2,355,107,"2021-10-15 23:54:33",A203,9653f952-2137-469f-a020-618fd5744ff7
247023,25,23.6,184,86,"2021-10-16 00:07:06",A201,9653f952-2137-469f-a020-618fd5744ff7
247036,29,22.8,193,86,"2021-10-16 00:24:31",A202,9653f952-2137-469f-a020-618fd5744ff7
247038,31,23.1,355,107,"2021-10-16 00:24:43",A203,9653f952-2137-469f-a020-618fd5744ff7
247051,25,23.5,182,86,"2021-10-16 00:37:22",A201,9653f952-2137-469f-a020-618fd5744ff7
247064,31,23,354,107,"2021-10-16 00:54:52",A203,9653f952-2137-469f-a020-618fd5744ff7
247065,29,22.6,195,86,"2021-10-16 00:54:54",A202,9653f952-2137-469f-a020-618fd5744ff7
247078,25,23.5,183,86,"2021-10-16 01:07:36",A201,9653f952-2137-469f-a020-618fd5744ff7
247091,31,22.9,353,107,"2021-10-16 01:25:01",A203,9653f952-2137-469f-a020-618fd5744ff7
247093,29,22.5,197,86,"2021-10-16 01:25:17",A202,9653f952-2137-469f-a020-618fd5744ff7
247106,25,23.4,181,86,"2021-10-16 01:37:52",A201,9653f952-2137-469f-a020-618fd5744ff7
247119,31,22.8,352,107,"2021-10-16 01:55:10",A203,9653f952-2137-469f-a020-618fd5744ff7
247121,29,22.5,197,86,"2021-10-16 01:55:40",A202,9653f952-2137-469f-a020-618fd5744ff7
247134,25,23.4,182,86,"2021-10-16 02:08:11",A201,9653f952-2137-469f-a020-618fd5744ff7
247147,31,22.7,352,107,"2021-10-16 02:25:19",A203,9653f952-2137-469f-a020-618fd5744ff7
247149,29,22.4,197,86,"2021-10-16 02:26:06",A202,9653f952-2137-469f-a020-618fd5744ff7
247161,25,23.3,182,86,"2021-10-16 02:38:23",A201,9653f952-2137-469f-a020-618fd5744ff7
247173,31,22.6,352,114,"2021-10-16 02:55:28",A203,9653f952-2137-469f-a020-618fd5744ff7
247176,29,22.3,197,86,"2021-10-16 02:56:30",A202,9653f952-2137-469f-a020-618fd5744ff7
247190,25,23.2,184,86,"2021-10-16 03:08:38",A201,9653f952-2137-469f-a020-618fd5744ff7
247200,31,22.5,350,114,"2021-10-16 03:25:36",A203,9653f952-2137-469f-a020-618fd5744ff7
247204,29,22.2,195,86,"2021-10-16 03:26:50",A202,9653f952-2137-469f-a020-618fd5744ff7
247216,25,23.2,184,86,"2021-10-16 03:38:53",A201,9653f952-2137-469f-a020-618fd5744ff7
247228,30,22.4,349,107,"2021-10-16 03:55:39",A203,9653f952-2137-469f-a020-618fd5744ff7
247231,29,22.1,197,86,"2021-10-16 03:57:14",A202,9653f952-2137-469f-a020-618fd5744ff7
247244,25,23.1,183,86,"2021-10-16 04:09:07",A201,9653f952-2137-469f-a020-618fd5744ff7
247256,31,22.3,349,107,"2021-10-16 04:25:42",A203,9653f952-2137-469f-a020-618fd5744ff7
247261,29,22,196,86,"2021-10-16 04:27:39",A202,9653f952-2137-469f-a020-618fd5744ff7
247273,25,23.1,184,86,"2021-10-16 04:39:24",A201,9653f952-2137-469f-a020-618fd5744ff7
247284,31,22.2,344,114,"2021-10-16 04:55:50",A203,9653f952-2137-469f-a020-618fd5744ff7
247289,29,22,194,86,"2021-10-16 04:58:00",A202,9653f952-2137-469f-a020-618fd5744ff7
247301,25,23,184,93,"2021-10-16 05:09:37",A201,9653f952-2137-469f-a020-618fd5744ff7
247312,31,22.2,340,107,"2021-10-16 05:26:01",A203,9653f952-2137-469f-a020-618fd5744ff7
247317,29,22,192,93,"2021-10-16 05:28:26",A202,9653f952-2137-469f-a020-618fd5744ff7
247328,25,23,184,93,"2021-10-16 05:39:55",A201,9653f952-2137-469f-a020-618fd5744ff7
247340,31,22.2,349,107,"2021-10-16 05:56:12",A203,9653f952-2137-469f-a020-618fd5744ff7
247344,29,22,191,93,"2021-10-16 05:58:53",A202,9653f952-2137-469f-a020-618fd5744ff7
247356,25,23,182,93,"2021-10-16 06:10:13",A201,9653f952-2137-469f-a020-618fd5744ff7
247370,31,22.4,348,107,"2021-10-16 06:26:29",A203,9653f952-2137-469f-a020-618fd5744ff7
247374,29,22.1,191,93,"2021-10-16 06:29:25",A202,9653f952-2137-469f-a020-618fd5744ff7
247385,25,22.9,183,93,"2021-10-16 06:40:34",A201,9653f952-2137-469f-a020-618fd5744ff7
247398,31,22.6,344,100,"2021-10-16 06:56:48",A203,9653f952-2137-469f-a020-618fd5744ff7
247403,29,22.3,194,93,"2021-10-16 07:00:02",A202,9653f952-2137-469f-a020-618fd5744ff7
247413,25,23,183,100,"2021-10-16 07:10:54",A201,9653f952-2137-469f-a020-618fd5744ff7
247426,31,23.1,338,107,"2021-10-16 07:27:09",A203,9653f952-2137-469f-a020-618fd5744ff7
247431,29,22.7,192,93,"2021-10-16 07:30:36",A202,9653f952-2137-469f-a020-618fd5744ff7
247441,25,23,181,100,"2021-10-16 07:41:15",A201,9653f952-2137-469f-a020-618fd5744ff7
247454,31,23.5,343,107,"2021-10-16 07:57:28",A203,9653f952-2137-469f-a020-618fd5744ff7
247459,29,23.1,194,100,"2021-10-16 08:01:12",A202,9653f952-2137-469f-a020-618fd5744ff7
247469,25,23.1,182,100,"2021-10-16 08:11:37",A201,9653f952-2137-469f-a020-618fd5744ff7
247482,31,24,343,107,"2021-10-16 08:27:48",A203,9653f952-2137-469f-a020-618fd5744ff7
247487,28,23.4,190,100,"2021-10-16 08:31:48",A202,9653f952-2137-469f-a020-618fd5744ff7
247509,30,24.5,342,100,"2021-10-16 08:58:10",A203,9653f952-2137-469f-a020-618fd5744ff7
247513,28,23.9,191,100,"2021-10-16 09:02:23",A202,9653f952-2137-469f-a020-618fd5744ff7
247524,25,23.4,182,100,"2021-10-16 09:12:22",A201,9653f952-2137-469f-a020-618fd5744ff7
247537,30,25,341,100,"2021-10-16 09:28:31",A203,9653f952-2137-469f-a020-618fd5744ff7
247542,28,24.5,192,100,"2021-10-16 09:33:00",A202,9653f952-2137-469f-a020-618fd5744ff7
247552,25,23.6,183,100,"2021-10-16 09:42:44",A201,9653f952-2137-469f-a020-618fd5744ff7
247564,30,25.5,341,107,"2021-10-16 09:58:47",A203,9653f952-2137-469f-a020-618fd5744ff7
247572,28,25.1,186,93,"2021-10-16 10:03:32",A202,9653f952-2137-469f-a020-618fd5744ff7
247580,25,23.8,183,93,"2021-10-16 10:13:03",A201,9653f952-2137-469f-a020-618fd5744ff7
247593,30,25.66,340,107,"2021-10-16 10:29:02",A203,9653f952-2137-469f-a020-618fd5744ff7
247601,28,25.2,193,86,"2021-10-16 10:34:02",A202,9653f952-2137-469f-a020-618fd5744ff7
247608,25,24,183,86,"2021-10-16 10:43:20",A201,9653f952-2137-469f-a020-618fd5744ff7
247618,30,25.5,343,107,"2021-10-16 10:59:14",A203,9653f952-2137-469f-a020-618fd5744ff7
247626,28,25,192,86,"2021-10-16 11:04:28",A202,9653f952-2137-469f-a020-618fd5744ff7
247634,25,24.1,183,86,"2021-10-16 11:13:37",A201,9653f952-2137-469f-a020-618fd5744ff7
247646,30,25.3,343,107,"2021-10-16 11:29:26",A203,9653f952-2137-469f-a020-618fd5744ff7
247654,28,24.8,190,86,"2021-10-16 11:34:56",A202,9653f952-2137-469f-a020-618fd5744ff7
247662,27,24.2,225,86,"2021-10-16 11:43:54",A201,9653f952-2137-469f-a020-618fd5744ff7
247674,35,24.9,384,107,"2021-10-16 11:59:36",A203,9653f952-2137-469f-a020-618fd5744ff7
247682,31,24.44,224,86,"2021-10-16 12:05:17",A202,9653f952-2137-469f-a020-618fd5744ff7
247687,29,24.2,245,93,"2021-10-16 12:14:10",A201,9653f952-2137-469f-a020-618fd5744ff7
247700,35,24.6,375,107,"2021-10-16 12:29:50",A203,9653f952-2137-469f-a020-618fd5744ff7
247706,31,24.1,222,93,"2021-10-16 12:35:43",A202,9653f952-2137-469f-a020-618fd5744ff7
247712,29,24.1,246,93,"2021-10-16 12:44:31",A201,9653f952-2137-469f-a020-618fd5744ff7
247725,35,24.3,367,107,"2021-10-16 12:59:58",A203,9653f952-2137-469f-a020-618fd5744ff7
247733,31,23.9,219,93,"2021-10-16 13:06:10",A202,9653f952-2137-469f-a020-618fd5744ff7
247739,29,24,246,93,"2021-10-16 13:14:44",A201,9653f952-2137-469f-a020-618fd5744ff7
247751,34,24.2,368,107,"2021-10-16 13:30:10",A203,9653f952-2137-469f-a020-618fd5744ff7
247760,31,23.8,215,93,"2021-10-16 13:36:38",A202,9653f952-2137-469f-a020-618fd5744ff7
247767,29,23.9,246,93,"2021-10-16 13:45:00",A201,9653f952-2137-469f-a020-618fd5744ff7
247787,31,23.8,212,86,"2021-10-16 14:07:03",A202,9653f952-2137-469f-a020-618fd5744ff7
247793,29,23.9,243,86,"2021-10-16 14:15:18",A201,9653f952-2137-469f-a020-618fd5744ff7
247806,34,24.1,369,107,"2021-10-16 14:30:35",A203,9653f952-2137-469f-a020-618fd5744ff7
247815,31,23.7,214,86,"2021-10-16 14:37:31",A202,9653f952-2137-469f-a020-618fd5744ff7
247821,28,23.9,242,86,"2021-10-16 14:45:36",A201,9653f952-2137-469f-a020-618fd5744ff7
247834,34,24,367,107,"2021-10-16 15:00:51",A203,9653f952-2137-469f-a020-618fd5744ff7
247844,31,23.7,213,86,"2021-10-16 15:07:59",A202,9653f952-2137-469f-a020-618fd5744ff7
247850,28,23.8,243,86,"2021-10-16 15:15:51",A201,9653f952-2137-469f-a020-618fd5744ff7
247862,34,24,363,107,"2021-10-16 15:31:01",A203,9653f952-2137-469f-a020-618fd5744ff7
247872,31,23.7,212,86,"2021-10-16 15:38:26",A202,9653f952-2137-469f-a020-618fd5744ff7
247878,28,23.8,242,86,"2021-10-16 15:46:09",A201,9653f952-2137-469f-a020-618fd5744ff7
247890,34,23.9,369,107,"2021-10-16 16:01:12",A203,9653f952-2137-469f-a020-618fd5744ff7
247898,31,23.6,211,86,"2021-10-16 16:08:51",A202,9653f952-2137-469f-a020-618fd5744ff7
247904,28,23.8,241,86,"2021-10-16 16:16:26",A201,9653f952-2137-469f-a020-618fd5744ff7
247917,34,23.8,362,107,"2021-10-16 16:31:24",A203,9653f952-2137-469f-a020-618fd5744ff7
247926,31,23.5,212,86,"2021-10-16 16:39:19",A202,9653f952-2137-469f-a020-618fd5744ff7
247932,28,23.8,242,86,"2021-10-16 16:46:42",A201,9653f952-2137-469f-a020-618fd5744ff7
247943,34,23.6,364,107,"2021-10-16 17:01:35",A203,9653f952-2137-469f-a020-618fd5744ff7
247952,31,23.4,210,86,"2021-10-16 17:09:43",A202,9653f952-2137-469f-a020-618fd5744ff7
247958,28,23.7,242,86,"2021-10-16 17:16:59",A201,9653f952-2137-469f-a020-618fd5744ff7
247969,34,23.5,363,107,"2021-10-16 17:31:46",A203,9653f952-2137-469f-a020-618fd5744ff7
247977,31,23.3,209,86,"2021-10-16 17:40:09",A202,9653f952-2137-469f-a020-618fd5744ff7
247983,28,23.7,238,86,"2021-10-16 17:47:16",A201,9653f952-2137-469f-a020-618fd5744ff7
247996,33,23.4,362,107,"2021-10-16 18:01:57",A203,9653f952-2137-469f-a020-618fd5744ff7
248004,31,23.2,210,86,"2021-10-16 18:10:37",A202,9653f952-2137-469f-a020-618fd5744ff7
248009,28,23.6,241,86,"2021-10-16 18:17:31",A201,9653f952-2137-469f-a020-618fd5744ff7
248021,33,23.3,361,107,"2021-10-16 18:32:09",A203,9653f952-2137-469f-a020-618fd5744ff7
248029,31,23.1,210,86,"2021-10-16 18:40:59",A202,9653f952-2137-469f-a020-618fd5744ff7
248034,28,23.6,241,86,"2021-10-16 18:47:48",A201,9653f952-2137-469f-a020-618fd5744ff7
248043,33,23.2,361,107,"2021-10-16 19:02:19",A203,9653f952-2137-469f-a020-618fd5744ff7
248051,30,23,209,86,"2021-10-16 19:11:24",A202,9653f952-2137-469f-a020-618fd5744ff7
248067,32,23.1,362,107,"2021-10-16 19:32:29",A203,9653f952-2137-469f-a020-618fd5744ff7
248075,30,22.9,206,86,"2021-10-16 19:41:49",A202,9653f952-2137-469f-a020-618fd5744ff7
248081,28,23.5,240,86,"2021-10-16 19:48:19",A201,9653f952-2137-469f-a020-618fd5744ff7
248092,32,23,361,107,"2021-10-16 20:02:40",A203,9653f952-2137-469f-a020-618fd5744ff7
248100,30,22.8,208,86,"2021-10-16 20:12:13",A202,9653f952-2137-469f-a020-618fd5744ff7
248106,28,23.5,237,86,"2021-10-16 20:18:35",A201,9653f952-2137-469f-a020-618fd5744ff7
248116,32,22.9,360,107,"2021-10-16 20:32:50",A203,9653f952-2137-469f-a020-618fd5744ff7
248124,30,22.8,206,86,"2021-10-16 20:42:37",A202,9653f952-2137-469f-a020-618fd5744ff7
248130,28,23.4,239,86,"2021-10-16 20:48:50",A201,9653f952-2137-469f-a020-618fd5744ff7
248139,32,22.8,359,107,"2021-10-16 21:03:00",A203,9653f952-2137-469f-a020-618fd5744ff7
248147,30,22.7,209,86,"2021-10-16 21:13:02",A202,9653f952-2137-469f-a020-618fd5744ff7
248153,28,23.4,240,86,"2021-10-16 21:19:08",A201,9653f952-2137-469f-a020-618fd5744ff7
248163,32,22.7,360,107,"2021-10-16 21:33:10",A203,9653f952-2137-469f-a020-618fd5744ff7
248171,30,22.6,208,86,"2021-10-16 21:43:26",A202,9653f952-2137-469f-a020-618fd5744ff7
248185,32,22.6,360,107,"2021-10-16 22:03:20",A203,9653f952-2137-469f-a020-618fd5744ff7
248193,30,22.5,210,86,"2021-10-16 22:13:49",A202,9653f952-2137-469f-a020-618fd5744ff7
248199,28,23.3,238,86,"2021-10-16 22:19:37",A201,9653f952-2137-469f-a020-618fd5744ff7
248208,32,22.44,361,107,"2021-10-16 22:33:29",A203,9653f952-2137-469f-a020-618fd5744ff7
248216,30,22.4,209,86,"2021-10-16 22:44:14",A202,9653f952-2137-469f-a020-618fd5744ff7
248222,28,23.2,236,86,"2021-10-16 22:49:51",A201,9653f952-2137-469f-a020-618fd5744ff7
248231,32,22.3,358,107,"2021-10-16 23:03:37",A203,9653f952-2137-469f-a020-618fd5744ff7
248240,30,22.3,208,86,"2021-10-16 23:14:36",A202,9653f952-2137-469f-a020-618fd5744ff7
248246,28,23.2,237,86,"2021-10-16 23:20:06",A201,9653f952-2137-469f-a020-618fd5744ff7
248254,32,22.2,356,114,"2021-10-16 23:33:46",A203,9653f952-2137-469f-a020-618fd5744ff7
248263,30,22.2,208,86,"2021-10-16 23:44:59",A202,9653f952-2137-469f-a020-618fd5744ff7
248269,28,23.1,238,86,"2021-10-16 23:50:24",A201,9653f952-2137-469f-a020-618fd5744ff7
248278,32,22.1,355,114,"2021-10-17 00:03:54",A203,9653f952-2137-469f-a020-618fd5744ff7
248287,30,22.1,208,86,"2021-10-17 00:15:21",A202,9653f952-2137-469f-a020-618fd5744ff7
248293,28,23,238,86,"2021-10-17 00:20:35",A201,9653f952-2137-469f-a020-618fd5744ff7
248301,32,22,357,114,"2021-10-17 00:34:01",A203,9653f952-2137-469f-a020-618fd5744ff7
248310,30,21.9,207,86,"2021-10-17 00:45:42",A202,9653f952-2137-469f-a020-618fd5744ff7
248322,32,21.8,355,114,"2021-10-17 01:04:09",A203,9653f952-2137-469f-a020-618fd5744ff7
248332,30,21.8,205,86,"2021-10-17 01:16:03",A202,9653f952-2137-469f-a020-618fd5744ff7
248337,28,22.9,237,86,"2021-10-17 01:21:03",A201,9653f952-2137-469f-a020-618fd5744ff7
248346,32,21.7,352,114,"2021-10-17 01:34:16",A203,9653f952-2137-469f-a020-618fd5744ff7
248355,30,21.7,205,86,"2021-10-17 01:46:24",A202,9653f952-2137-469f-a020-618fd5744ff7
248360,28,22.8,238,86,"2021-10-17 01:51:17",A201,9653f952-2137-469f-a020-618fd5744ff7
248369,32,21.6,351,114,"2021-10-17 02:04:22",A203,9653f952-2137-469f-a020-618fd5744ff7
248378,30,21.6,207,86,"2021-10-17 02:16:45",A202,9653f952-2137-469f-a020-618fd5744ff7
248383,28,22.8,237,86,"2021-10-17 02:21:33",A201,9653f952-2137-469f-a020-618fd5744ff7
248392,31,21.4,353,100,"2021-10-17 02:34:22",A203,9653f952-2137-469f-a020-618fd5744ff7
248401,30,21.5,207,86,"2021-10-17 02:47:05",A202,9653f952-2137-469f-a020-618fd5744ff7
248406,28,22.7,237,86,"2021-10-17 02:51:45",A201,9653f952-2137-469f-a020-618fd5744ff7
248415,31,21.3,355,93,"2021-10-17 03:04:18",A203,9653f952-2137-469f-a020-618fd5744ff7
248424,30,21.3,207,86,"2021-10-17 03:17:26",A202,9653f952-2137-469f-a020-618fd5744ff7
248429,28,22.6,239,86,"2021-10-17 03:22:00",A201,9653f952-2137-469f-a020-618fd5744ff7
248438,31,21.2,356,93,"2021-10-17 03:34:14",A203,9653f952-2137-469f-a020-618fd5744ff7
248448,30,21.2,207,86,"2021-10-17 03:47:49",A202,9653f952-2137-469f-a020-618fd5744ff7
248453,28,22.5,237,86,"2021-10-17 03:52:16",A201,9653f952-2137-469f-a020-618fd5744ff7
248461,31,21.1,353,93,"2021-10-17 04:04:12",A203,9653f952-2137-469f-a020-618fd5744ff7
248472,30,21.1,206,86,"2021-10-17 04:18:10",A202,9653f952-2137-469f-a020-618fd5744ff7
248477,28,22.5,237,93,"2021-10-17 04:22:27",A201,9653f952-2137-469f-a020-618fd5744ff7
248483,31,21,351,107,"2021-10-17 04:34:15",A203,9653f952-2137-469f-a020-618fd5744ff7
248492,30,21.08,206,93,"2021-10-17 04:48:34",A202,9653f952-2137-469f-a020-618fd5744ff7
248497,28,22.4,237,93,"2021-10-17 04:52:41",A201,9653f952-2137-469f-a020-618fd5744ff7
248505,31,20.9,346,107,"2021-10-17 05:04:24",A203,9653f952-2137-469f-a020-618fd5744ff7
248516,30,21,202,93,"2021-10-17 05:19:00",A202,9653f952-2137-469f-a020-618fd5744ff7
248520,28,22.3,236,93,"2021-10-17 05:22:58",A201,9653f952-2137-469f-a020-618fd5744ff7
248529,31,20.9,349,107,"2021-10-17 05:34:37",A203,9653f952-2137-469f-a020-618fd5744ff7
248539,30,21,199,93,"2021-10-17 05:49:30",A202,9653f952-2137-469f-a020-618fd5744ff7
248542,28,22.3,236,93,"2021-10-17 05:53:19",A201,9653f952-2137-469f-a020-618fd5744ff7
248551,31,20.9,348,107,"2021-10-17 06:04:53",A203,9653f952-2137-469f-a020-618fd5744ff7
248562,30,21.1,201,93,"2021-10-17 06:20:04",A202,9653f952-2137-469f-a020-618fd5744ff7
248565,28,22.2,236,100,"2021-10-17 06:23:37",A201,9653f952-2137-469f-a020-618fd5744ff7
248574,31,21.1,349,107,"2021-10-17 06:35:11",A203,9653f952-2137-469f-a020-618fd5744ff7
248587,30,21.2,200,93,"2021-10-17 06:50:38",A202,9653f952-2137-469f-a020-618fd5744ff7
248589,28,22.2,236,100,"2021-10-17 06:53:58",A201,9653f952-2137-469f-a020-618fd5744ff7
248597,31,21.4,345,107,"2021-10-17 07:05:30",A203,9653f952-2137-469f-a020-618fd5744ff7
248610,30,21.5,200,100,"2021-10-17 07:21:15",A202,9653f952-2137-469f-a020-618fd5744ff7
248612,28,22.2,235,100,"2021-10-17 07:24:20",A201,9653f952-2137-469f-a020-618fd5744ff7
248621,31,21.9,342,100,"2021-10-17 07:35:50",A203,9653f952-2137-469f-a020-618fd5744ff7
248635,30,22,203,100,"2021-10-17 07:51:52",A202,9653f952-2137-469f-a020-618fd5744ff7
248639,28,22.3,235,100,"2021-10-17 07:54:40",A201,9653f952-2137-469f-a020-618fd5744ff7
248649,31,22.5,338,100,"2021-10-17 08:06:11",A203,9653f952-2137-469f-a020-618fd5744ff7
248661,30,22.4,202,100,"2021-10-17 08:22:27",A202,9653f952-2137-469f-a020-618fd5744ff7
248663,28,22.38,235,100,"2021-10-17 08:25:03",A201,9653f952-2137-469f-a020-618fd5744ff7
248674,31,23.1,342,100,"2021-10-17 08:36:32",A203,9653f952-2137-469f-a020-618fd5744ff7
248688,30,22.7,197,100,"2021-10-17 08:53:02",A202,9653f952-2137-469f-a020-618fd5744ff7
248689,28,22.5,235,100,"2021-10-17 08:55:24",A201,9653f952-2137-469f-a020-618fd5744ff7
248700,31,23.8,338,100,"2021-10-17 09:06:54",A203,9653f952-2137-469f-a020-618fd5744ff7
248718,30,23.2,201,100,"2021-10-17 09:23:40",A202,9653f952-2137-469f-a020-618fd5744ff7
248720,28,22.7,234,100,"2021-10-17 09:25:49",A201,9653f952-2137-469f-a020-618fd5744ff7
248730,31,24.3,337,100,"2021-10-17 09:37:16",A203,9653f952-2137-469f-a020-618fd5744ff7
248749,30,23.9,201,100,"2021-10-17 09:54:16",A202,9653f952-2137-469f-a020-618fd5744ff7
248752,28,22.9,235,100,"2021-10-17 09:56:10",A201,9653f952-2137-469f-a020-618fd5744ff7
248761,31,24.8,339,100,"2021-10-17 10:07:39",A203,9653f952-2137-469f-a020-618fd5744ff7
248777,30,24.7,199,100,"2021-10-17 10:24:53",A202,9653f952-2137-469f-a020-618fd5744ff7
248789,31,25.4,337,100,"2021-10-17 10:38:00",A203,9653f952-2137-469f-a020-618fd5744ff7
248805,30,25.4,200,100,"2021-10-17 10:55:31",A202,9653f952-2137-469f-a020-618fd5744ff7
248807,28,23.44,234,100,"2021-10-17 10:56:54",A201,9653f952-2137-469f-a020-618fd5744ff7
248818,31,25.9,339,100,"2021-10-17 11:08:22",A203,9653f952-2137-469f-a020-618fd5744ff7
248835,30,25.6,199,93,"2021-10-17 11:26:06",A202,9653f952-2137-469f-a020-618fd5744ff7
248837,27,23.7,235,93,"2021-10-17 11:27:17",A201,9653f952-2137-469f-a020-618fd5744ff7
248848,31,26.08,339,114,"2021-10-17 11:38:36",A203,9653f952-2137-469f-a020-618fd5744ff7
248863,31,25.8,222,93,"2021-10-17 11:56:31",A202,9653f952-2137-469f-a020-618fd5744ff7
248876,34,25.9,368,107,"2021-10-17 12:08:48",A203,9653f952-2137-469f-a020-618fd5744ff7
248892,31,25.2,223,93,"2021-10-17 12:26:59",A202,9653f952-2137-469f-a020-618fd5744ff7
248894,29,24.2,269,100,"2021-10-17 12:27:49",A201,9653f952-2137-469f-a020-618fd5744ff7
248905,34,25.6,364,107,"2021-10-17 12:39:00",A203,9653f952-2137-469f-a020-618fd5744ff7
248921,31,24.9,222,86,"2021-10-17 12:57:25",A202,9653f952-2137-469f-a020-618fd5744ff7
248924,29,24.2,264,93,"2021-10-17 13:00:03",A201,9653f952-2137-469f-a020-618fd5744ff7
248934,34,25.4,368,107,"2021-10-17 13:10:56",A203,9653f952-2137-469f-a020-618fd5744ff7
248948,31,24.7,220,86,"2021-10-17 13:27:52",A202,9653f952-2137-469f-a020-618fd5744ff7
248952,29,24.2,264,86,"2021-10-17 13:30:27",A201,9653f952-2137-469f-a020-618fd5744ff7
248962,34,25.1,367,107,"2021-10-17 13:41:18",A203,9653f952-2137-469f-a020-618fd5744ff7
248977,31,24.5,218,93,"2021-10-17 13:58:20",A202,9653f952-2137-469f-a020-618fd5744ff7
248981,29,24.2,265,93,"2021-10-17 14:00:53",A201,9653f952-2137-469f-a020-618fd5744ff7
248989,34,25,359,107,"2021-10-17 14:11:42",A203,9653f952-2137-469f-a020-618fd5744ff7
249004,31,24.4,217,86,"2021-10-17 14:28:47",A202,9653f952-2137-469f-a020-618fd5744ff7
249008,29,24.2,263,86,"2021-10-17 14:31:16",A201,9653f952-2137-469f-a020-618fd5744ff7
249016,34,24.8,365,107,"2021-10-17 14:42:05",A203,9653f952-2137-469f-a020-618fd5744ff7
249032,31,24.3,216,86,"2021-10-17 14:59:15",A202,9653f952-2137-469f-a020-618fd5744ff7
249036,29,24.1,258,86,"2021-10-17 15:01:40",A201,9653f952-2137-469f-a020-618fd5744ff7
249045,34,24.7,366,107,"2021-10-17 15:12:29",A203,9653f952-2137-469f-a020-618fd5744ff7
249061,31,24.1,217,86,"2021-10-17 15:29:43",A202,9653f952-2137-469f-a020-618fd5744ff7
249065,29,24.1,257,86,"2021-10-17 15:32:02",A201,9653f952-2137-469f-a020-618fd5744ff7
249074,34,24.6,365,107,"2021-10-17 15:42:51",A203,9653f952-2137-469f-a020-618fd5744ff7
249091,31,24,211,86,"2021-10-17 16:00:13",A202,9653f952-2137-469f-a020-618fd5744ff7
249094,29,24.1,260,86,"2021-10-17 16:02:26",A201,9653f952-2137-469f-a020-618fd5744ff7
249102,34,24.4,365,107,"2021-10-17 16:13:13",A203,9653f952-2137-469f-a020-618fd5744ff7
249118,31,23.9,213,86,"2021-10-17 16:30:35",A202,9653f952-2137-469f-a020-618fd5744ff7
249121,29,24.1,259,86,"2021-10-17 16:32:51",A201,9653f952-2137-469f-a020-618fd5744ff7
249130,34,24.3,364,107,"2021-10-17 16:43:34",A203,9653f952-2137-469f-a020-618fd5744ff7
249147,31,23.7,214,86,"2021-10-17 17:00:59",A202,9653f952-2137-469f-a020-618fd5744ff7
249150,29,24,258,86,"2021-10-17 17:03:12",A201,9653f952-2137-469f-a020-618fd5744ff7
249159,34,24.1,363,107,"2021-10-17 17:13:55",A203,9653f952-2137-469f-a020-618fd5744ff7
249175,31,23.6,213,86,"2021-10-17 17:31:22",A202,9653f952-2137-469f-a020-618fd5744ff7
249178,29,24,259,86,"2021-10-17 17:33:35",A201,9653f952-2137-469f-a020-618fd5744ff7
249187,34,23.9,363,107,"2021-10-17 17:44:15",A203,9653f952-2137-469f-a020-618fd5744ff7
249203,31,23.4,211,86,"2021-10-17 18:01:49",A202,9653f952-2137-469f-a020-618fd5744ff7
249206,29,23.9,257,86,"2021-10-17 18:03:56",A201,9653f952-2137-469f-a020-618fd5744ff7
249230,31,23.2,212,86,"2021-10-17 18:32:12",A202,9653f952-2137-469f-a020-618fd5744ff7
249233,28,23.8,257,86,"2021-10-17 18:34:19",A201,9653f952-2137-469f-a020-618fd5744ff7
249242,34,23.5,362,107,"2021-10-17 18:44:54",A203,9653f952-2137-469f-a020-618fd5744ff7
249259,31,23.1,210,86,"2021-10-17 19:02:36",A202,9653f952-2137-469f-a020-618fd5744ff7
249262,28,23.8,255,86,"2021-10-17 19:04:39",A201,9653f952-2137-469f-a020-618fd5744ff7
249271,33,23.3,361,107,"2021-10-17 19:15:13",A203,9653f952-2137-469f-a020-618fd5744ff7
249287,31,22.9,211,86,"2021-10-17 19:34:04",A202,9653f952-2137-469f-a020-618fd5744ff7
249290,28,23.7,254,86,"2021-10-17 19:35:02",A201,9653f952-2137-469f-a020-618fd5744ff7
249299,33,23.2,359,107,"2021-10-17 19:45:34",A203,9653f952-2137-469f-a020-618fd5744ff7
249315,31,22.8,210,86,"2021-10-17 20:04:29",A202,9653f952-2137-469f-a020-618fd5744ff7
249317,28,23.6,256,86,"2021-10-17 20:05:23",A201,9653f952-2137-469f-a020-618fd5744ff7
249327,33,23,359,107,"2021-10-17 20:15:52",A203,9653f952-2137-469f-a020-618fd5744ff7
249343,31,22.7,208,86,"2021-10-17 20:34:54",A202,9653f952-2137-469f-a020-618fd5744ff7
249345,28,23.54,255,86,"2021-10-17 20:35:46",A201,9653f952-2137-469f-a020-618fd5744ff7
249355,33,22.9,358,107,"2021-10-17 20:46:11",A203,9653f952-2137-469f-a020-618fd5744ff7
249370,31,22.6,207,86,"2021-10-17 21:05:17",A202,9653f952-2137-469f-a020-618fd5744ff7
249372,28,23.5,254,86,"2021-10-17 21:06:06",A201,9653f952-2137-469f-a020-618fd5744ff7
249383,32,22.7,358,107,"2021-10-17 21:16:30",A203,9653f952-2137-469f-a020-618fd5744ff7
249397,31,22.5,210,86,"2021-10-17 21:35:42",A202,9653f952-2137-469f-a020-618fd5744ff7
249400,28,23.4,253,86,"2021-10-17 21:36:27",A201,9653f952-2137-469f-a020-618fd5744ff7
249410,32,22.6,358,107,"2021-10-17 21:46:48",A203,9653f952-2137-469f-a020-618fd5744ff7
249425,31,22.3,210,86,"2021-10-17 22:06:05",A202,9653f952-2137-469f-a020-618fd5744ff7
249428,28,23.3,251,86,"2021-10-17 22:06:48",A201,9653f952-2137-469f-a020-618fd5744ff7
249438,32,22.42,357,107,"2021-10-17 22:17:06",A203,9653f952-2137-469f-a020-618fd5744ff7
249453,31,22.2,209,86,"2021-10-17 22:36:30",A202,9653f952-2137-469f-a020-618fd5744ff7
249457,28,23.3,252,86,"2021-10-17 22:37:10",A201,9653f952-2137-469f-a020-618fd5744ff7
249466,32,22.3,356,114,"2021-10-17 22:47:24",A203,9653f952-2137-469f-a020-618fd5744ff7
249481,31,22.1,208,86,"2021-10-17 23:06:54",A202,9653f952-2137-469f-a020-618fd5744ff7
249485,28,23.2,251,86,"2021-10-17 23:07:30",A201,9653f952-2137-469f-a020-618fd5744ff7
249494,32,22.2,355,114,"2021-10-17 23:17:42",A203,9653f952-2137-469f-a020-618fd5744ff7
249510,31,22,208,86,"2021-10-17 23:37:17",A202,9653f952-2137-469f-a020-618fd5744ff7
249513,28,23.1,252,86,"2021-10-17 23:37:52",A201,9653f952-2137-469f-a020-618fd5744ff7
249522,32,22.1,356,114,"2021-10-17 23:48:00",A203,9653f952-2137-469f-a020-618fd5744ff7
249539,31,21.9,206,86,"2021-10-18 00:07:41",A202,9653f952-2137-469f-a020-618fd5744ff7
249541,28,23,252,86,"2021-10-18 00:08:13",A201,9653f952-2137-469f-a020-618fd5744ff7
249550,32,22,354,114,"2021-10-18 00:18:18",A203,9653f952-2137-469f-a020-618fd5744ff7
249568,31,21.8,203,86,"2021-10-18 00:38:07",A202,9653f952-2137-469f-a020-618fd5744ff7
249569,28,23,251,86,"2021-10-18 00:38:35",A201,9653f952-2137-469f-a020-618fd5744ff7
249578,32,21.9,351,114,"2021-10-18 00:48:36",A203,9653f952-2137-469f-a020-618fd5744ff7
249596,31,21.8,204,86,"2021-10-18 01:08:30",A202,9653f952-2137-469f-a020-618fd5744ff7
249597,28,22.9,249,86,"2021-10-18 01:08:56",A201,9653f952-2137-469f-a020-618fd5744ff7
249606,32,21.8,349,114,"2021-10-18 01:18:54",A203,9653f952-2137-469f-a020-618fd5744ff7
249624,31,21.7,206,86,"2021-10-18 01:38:55",A202,9653f952-2137-469f-a020-618fd5744ff7
249625,28,22.8,248,86,"2021-10-18 01:39:17",A201,9653f952-2137-469f-a020-618fd5744ff7
249634,32,21.7,350,114,"2021-10-18 01:49:11",A203,9653f952-2137-469f-a020-618fd5744ff7
249651,30,21.6,207,86,"2021-10-18 02:09:19",A202,9653f952-2137-469f-a020-618fd5744ff7
249652,28,22.8,245,86,"2021-10-18 02:09:39",A201,9653f952-2137-469f-a020-618fd5744ff7
249661,31,21.6,349,107,"2021-10-18 02:19:24",A203,9653f952-2137-469f-a020-618fd5744ff7
249677,30,21.5,206,86,"2021-10-18 02:39:43",A202,9653f952-2137-469f-a020-618fd5744ff7
249678,28,22.7,245,86,"2021-10-18 02:39:59",A201,9653f952-2137-469f-a020-618fd5744ff7
249686,31,21.5,354,100,"2021-10-18 02:49:32",A203,9653f952-2137-469f-a020-618fd5744ff7
249703,30,21.5,206,86,"2021-10-18 03:10:06",A202,9653f952-2137-469f-a020-618fd5744ff7
249704,28,22.7,248,86,"2021-10-18 03:10:20",A201,9653f952-2137-469f-a020-618fd5744ff7
249713,31,21.46,354,93,"2021-10-18 03:19:39",A203,9653f952-2137-469f-a020-618fd5744ff7
249729,30,21.4,206,86,"2021-10-18 03:40:31",A202,9653f952-2137-469f-a020-618fd5744ff7
249730,28,22.6,249,86,"2021-10-18 03:40:42",A201,9653f952-2137-469f-a020-618fd5744ff7
249739,31,21.4,354,93,"2021-10-18 03:49:46",A203,9653f952-2137-469f-a020-618fd5744ff7
249755,30,21.3,206,86,"2021-10-18 04:10:53",A202,9653f952-2137-469f-a020-618fd5744ff7
249756,28,22.5,249,86,"2021-10-18 04:11:02",A201,9653f952-2137-469f-a020-618fd5744ff7
249781,30,21.3,205,93,"2021-10-18 04:41:20",A202,9653f952-2137-469f-a020-618fd5744ff7
249782,28,22.5,248,93,"2021-10-18 04:41:25",A201,9653f952-2137-469f-a020-618fd5744ff7
249791,32,21.2,349,107,"2021-10-18 04:50:08",A203,9653f952-2137-469f-a020-618fd5744ff7
249807,28,22.4,247,93,"2021-10-18 05:11:47",A201,9653f952-2137-469f-a020-618fd5744ff7
249808,30,21.2,201,86,"2021-10-18 05:11:48",A202,9653f952-2137-469f-a020-618fd5744ff7
249817,32,21.2,346,107,"2021-10-18 05:20:27",A203,9653f952-2137-469f-a020-618fd5744ff7
249834,28,22.4,248,93,"2021-10-18 05:42:09",A201,9653f952-2137-469f-a020-618fd5744ff7
249835,30,21.2,201,86,"2021-10-18 05:42:12",A202,9653f952-2137-469f-a020-618fd5744ff7
249844,32,21.2,344,107,"2021-10-18 05:50:47",A203,9653f952-2137-469f-a020-618fd5744ff7
249861,28,22.3,248,93,"2021-10-18 06:12:34",A201,9653f952-2137-469f-a020-618fd5744ff7
249862,30,21.3,198,93,"2021-10-18 06:12:41",A202,9653f952-2137-469f-a020-618fd5744ff7
249871,32,21.3,346,107,"2021-10-18 06:21:08",A203,9653f952-2137-469f-a020-618fd5744ff7
249887,28,22.3,246,93,"2021-10-18 06:42:58",A201,9653f952-2137-469f-a020-618fd5744ff7
249889,30,21.4,202,93,"2021-10-18 06:43:11",A202,9653f952-2137-469f-a020-618fd5744ff7
249898,32,21.5,345,107,"2021-10-18 06:51:31",A203,9653f952-2137-469f-a020-618fd5744ff7
249915,28,22.3,246,93,"2021-10-18 07:13:21",A201,9653f952-2137-469f-a020-618fd5744ff7
249916,30,21.6,201,93,"2021-10-18 07:13:41",A202,9653f952-2137-469f-a020-618fd5744ff7
249925,32,21.7,345,107,"2021-10-18 07:21:54",A203,9653f952-2137-469f-a020-618fd5744ff7
249942,28,22.3,247,93,"2021-10-18 07:43:47",A201,9653f952-2137-469f-a020-618fd5744ff7
249943,30,21.8,203,93,"2021-10-18 07:44:12",A202,9653f952-2137-469f-a020-618fd5744ff7
249951,32,22,345,107,"2021-10-18 07:52:20",A203,9653f952-2137-469f-a020-618fd5744ff7
249969,28,22.4,246,100,"2021-10-18 08:14:13",A201,9653f952-2137-469f-a020-618fd5744ff7
249970,30,22.08,203,93,"2021-10-18 08:14:52",A202,9653f952-2137-469f-a020-618fd5744ff7
249980,31,22.4,336,100,"2021-10-18 08:22:50",A203,9653f952-2137-469f-a020-618fd5744ff7
249998,28,22.5,246,100,"2021-10-18 08:44:46",A201,9653f952-2137-469f-a020-618fd5744ff7
249999,30,22.4,203,100,"2021-10-18 08:45:28",A202,9653f952-2137-469f-a020-618fd5744ff7
250007,31,23,341,100,"2021-10-18 08:53:21",A203,9653f952-2137-469f-a020-618fd5744ff7
250026,28,22.6,246,100,"2021-10-18 09:15:25",A201,9653f952-2137-469f-a020-618fd5744ff7
250027,31,22.8,199,100,"2021-10-18 09:16:07",A202,9653f952-2137-469f-a020-618fd5744ff7
250034,31,23.6,338,100,"2021-10-18 09:23:53",A203,9653f952-2137-469f-a020-618fd5744ff7
250054,28,22.8,246,100,"2021-10-18 09:45:43",A201,9653f952-2137-469f-a020-618fd5744ff7
250055,30,23.4,199,100,"2021-10-18 09:46:45",A202,9653f952-2137-469f-a020-618fd5744ff7
250063,31,24.2,337,100,"2021-10-18 09:54:25",A203,9653f952-2137-469f-a020-618fd5744ff7
250085,28,23,247,100,"2021-10-18 10:16:10",A201,9653f952-2137-469f-a020-618fd5744ff7
250086,30,24.2,200,100,"2021-10-18 10:17:23",A202,9653f952-2137-469f-a020-618fd5744ff7
250093,31,24.8,334,100,"2021-10-18 10:24:57",A203,9653f952-2137-469f-a020-618fd5744ff7
250115,28,23.3,245,100,"2021-10-18 10:46:39",A201,9653f952-2137-469f-a020-618fd5744ff7
250116,30,25,200,100,"2021-10-18 10:48:03",A202,9653f952-2137-469f-a020-618fd5744ff7
250124,31,25.4,335,100,"2021-10-18 10:55:28",A203,9653f952-2137-469f-a020-618fd5744ff7
250146,28,23.6,245,100,"2021-10-18 11:17:08",A201,9653f952-2137-469f-a020-618fd5744ff7
250147,30,25.5,200,100,"2021-10-18 11:18:41",A202,9653f952-2137-469f-a020-618fd5744ff7
250155,31,25.8,334,100,"2021-10-18 11:26:02",A203,9653f952-2137-469f-a020-618fd5744ff7
250177,28,24,246,100,"2021-10-18 11:47:38",A201,9653f952-2137-469f-a020-618fd5744ff7
250178,30,25.9,198,100,"2021-10-18 11:49:19",A202,9653f952-2137-469f-a020-618fd5744ff7
250186,31,26.1,337,100,"2021-10-18 11:56:36",A203,9653f952-2137-469f-a020-618fd5744ff7
250208,28,24.3,244,100,"2021-10-18 12:18:09",A201,9653f952-2137-469f-a020-618fd5744ff7
250209,30,26.2,199,100,"2021-10-18 12:20:00",A202,9653f952-2137-469f-a020-618fd5744ff7
250216,31,26.4,336,100,"2021-10-18 12:27:10",A203,9653f952-2137-469f-a020-618fd5744ff7
250238,28,24.6,246,100,"2021-10-18 12:48:38",A201,9653f952-2137-469f-a020-618fd5744ff7
250239,30,26.3,201,100,"2021-10-18 12:50:37",A202,9653f952-2137-469f-a020-618fd5744ff7
250246,31,26.6,336,100,"2021-10-18 12:57:43",A203,9653f952-2137-469f-a020-618fd5744ff7
250270,28,24.8,244,100,"2021-10-18 13:19:07",A201,9653f952-2137-469f-a020-618fd5744ff7
250271,30,26.2,201,100,"2021-10-18 13:21:18",A202,9653f952-2137-469f-a020-618fd5744ff7
250278,31,26.7,333,93,"2021-10-18 13:28:20",A203,9653f952-2137-469f-a020-618fd5744ff7
250301,28,25,247,93,"2021-10-18 13:49:39",A201,9653f952-2137-469f-a020-618fd5744ff7
250308,31,26.8,338,100,"2021-10-18 13:58:55",A203,9653f952-2137-469f-a020-618fd5744ff7
250331,28,25.1,245,86,"2021-10-18 14:20:08",A201,9653f952-2137-469f-a020-618fd5744ff7
250332,30,26.1,202,86,"2021-10-18 14:22:40",A202,9653f952-2137-469f-a020-618fd5744ff7
250339,31,26.9,336,100,"2021-10-18 14:29:30",A203,9653f952-2137-469f-a020-618fd5744ff7
250362,28,25.2,245,86,"2021-10-18 14:50:39",A201,9653f952-2137-469f-a020-618fd5744ff7
250364,30,26,201,86,"2021-10-18 14:53:19",A202,9653f952-2137-469f-a020-618fd5744ff7
250370,31,26.8,338,100,"2021-10-18 15:00:03",A203,9653f952-2137-469f-a020-618fd5744ff7
250392,28,25.2,245,86,"2021-10-18 15:21:06",A201,9653f952-2137-469f-a020-618fd5744ff7
250394,30,25.8,202,86,"2021-10-18 15:23:55",A202,9653f952-2137-469f-a020-618fd5744ff7
250400,31,26.7,338,107,"2021-10-18 15:30:34",A203,9653f952-2137-469f-a020-618fd5744ff7
250423,28,25.3,244,86,"2021-10-18 15:51:34",A201,9653f952-2137-469f-a020-618fd5744ff7
250425,30,25.6,201,86,"2021-10-18 15:54:28",A202,9653f952-2137-469f-a020-618fd5744ff7
250431,31,26.5,339,107,"2021-10-18 16:01:02",A203,9653f952-2137-469f-a020-618fd5744ff7
250454,28,25.2,245,86,"2021-10-18 16:21:57",A201,9653f952-2137-469f-a020-618fd5744ff7
250456,30,25.4,202,86,"2021-10-18 16:24:58",A202,9653f952-2137-469f-a020-618fd5744ff7
250462,31,26.2,337,107,"2021-10-18 16:31:28",A203,9653f952-2137-469f-a020-618fd5744ff7
250486,28,25.2,245,86,"2021-10-18 16:52:23",A201,9653f952-2137-469f-a020-618fd5744ff7
250488,30,25.1,200,86,"2021-10-18 16:55:28",A202,9653f952-2137-469f-a020-618fd5744ff7
250492,31,25.9,339,107,"2021-10-18 17:01:53",A203,9653f952-2137-469f-a020-618fd5744ff7
250515,28,25.1,245,86,"2021-10-18 17:22:46",A201,9653f952-2137-469f-a020-618fd5744ff7
250517,30,24.9,203,86,"2021-10-18 17:25:55",A202,9653f952-2137-469f-a020-618fd5744ff7
250523,31,25.7,339,107,"2021-10-18 17:32:17",A203,9653f952-2137-469f-a020-618fd5744ff7
250545,27,25.1,244,86,"2021-10-18 17:53:12",A201,9653f952-2137-469f-a020-618fd5744ff7
250548,30,24.7,202,86,"2021-10-18 17:56:25",A202,9653f952-2137-469f-a020-618fd5744ff7
250554,31,25.4,339,107,"2021-10-18 18:02:41",A203,9653f952-2137-469f-a020-618fd5744ff7
250574,27,25,244,86,"2021-10-18 18:23:35",A201,9653f952-2137-469f-a020-618fd5744ff7
250579,30,24.6,202,86,"2021-10-18 18:26:52",A202,9653f952-2137-469f-a020-618fd5744ff7
250584,31,25.2,339,107,"2021-10-18 18:33:04",A203,9653f952-2137-469f-a020-618fd5744ff7
250605,28,24.9,244,86,"2021-10-18 18:53:58",A201,9653f952-2137-469f-a020-618fd5744ff7
250610,30,24.4,201,86,"2021-10-18 18:57:21",A202,9653f952-2137-469f-a020-618fd5744ff7
250615,31,25,340,107,"2021-10-18 19:03:27",A203,9653f952-2137-469f-a020-618fd5744ff7
250636,27,24.9,243,86,"2021-10-18 19:24:22",A201,9653f952-2137-469f-a020-618fd5744ff7
250641,30,24.2,199,86,"2021-10-18 19:27:48",A202,9653f952-2137-469f-a020-618fd5744ff7
250646,31,24.8,337,107,"2021-10-18 19:33:49",A203,9653f952-2137-469f-a020-618fd5744ff7
250666,27,24.8,243,86,"2021-10-18 19:54:45",A201,9653f952-2137-469f-a020-618fd5744ff7
250671,30,24.1,203,86,"2021-10-18 19:58:17",A202,9653f952-2137-469f-a020-618fd5744ff7
250695,27,24.7,244,86,"2021-10-18 20:25:11",A201,9653f952-2137-469f-a020-618fd5744ff7
250700,30,23.9,201,86,"2021-10-18 20:28:41",A202,9653f952-2137-469f-a020-618fd5744ff7
250704,31,24.4,334,107,"2021-10-18 20:34:33",A203,9653f952-2137-469f-a020-618fd5744ff7
250722,27,24.6,239,86,"2021-10-18 20:55:31",A201,9653f952-2137-469f-a020-618fd5744ff7
250728,30,23.8,202,86,"2021-10-18 20:59:07",A202,9653f952-2137-469f-a020-618fd5744ff7
250733,31,24.2,339,107,"2021-10-18 21:04:51",A203,9653f952-2137-469f-a020-618fd5744ff7
250753,27,24.5,240,86,"2021-10-18 21:25:53",A201,9653f952-2137-469f-a020-618fd5744ff7
250759,30,23.6,202,86,"2021-10-18 21:29:33",A202,9653f952-2137-469f-a020-618fd5744ff7
250764,31,24,337,107,"2021-10-18 21:35:11",A203,9653f952-2137-469f-a020-618fd5744ff7
250783,27,24.5,240,86,"2021-10-18 21:56:16",A201,9653f952-2137-469f-a020-618fd5744ff7
250790,30,23.5,202,86,"2021-10-18 21:59:59",A202,9653f952-2137-469f-a020-618fd5744ff7
250794,31,23.8,338,107,"2021-10-18 22:05:31",A203,9653f952-2137-469f-a020-618fd5744ff7
250812,27,24.4,242,86,"2021-10-18 22:26:37",A201,9653f952-2137-469f-a020-618fd5744ff7
250818,30,23.3,200,86,"2021-10-18 22:30:23",A202,9653f952-2137-469f-a020-618fd5744ff7
250823,31,23.7,336,107,"2021-10-18 22:35:50",A203,9653f952-2137-469f-a020-618fd5744ff7
250843,27,24.3,243,86,"2021-10-18 22:57:00",A201,9653f952-2137-469f-a020-618fd5744ff7
250850,30,23.2,198,86,"2021-10-18 23:00:50",A202,9653f952-2137-469f-a020-618fd5744ff7
250854,31,23.5,338,107,"2021-10-18 23:06:09",A203,9653f952-2137-469f-a020-618fd5744ff7
250873,27,24.2,241,86,"2021-10-18 23:27:21",A201,9653f952-2137-469f-a020-618fd5744ff7
250880,30,23.1,200,86,"2021-10-18 23:31:13",A202,9653f952-2137-469f-a020-618fd5744ff7
250884,31,23.3,337,114,"2021-10-18 23:36:27",A203,9653f952-2137-469f-a020-618fd5744ff7
250903,27,24.1,242,86,"2021-10-18 23:57:43",A201,9653f952-2137-469f-a020-618fd5744ff7
250910,30,22.9,201,86,"2021-10-19 00:01:37",A202,9653f952-2137-469f-a020-618fd5744ff7
250914,31,23.2,336,114,"2021-10-19 00:06:46",A203,9653f952-2137-469f-a020-618fd5744ff7
250934,27,24,241,86,"2021-10-19 00:28:04",A201,9653f952-2137-469f-a020-618fd5744ff7
250941,30,22.8,201,86,"2021-10-19 00:32:01",A202,9653f952-2137-469f-a020-618fd5744ff7
250945,30,23,338,121,"2021-10-19 00:37:03",A203,9653f952-2137-469f-a020-618fd5744ff7
250965,27,23.9,238,86,"2021-10-19 00:58:26",A201,9653f952-2137-469f-a020-618fd5744ff7
250972,30,22.7,201,86,"2021-10-19 01:02:26",A202,9653f952-2137-469f-a020-618fd5744ff7
250976,30,22.9,337,100,"2021-10-19 01:07:13",A203,9653f952-2137-469f-a020-618fd5744ff7
250995,27,23.8,239,86,"2021-10-19 01:28:47",A201,9653f952-2137-469f-a020-618fd5744ff7
251002,30,22.6,201,86,"2021-10-19 01:32:50",A202,9653f952-2137-469f-a020-618fd5744ff7
251006,30,22.8,338,93,"2021-10-19 01:37:21",A203,9653f952-2137-469f-a020-618fd5744ff7
251025,27,23.8,240,86,"2021-10-19 01:59:09",A201,9653f952-2137-469f-a020-618fd5744ff7
251032,30,22.42,201,86,"2021-10-19 02:03:13",A202,9653f952-2137-469f-a020-618fd5744ff7
251036,30,22.62,339,93,"2021-10-19 02:07:28",A203,9653f952-2137-469f-a020-618fd5744ff7
251055,27,23.7,240,86,"2021-10-19 02:29:30",A201,9653f952-2137-469f-a020-618fd5744ff7
251062,30,22.3,201,86,"2021-10-19 02:33:37",A202,9653f952-2137-469f-a020-618fd5744ff7
251066,30,22.5,339,93,"2021-10-19 02:37:36",A203,9653f952-2137-469f-a020-618fd5744ff7
251085,27,23.6,240,86,"2021-10-19 02:59:51",A201,9653f952-2137-469f-a020-618fd5744ff7
251092,30,22.2,197,86,"2021-10-19 03:04:01",A202,9653f952-2137-469f-a020-618fd5744ff7
251096,30,22.4,339,93,"2021-10-19 03:07:42",A203,9653f952-2137-469f-a020-618fd5744ff7
251116,27,23.5,238,86,"2021-10-19 03:30:12",A201,9653f952-2137-469f-a020-618fd5744ff7
251123,30,22.1,197,86,"2021-10-19 03:34:24",A202,9653f952-2137-469f-a020-618fd5744ff7
251127,30,22.3,339,93,"2021-10-19 03:37:48",A203,9653f952-2137-469f-a020-618fd5744ff7
251147,27,23.4,237,86,"2021-10-19 04:00:34",A201,9653f952-2137-469f-a020-618fd5744ff7
251154,30,22,196,86,"2021-10-19 04:04:46",A202,9653f952-2137-469f-a020-618fd5744ff7
251158,30,22.2,338,93,"2021-10-19 04:07:54",A203,9653f952-2137-469f-a020-618fd5744ff7
251177,27,23.3,233,86,"2021-10-19 04:30:55",A201,9653f952-2137-469f-a020-618fd5744ff7
251184,30,21.9,197,86,"2021-10-19 04:35:11",A202,9653f952-2137-469f-a020-618fd5744ff7
251188,30,22.1,335,100,"2021-10-19 04:38:03",A203,9653f952-2137-469f-a020-618fd5744ff7
251208,27,23.3,238,93,"2021-10-19 05:01:16",A201,9653f952-2137-469f-a020-618fd5744ff7
251214,30,21.9,200,93,"2021-10-19 05:05:39",A202,9653f952-2137-469f-a020-618fd5744ff7
251218,30,22,333,100,"2021-10-19 05:08:15",A203,9653f952-2137-469f-a020-618fd5744ff7
251238,27,23.2,238,93,"2021-10-19 05:31:40",A201,9653f952-2137-469f-a020-618fd5744ff7
251245,30,21.9,199,93,"2021-10-19 05:36:04",A202,9653f952-2137-469f-a020-618fd5744ff7
251249,30,22,332,100,"2021-10-19 05:38:29",A203,9653f952-2137-469f-a020-618fd5744ff7
251270,27,23.1,237,93,"2021-10-19 06:02:02",A201,9653f952-2137-469f-a020-618fd5744ff7
251277,30,21.9,197,93,"2021-10-19 06:06:31",A202,9653f952-2137-469f-a020-618fd5744ff7
251281,30,22.1,331,107,"2021-10-19 06:08:47",A203,9653f952-2137-469f-a020-618fd5744ff7
251301,27,23.1,238,93,"2021-10-19 06:32:26",A201,9653f952-2137-469f-a020-618fd5744ff7
251308,30,22,196,93,"2021-10-19 06:37:01",A202,9653f952-2137-469f-a020-618fd5744ff7
251312,30,22.2,328,107,"2021-10-19 06:39:10",A203,9653f952-2137-469f-a020-618fd5744ff7
251332,27,23.1,237,93,"2021-10-19 07:02:52",A201,9653f952-2137-469f-a020-618fd5744ff7
251339,30,22.2,197,93,"2021-10-19 07:07:34",A202,9653f952-2137-469f-a020-618fd5744ff7
251343,30,22.4,332,107,"2021-10-19 07:09:36",A203,9653f952-2137-469f-a020-618fd5744ff7
251363,27,23.1,238,100,"2021-10-19 07:33:19",A201,9653f952-2137-469f-a020-618fd5744ff7
251370,30,22.5,192,93,"2021-10-19 07:38:11",A202,9653f952-2137-469f-a020-618fd5744ff7
251374,30,22.8,331,100,"2021-10-19 07:40:05",A203,9653f952-2137-469f-a020-618fd5744ff7
251394,27,23.2,238,100,"2021-10-19 08:03:48",A201,9653f952-2137-469f-a020-618fd5744ff7
251401,30,22.9,196,100,"2021-10-19 08:08:50",A202,9653f952-2137-469f-a020-618fd5744ff7
251406,30,23.4,329,100,"2021-10-19 08:10:36",A203,9653f952-2137-469f-a020-618fd5744ff7
251426,27,23.3,237,100,"2021-10-19 08:34:17",A201,9653f952-2137-469f-a020-618fd5744ff7
251433,30,23.3,197,100,"2021-10-19 08:39:31",A202,9653f952-2137-469f-a020-618fd5744ff7
251437,30,23.9,325,100,"2021-10-19 08:41:09",A203,9653f952-2137-469f-a020-618fd5744ff7
251456,27,23.4,237,100,"2021-10-19 09:04:47",A201,9653f952-2137-469f-a020-618fd5744ff7
251463,29,23.7,197,100,"2021-10-19 09:10:06",A202,9653f952-2137-469f-a020-618fd5744ff7
251467,30,24.5,325,107,"2021-10-19 09:11:38",A203,9653f952-2137-469f-a020-618fd5744ff7
251486,27,23.6,234,100,"2021-10-19 09:35:13",A201,9653f952-2137-469f-a020-618fd5744ff7
251493,29,24.1,192,100,"2021-10-19 09:40:39",A202,9653f952-2137-469f-a020-618fd5744ff7
251497,30,25,327,107,"2021-10-19 09:42:03",A203,9653f952-2137-469f-a020-618fd5744ff7
251521,29,24.3,196,100,"2021-10-19 10:11:13",A202,9653f952-2137-469f-a020-618fd5744ff7
251524,30,25.22,320,107,"2021-10-19 10:12:30",A203,9653f952-2137-469f-a020-618fd5744ff7
251543,27,24,237,100,"2021-10-19 10:36:06",A201,9653f952-2137-469f-a020-618fd5744ff7
251550,29,24.4,197,100,"2021-10-19 10:41:48",A202,9653f952-2137-469f-a020-618fd5744ff7
251553,30,25.4,324,107,"2021-10-19 10:42:57",A203,9653f952-2137-469f-a020-618fd5744ff7
251572,27,24.1,237,100,"2021-10-19 11:06:36",A201,9653f952-2137-469f-a020-618fd5744ff7
251577,29,24.6,197,100,"2021-10-19 11:12:24",A202,9653f952-2137-469f-a020-618fd5744ff7
251580,30,25.5,325,107,"2021-10-19 11:13:26",A203,9653f952-2137-469f-a020-618fd5744ff7
251602,27,24.2,237,100,"2021-10-19 11:37:02",A201,9653f952-2137-469f-a020-618fd5744ff7
251609,29,24.9,197,100,"2021-10-19 11:42:59",A202,9653f952-2137-469f-a020-618fd5744ff7
251613,30,25.7,327,107,"2021-10-19 11:43:53",A203,9653f952-2137-469f-a020-618fd5744ff7
251635,27,24.4,236,100,"2021-10-19 12:07:28",A201,9653f952-2137-469f-a020-618fd5744ff7
251642,29,25.3,197,100,"2021-10-19 12:13:35",A202,9653f952-2137-469f-a020-618fd5744ff7
251644,30,26.1,327,107,"2021-10-19 12:14:20",A203,9653f952-2137-469f-a020-618fd5744ff7
251664,27,24.5,236,100,"2021-10-19 12:37:54",A201,9653f952-2137-469f-a020-618fd5744ff7
251671,29,25.4,194,100,"2021-10-19 12:44:09",A202,9653f952-2137-469f-a020-618fd5744ff7
251674,30,26.3,323,100,"2021-10-19 12:44:49",A203,9653f952-2137-469f-a020-618fd5744ff7
251695,27,24.7,234,100,"2021-10-19 13:08:22",A201,9653f952-2137-469f-a020-618fd5744ff7
251702,29,25.5,196,100,"2021-10-19 13:14:48",A202,9653f952-2137-469f-a020-618fd5744ff7
251705,30,26.5,328,100,"2021-10-19 13:15:21",A203,9653f952-2137-469f-a020-618fd5744ff7
251726,27,24.8,234,93,"2021-10-19 13:38:52",A201,9653f952-2137-469f-a020-618fd5744ff7
251734,29,25.5,194,100,"2021-10-19 13:45:25",A202,9653f952-2137-469f-a020-618fd5744ff7
251736,30,26.8,324,100,"2021-10-19 13:45:53",A203,9653f952-2137-469f-a020-618fd5744ff7
251759,27,24.9,234,93,"2021-10-19 14:09:18",A201,9653f952-2137-469f-a020-618fd5744ff7
251767,29,25.5,196,93,"2021-10-19 14:16:01",A202,9653f952-2137-469f-a020-618fd5744ff7
251769,30,27.1,325,100,"2021-10-19 14:16:24",A203,9653f952-2137-469f-a020-618fd5744ff7
251792,27,25,234,86,"2021-10-19 14:39:48",A201,9653f952-2137-469f-a020-618fd5744ff7
251800,29,25.4,195,86,"2021-10-19 14:46:38",A202,9653f952-2137-469f-a020-618fd5744ff7
251802,30,27.2,322,100,"2021-10-19 14:46:57",A203,9653f952-2137-469f-a020-618fd5744ff7
251824,27,25.1,235,86,"2021-10-19 15:10:14",A201,9653f952-2137-469f-a020-618fd5744ff7
251832,29,25.3,195,86,"2021-10-19 15:17:12",A202,9653f952-2137-469f-a020-618fd5744ff7
251833,30,27.1,326,107,"2021-10-19 15:17:24",A203,9653f952-2137-469f-a020-618fd5744ff7
251857,27,25.1,236,86,"2021-10-19 15:42:34",A201,9653f952-2137-469f-a020-618fd5744ff7
251862,29,25.2,198,86,"2021-10-19 15:47:47",A202,9653f952-2137-469f-a020-618fd5744ff7
251866,30,27,327,107,"2021-10-19 15:49:24",A203,9653f952-2137-469f-a020-618fd5744ff7
251887,27,25.1,234,86,"2021-10-19 16:12:54",A201,9653f952-2137-469f-a020-618fd5744ff7
251894,29,25,196,86,"2021-10-19 16:18:13",A202,9653f952-2137-469f-a020-618fd5744ff7
251898,30,26.7,327,107,"2021-10-19 16:19:45",A203,9653f952-2137-469f-a020-618fd5744ff7
251920,27,25,233,86,"2021-10-19 16:43:16",A201,9653f952-2137-469f-a020-618fd5744ff7
251927,29,24.8,198,86,"2021-10-19 16:48:42",A202,9653f952-2137-469f-a020-618fd5744ff7
251931,30,26.4,329,107,"2021-10-19 16:50:03",A203,9653f952-2137-469f-a020-618fd5744ff7
251953,27,25,233,86,"2021-10-19 17:13:36",A201,9653f952-2137-469f-a020-618fd5744ff7
251960,29,24.7,198,86,"2021-10-19 17:19:10",A202,9653f952-2137-469f-a020-618fd5744ff7
251964,30,26.1,331,107,"2021-10-19 17:20:21",A203,9653f952-2137-469f-a020-618fd5744ff7
251986,27,24.9,234,86,"2021-10-19 17:43:57",A201,9653f952-2137-469f-a020-618fd5744ff7
251993,29,24.5,198,86,"2021-10-19 17:49:37",A202,9653f952-2137-469f-a020-618fd5744ff7
251997,30,25.9,328,107,"2021-10-19 17:50:39",A203,9653f952-2137-469f-a020-618fd5744ff7
252019,27,24.9,233,86,"2021-10-19 18:14:18",A201,9653f952-2137-469f-a020-618fd5744ff7
252026,29,24.3,198,86,"2021-10-19 18:20:14",A202,9653f952-2137-469f-a020-618fd5744ff7
252030,30,25.6,331,107,"2021-10-19 18:20:57",A203,9653f952-2137-469f-a020-618fd5744ff7
252052,27,24.8,233,86,"2021-10-19 18:44:39",A201,9653f952-2137-469f-a020-618fd5744ff7
252059,29,24.2,196,86,"2021-10-19 18:50:33",A202,9653f952-2137-469f-a020-618fd5744ff7
252063,30,25.4,330,107,"2021-10-19 18:51:15",A203,9653f952-2137-469f-a020-618fd5744ff7
252084,27,24.7,234,86,"2021-10-19 19:14:59",A201,9653f952-2137-469f-a020-618fd5744ff7
252092,29,24,198,86,"2021-10-19 19:21:01",A202,9653f952-2137-469f-a020-618fd5744ff7
252094,30,25.2,327,107,"2021-10-19 19:21:33",A203,9653f952-2137-469f-a020-618fd5744ff7
252117,27,24.7,235,86,"2021-10-19 19:45:20",A201,9653f952-2137-469f-a020-618fd5744ff7
252124,29,23.9,196,86,"2021-10-19 19:51:29",A202,9653f952-2137-469f-a020-618fd5744ff7
252126,30,25,331,107,"2021-10-19 19:51:50",A203,9653f952-2137-469f-a020-618fd5744ff7
252150,27,24.6,234,86,"2021-10-19 20:15:40",A201,9653f952-2137-469f-a020-618fd5744ff7
252157,29,23.8,195,86,"2021-10-19 20:21:54",A202,9653f952-2137-469f-a020-618fd5744ff7
252181,27,24.5,234,86,"2021-10-19 20:46:00",A201,9653f952-2137-469f-a020-618fd5744ff7
252189,29,23.7,197,86,"2021-10-19 20:52:21",A202,9653f952-2137-469f-a020-618fd5744ff7
252190,30,24.7,331,107,"2021-10-19 20:52:22",A203,9653f952-2137-469f-a020-618fd5744ff7
252212,27,24.5,233,86,"2021-10-19 21:16:21",A201,9653f952-2137-469f-a020-618fd5744ff7
252220,30,24.5,331,107,"2021-10-19 21:22:38",A203,9653f952-2137-469f-a020-618fd5744ff7
252221,29,23.6,198,86,"2021-10-19 21:22:47",A202,9653f952-2137-469f-a020-618fd5744ff7
252244,27,24.4,229,86,"2021-10-19 21:46:39",A201,9653f952-2137-469f-a020-618fd5744ff7
252252,30,24.3,331,107,"2021-10-19 21:52:54",A203,9653f952-2137-469f-a020-618fd5744ff7
252253,29,23.48,198,86,"2021-10-19 21:53:14",A202,9653f952-2137-469f-a020-618fd5744ff7
252276,27,24.3,231,86,"2021-10-19 22:16:59",A201,9653f952-2137-469f-a020-618fd5744ff7
252283,30,24.2,331,107,"2021-10-19 22:23:09",A203,9653f952-2137-469f-a020-618fd5744ff7
252288,29,23.3,198,86,"2021-10-19 22:24:45",A202,9653f952-2137-469f-a020-618fd5744ff7
252307,27,24.2,231,86,"2021-10-19 22:47:17",A201,9653f952-2137-469f-a020-618fd5744ff7
252313,30,24,331,107,"2021-10-19 22:53:23",A203,9653f952-2137-469f-a020-618fd5744ff7
252319,29,23.2,197,86,"2021-10-19 22:55:07",A202,9653f952-2137-469f-a020-618fd5744ff7
252337,27,24.1,232,86,"2021-10-19 23:17:37",A201,9653f952-2137-469f-a020-618fd5744ff7
252342,30,23.9,329,114,"2021-10-19 23:23:37",A203,9653f952-2137-469f-a020-618fd5744ff7
252349,29,23.1,197,86,"2021-10-19 23:25:31",A202,9653f952-2137-469f-a020-618fd5744ff7
252368,27,24.1,233,86,"2021-10-19 23:47:55",A201,9653f952-2137-469f-a020-618fd5744ff7
252374,30,23.7,330,114,"2021-10-19 23:53:50",A203,9653f952-2137-469f-a020-618fd5744ff7
252380,29,22.9,197,86,"2021-10-19 23:55:55",A202,9653f952-2137-469f-a020-618fd5744ff7
252400,27,24,234,86,"2021-10-20 00:18:14",A201,9653f952-2137-469f-a020-618fd5744ff7
252405,30,23.5,330,114,"2021-10-20 00:24:03",A203,9653f952-2137-469f-a020-618fd5744ff7
252411,29,22.8,195,86,"2021-10-20 00:26:19",A202,9653f952-2137-469f-a020-618fd5744ff7
252431,27,23.9,234,86,"2021-10-20 00:48:33",A201,9653f952-2137-469f-a020-618fd5744ff7
252437,29,23.4,329,114,"2021-10-20 00:54:15",A203,9653f952-2137-469f-a020-618fd5744ff7
252443,29,22.7,193,86,"2021-10-20 00:56:44",A202,9653f952-2137-469f-a020-618fd5744ff7
252463,27,23.8,233,86,"2021-10-20 01:18:52",A201,9653f952-2137-469f-a020-618fd5744ff7
252469,29,23.2,330,100,"2021-10-20 01:24:21",A203,9653f952-2137-469f-a020-618fd5744ff7
252475,29,22.6,192,86,"2021-10-20 01:27:08",A202,9653f952-2137-469f-a020-618fd5744ff7
252495,27,23.7,232,86,"2021-10-20 01:49:09",A201,9653f952-2137-469f-a020-618fd5744ff7
252501,29,23.1,330,100,"2021-10-20 01:54:24",A203,9653f952-2137-469f-a020-618fd5744ff7
252507,29,22.42,195,86,"2021-10-20 01:57:32",A202,9653f952-2137-469f-a020-618fd5744ff7
252526,27,23.6,229,86,"2021-10-20 02:19:29",A201,9653f952-2137-469f-a020-618fd5744ff7
252532,29,22.9,331,93,"2021-10-20 02:24:26",A203,9653f952-2137-469f-a020-618fd5744ff7
252538,29,22.3,198,86,"2021-10-20 02:27:54",A202,9653f952-2137-469f-a020-618fd5744ff7
252556,27,23.6,230,86,"2021-10-20 02:49:47",A201,9653f952-2137-469f-a020-618fd5744ff7
252562,29,22.8,332,93,"2021-10-20 02:54:28",A203,9653f952-2137-469f-a020-618fd5744ff7
252568,29,22.2,198,86,"2021-10-20 02:58:20",A202,9653f952-2137-469f-a020-618fd5744ff7
252586,27,23.5,231,86,"2021-10-20 03:20:05",A201,9653f952-2137-469f-a020-618fd5744ff7
252592,29,22.7,333,93,"2021-10-20 03:24:29",A203,9653f952-2137-469f-a020-618fd5744ff7
252598,29,22.1,197,86,"2021-10-20 03:28:41",A202,9653f952-2137-469f-a020-618fd5744ff7
252616,27,23.4,232,86,"2021-10-20 03:50:22",A201,9653f952-2137-469f-a020-618fd5744ff7
252622,29,22.6,332,93,"2021-10-20 03:54:31",A203,9653f952-2137-469f-a020-618fd5744ff7
252629,29,22,197,86,"2021-10-20 03:59:03",A202,9653f952-2137-469f-a020-618fd5744ff7
252646,27,23.3,232,86,"2021-10-20 04:20:41",A201,9653f952-2137-469f-a020-618fd5744ff7
252651,29,22.5,330,93,"2021-10-20 04:24:33",A203,9653f952-2137-469f-a020-618fd5744ff7
252659,29,21.9,197,86,"2021-10-20 04:29:27",A202,9653f952-2137-469f-a020-618fd5744ff7
252677,27,23.2,233,86,"2021-10-20 04:51:00",A201,9653f952-2137-469f-a020-618fd5744ff7
252682,29,22.4,329,100,"2021-10-20 04:54:37",A203,9653f952-2137-469f-a020-618fd5744ff7
252690,29,21.9,196,86,"2021-10-20 04:59:52",A202,9653f952-2137-469f-a020-618fd5744ff7
252708,27,23.2,231,86,"2021-10-20 05:21:19",A201,9653f952-2137-469f-a020-618fd5744ff7
252711,29,22.3,329,100,"2021-10-20 05:24:42",A203,9653f952-2137-469f-a020-618fd5744ff7
252719,29,21.9,194,86,"2021-10-20 05:30:22",A202,9653f952-2137-469f-a020-618fd5744ff7
252737,27,23.1,231,93,"2021-10-20 05:51:39",A201,9653f952-2137-469f-a020-618fd5744ff7
252740,30,22.3,328,107,"2021-10-20 05:54:52",A203,9653f952-2137-469f-a020-618fd5744ff7
252749,29,21.9,194,93,"2021-10-20 06:00:45",A202,9653f952-2137-469f-a020-618fd5744ff7
252768,27,23.1,230,93,"2021-10-20 06:21:59",A201,9653f952-2137-469f-a020-618fd5744ff7
252771,30,22.4,320,107,"2021-10-20 06:25:09",A203,9653f952-2137-469f-a020-618fd5744ff7
252779,29,22,196,93,"2021-10-20 06:31:15",A202,9653f952-2137-469f-a020-618fd5744ff7
252798,27,23,230,93,"2021-10-20 06:52:23",A201,9653f952-2137-469f-a020-618fd5744ff7
252802,30,22.6,321,107,"2021-10-20 06:55:30",A203,9653f952-2137-469f-a020-618fd5744ff7
252811,29,22.1,196,93,"2021-10-20 07:01:48",A202,9653f952-2137-469f-a020-618fd5744ff7
252830,27,23,230,93,"2021-10-20 07:22:45",A201,9653f952-2137-469f-a020-618fd5744ff7
252833,30,22.8,319,107,"2021-10-20 07:25:50",A203,9653f952-2137-469f-a020-618fd5744ff7
252841,29,22.3,196,93,"2021-10-20 07:32:19",A202,9653f952-2137-469f-a020-618fd5744ff7
252860,27,23.1,228,93,"2021-10-20 07:53:07",A201,9653f952-2137-469f-a020-618fd5744ff7
252864,30,23.2,315,107,"2021-10-20 07:56:13",A203,9653f952-2137-469f-a020-618fd5744ff7
252873,29,22.6,194,100,"2021-10-20 08:02:53",A202,9653f952-2137-469f-a020-618fd5744ff7
252892,27,23.1,229,100,"2021-10-20 08:23:32",A201,9653f952-2137-469f-a020-618fd5744ff7
252896,30,23.5,316,100,"2021-10-20 08:26:37",A203,9653f952-2137-469f-a020-618fd5744ff7
252904,29,22.9,194,93,"2021-10-20 08:33:30",A202,9653f952-2137-469f-a020-618fd5744ff7
252921,27,23.2,230,93,"2021-10-20 08:53:59",A201,9653f952-2137-469f-a020-618fd5744ff7
252925,30,24.1,318,107,"2021-10-20 08:57:03",A203,9653f952-2137-469f-a020-618fd5744ff7
252933,29,23.3,190,93,"2021-10-20 09:04:09",A202,9653f952-2137-469f-a020-618fd5744ff7
252951,27,23.4,230,100,"2021-10-20 09:24:23",A201,9653f952-2137-469f-a020-618fd5744ff7
252955,29,24.6,314,107,"2021-10-20 09:27:29",A203,9653f952-2137-469f-a020-618fd5744ff7
252964,29,23.6,190,93,"2021-10-20 09:34:42",A202,9653f952-2137-469f-a020-618fd5744ff7
252982,27,23.5,229,100,"2021-10-20 09:54:48",A201,9653f952-2137-469f-a020-618fd5744ff7
252986,29,25,317,107,"2021-10-20 09:57:50",A203,9653f952-2137-469f-a020-618fd5744ff7
252995,29,23.88,194,100,"2021-10-20 10:05:16",A202,9653f952-2137-469f-a020-618fd5744ff7
253013,27,23.7,229,100,"2021-10-20 10:25:12",A201,9653f952-2137-469f-a020-618fd5744ff7
253016,29,25.3,314,107,"2021-10-20 10:28:13",A203,9653f952-2137-469f-a020-618fd5744ff7
253024,29,24.2,194,100,"2021-10-20 10:35:52",A202,9653f952-2137-469f-a020-618fd5744ff7
253042,27,23.8,229,100,"2021-10-20 10:55:39",A201,9653f952-2137-469f-a020-618fd5744ff7
253046,29,25.7,316,107,"2021-10-20 10:58:36",A203,9653f952-2137-469f-a020-618fd5744ff7
253055,29,24.62,189,100,"2021-10-20 11:06:29",A202,9653f952-2137-469f-a020-618fd5744ff7
253073,27,24,229,93,"2021-10-20 11:26:00",A201,9653f952-2137-469f-a020-618fd5744ff7
253076,29,26,318,107,"2021-10-20 11:28:59",A203,9653f952-2137-469f-a020-618fd5744ff7
253086,29,24.9,193,86,"2021-10-20 11:37:03",A202,9653f952-2137-469f-a020-618fd5744ff7
253104,31,24.3,280,93,"2021-10-20 11:56:22",A201,9653f952-2137-469f-a020-618fd5744ff7
253107,33,26.1,346,107,"2021-10-20 11:59:16",A203,9653f952-2137-469f-a020-618fd5744ff7
253117,31,24.8,215,86,"2021-10-20 12:07:29",A202,9653f952-2137-469f-a020-618fd5744ff7
253135,30,24.4,273,93,"2021-10-20 12:26:43",A201,9653f952-2137-469f-a020-618fd5744ff7
253138,33,25.9,348,107,"2021-10-20 12:29:32",A203,9653f952-2137-469f-a020-618fd5744ff7
253148,31,24.5,218,93,"2021-10-20 12:37:57",A202,9653f952-2137-469f-a020-618fd5744ff7
253167,33,25.5,357,107,"2021-10-20 12:59:48",A203,9653f952-2137-469f-a020-618fd5744ff7
253175,31,24.2,217,86,"2021-10-20 13:08:26",A202,9653f952-2137-469f-a020-618fd5744ff7
253194,31,24.2,291,93,"2021-10-20 13:27:24",A201,9653f952-2137-469f-a020-618fd5744ff7
253197,34,25.2,359,107,"2021-10-20 13:30:04",A203,9653f952-2137-469f-a020-618fd5744ff7
253207,31,24,219,93,"2021-10-20 13:38:52",A202,9653f952-2137-469f-a020-618fd5744ff7
253226,30,24.1,284,93,"2021-10-20 13:57:49",A201,9653f952-2137-469f-a020-618fd5744ff7
253228,34,24.92,359,107,"2021-10-20 14:00:21",A203,9653f952-2137-469f-a020-618fd5744ff7
253239,31,23.9,218,93,"2021-10-20 14:09:22",A202,9653f952-2137-469f-a020-618fd5744ff7
253257,30,24,286,86,"2021-10-20 14:28:04",A201,9653f952-2137-469f-a020-618fd5744ff7
253260,33,24.7,357,107,"2021-10-20 14:30:39",A203,9653f952-2137-469f-a020-618fd5744ff7
253271,31,23.8,212,86,"2021-10-20 14:39:50",A202,9653f952-2137-469f-a020-618fd5744ff7
253289,30,24,283,86,"2021-10-20 14:58:25",A201,9653f952-2137-469f-a020-618fd5744ff7
253292,33,24.6,356,107,"2021-10-20 15:00:57",A203,9653f952-2137-469f-a020-618fd5744ff7
253303,31,23.8,212,86,"2021-10-20 15:10:20",A202,9653f952-2137-469f-a020-618fd5744ff7
253318,30,23.9,274,86,"2021-10-20 15:28:47",A201,9653f952-2137-469f-a020-618fd5744ff7
253320,33,24.5,355,107,"2021-10-20 15:31:14",A203,9653f952-2137-469f-a020-618fd5744ff7
253332,31,23.7,213,86,"2021-10-20 15:40:47",A202,9653f952-2137-469f-a020-618fd5744ff7
253348,30,23.9,281,86,"2021-10-20 15:59:07",A201,9653f952-2137-469f-a020-618fd5744ff7
253350,33,24.4,357,107,"2021-10-20 16:01:32",A203,9653f952-2137-469f-a020-618fd5744ff7
253361,31,23.6,211,86,"2021-10-20 16:11:15",A202,9653f952-2137-469f-a020-618fd5744ff7
253377,30,23.9,280,86,"2021-10-20 16:29:27",A201,9653f952-2137-469f-a020-618fd5744ff7
253379,33,24.3,355,107,"2021-10-20 16:31:49",A203,9653f952-2137-469f-a020-618fd5744ff7
253391,31,23.6,210,86,"2021-10-20 16:41:42",A202,9653f952-2137-469f-a020-618fd5744ff7
253405,29,23.8,279,86,"2021-10-20 16:59:48",A201,9653f952-2137-469f-a020-618fd5744ff7
253407,33,24.1,355,107,"2021-10-20 17:02:05",A203,9653f952-2137-469f-a020-618fd5744ff7
253420,31,23.5,211,86,"2021-10-20 17:12:08",A202,9653f952-2137-469f-a020-618fd5744ff7
253437,29,23.8,271,86,"2021-10-20 17:30:08",A201,9653f952-2137-469f-a020-618fd5744ff7
253439,33,24,353,107,"2021-10-20 17:32:22",A203,9653f952-2137-469f-a020-618fd5744ff7
253451,31,23.4,210,86,"2021-10-20 17:42:36",A202,9653f952-2137-469f-a020-618fd5744ff7
253467,29,23.7,273,86,"2021-10-20 18:00:29",A201,9653f952-2137-469f-a020-618fd5744ff7
253469,33,23.9,354,107,"2021-10-20 18:02:38",A203,9653f952-2137-469f-a020-618fd5744ff7
253481,31,23.3,209,86,"2021-10-20 18:13:04",A202,9653f952-2137-469f-a020-618fd5744ff7
253497,29,23.7,276,86,"2021-10-20 18:30:49",A201,9653f952-2137-469f-a020-618fd5744ff7
253498,33,23.7,351,107,"2021-10-20 18:32:54",A203,9653f952-2137-469f-a020-618fd5744ff7
253513,31,23.2,207,86,"2021-10-20 18:43:31",A202,9653f952-2137-469f-a020-618fd5744ff7
253528,29,23.7,275,86,"2021-10-20 19:01:08",A201,9653f952-2137-469f-a020-618fd5744ff7
253529,33,23.6,351,107,"2021-10-20 19:03:10",A203,9653f952-2137-469f-a020-618fd5744ff7
253558,29,23.6,273,86,"2021-10-20 19:31:28",A201,9653f952-2137-469f-a020-618fd5744ff7
253559,33,23.5,350,107,"2021-10-20 19:33:27",A203,9653f952-2137-469f-a020-618fd5744ff7
253574,31,23.1,207,86,"2021-10-20 19:44:23",A202,9653f952-2137-469f-a020-618fd5744ff7
253589,33,23.4,349,107,"2021-10-20 20:03:42",A203,9653f952-2137-469f-a020-618fd5744ff7
253604,31,23,206,86,"2021-10-20 20:14:54",A202,9653f952-2137-469f-a020-618fd5744ff7
253619,29,23.5,269,86,"2021-10-20 20:32:07",A201,9653f952-2137-469f-a020-618fd5744ff7
253620,33,23.3,349,107,"2021-10-20 20:33:58",A203,9653f952-2137-469f-a020-618fd5744ff7
253636,31,22.9,205,86,"2021-10-20 20:45:16",A202,9653f952-2137-469f-a020-618fd5744ff7
253650,29,23.5,270,86,"2021-10-20 21:02:27",A201,9653f952-2137-469f-a020-618fd5744ff7
253651,33,23.2,349,107,"2021-10-20 21:04:13",A203,9653f952-2137-469f-a020-618fd5744ff7
253667,31,22.8,205,86,"2021-10-20 21:15:42",A202,9653f952-2137-469f-a020-618fd5744ff7
253680,29,23.4,270,86,"2021-10-20 21:32:47",A201,9653f952-2137-469f-a020-618fd5744ff7
253681,32,23.1,349,107,"2021-10-20 21:34:28",A203,9653f952-2137-469f-a020-618fd5744ff7
253697,31,22.7,205,86,"2021-10-20 21:46:07",A202,9653f952-2137-469f-a020-618fd5744ff7
253711,29,23.4,270,86,"2021-10-20 22:03:05",A201,9653f952-2137-469f-a020-618fd5744ff7
253712,32,23,349,107,"2021-10-20 22:04:42",A203,9653f952-2137-469f-a020-618fd5744ff7
253726,31,22.6,203,86,"2021-10-20 22:16:34",A202,9653f952-2137-469f-a020-618fd5744ff7
253735,29,23.3,270,86,"2021-10-20 22:33:34",A201,9653f952-2137-469f-a020-618fd5744ff7
253736,32,22.9,348,107,"2021-10-20 22:34:56",A203,9653f952-2137-469f-a020-618fd5744ff7
253751,31,22.5,202,86,"2021-10-20 22:46:59",A202,9653f952-2137-469f-a020-618fd5744ff7
253760,29,23.3,268,86,"2021-10-20 23:03:44",A201,9653f952-2137-469f-a020-618fd5744ff7
253761,32,22.8,348,107,"2021-10-20 23:05:10",A203,9653f952-2137-469f-a020-618fd5744ff7
253774,31,22.4,202,86,"2021-10-20 23:17:23",A202,9653f952-2137-469f-a020-618fd5744ff7
253783,29,23.2,268,86,"2021-10-20 23:34:03",A201,9653f952-2137-469f-a020-618fd5744ff7
253784,32,22.7,349,114,"2021-10-20 23:35:20",A203,9653f952-2137-469f-a020-618fd5744ff7
253797,31,22.3,203,86,"2021-10-20 23:47:48",A202,9653f952-2137-469f-a020-618fd5744ff7
253805,29,23.2,270,86,"2021-10-21 00:04:21",A201,9653f952-2137-469f-a020-618fd5744ff7
253806,32,22.6,349,100,"2021-10-21 00:05:26",A203,9653f952-2137-469f-a020-618fd5744ff7
253819,31,22.2,204,86,"2021-10-21 00:18:13",A202,9653f952-2137-469f-a020-618fd5744ff7
253828,29,23.1,264,86,"2021-10-21 00:34:40",A201,9653f952-2137-469f-a020-618fd5744ff7
253829,31,22.42,349,100,"2021-10-21 00:35:30",A203,9653f952-2137-469f-a020-618fd5744ff7
253841,31,22.2,203,86,"2021-10-21 00:48:39",A202,9653f952-2137-469f-a020-618fd5744ff7
253850,29,23,264,86,"2021-10-21 01:04:59",A201,9653f952-2137-469f-a020-618fd5744ff7
253851,31,22.4,350,93,"2021-10-21 01:05:34",A203,9653f952-2137-469f-a020-618fd5744ff7
253864,31,22.1,203,86,"2021-10-21 01:19:01",A202,9653f952-2137-469f-a020-618fd5744ff7
253872,29,23,266,86,"2021-10-21 01:35:19",A201,9653f952-2137-469f-a020-618fd5744ff7
253873,31,22.3,349,93,"2021-10-21 01:35:37",A203,9653f952-2137-469f-a020-618fd5744ff7
253886,31,22,203,86,"2021-10-21 01:49:26",A202,9653f952-2137-469f-a020-618fd5744ff7
253895,29,22.9,267,86,"2021-10-21 02:05:37",A201,9653f952-2137-469f-a020-618fd5744ff7
253896,31,22.2,349,93,"2021-10-21 02:05:39",A203,9653f952-2137-469f-a020-618fd5744ff7
253909,31,22,202,86,"2021-10-21 02:19:52",A202,9653f952-2137-469f-a020-618fd5744ff7
253918,31,22.2,348,93,"2021-10-21 02:35:42",A203,9653f952-2137-469f-a020-618fd5744ff7
253919,29,22.9,266,86,"2021-10-21 02:35:55",A201,9653f952-2137-469f-a020-618fd5744ff7
253932,31,21.9,201,86,"2021-10-21 02:50:16",A202,9653f952-2137-469f-a020-618fd5744ff7
253941,31,22.1,349,93,"2021-10-21 03:05:44",A203,9653f952-2137-469f-a020-618fd5744ff7
253942,29,22.8,267,86,"2021-10-21 03:06:15",A201,9653f952-2137-469f-a020-618fd5744ff7
253953,31,21.9,199,86,"2021-10-21 03:20:41",A202,9653f952-2137-469f-a020-618fd5744ff7
253962,31,22.1,348,93,"2021-10-21 03:35:46",A203,9653f952-2137-469f-a020-618fd5744ff7
253963,29,22.8,266,86,"2021-10-21 03:36:32",A201,9653f952-2137-469f-a020-618fd5744ff7
253975,30,21.8,199,86,"2021-10-21 03:51:06",A202,9653f952-2137-469f-a020-618fd5744ff7
253984,31,22,348,93,"2021-10-21 04:05:48",A203,9653f952-2137-469f-a020-618fd5744ff7
253985,29,22.7,265,86,"2021-10-21 04:06:52",A201,9653f952-2137-469f-a020-618fd5744ff7
253997,30,21.7,198,86,"2021-10-21 04:21:30",A202,9653f952-2137-469f-a020-618fd5744ff7
254006,31,21.9,344,93,"2021-10-21 04:35:52",A203,9653f952-2137-469f-a020-618fd5744ff7
254007,29,22.7,265,86,"2021-10-21 04:37:10",A201,9653f952-2137-469f-a020-618fd5744ff7
254018,30,21.7,197,86,"2021-10-21 04:51:57",A202,9653f952-2137-469f-a020-618fd5744ff7
254027,31,21.9,342,100,"2021-10-21 05:05:58",A203,9653f952-2137-469f-a020-618fd5744ff7
254028,29,22.6,265,86,"2021-10-21 05:07:29",A201,9653f952-2137-469f-a020-618fd5744ff7
254041,30,21.7,198,86,"2021-10-21 05:22:23",A202,9653f952-2137-469f-a020-618fd5744ff7
254050,31,21.9,343,100,"2021-10-21 05:36:06",A203,9653f952-2137-469f-a020-618fd5744ff7
254051,29,22.6,263,93,"2021-10-21 05:37:50",A201,9653f952-2137-469f-a020-618fd5744ff7
254063,30,21.7,199,93,"2021-10-21 05:52:52",A202,9653f952-2137-469f-a020-618fd5744ff7
254073,32,21.9,341,100,"2021-10-21 06:06:19",A203,9653f952-2137-469f-a020-618fd5744ff7
254074,29,22.6,258,93,"2021-10-21 06:08:12",A201,9653f952-2137-469f-a020-618fd5744ff7
254087,30,21.8,199,93,"2021-10-21 06:23:25",A202,9653f952-2137-469f-a020-618fd5744ff7
254097,32,22.1,339,107,"2021-10-21 06:36:39",A203,9653f952-2137-469f-a020-618fd5744ff7
254098,29,22.6,258,93,"2021-10-21 06:38:33",A201,9653f952-2137-469f-a020-618fd5744ff7
254110,30,22,197,93,"2021-10-21 06:53:55",A202,9653f952-2137-469f-a020-618fd5744ff7
254120,32,22.3,338,107,"2021-10-21 07:07:00",A203,9653f952-2137-469f-a020-618fd5744ff7
254121,28,22.6,260,93,"2021-10-21 07:08:56",A201,9653f952-2137-469f-a020-618fd5744ff7
254135,30,22.2,193,93,"2021-10-21 07:24:30",A202,9653f952-2137-469f-a020-618fd5744ff7
254144,32,22.6,339,107,"2021-10-21 07:37:22",A203,9653f952-2137-469f-a020-618fd5744ff7
254145,28,22.6,258,100,"2021-10-21 07:39:20",A201,9653f952-2137-469f-a020-618fd5744ff7
254158,30,22.42,195,93,"2021-10-21 07:55:04",A202,9653f952-2137-469f-a020-618fd5744ff7
254166,31,22.9,337,100,"2021-10-21 08:07:47",A203,9653f952-2137-469f-a020-618fd5744ff7
254167,28,22.7,257,93,"2021-10-21 08:09:46",A201,9653f952-2137-469f-a020-618fd5744ff7
254180,30,22.8,197,93,"2021-10-21 08:25:42",A202,9653f952-2137-469f-a020-618fd5744ff7
254187,31,23.4,332,107,"2021-10-21 08:38:11",A203,9653f952-2137-469f-a020-618fd5744ff7
254188,28,22.8,261,93,"2021-10-21 08:40:10",A201,9653f952-2137-469f-a020-618fd5744ff7
254201,30,23.1,198,100,"2021-10-21 08:56:17",A202,9653f952-2137-469f-a020-618fd5744ff7
254209,31,23.8,335,107,"2021-10-21 09:08:34",A203,9653f952-2137-469f-a020-618fd5744ff7
254210,28,22.9,261,93,"2021-10-21 09:10:35",A201,9653f952-2137-469f-a020-618fd5744ff7
254223,30,23.6,198,93,"2021-10-21 09:26:51",A202,9653f952-2137-469f-a020-618fd5744ff7
254231,31,24.2,332,107,"2021-10-21 09:38:55",A203,9653f952-2137-469f-a020-618fd5744ff7
254232,28,23.1,262,93,"2021-10-21 09:40:58",A201,9653f952-2137-469f-a020-618fd5744ff7
254244,30,23.8,194,93,"2021-10-21 09:57:22",A202,9653f952-2137-469f-a020-618fd5744ff7
254252,31,24.4,334,107,"2021-10-21 10:09:14",A203,9653f952-2137-469f-a020-618fd5744ff7
254253,28,23.3,262,93,"2021-10-21 10:11:20",A201,9653f952-2137-469f-a020-618fd5744ff7
254267,30,23.9,196,93,"2021-10-21 10:27:53",A202,9653f952-2137-469f-a020-618fd5744ff7
254275,31,24.4,331,107,"2021-10-21 10:39:32",A203,9653f952-2137-469f-a020-618fd5744ff7
254276,28,23.4,262,93,"2021-10-21 10:41:42",A201,9653f952-2137-469f-a020-618fd5744ff7
254289,30,23.8,197,93,"2021-10-21 10:58:23",A202,9653f952-2137-469f-a020-618fd5744ff7
254298,28,23.5,262,100,"2021-10-21 11:12:02",A201,9653f952-2137-469f-a020-618fd5744ff7
254311,30,23.7,196,100,"2021-10-21 11:28:54",A202,9653f952-2137-469f-a020-618fd5744ff7
254320,31,24.3,333,107,"2021-10-21 11:40:14",A203,9653f952-2137-469f-a020-618fd5744ff7
254321,28,23.5,262,100,"2021-10-21 11:42:26",A201,9653f952-2137-469f-a020-618fd5744ff7
254332,30,23.8,196,100,"2021-10-21 11:59:29",A202,9653f952-2137-469f-a020-618fd5744ff7
254342,31,24.4,330,107,"2021-10-21 12:10:36",A203,9653f952-2137-469f-a020-618fd5744ff7
254343,28,23.6,261,100,"2021-10-21 12:12:50",A201,9653f952-2137-469f-a020-618fd5744ff7
254356,30,24,198,100,"2021-10-21 12:30:04",A202,9653f952-2137-469f-a020-618fd5744ff7
254365,31,24.6,329,107,"2021-10-21 12:41:00",A203,9653f952-2137-469f-a020-618fd5744ff7
254366,28,23.6,258,100,"2021-10-21 12:43:17",A201,9653f952-2137-469f-a020-618fd5744ff7
254379,30,24.3,198,100,"2021-10-21 13:00:41",A202,9653f952-2137-469f-a020-618fd5744ff7
254388,31,24.9,329,107,"2021-10-21 13:11:26",A203,9653f952-2137-469f-a020-618fd5744ff7
254389,28,23.7,258,93,"2021-10-21 13:13:40",A201,9653f952-2137-469f-a020-618fd5744ff7
254402,30,24.5,198,86,"2021-10-21 13:31:15",A202,9653f952-2137-469f-a020-618fd5744ff7
254411,31,25.1,332,107,"2021-10-21 13:41:45",A203,9653f952-2137-469f-a020-618fd5744ff7
254412,28,23.9,260,86,"2021-10-21 13:44:03",A201,9653f952-2137-469f-a020-618fd5744ff7
254426,30,24.5,200,86,"2021-10-21 14:01:45",A202,9653f952-2137-469f-a020-618fd5744ff7
254435,31,25.1,333,107,"2021-10-21 14:12:04",A203,9653f952-2137-469f-a020-618fd5744ff7
254436,28,24,262,86,"2021-10-21 14:14:23",A201,9653f952-2137-469f-a020-618fd5744ff7
254449,31,24.3,203,86,"2021-10-21 14:32:14",A202,9653f952-2137-469f-a020-618fd5744ff7
254457,33,24.9,346,107,"2021-10-21 14:42:20",A203,9653f952-2137-469f-a020-618fd5744ff7
254458,30,24,278,86,"2021-10-21 14:44:44",A201,9653f952-2137-469f-a020-618fd5744ff7
254472,32,24.1,211,86,"2021-10-21 15:02:40",A202,9653f952-2137-469f-a020-618fd5744ff7
254480,34,24.7,354,107,"2021-10-21 15:12:36",A203,9653f952-2137-469f-a020-618fd5744ff7
254481,30,24,287,86,"2021-10-21 15:15:04",A201,9653f952-2137-469f-a020-618fd5744ff7
254495,32,23.9,213,86,"2021-10-21 15:33:06",A202,9653f952-2137-469f-a020-618fd5744ff7
254503,34,24.5,355,107,"2021-10-21 15:42:51",A203,9653f952-2137-469f-a020-618fd5744ff7
254504,30,24,283,86,"2021-10-21 15:45:24",A201,9653f952-2137-469f-a020-618fd5744ff7
254518,32,23.7,212,86,"2021-10-21 16:03:31",A202,9653f952-2137-469f-a020-618fd5744ff7
254526,34,24.2,357,107,"2021-10-21 16:13:06",A203,9653f952-2137-469f-a020-618fd5744ff7
254528,30,23.9,286,86,"2021-10-21 16:15:43",A201,9653f952-2137-469f-a020-618fd5744ff7
254542,32,23.6,208,86,"2021-10-21 16:33:57",A202,9653f952-2137-469f-a020-618fd5744ff7
254550,34,24,358,107,"2021-10-21 16:43:20",A203,9653f952-2137-469f-a020-618fd5744ff7
254551,30,23.9,285,86,"2021-10-21 16:46:02",A201,9653f952-2137-469f-a020-618fd5744ff7
254566,32,23.4,213,86,"2021-10-21 17:04:22",A202,9653f952-2137-469f-a020-618fd5744ff7
254574,34,23.8,357,107,"2021-10-21 17:13:35",A203,9653f952-2137-469f-a020-618fd5744ff7
254576,30,23.8,285,86,"2021-10-21 17:16:22",A201,9653f952-2137-469f-a020-618fd5744ff7
254591,32,23.28,211,86,"2021-10-21 17:34:50",A202,9653f952-2137-469f-a020-618fd5744ff7
254599,34,23.6,358,107,"2021-10-21 17:43:50",A203,9653f952-2137-469f-a020-618fd5744ff7
254601,30,23.7,282,86,"2021-10-21 17:46:42",A201,9653f952-2137-469f-a020-618fd5744ff7
254615,32,23.1,211,86,"2021-10-21 18:05:14",A202,9653f952-2137-469f-a020-618fd5744ff7
254623,34,23.4,356,107,"2021-10-21 18:15:42",A203,9653f952-2137-469f-a020-618fd5744ff7
254625,30,23.6,281,86,"2021-10-21 18:18:53",A201,9653f952-2137-469f-a020-618fd5744ff7
254638,32,23,210,86,"2021-10-21 18:35:39",A202,9653f952-2137-469f-a020-618fd5744ff7
254648,30,23.6,280,86,"2021-10-21 18:49:17",A201,9653f952-2137-469f-a020-618fd5744ff7
254662,32,22.9,207,86,"2021-10-21 19:06:04",A202,9653f952-2137-469f-a020-618fd5744ff7
254668,34,23.1,355,107,"2021-10-21 19:16:27",A203,9653f952-2137-469f-a020-618fd5744ff7
254671,29,23.5,278,86,"2021-10-21 19:19:41",A201,9653f952-2137-469f-a020-618fd5744ff7
254685,32,22.8,207,86,"2021-10-21 19:36:29",A202,9653f952-2137-469f-a020-618fd5744ff7
254692,34,23,354,107,"2021-10-21 19:46:49",A203,9653f952-2137-469f-a020-618fd5744ff7
254695,29,23.4,281,86,"2021-10-21 19:50:08",A201,9653f952-2137-469f-a020-618fd5744ff7
254707,32,22.7,208,86,"2021-10-21 20:06:54",A202,9653f952-2137-469f-a020-618fd5744ff7
254714,34,22.9,352,107,"2021-10-21 20:17:11",A203,9653f952-2137-469f-a020-618fd5744ff7
254717,29,23.4,277,86,"2021-10-21 20:20:30",A201,9653f952-2137-469f-a020-618fd5744ff7
254731,32,22.6,209,86,"2021-10-21 20:37:19",A202,9653f952-2137-469f-a020-618fd5744ff7
254740,29,23.3,275,86,"2021-10-21 20:50:54",A201,9653f952-2137-469f-a020-618fd5744ff7
254754,32,22.5,208,86,"2021-10-21 21:07:45",A202,9653f952-2137-469f-a020-618fd5744ff7
254761,34,22.7,352,107,"2021-10-21 21:17:56",A203,9653f952-2137-469f-a020-618fd5744ff7
254764,29,23.2,276,86,"2021-10-21 21:21:18",A201,9653f952-2137-469f-a020-618fd5744ff7
254778,31,22.4,208,86,"2021-10-21 21:38:11",A202,9653f952-2137-469f-a020-618fd5744ff7
254787,29,23.2,277,86,"2021-10-21 21:51:43",A201,9653f952-2137-469f-a020-618fd5744ff7
254801,31,22.4,205,86,"2021-10-21 22:08:37",A202,9653f952-2137-469f-a020-618fd5744ff7
254808,33,22.5,353,107,"2021-10-21 22:18:41",A203,9653f952-2137-469f-a020-618fd5744ff7
254811,29,23.1,277,86,"2021-10-21 22:22:07",A201,9653f952-2137-469f-a020-618fd5744ff7
254824,31,22.3,205,86,"2021-10-21 22:39:02",A202,9653f952-2137-469f-a020-618fd5744ff7
254831,33,22.4,353,114,"2021-10-21 22:49:01",A203,9653f952-2137-469f-a020-618fd5744ff7
254834,29,23.1,277,86,"2021-10-21 22:52:30",A201,9653f952-2137-469f-a020-618fd5744ff7
254848,31,22.2,204,86,"2021-10-21 23:09:28",A202,9653f952-2137-469f-a020-618fd5744ff7
254855,33,22.4,352,114,"2021-10-21 23:19:22",A203,9653f952-2137-469f-a020-618fd5744ff7
254858,29,23,276,86,"2021-10-21 23:22:54",A201,9653f952-2137-469f-a020-618fd5744ff7
254871,31,22.1,204,86,"2021-10-21 23:39:49",A202,9653f952-2137-469f-a020-618fd5744ff7
254878,33,22.3,352,107,"2021-10-21 23:49:37",A203,9653f952-2137-469f-a020-618fd5744ff7
254881,29,23,271,86,"2021-10-21 23:53:18",A201,9653f952-2137-469f-a020-618fd5744ff7
254893,31,22,205,86,"2021-10-22 00:10:13",A202,9653f952-2137-469f-a020-618fd5744ff7
254900,33,22.2,351,100,"2021-10-22 00:19:51",A203,9653f952-2137-469f-a020-618fd5744ff7
254903,29,22.9,275,86,"2021-10-22 00:23:40",A201,9653f952-2137-469f-a020-618fd5744ff7
254917,31,21.9,205,86,"2021-10-22 00:40:36",A202,9653f952-2137-469f-a020-618fd5744ff7
254924,32,22.1,352,100,"2021-10-22 00:50:02",A203,9653f952-2137-469f-a020-618fd5744ff7
254927,29,22.8,273,86,"2021-10-22 00:54:04",A201,9653f952-2137-469f-a020-618fd5744ff7
254942,31,21.8,204,86,"2021-10-22 01:12:05",A202,9653f952-2137-469f-a020-618fd5744ff7
254948,32,22,353,93,"2021-10-22 01:20:12",A203,9653f952-2137-469f-a020-618fd5744ff7
254951,29,22.8,272,86,"2021-10-22 01:24:27",A201,9653f952-2137-469f-a020-618fd5744ff7
254966,31,21.8,205,86,"2021-10-22 01:42:31",A202,9653f952-2137-469f-a020-618fd5744ff7
254972,32,21.9,353,93,"2021-10-22 01:50:23",A203,9653f952-2137-469f-a020-618fd5744ff7
254975,29,22.7,273,86,"2021-10-22 01:54:52",A201,9653f952-2137-469f-a020-618fd5744ff7
254989,31,21.7,202,86,"2021-10-22 02:12:56",A202,9653f952-2137-469f-a020-618fd5744ff7
254995,32,21.8,353,93,"2021-10-22 02:20:33",A203,9653f952-2137-469f-a020-618fd5744ff7
254998,29,22.6,273,86,"2021-10-22 02:25:15",A201,9653f952-2137-469f-a020-618fd5744ff7
255012,31,21.7,201,86,"2021-10-22 02:43:21",A202,9653f952-2137-469f-a020-618fd5744ff7
255018,32,21.8,352,93,"2021-10-22 02:50:42",A203,9653f952-2137-469f-a020-618fd5744ff7
255021,29,22.6,272,86,"2021-10-22 02:55:38",A201,9653f952-2137-469f-a020-618fd5744ff7
255037,31,21.6,200,86,"2021-10-22 03:13:47",A202,9653f952-2137-469f-a020-618fd5744ff7
255042,32,21.7,352,93,"2021-10-22 03:20:52",A203,9653f952-2137-469f-a020-618fd5744ff7
255045,29,22.5,270,86,"2021-10-22 03:26:02",A201,9653f952-2137-469f-a020-618fd5744ff7
255061,31,21.6,198,86,"2021-10-22 03:44:12",A202,9653f952-2137-469f-a020-618fd5744ff7
255066,32,21.7,352,93,"2021-10-22 03:51:01",A203,9653f952-2137-469f-a020-618fd5744ff7
255069,29,22.5,273,86,"2021-10-22 03:56:27",A201,9653f952-2137-469f-a020-618fd5744ff7
255084,31,21.5,199,86,"2021-10-22 04:14:39",A202,9653f952-2137-469f-a020-618fd5744ff7
255089,32,21.7,352,93,"2021-10-22 04:21:11",A203,9653f952-2137-469f-a020-618fd5744ff7
255093,29,22.5,270,86,"2021-10-22 04:26:49",A201,9653f952-2137-469f-a020-618fd5744ff7
255107,31,21.5,201,86,"2021-10-22 04:45:05",A202,9653f952-2137-469f-a020-618fd5744ff7
255112,32,21.6,343,100,"2021-10-22 04:51:22",A203,9653f952-2137-469f-a020-618fd5744ff7
255117,29,22.4,268,93,"2021-10-22 04:57:13",A201,9653f952-2137-469f-a020-618fd5744ff7
255131,31,21.4,201,93,"2021-10-22 05:15:32",A202,9653f952-2137-469f-a020-618fd5744ff7
255136,32,21.6,342,100,"2021-10-22 05:21:39",A203,9653f952-2137-469f-a020-618fd5744ff7
255141,29,22.4,268,93,"2021-10-22 05:27:39",A201,9653f952-2137-469f-a020-618fd5744ff7
255155,31,21.4,200,93,"2021-10-22 05:46:01",A202,9653f952-2137-469f-a020-618fd5744ff7
255161,32,21.6,342,107,"2021-10-22 05:52:01",A203,9653f952-2137-469f-a020-618fd5744ff7
255166,29,22.4,266,93,"2021-10-22 05:58:03",A201,9653f952-2137-469f-a020-618fd5744ff7
255180,31,21.5,200,93,"2021-10-22 06:16:33",A202,9653f952-2137-469f-a020-618fd5744ff7
255186,32,21.7,345,107,"2021-10-22 06:22:25",A203,9653f952-2137-469f-a020-618fd5744ff7
255191,29,22.3,268,93,"2021-10-22 06:28:29",A201,9653f952-2137-469f-a020-618fd5744ff7
255205,31,21.6,200,93,"2021-10-22 06:47:03",A202,9653f952-2137-469f-a020-618fd5744ff7
255212,32,21.9,342,107,"2021-10-22 06:52:52",A203,9653f952-2137-469f-a020-618fd5744ff7
255218,29,22.3,269,100,"2021-10-22 06:58:57",A201,9653f952-2137-469f-a020-618fd5744ff7
255234,31,21.8,199,93,"2021-10-22 07:17:39",A202,9653f952-2137-469f-a020-618fd5744ff7
255238,32,22.1,344,107,"2021-10-22 07:23:23",A203,9653f952-2137-469f-a020-618fd5744ff7
255246,29,22.4,269,100,"2021-10-22 07:29:27",A201,9653f952-2137-469f-a020-618fd5744ff7
255261,31,22.2,196,100,"2021-10-22 07:48:23",A202,9653f952-2137-469f-a020-618fd5744ff7
255267,32,22.5,341,100,"2021-10-22 07:53:56",A203,9653f952-2137-469f-a020-618fd5744ff7
255274,28,22.4,269,100,"2021-10-22 07:59:58",A201,9653f952-2137-469f-a020-618fd5744ff7
255290,31,22.6,192,100,"2021-10-22 08:18:58",A202,9653f952-2137-469f-a020-618fd5744ff7
255294,32,23.1,340,100,"2021-10-22 08:24:34",A203,9653f952-2137-469f-a020-618fd5744ff7
255302,28,22.52,266,100,"2021-10-22 08:30:30",A201,9653f952-2137-469f-a020-618fd5744ff7
255318,31,23,197,100,"2021-10-22 08:49:37",A202,9653f952-2137-469f-a020-618fd5744ff7
255322,32,23.7,337,100,"2021-10-22 08:55:05",A203,9653f952-2137-469f-a020-618fd5744ff7
255330,28,22.7,267,100,"2021-10-22 09:00:59",A201,9653f952-2137-469f-a020-618fd5744ff7
255346,31,23.6,197,100,"2021-10-22 09:20:18",A202,9653f952-2137-469f-a020-618fd5744ff7
255351,32,24.4,335,100,"2021-10-22 09:25:42",A203,9653f952-2137-469f-a020-618fd5744ff7
255357,28,23,268,100,"2021-10-22 09:31:32",A201,9653f952-2137-469f-a020-618fd5744ff7
255374,31,24.3,193,100,"2021-10-22 09:50:58",A202,9653f952-2137-469f-a020-618fd5744ff7
255380,32,25,334,100,"2021-10-22 09:56:13",A203,9653f952-2137-469f-a020-618fd5744ff7
255385,28,23.2,268,100,"2021-10-22 10:02:02",A201,9653f952-2137-469f-a020-618fd5744ff7
255402,31,24.9,197,100,"2021-10-22 10:21:37",A202,9653f952-2137-469f-a020-618fd5744ff7
255408,31,25.6,334,100,"2021-10-22 10:26:48",A203,9653f952-2137-469f-a020-618fd5744ff7
255414,28,23.5,267,100,"2021-10-22 10:32:34",A201,9653f952-2137-469f-a020-618fd5744ff7
255432,30,25.5,193,93,"2021-10-22 10:52:17",A202,9653f952-2137-469f-a020-618fd5744ff7
255439,31,26.2,333,107,"2021-10-22 10:57:23",A203,9653f952-2137-469f-a020-618fd5744ff7
255445,28,23.8,267,93,"2021-10-22 11:03:05",A201,9653f952-2137-469f-a020-618fd5744ff7
255461,30,25.8,196,100,"2021-10-22 11:22:54",A202,9653f952-2137-469f-a020-618fd5744ff7
255468,31,26.4,335,107,"2021-10-22 11:27:53",A203,9653f952-2137-469f-a020-618fd5744ff7
255472,28,24.1,269,100,"2021-10-22 11:33:32",A201,9653f952-2137-469f-a020-618fd5744ff7
255490,30,25.7,197,93,"2021-10-22 11:53:29",A202,9653f952-2137-469f-a020-618fd5744ff7
255498,31,26.4,336,107,"2021-10-22 11:58:24",A203,9653f952-2137-469f-a020-618fd5744ff7
255502,28,24.3,267,93,"2021-10-22 12:04:00",A201,9653f952-2137-469f-a020-618fd5744ff7
255518,30,25.6,198,100,"2021-10-22 12:24:01",A202,9653f952-2137-469f-a020-618fd5744ff7
255525,31,26.3,337,107,"2021-10-22 12:28:51",A203,9653f952-2137-469f-a020-618fd5744ff7
255529,28,24.5,268,100,"2021-10-22 12:34:28",A201,9653f952-2137-469f-a020-618fd5744ff7
255545,30,25.4,197,93,"2021-10-22 12:54:34",A202,9653f952-2137-469f-a020-618fd5744ff7
255552,31,26.1,338,107,"2021-10-22 12:59:17",A203,9653f952-2137-469f-a020-618fd5744ff7
255556,28,24.6,268,93,"2021-10-22 13:04:54",A201,9653f952-2137-469f-a020-618fd5744ff7
255573,30,25.2,198,86,"2021-10-22 13:25:03",A202,9653f952-2137-469f-a020-618fd5744ff7
255579,31,26,337,107,"2021-10-22 13:29:43",A203,9653f952-2137-469f-a020-618fd5744ff7
255584,28,24.6,267,86,"2021-10-22 13:35:20",A201,9653f952-2137-469f-a020-618fd5744ff7
255602,31,25,197,86,"2021-10-22 13:55:33",A202,9653f952-2137-469f-a020-618fd5744ff7
255609,31,25.8,336,107,"2021-10-22 14:00:07",A203,9653f952-2137-469f-a020-618fd5744ff7
255612,28,24.6,268,86,"2021-10-22 14:05:46",A201,9653f952-2137-469f-a020-618fd5744ff7
255630,31,24.9,200,86,"2021-10-22 14:26:00",A202,9653f952-2137-469f-a020-618fd5744ff7
255637,31,25.56,338,107,"2021-10-22 14:30:30",A203,9653f952-2137-469f-a020-618fd5744ff7
255641,28,24.6,267,86,"2021-10-22 14:36:12",A201,9653f952-2137-469f-a020-618fd5744ff7
255659,31,24.7,204,86,"2021-10-22 14:56:30",A202,9653f952-2137-469f-a020-618fd5744ff7
255666,31,25.3,338,107,"2021-10-22 15:00:54",A203,9653f952-2137-469f-a020-618fd5744ff7
255670,28,24.6,267,86,"2021-10-22 15:06:36",A201,9653f952-2137-469f-a020-618fd5744ff7
255690,31,24.5,204,86,"2021-10-22 15:26:58",A202,9653f952-2137-469f-a020-618fd5744ff7
255696,31,25.1,339,107,"2021-10-22 15:31:18",A203,9653f952-2137-469f-a020-618fd5744ff7
255700,28,24.6,269,86,"2021-10-22 15:37:08",A201,9653f952-2137-469f-a020-618fd5744ff7
255720,31,24.3,205,86,"2021-10-22 15:57:25",A202,9653f952-2137-469f-a020-618fd5744ff7
255725,31,24.9,336,107,"2021-10-22 16:01:41",A203,9653f952-2137-469f-a020-618fd5744ff7
255730,28,24.5,268,86,"2021-10-22 16:07:25",A201,9653f952-2137-469f-a020-618fd5744ff7
255750,31,24.1,206,86,"2021-10-22 16:27:51",A202,9653f952-2137-469f-a020-618fd5744ff7
255755,31,24.6,337,107,"2021-10-22 16:32:04",A203,9653f952-2137-469f-a020-618fd5744ff7
255760,28,24.4,267,86,"2021-10-22 16:37:49",A201,9653f952-2137-469f-a020-618fd5744ff7
255778,31,23.9,206,86,"2021-10-22 16:58:16",A202,9653f952-2137-469f-a020-618fd5744ff7
255783,31,24.4,340,107,"2021-10-22 17:02:27",A203,9653f952-2137-469f-a020-618fd5744ff7
255788,28,24.4,268,86,"2021-10-22 17:08:15",A201,9653f952-2137-469f-a020-618fd5744ff7
255807,31,23.8,203,86,"2021-10-22 17:28:46",A202,9653f952-2137-469f-a020-618fd5744ff7
255816,28,24.3,270,86,"2021-10-22 17:38:39",A201,9653f952-2137-469f-a020-618fd5744ff7
255835,31,23.6,203,86,"2021-10-22 17:59:12",A202,9653f952-2137-469f-a020-618fd5744ff7
255841,31,24,340,107,"2021-10-22 18:03:13",A203,9653f952-2137-469f-a020-618fd5744ff7
255845,28,24.2,270,86,"2021-10-22 18:09:02",A201,9653f952-2137-469f-a020-618fd5744ff7
255864,31,23.5,205,86,"2021-10-22 18:29:39",A202,9653f952-2137-469f-a020-618fd5744ff7
255869,31,23.9,339,107,"2021-10-22 18:33:36",A203,9653f952-2137-469f-a020-618fd5744ff7
255873,28,24.1,270,86,"2021-10-22 18:39:26",A201,9653f952-2137-469f-a020-618fd5744ff7
255893,31,23.4,206,86,"2021-10-22 19:00:05",A202,9653f952-2137-469f-a020-618fd5744ff7
255899,31,23.7,339,107,"2021-10-22 19:03:58",A203,9653f952-2137-469f-a020-618fd5744ff7
255903,28,24,269,86,"2021-10-22 19:09:49",A201,9653f952-2137-469f-a020-618fd5744ff7
255922,31,23.2,204,86,"2021-10-22 19:30:30",A202,9653f952-2137-469f-a020-618fd5744ff7
255928,31,23.6,340,107,"2021-10-22 19:34:20",A203,9653f952-2137-469f-a020-618fd5744ff7
255949,31,23.1,206,86,"2021-10-22 20:00:55",A202,9653f952-2137-469f-a020-618fd5744ff7
255956,31,23.4,339,107,"2021-10-22 20:04:42",A203,9653f952-2137-469f-a020-618fd5744ff7
255960,28,23.9,268,86,"2021-10-22 20:10:36",A201,9653f952-2137-469f-a020-618fd5744ff7
255978,31,22.9,204,86,"2021-10-22 20:31:22",A202,9653f952-2137-469f-a020-618fd5744ff7
255985,31,23.2,339,114,"2021-10-22 20:35:03",A203,9653f952-2137-469f-a020-618fd5744ff7
255989,28,23.8,266,86,"2021-10-22 20:41:01",A201,9653f952-2137-469f-a020-618fd5744ff7
256008,31,22.8,205,86,"2021-10-22 21:01:46",A202,9653f952-2137-469f-a020-618fd5744ff7
256018,28,23.7,267,86,"2021-10-22 21:11:24",A201,9653f952-2137-469f-a020-618fd5744ff7
256036,31,22.6,203,86,"2021-10-22 21:32:11",A202,9653f952-2137-469f-a020-618fd5744ff7
256045,28,23.6,268,86,"2021-10-22 21:41:47",A201,9653f952-2137-469f-a020-618fd5744ff7
256063,31,22.5,203,86,"2021-10-22 22:02:36",A202,9653f952-2137-469f-a020-618fd5744ff7
256072,28,23.5,268,86,"2021-10-22 22:12:10",A201,9653f952-2137-469f-a020-618fd5744ff7
256091,31,22.4,203,86,"2021-10-22 22:33:00",A202,9653f952-2137-469f-a020-618fd5744ff7
256100,28,23.4,267,86,"2021-10-22 22:42:33",A201,9653f952-2137-469f-a020-618fd5744ff7
256119,31,22.3,205,86,"2021-10-22 23:03:26",A202,9653f952-2137-469f-a020-618fd5744ff7
256128,28,23.3,266,86,"2021-10-22 23:12:56",A201,9653f952-2137-469f-a020-618fd5744ff7
256147,31,22.2,205,86,"2021-10-22 23:33:52",A202,9653f952-2137-469f-a020-618fd5744ff7
256156,28,23.2,267,86,"2021-10-22 23:43:20",A201,9653f952-2137-469f-a020-618fd5744ff7
256175,31,22.1,203,86,"2021-10-23 00:04:18",A202,9653f952-2137-469f-a020-618fd5744ff7
256184,28,23.2,263,86,"2021-10-23 00:13:43",A201,9653f952-2137-469f-a020-618fd5744ff7
256201,31,22,202,86,"2021-10-23 00:34:43",A202,9653f952-2137-469f-a020-618fd5744ff7
256210,28,23.1,264,86,"2021-10-23 00:44:07",A201,9653f952-2137-469f-a020-618fd5744ff7
256229,31,21.9,203,86,"2021-10-23 01:05:07",A202,9653f952-2137-469f-a020-618fd5744ff7
256238,28,23,265,86,"2021-10-23 01:14:30",A201,9653f952-2137-469f-a020-618fd5744ff7
256256,31,21.8,202,86,"2021-10-23 01:35:32",A202,9653f952-2137-469f-a020-618fd5744ff7
256265,28,23,265,86,"2021-10-23 01:44:53",A201,9653f952-2137-469f-a020-618fd5744ff7
256283,31,21.8,199,86,"2021-10-23 02:05:57",A202,9653f952-2137-469f-a020-618fd5744ff7
256292,28,22.9,265,86,"2021-10-23 02:15:16",A201,9653f952-2137-469f-a020-618fd5744ff7
256311,31,21.7,198,86,"2021-10-23 02:36:21",A202,9653f952-2137-469f-a020-618fd5744ff7
256321,28,22.8,265,86,"2021-10-23 02:45:39",A201,9653f952-2137-469f-a020-618fd5744ff7
256339,31,21.6,199,86,"2021-10-23 03:06:46",A202,9653f952-2137-469f-a020-618fd5744ff7
256349,28,22.8,264,86,"2021-10-23 03:16:01",A201,9653f952-2137-469f-a020-618fd5744ff7
256367,31,21.5,202,86,"2021-10-23 03:37:11",A202,9653f952-2137-469f-a020-618fd5744ff7
256377,28,22.7,265,86,"2021-10-23 03:46:25",A201,9653f952-2137-469f-a020-618fd5744ff7
256396,31,21.4,202,86,"2021-10-23 04:07:37",A202,9653f952-2137-469f-a020-618fd5744ff7
256405,28,22.6,262,86,"2021-10-23 04:16:50",A201,9653f952-2137-469f-a020-618fd5744ff7
256424,31,21.4,202,86,"2021-10-23 04:38:00",A202,9653f952-2137-469f-a020-618fd5744ff7
256432,28,22.6,260,86,"2021-10-23 04:47:10",A201,9653f952-2137-469f-a020-618fd5744ff7
256451,31,21.3,202,86,"2021-10-23 05:08:27",A202,9653f952-2137-469f-a020-618fd5744ff7
256458,28,22.5,258,86,"2021-10-23 05:17:35",A201,9653f952-2137-469f-a020-618fd5744ff7
256478,31,21.3,201,86,"2021-10-23 05:38:53",A202,9653f952-2137-469f-a020-618fd5744ff7
256491,28,22.5,260,93,"2021-10-23 05:47:59",A201,9653f952-2137-469f-a020-618fd5744ff7
256511,31,21.4,201,93,"2021-10-23 06:09:20",A202,9653f952-2137-469f-a020-618fd5744ff7
256519,28,22.4,262,93,"2021-10-23 06:18:23",A201,9653f952-2137-469f-a020-618fd5744ff7
256540,31,21.5,201,93,"2021-10-23 06:39:52",A202,9653f952-2137-469f-a020-618fd5744ff7
256549,28,22.4,260,93,"2021-10-23 06:48:49",A201,9653f952-2137-469f-a020-618fd5744ff7
256571,31,21.6,200,93,"2021-10-23 07:10:24",A202,9653f952-2137-469f-a020-618fd5744ff7
256579,28,22.4,261,93,"2021-10-23 07:19:18",A201,9653f952-2137-469f-a020-618fd5744ff7
256601,31,21.9,200,93,"2021-10-23 07:41:00",A202,9653f952-2137-469f-a020-618fd5744ff7
256608,28,22.4,262,100,"2021-10-23 07:49:46",A201,9653f952-2137-469f-a020-618fd5744ff7
256630,31,22.3,196,100,"2021-10-23 08:11:38",A202,9653f952-2137-469f-a020-618fd5744ff7
256637,28,22.5,259,100,"2021-10-23 08:20:16",A201,9653f952-2137-469f-a020-618fd5744ff7
256660,31,22.8,198,100,"2021-10-23 08:42:15",A202,9653f952-2137-469f-a020-618fd5744ff7
256667,28,22.7,259,100,"2021-10-23 08:50:46",A201,9653f952-2137-469f-a020-618fd5744ff7
256688,31,23.3,198,100,"2021-10-23 09:12:53",A202,9653f952-2137-469f-a020-618fd5744ff7
256695,28,22.9,262,100,"2021-10-23 09:21:17",A201,9653f952-2137-469f-a020-618fd5744ff7
256717,31,24,194,100,"2021-10-23 09:43:34",A202,9653f952-2137-469f-a020-618fd5744ff7
256725,28,23.1,260,100,"2021-10-23 09:51:48",A201,9653f952-2137-469f-a020-618fd5744ff7
256741,31,24.6,198,100,"2021-10-23 10:14:09",A202,9653f952-2137-469f-a020-618fd5744ff7
256747,28,23.4,261,100,"2021-10-23 10:22:18",A201,9653f952-2137-469f-a020-618fd5744ff7
256762,31,25.2,195,100,"2021-10-23 10:44:49",A202,9653f952-2137-469f-a020-618fd5744ff7
256769,28,23.7,258,100,"2021-10-23 10:52:50",A201,9653f952-2137-469f-a020-618fd5744ff7
256783,30,25.8,198,100,"2021-10-23 11:15:28",A202,9653f952-2137-469f-a020-618fd5744ff7
256789,28,24.1,262,93,"2021-10-23 11:23:20",A201,9653f952-2137-469f-a020-618fd5744ff7
256800,30,26.2,195,100,"2021-10-23 11:46:08",A202,9653f952-2137-469f-a020-618fd5744ff7
256807,28,24.4,261,100,"2021-10-23 11:53:52",A201,9653f952-2137-469f-a020-618fd5744ff7
256822,30,26.3,197,100,"2021-10-23 12:16:49",A202,9653f952-2137-469f-a020-618fd5744ff7
256829,28,24.7,259,100,"2021-10-23 12:24:25",A201,9653f952-2137-469f-a020-618fd5744ff7
256844,30,26.3,197,100,"2021-10-23 12:47:33",A202,9653f952-2137-469f-a020-618fd5744ff7
256851,28,25,262,100,"2021-10-23 12:54:57",A201,9653f952-2137-469f-a020-618fd5744ff7
256867,30,26.3,199,100,"2021-10-23 13:18:13",A202,9653f952-2137-469f-a020-618fd5744ff7
256874,28,25.2,262,100,"2021-10-23 13:25:30",A201,9653f952-2137-469f-a020-618fd5744ff7
256890,30,26.3,200,93,"2021-10-23 13:48:54",A202,9653f952-2137-469f-a020-618fd5744ff7
256896,28,25.4,261,86,"2021-10-23 13:56:02",A201,9653f952-2137-469f-a020-618fd5744ff7
256916,28,25.5,261,86,"2021-10-23 14:26:31",A201,9653f952-2137-469f-a020-618fd5744ff7
256934,30,26.1,199,86,"2021-10-23 14:50:10",A202,9653f952-2137-469f-a020-618fd5744ff7
256939,28,25.6,260,86,"2021-10-23 14:57:02",A201,9653f952-2137-469f-a020-618fd5744ff7
256956,30,25.9,198,86,"2021-10-23 15:20:48",A202,9653f952-2137-469f-a020-618fd5744ff7
256961,27,25.6,260,86,"2021-10-23 15:27:32",A201,9653f952-2137-469f-a020-618fd5744ff7
256979,30,25.7,200,86,"2021-10-23 15:51:23",A202,9653f952-2137-469f-a020-618fd5744ff7
256983,27,25.6,261,86,"2021-10-23 15:58:00",A201,9653f952-2137-469f-a020-618fd5744ff7
257003,30,25.5,199,86,"2021-10-23 16:21:54",A202,9653f952-2137-469f-a020-618fd5744ff7
257007,27,25.5,261,86,"2021-10-23 16:28:27",A201,9653f952-2137-469f-a020-618fd5744ff7
257023,30,25.3,200,86,"2021-10-23 16:52:24",A202,9653f952-2137-469f-a020-618fd5744ff7
257028,27,25.5,259,86,"2021-10-23 16:58:53",A201,9653f952-2137-469f-a020-618fd5744ff7
257045,30,25.1,201,86,"2021-10-23 17:22:56",A202,9653f952-2137-469f-a020-618fd5744ff7
257050,27,25.4,260,86,"2021-10-23 17:29:19",A201,9653f952-2137-469f-a020-618fd5744ff7
257067,30,24.9,198,86,"2021-10-23 17:53:24",A202,9653f952-2137-469f-a020-618fd5744ff7
257072,27,25.3,255,86,"2021-10-23 17:59:45",A201,9653f952-2137-469f-a020-618fd5744ff7
257087,30,24.7,200,86,"2021-10-23 18:23:51",A202,9653f952-2137-469f-a020-618fd5744ff7
257092,27,25.2,254,86,"2021-10-23 18:30:12",A201,9653f952-2137-469f-a020-618fd5744ff7
257108,30,24.5,201,86,"2021-10-23 18:54:21",A202,9653f952-2137-469f-a020-618fd5744ff7
257114,27,25.1,256,86,"2021-10-23 19:00:36",A201,9653f952-2137-469f-a020-618fd5744ff7
257129,30,24.3,200,86,"2021-10-23 19:24:55",A202,9653f952-2137-469f-a020-618fd5744ff7
257135,27,25,258,86,"2021-10-23 19:31:02",A201,9653f952-2137-469f-a020-618fd5744ff7
257151,30,24.2,200,86,"2021-10-23 19:55:17",A202,9653f952-2137-469f-a020-618fd5744ff7
257157,27,25,257,86,"2021-10-23 20:01:27",A201,9653f952-2137-469f-a020-618fd5744ff7
257173,30,24,200,86,"2021-10-23 20:25:44",A202,9653f952-2137-469f-a020-618fd5744ff7
257179,27,24.9,258,86,"2021-10-23 20:31:53",A201,9653f952-2137-469f-a020-618fd5744ff7
257195,30,23.8,200,86,"2021-10-23 20:56:09",A202,9653f952-2137-469f-a020-618fd5744ff7
257201,27,24.8,257,86,"2021-10-23 21:04:02",A201,9653f952-2137-469f-a020-618fd5744ff7
257217,30,23.7,199,86,"2021-10-23 21:26:37",A202,9653f952-2137-469f-a020-618fd5744ff7
257223,27,24.7,254,86,"2021-10-23 21:34:27",A201,9653f952-2137-469f-a020-618fd5744ff7
257239,30,23.5,198,86,"2021-10-23 21:57:02",A202,9653f952-2137-469f-a020-618fd5744ff7
257245,27,24.6,256,86,"2021-10-23 22:04:51",A201,9653f952-2137-469f-a020-618fd5744ff7
257261,30,23.4,198,86,"2021-10-23 22:27:28",A202,9653f952-2137-469f-a020-618fd5744ff7
257267,27,24.5,256,86,"2021-10-23 22:35:19",A201,9653f952-2137-469f-a020-618fd5744ff7
257284,30,23.2,200,86,"2021-10-23 22:57:54",A202,9653f952-2137-469f-a020-618fd5744ff7
257289,27,24.4,254,86,"2021-10-23 23:05:39",A201,9653f952-2137-469f-a020-618fd5744ff7
257306,30,23.1,200,86,"2021-10-23 23:28:20",A202,9653f952-2137-469f-a020-618fd5744ff7
257311,27,24.3,254,86,"2021-10-23 23:36:02",A201,9653f952-2137-469f-a020-618fd5744ff7
257328,30,23,200,86,"2021-10-23 23:58:46",A202,9653f952-2137-469f-a020-618fd5744ff7
257333,27,24.2,256,86,"2021-10-24 00:06:24",A201,9653f952-2137-469f-a020-618fd5744ff7
257350,30,22.8,199,86,"2021-10-24 00:29:12",A202,9653f952-2137-469f-a020-618fd5744ff7
257355,27,24.1,253,86,"2021-10-24 00:36:49",A201,9653f952-2137-469f-a020-618fd5744ff7
257371,30,22.7,199,86,"2021-10-24 00:59:35",A202,9653f952-2137-469f-a020-618fd5744ff7
257375,27,24,252,86,"2021-10-24 01:07:11",A201,9653f952-2137-469f-a020-618fd5744ff7
257393,30,22.6,198,86,"2021-10-24 01:29:59",A202,9653f952-2137-469f-a020-618fd5744ff7
257397,27,23.9,254,86,"2021-10-24 01:37:35",A201,9653f952-2137-469f-a020-618fd5744ff7
257413,30,22.42,197,86,"2021-10-24 02:00:25",A202,9653f952-2137-469f-a020-618fd5744ff7
257417,27,23.8,250,86,"2021-10-24 02:07:57",A201,9653f952-2137-469f-a020-618fd5744ff7
257434,31,22.3,194,86,"2021-10-24 02:30:48",A202,9653f952-2137-469f-a020-618fd5744ff7
257437,27,23.7,251,86,"2021-10-24 02:38:19",A201,9653f952-2137-469f-a020-618fd5744ff7
257453,30,22.2,195,86,"2021-10-24 03:01:14",A202,9653f952-2137-469f-a020-618fd5744ff7
257457,27,23.6,252,86,"2021-10-24 03:08:43",A201,9653f952-2137-469f-a020-618fd5744ff7
257474,30,22.1,199,86,"2021-10-24 03:31:38",A202,9653f952-2137-469f-a020-618fd5744ff7
257478,27,23.5,253,86,"2021-10-24 03:39:07",A201,9653f952-2137-469f-a020-618fd5744ff7
257494,30,22,199,86,"2021-10-24 04:03:08",A202,9653f952-2137-469f-a020-618fd5744ff7
257498,27,23.4,252,86,"2021-10-24 04:09:28",A201,9653f952-2137-469f-a020-618fd5744ff7
257515,31,21.9,199,93,"2021-10-24 04:33:31",A202,9653f952-2137-469f-a020-618fd5744ff7
257518,27,23.3,252,93,"2021-10-24 04:39:51",A201,9653f952-2137-469f-a020-618fd5744ff7
257533,30,21.8,199,93,"2021-10-24 05:04:04",A202,9653f952-2137-469f-a020-618fd5744ff7
257536,27,23.2,249,93,"2021-10-24 05:10:16",A201,9653f952-2137-469f-a020-618fd5744ff7
257553,31,21.8,198,93,"2021-10-24 05:34:34",A202,9653f952-2137-469f-a020-618fd5744ff7
257556,27,23.1,247,93,"2021-10-24 05:40:43",A201,9653f952-2137-469f-a020-618fd5744ff7
257574,31,21.8,198,93,"2021-10-24 06:05:07",A202,9653f952-2137-469f-a020-618fd5744ff7
257577,27,23.1,250,93,"2021-10-24 06:11:10",A201,9653f952-2137-469f-a020-618fd5744ff7
257595,30,21.9,197,93,"2021-10-24 06:35:43",A202,9653f952-2137-469f-a020-618fd5744ff7
257598,27,23.1,250,100,"2021-10-24 06:41:39",A201,9653f952-2137-469f-a020-618fd5744ff7
257615,30,22.1,197,93,"2021-10-24 07:06:24",A202,9653f952-2137-469f-a020-618fd5744ff7
257618,27,23,250,100,"2021-10-24 07:12:09",A201,9653f952-2137-469f-a020-618fd5744ff7
257635,30,22.42,196,100,"2021-10-24 07:37:02",A202,9653f952-2137-469f-a020-618fd5744ff7
257638,27,23.1,250,100,"2021-10-24 07:42:40",A201,9653f952-2137-469f-a020-618fd5744ff7
257656,30,23,192,100,"2021-10-24 08:07:45",A202,9653f952-2137-469f-a020-618fd5744ff7
257659,27,23.2,248,100,"2021-10-24 08:13:13",A201,9653f952-2137-469f-a020-618fd5744ff7
257678,30,23.4,195,100,"2021-10-24 08:38:26",A202,9653f952-2137-469f-a020-618fd5744ff7
257680,27,23.3,248,100,"2021-10-24 08:43:44",A201,9653f952-2137-469f-a020-618fd5744ff7
257696,30,24.5,320,93,"2021-10-24 09:05:01",A203,9653f952-2137-469f-a020-618fd5744ff7
257699,30,23.9,195,100,"2021-10-24 09:09:08",A202,9653f952-2137-469f-a020-618fd5744ff7
257701,27,23.5,246,100,"2021-10-24 09:14:17",A201,9653f952-2137-469f-a020-618fd5744ff7
257717,30,25.1,318,100,"2021-10-24 09:35:22",A203,9653f952-2137-469f-a020-618fd5744ff7
257720,30,24.6,189,100,"2021-10-24 09:39:49",A202,9653f952-2137-469f-a020-618fd5744ff7
257722,27,23.7,249,100,"2021-10-24 09:44:48",A201,9653f952-2137-469f-a020-618fd5744ff7
257738,30,25.8,318,100,"2021-10-24 10:05:47",A203,9653f952-2137-469f-a020-618fd5744ff7
257741,30,25.1,195,100,"2021-10-24 10:10:30",A202,9653f952-2137-469f-a020-618fd5744ff7
257743,27,23.9,249,100,"2021-10-24 10:15:21",A201,9653f952-2137-469f-a020-618fd5744ff7
257759,30,26.3,318,93,"2021-10-24 10:36:08",A203,9653f952-2137-469f-a020-618fd5744ff7
257762,30,25.4,194,100,"2021-10-24 10:41:12",A202,9653f952-2137-469f-a020-618fd5744ff7
257764,27,24.2,249,100,"2021-10-24 10:45:52",A201,9653f952-2137-469f-a020-618fd5744ff7
257779,30,26.8,316,100,"2021-10-24 11:06:30",A203,9653f952-2137-469f-a020-618fd5744ff7
257782,30,25.9,194,100,"2021-10-24 11:11:55",A202,9653f952-2137-469f-a020-618fd5744ff7
257785,27,24.5,247,100,"2021-10-24 11:16:24",A201,9653f952-2137-469f-a020-618fd5744ff7
257799,30,27.1,312,100,"2021-10-24 11:36:51",A203,9653f952-2137-469f-a020-618fd5744ff7
257803,30,26.2,196,100,"2021-10-24 11:42:36",A202,9653f952-2137-469f-a020-618fd5744ff7
257807,27,24.8,247,100,"2021-10-24 11:46:56",A201,9653f952-2137-469f-a020-618fd5744ff7
257825,30,27.3,315,93,"2021-10-24 12:07:15",A203,9653f952-2137-469f-a020-618fd5744ff7
257829,30,26.4,196,100,"2021-10-24 12:13:19",A202,9653f952-2137-469f-a020-618fd5744ff7
257833,27,25,245,100,"2021-10-24 12:17:32",A201,9653f952-2137-469f-a020-618fd5744ff7
257853,29,27.66,312,93,"2021-10-24 12:37:39",A203,9653f952-2137-469f-a020-618fd5744ff7
257859,27,25.2,247,100,"2021-10-24 12:48:03",A201,9653f952-2137-469f-a020-618fd5744ff7
257881,29,28,314,100,"2021-10-24 13:08:03",A203,9653f952-2137-469f-a020-618fd5744ff7
257887,30,26.5,196,100,"2021-10-24 13:14:44",A202,9653f952-2137-469f-a020-618fd5744ff7
257889,27,25.5,248,100,"2021-10-24 13:18:34",A201,9653f952-2137-469f-a020-618fd5744ff7
257910,29,28.1,315,100,"2021-10-24 13:38:24",A203,9653f952-2137-469f-a020-618fd5744ff7
257916,30,26.5,197,100,"2021-10-24 13:45:25",A202,9653f952-2137-469f-a020-618fd5744ff7
257919,27,25.6,244,93,"2021-10-24 13:49:06",A201,9653f952-2137-469f-a020-618fd5744ff7
257939,29,28.1,315,107,"2021-10-24 14:08:42",A203,9653f952-2137-469f-a020-618fd5744ff7
257946,30,26.4,195,86,"2021-10-24 14:16:01",A202,9653f952-2137-469f-a020-618fd5744ff7
257949,27,25.8,247,86,"2021-10-24 14:19:36",A201,9653f952-2137-469f-a020-618fd5744ff7
257970,29,27.9,316,107,"2021-10-24 14:38:53",A203,9653f952-2137-469f-a020-618fd5744ff7
257977,30,26.2,197,86,"2021-10-24 14:46:32",A202,9653f952-2137-469f-a020-618fd5744ff7
257980,27,25.8,243,86,"2021-10-24 14:50:03",A201,9653f952-2137-469f-a020-618fd5744ff7
257998,29,27.6,318,107,"2021-10-24 15:09:04",A203,9653f952-2137-469f-a020-618fd5744ff7
258005,30,26,197,86,"2021-10-24 15:17:04",A202,9653f952-2137-469f-a020-618fd5744ff7
258008,27,25.8,246,86,"2021-10-24 15:20:28",A201,9653f952-2137-469f-a020-618fd5744ff7
258035,30,25.7,198,86,"2021-10-24 15:47:34",A202,9653f952-2137-469f-a020-618fd5744ff7
258038,27,25.7,247,86,"2021-10-24 15:50:52",A201,9653f952-2137-469f-a020-618fd5744ff7
258058,29,26.8,314,107,"2021-10-24 16:09:23",A203,9653f952-2137-469f-a020-618fd5744ff7
258066,30,25.5,195,86,"2021-10-24 16:18:01",A202,9653f952-2137-469f-a020-618fd5744ff7
258069,27,25.7,247,86,"2021-10-24 16:21:17",A201,9653f952-2137-469f-a020-618fd5744ff7
258088,29,26.5,319,107,"2021-10-24 16:39:31",A203,9653f952-2137-469f-a020-618fd5744ff7
258096,30,25.2,196,86,"2021-10-24 16:48:31",A202,9653f952-2137-469f-a020-618fd5744ff7
258098,27,25.6,247,86,"2021-10-24 16:51:43",A201,9653f952-2137-469f-a020-618fd5744ff7
258117,29,26.1,319,107,"2021-10-24 17:09:41",A203,9653f952-2137-469f-a020-618fd5744ff7
258125,30,25,195,86,"2021-10-24 17:19:01",A202,9653f952-2137-469f-a020-618fd5744ff7
258129,27,25.5,244,86,"2021-10-24 17:22:07",A201,9653f952-2137-469f-a020-618fd5744ff7
258147,29,25.8,318,107,"2021-10-24 17:39:48",A203,9653f952-2137-469f-a020-618fd5744ff7
258155,30,24.8,198,86,"2021-10-24 17:49:28",A202,9653f952-2137-469f-a020-618fd5744ff7
258159,27,25.4,245,86,"2021-10-24 17:52:32",A201,9653f952-2137-469f-a020-618fd5744ff7
258178,29,25.5,319,107,"2021-10-24 18:09:57",A203,9653f952-2137-469f-a020-618fd5744ff7
258187,30,24.6,197,86,"2021-10-24 18:19:54",A202,9653f952-2137-469f-a020-618fd5744ff7
258190,27,25.3,243,86,"2021-10-24 18:22:55",A201,9653f952-2137-469f-a020-618fd5744ff7
258208,29,25.3,319,107,"2021-10-24 18:40:02",A203,9653f952-2137-469f-a020-618fd5744ff7
258217,30,24.4,198,86,"2021-10-24 18:50:22",A202,9653f952-2137-469f-a020-618fd5744ff7
258221,27,25.1,242,86,"2021-10-24 18:53:20",A201,9653f952-2137-469f-a020-618fd5744ff7
258238,29,25,319,107,"2021-10-24 19:10:11",A203,9653f952-2137-469f-a020-618fd5744ff7
258248,30,24.2,195,86,"2021-10-24 19:20:48",A202,9653f952-2137-469f-a020-618fd5744ff7
258252,27,25,245,86,"2021-10-24 19:23:45",A201,9653f952-2137-469f-a020-618fd5744ff7
258269,29,24.8,317,107,"2021-10-24 19:40:16",A203,9653f952-2137-469f-a020-618fd5744ff7
258278,30,24,192,86,"2021-10-24 19:51:14",A202,9653f952-2137-469f-a020-618fd5744ff7
258282,27,24.9,243,86,"2021-10-24 19:54:08",A201,9653f952-2137-469f-a020-618fd5744ff7
258298,29,24.6,318,107,"2021-10-24 20:10:23",A203,9653f952-2137-469f-a020-618fd5744ff7
258308,30,23.8,197,86,"2021-10-24 20:21:39",A202,9653f952-2137-469f-a020-618fd5744ff7
258312,27,24.8,245,86,"2021-10-24 20:24:31",A201,9653f952-2137-469f-a020-618fd5744ff7
258329,29,24.4,317,107,"2021-10-24 20:40:31",A203,9653f952-2137-469f-a020-618fd5744ff7
258340,30,23.7,197,86,"2021-10-24 20:52:08",A202,9653f952-2137-469f-a020-618fd5744ff7
258358,29,24.2,318,107,"2021-10-24 21:10:35",A203,9653f952-2137-469f-a020-618fd5744ff7
258370,30,23.5,197,86,"2021-10-24 21:22:31",A202,9653f952-2137-469f-a020-618fd5744ff7
258373,27,24.6,238,86,"2021-10-24 21:25:17",A201,9653f952-2137-469f-a020-618fd5744ff7
258389,29,24,319,107,"2021-10-24 21:40:41",A203,9653f952-2137-469f-a020-618fd5744ff7
258401,30,23.3,197,86,"2021-10-24 21:52:56",A202,9653f952-2137-469f-a020-618fd5744ff7
258404,27,24.5,242,86,"2021-10-24 21:55:40",A201,9653f952-2137-469f-a020-618fd5744ff7
258420,29,23.9,319,107,"2021-10-24 22:10:46",A203,9653f952-2137-469f-a020-618fd5744ff7
258432,30,23.2,197,86,"2021-10-24 22:23:21",A202,9653f952-2137-469f-a020-618fd5744ff7
258435,27,24.4,242,86,"2021-10-24 22:26:04",A201,9653f952-2137-469f-a020-618fd5744ff7
258451,29,23.7,318,107,"2021-10-24 22:40:54",A203,9653f952-2137-469f-a020-618fd5744ff7
258463,30,23.1,195,86,"2021-10-24 22:53:49",A202,9653f952-2137-469f-a020-618fd5744ff7
258466,27,24.3,243,86,"2021-10-24 22:56:29",A201,9653f952-2137-469f-a020-618fd5744ff7
258482,29,23.6,318,114,"2021-10-24 23:10:59",A203,9653f952-2137-469f-a020-618fd5744ff7
258493,30,23,192,86,"2021-10-24 23:24:15",A202,9653f952-2137-469f-a020-618fd5744ff7
258495,27,24.2,243,86,"2021-10-24 23:26:53",A201,9653f952-2137-469f-a020-618fd5744ff7
258511,29,23.5,317,114,"2021-10-24 23:41:04",A203,9653f952-2137-469f-a020-618fd5744ff7
258524,30,22.9,192,86,"2021-10-24 23:54:42",A202,9653f952-2137-469f-a020-618fd5744ff7
258525,27,24.1,239,86,"2021-10-24 23:57:14",A201,9653f952-2137-469f-a020-618fd5744ff7
258541,29,23.4,316,100,"2021-10-25 00:11:01",A203,9653f952-2137-469f-a020-618fd5744ff7
258553,30,22.8,196,86,"2021-10-25 00:25:07",A202,9653f952-2137-469f-a020-618fd5744ff7
258554,27,24,241,86,"2021-10-25 00:27:38",A201,9653f952-2137-469f-a020-618fd5744ff7
258569,29,23.3,318,100,"2021-10-25 00:41:01",A203,9653f952-2137-469f-a020-618fd5744ff7
258582,30,22.7,196,86,"2021-10-25 00:55:32",A202,9653f952-2137-469f-a020-618fd5744ff7
258583,27,23.9,240,86,"2021-10-25 00:58:02",A201,9653f952-2137-469f-a020-618fd5744ff7
258598,29,23.2,318,93,"2021-10-25 01:10:57",A203,9653f952-2137-469f-a020-618fd5744ff7
258610,30,22.6,196,86,"2021-10-25 01:25:59",A202,9653f952-2137-469f-a020-618fd5744ff7
258611,27,23.9,240,86,"2021-10-25 01:28:27",A201,9653f952-2137-469f-a020-618fd5744ff7
258625,29,23.1,318,93,"2021-10-25 01:40:54",A203,9653f952-2137-469f-a020-618fd5744ff7
258638,30,22.6,196,86,"2021-10-25 01:56:27",A202,9653f952-2137-469f-a020-618fd5744ff7
258640,27,23.8,241,86,"2021-10-25 01:58:50",A201,9653f952-2137-469f-a020-618fd5744ff7
258652,29,23,317,93,"2021-10-25 02:10:52",A203,9653f952-2137-469f-a020-618fd5744ff7
258666,30,22.5,197,86,"2021-10-25 02:26:54",A202,9653f952-2137-469f-a020-618fd5744ff7
258668,27,23.7,241,86,"2021-10-25 02:29:15",A201,9653f952-2137-469f-a020-618fd5744ff7
258680,29,22.9,318,93,"2021-10-25 02:40:48",A203,9653f952-2137-469f-a020-618fd5744ff7
258694,30,22.5,197,86,"2021-10-25 02:57:21",A202,9653f952-2137-469f-a020-618fd5744ff7
258696,27,23.6,241,86,"2021-10-25 02:59:39",A201,9653f952-2137-469f-a020-618fd5744ff7
258720,30,22.4,196,86,"2021-10-25 03:27:48",A202,9653f952-2137-469f-a020-618fd5744ff7
258722,27,23.6,240,86,"2021-10-25 03:30:03",A201,9653f952-2137-469f-a020-618fd5744ff7
258733,29,22.8,319,93,"2021-10-25 03:40:40",A203,9653f952-2137-469f-a020-618fd5744ff7
258747,30,22.3,196,86,"2021-10-25 03:58:15",A202,9653f952-2137-469f-a020-618fd5744ff7
258749,27,23.5,239,86,"2021-10-25 04:00:26",A201,9653f952-2137-469f-a020-618fd5744ff7
258759,29,22.7,318,93,"2021-10-25 04:10:36",A203,9653f952-2137-469f-a020-618fd5744ff7
258774,30,22.2,193,86,"2021-10-25 04:28:43",A202,9653f952-2137-469f-a020-618fd5744ff7
258776,27,23.4,238,86,"2021-10-25 04:30:50",A201,9653f952-2137-469f-a020-618fd5744ff7
258786,29,22.6,317,100,"2021-10-25 04:40:39",A203,9653f952-2137-469f-a020-618fd5744ff7
258800,30,22.2,195,93,"2021-10-25 04:59:10",A202,9653f952-2137-469f-a020-618fd5744ff7
258802,27,23.4,234,93,"2021-10-25 05:01:15",A201,9653f952-2137-469f-a020-618fd5744ff7
258811,29,22.5,315,100,"2021-10-25 05:10:35",A203,9653f952-2137-469f-a020-618fd5744ff7
258828,30,22.2,194,93,"2021-10-25 05:29:42",A202,9653f952-2137-469f-a020-618fd5744ff7
258830,27,23.3,236,93,"2021-10-25 05:31:40",A201,9653f952-2137-469f-a020-618fd5744ff7
258838,29,22.5,313,107,"2021-10-25 05:40:40",A203,9653f952-2137-469f-a020-618fd5744ff7
258855,30,22.2,193,93,"2021-10-25 06:00:17",A202,9653f952-2137-469f-a020-618fd5744ff7
258857,27,23.3,236,93,"2021-10-25 06:02:09",A201,9653f952-2137-469f-a020-618fd5744ff7
258864,29,22.6,311,107,"2021-10-25 06:10:56",A203,9653f952-2137-469f-a020-618fd5744ff7
258882,30,22.3,195,93,"2021-10-25 06:30:53",A202,9653f952-2137-469f-a020-618fd5744ff7
258884,27,23.3,235,93,"2021-10-25 06:32:36",A201,9653f952-2137-469f-a020-618fd5744ff7
258891,29,22.7,312,107,"2021-10-25 06:41:08",A203,9653f952-2137-469f-a020-618fd5744ff7
258909,30,22.5,194,93,"2021-10-25 07:01:29",A202,9653f952-2137-469f-a020-618fd5744ff7
258911,27,23.3,238,93,"2021-10-25 07:03:06",A201,9653f952-2137-469f-a020-618fd5744ff7
258918,29,23,312,107,"2021-10-25 07:11:22",A203,9653f952-2137-469f-a020-618fd5744ff7
258936,30,22.7,195,93,"2021-10-25 07:32:05",A202,9653f952-2137-469f-a020-618fd5744ff7
258938,27,23.3,238,93,"2021-10-25 07:33:33",A201,9653f952-2137-469f-a020-618fd5744ff7
258944,29,23.2,311,107,"2021-10-25 07:41:36",A203,9653f952-2137-469f-a020-618fd5744ff7
258962,30,22.9,194,93,"2021-10-25 08:02:42",A202,9653f952-2137-469f-a020-618fd5744ff7
258964,27,23.3,237,100,"2021-10-25 08:04:04",A201,9653f952-2137-469f-a020-618fd5744ff7
258971,29,23.5,309,100,"2021-10-25 08:11:52",A203,9653f952-2137-469f-a020-618fd5744ff7
258988,30,23.2,193,100,"2021-10-25 08:33:22",A202,9653f952-2137-469f-a020-618fd5744ff7
258990,27,23.4,236,100,"2021-10-25 08:34:36",A201,9653f952-2137-469f-a020-618fd5744ff7
258996,29,23.9,312,100,"2021-10-25 08:42:10",A203,9653f952-2137-469f-a020-618fd5744ff7
259015,30,23.6,191,100,"2021-10-25 09:04:02",A202,9653f952-2137-469f-a020-618fd5744ff7
259016,27,23.5,237,100,"2021-10-25 09:05:06",A201,9653f952-2137-469f-a020-618fd5744ff7
259023,29,24.5,308,100,"2021-10-25 09:12:30",A203,9653f952-2137-469f-a020-618fd5744ff7
259041,30,24,192,93,"2021-10-25 09:34:41",A202,9653f952-2137-469f-a020-618fd5744ff7
259042,27,23.7,233,93,"2021-10-25 09:35:36",A201,9653f952-2137-469f-a020-618fd5744ff7
259049,29,25,309,107,"2021-10-25 09:42:45",A203,9653f952-2137-469f-a020-618fd5744ff7
259068,30,24.2,193,100,"2021-10-25 10:05:17",A202,9653f952-2137-469f-a020-618fd5744ff7
259069,27,23.9,231,100,"2021-10-25 10:06:07",A201,9653f952-2137-469f-a020-618fd5744ff7
259076,29,25.2,309,100,"2021-10-25 10:13:03",A203,9653f952-2137-469f-a020-618fd5744ff7
259095,30,24.5,193,100,"2021-10-25 10:36:00",A202,9653f952-2137-469f-a020-618fd5744ff7
259097,27,24,231,100,"2021-10-25 10:36:39",A201,9653f952-2137-469f-a020-618fd5744ff7
259104,29,25.6,308,100,"2021-10-25 10:43:23",A203,9653f952-2137-469f-a020-618fd5744ff7
259121,29,24.9,189,100,"2021-10-25 11:06:34",A202,9653f952-2137-469f-a020-618fd5744ff7
259123,27,24.2,235,100,"2021-10-25 11:07:07",A201,9653f952-2137-469f-a020-618fd5744ff7
259130,29,26,310,107,"2021-10-25 11:13:36",A203,9653f952-2137-469f-a020-618fd5744ff7
259149,29,25,188,100,"2021-10-25 11:37:10",A202,9653f952-2137-469f-a020-618fd5744ff7
259152,27,24.4,236,100,"2021-10-25 11:37:36",A201,9653f952-2137-469f-a020-618fd5744ff7
259157,29,26.2,309,100,"2021-10-25 11:43:57",A203,9653f952-2137-469f-a020-618fd5744ff7
259177,29,25.12,192,100,"2021-10-25 12:07:48",A202,9653f952-2137-469f-a020-618fd5744ff7
259179,27,24.5,236,100,"2021-10-25 12:08:07",A201,9653f952-2137-469f-a020-618fd5744ff7
259184,29,26.3,305,100,"2021-10-25 12:14:15",A203,9653f952-2137-469f-a020-618fd5744ff7
259205,29,25.3,194,100,"2021-10-25 12:38:28",A202,9653f952-2137-469f-a020-618fd5744ff7
259206,27,24.7,235,100,"2021-10-25 12:38:38",A201,9653f952-2137-469f-a020-618fd5744ff7
259211,29,26.6,307,100,"2021-10-25 12:44:36",A203,9653f952-2137-469f-a020-618fd5744ff7
259230,26,24.8,233,100,"2021-10-25 13:09:07",A201,9653f952-2137-469f-a020-618fd5744ff7
259231,29,25.4,193,100,"2021-10-25 13:09:08",A202,9653f952-2137-469f-a020-618fd5744ff7
259236,29,26.9,302,100,"2021-10-25 13:14:51",A203,9653f952-2137-469f-a020-618fd5744ff7
259257,26,25,234,93,"2021-10-25 13:39:39",A201,9653f952-2137-469f-a020-618fd5744ff7
259258,29,25.4,194,93,"2021-10-25 13:39:48",A202,9653f952-2137-469f-a020-618fd5744ff7
259262,29,27.12,306,107,"2021-10-25 13:45:11",A203,9653f952-2137-469f-a020-618fd5744ff7
259282,29,25.5,194,100,"2021-10-25 14:10:24",A202,9653f952-2137-469f-a020-618fd5744ff7
259284,29,27.2,309,107,"2021-10-25 14:15:27",A203,9653f952-2137-469f-a020-618fd5744ff7
259305,26,25.1,233,86,"2021-10-25 14:40:34",A201,9653f952-2137-469f-a020-618fd5744ff7
259308,29,25.4,194,86,"2021-10-25 14:41:01",A202,9653f952-2137-469f-a020-618fd5744ff7
259310,29,27.2,309,107,"2021-10-25 14:45:40",A203,9653f952-2137-469f-a020-618fd5744ff7
259333,26,25.1,233,86,"2021-10-25 15:11:00",A201,9653f952-2137-469f-a020-618fd5744ff7
259335,29,25.3,194,86,"2021-10-25 15:11:31",A202,9653f952-2137-469f-a020-618fd5744ff7
259337,29,27,311,107,"2021-10-25 15:15:51",A203,9653f952-2137-469f-a020-618fd5744ff7
259361,26,25.1,233,86,"2021-10-25 15:41:26",A201,9653f952-2137-469f-a020-618fd5744ff7
259363,29,25.1,195,86,"2021-10-25 15:42:02",A202,9653f952-2137-469f-a020-618fd5744ff7
259364,29,26.7,309,107,"2021-10-25 15:46:00",A203,9653f952-2137-469f-a020-618fd5744ff7
259388,26,25,233,86,"2021-10-25 16:11:50",A201,9653f952-2137-469f-a020-618fd5744ff7
259390,29,24.9,194,86,"2021-10-25 16:12:30",A202,9653f952-2137-469f-a020-618fd5744ff7
259392,29,26.4,311,107,"2021-10-25 16:16:07",A203,9653f952-2137-469f-a020-618fd5744ff7
259416,26,25,234,86,"2021-10-25 16:42:15",A201,9653f952-2137-469f-a020-618fd5744ff7
259418,29,24.7,190,86,"2021-10-25 16:42:58",A202,9653f952-2137-469f-a020-618fd5744ff7
259420,29,26,311,107,"2021-10-25 16:46:17",A203,9653f952-2137-469f-a020-618fd5744ff7
259442,26,24.9,234,86,"2021-10-25 17:12:40",A201,9653f952-2137-469f-a020-618fd5744ff7
259444,29,24.5,192,86,"2021-10-25 17:13:26",A202,9653f952-2137-469f-a020-618fd5744ff7
259446,29,25.7,310,107,"2021-10-25 17:16:24",A203,9653f952-2137-469f-a020-618fd5744ff7
259470,26,24.8,233,86,"2021-10-25 17:43:05",A201,9653f952-2137-469f-a020-618fd5744ff7
259472,29,24.3,195,86,"2021-10-25 17:43:52",A202,9653f952-2137-469f-a020-618fd5744ff7
259474,29,25.5,312,107,"2021-10-25 17:46:31",A203,9653f952-2137-469f-a020-618fd5744ff7
259496,26,24.7,231,86,"2021-10-25 18:13:28",A201,9653f952-2137-469f-a020-618fd5744ff7
259498,29,24.1,195,86,"2021-10-25 18:14:21",A202,9653f952-2137-469f-a020-618fd5744ff7
259500,29,25.2,311,107,"2021-10-25 18:16:38",A203,9653f952-2137-469f-a020-618fd5744ff7
259524,26,24.7,227,86,"2021-10-25 18:43:51",A201,9653f952-2137-469f-a020-618fd5744ff7
259526,29,23.9,195,86,"2021-10-25 18:44:44",A202,9653f952-2137-469f-a020-618fd5744ff7
259528,29,25,312,107,"2021-10-25 18:46:45",A203,9653f952-2137-469f-a020-618fd5744ff7
259551,26,24.5,232,86,"2021-10-25 19:14:16",A201,9653f952-2137-469f-a020-618fd5744ff7
259553,29,23.7,195,86,"2021-10-25 19:15:11",A202,9653f952-2137-469f-a020-618fd5744ff7
259555,29,24.8,310,107,"2021-10-25 19:16:52",A203,9653f952-2137-469f-a020-618fd5744ff7
259577,26,24.5,231,86,"2021-10-25 19:44:38",A201,9653f952-2137-469f-a020-618fd5744ff7
259580,29,23.6,194,86,"2021-10-25 19:45:38",A202,9653f952-2137-469f-a020-618fd5744ff7
259581,29,24.6,311,107,"2021-10-25 19:47:00",A203,9653f952-2137-469f-a020-618fd5744ff7
259602,26,24.4,232,86,"2021-10-25 20:15:04",A201,9653f952-2137-469f-a020-618fd5744ff7
259605,29,23.5,191,86,"2021-10-25 20:16:05",A202,9653f952-2137-469f-a020-618fd5744ff7
259606,29,24.4,311,107,"2021-10-25 20:17:07",A203,9653f952-2137-469f-a020-618fd5744ff7
259628,26,24.3,232,86,"2021-10-25 20:45:28",A201,9653f952-2137-469f-a020-618fd5744ff7
259631,29,23.4,190,86,"2021-10-25 20:46:35",A202,9653f952-2137-469f-a020-618fd5744ff7
259632,29,24.3,312,107,"2021-10-25 20:47:14",A203,9653f952-2137-469f-a020-618fd5744ff7
259653,26,24.2,233,86,"2021-10-25 21:15:53",A201,9653f952-2137-469f-a020-618fd5744ff7
259656,29,23.3,194,86,"2021-10-25 21:16:57",A202,9653f952-2137-469f-a020-618fd5744ff7
259657,29,24.1,311,107,"2021-10-25 21:17:21",A203,9653f952-2137-469f-a020-618fd5744ff7
259681,26,24.1,233,86,"2021-10-25 21:46:15",A201,9653f952-2137-469f-a020-618fd5744ff7
259683,29,23.16,194,86,"2021-10-25 21:47:24",A202,9653f952-2137-469f-a020-618fd5744ff7
259684,29,24,310,114,"2021-10-25 21:47:26",A203,9653f952-2137-469f-a020-618fd5744ff7
259708,26,24,230,86,"2021-10-25 22:16:38",A201,9653f952-2137-469f-a020-618fd5744ff7
259710,29,23.8,309,114,"2021-10-25 22:17:33",A203,9653f952-2137-469f-a020-618fd5744ff7
259711,29,23,194,86,"2021-10-25 22:17:48",A202,9653f952-2137-469f-a020-618fd5744ff7
259734,26,24,231,86,"2021-10-25 22:47:10",A201,9653f952-2137-469f-a020-618fd5744ff7
259736,29,23.7,308,114,"2021-10-25 22:47:44",A203,9653f952-2137-469f-a020-618fd5744ff7
259737,29,22.9,195,86,"2021-10-25 22:48:14",A202,9653f952-2137-469f-a020-618fd5744ff7
259761,26,23.9,228,86,"2021-10-25 23:17:24",A201,9653f952-2137-469f-a020-618fd5744ff7
259762,29,23.5,310,114,"2021-10-25 23:17:42",A203,9653f952-2137-469f-a020-618fd5744ff7
259764,29,22.76,195,86,"2021-10-25 23:18:38",A202,9653f952-2137-469f-a020-618fd5744ff7
259788,28,23.4,311,114,"2021-10-25 23:47:42",A203,9653f952-2137-469f-a020-618fd5744ff7
259790,29,22.6,195,86,"2021-10-25 23:49:02",A202,9653f952-2137-469f-a020-618fd5744ff7
259792,26,23.8,230,86,"2021-10-25 23:49:34",A201,9653f952-2137-469f-a020-618fd5744ff7
259815,28,23.2,309,100,"2021-10-26 00:17:39",A203,9653f952-2137-469f-a020-618fd5744ff7
259817,29,22.5,193,86,"2021-10-26 00:19:27",A202,9653f952-2137-469f-a020-618fd5744ff7
259819,26,23.7,231,86,"2021-10-26 00:19:59",A201,9653f952-2137-469f-a020-618fd5744ff7
259839,28,23.1,312,100,"2021-10-26 00:47:38",A203,9653f952-2137-469f-a020-618fd5744ff7
259843,29,22.4,190,86,"2021-10-26 00:49:52",A202,9653f952-2137-469f-a020-618fd5744ff7
259844,26,23.6,231,86,"2021-10-26 00:50:23",A201,9653f952-2137-469f-a020-618fd5744ff7
259866,28,23,312,93,"2021-10-26 01:17:30",A203,9653f952-2137-469f-a020-618fd5744ff7
259870,29,22.3,189,86,"2021-10-26 01:20:17",A202,9653f952-2137-469f-a020-618fd5744ff7
259871,26,23.5,230,86,"2021-10-26 01:20:49",A201,9653f952-2137-469f-a020-618fd5744ff7
259892,28,22.9,312,93,"2021-10-26 01:47:25",A203,9653f952-2137-469f-a020-618fd5744ff7
259897,29,22.2,190,86,"2021-10-26 01:50:43",A202,9653f952-2137-469f-a020-618fd5744ff7
259898,26,23.4,230,86,"2021-10-26 01:51:12",A201,9653f952-2137-469f-a020-618fd5744ff7
259918,28,22.8,312,93,"2021-10-26 02:17:21",A203,9653f952-2137-469f-a020-618fd5744ff7
259923,29,22.1,193,86,"2021-10-26 02:21:08",A202,9653f952-2137-469f-a020-618fd5744ff7
259924,26,23.38,229,86,"2021-10-26 02:21:36",A201,9653f952-2137-469f-a020-618fd5744ff7
259944,28,22.7,312,93,"2021-10-26 02:47:14",A203,9653f952-2137-469f-a020-618fd5744ff7
259949,29,22,193,86,"2021-10-26 02:51:35",A202,9653f952-2137-469f-a020-618fd5744ff7
259950,27,23.3,229,86,"2021-10-26 02:52:01",A201,9653f952-2137-469f-a020-618fd5744ff7
259970,28,22.6,312,93,"2021-10-26 03:17:08",A203,9653f952-2137-469f-a020-618fd5744ff7
259975,29,21.9,193,86,"2021-10-26 03:21:59",A202,9653f952-2137-469f-a020-618fd5744ff7
259976,26,23.2,228,86,"2021-10-26 03:22:26",A201,9653f952-2137-469f-a020-618fd5744ff7
259995,28,22.5,312,93,"2021-10-26 03:47:01",A203,9653f952-2137-469f-a020-618fd5744ff7
260001,29,21.9,194,86,"2021-10-26 03:52:25",A202,9653f952-2137-469f-a020-618fd5744ff7
260002,26,23.1,227,86,"2021-10-26 03:52:49",A201,9653f952-2137-469f-a020-618fd5744ff7
260021,28,22.4,310,93,"2021-10-26 04:16:55",A203,9653f952-2137-469f-a020-618fd5744ff7
260027,29,21.8,194,86,"2021-10-26 04:22:52",A202,9653f952-2137-469f-a020-618fd5744ff7
260028,26,23.1,228,86,"2021-10-26 04:23:15",A201,9653f952-2137-469f-a020-618fd5744ff7
260046,28,22.4,311,93,"2021-10-26 04:46:50",A203,9653f952-2137-469f-a020-618fd5744ff7
260052,29,21.8,193,86,"2021-10-26 04:53:18",A202,9653f952-2137-469f-a020-618fd5744ff7
260053,27,23,227,86,"2021-10-26 04:53:41",A201,9653f952-2137-469f-a020-618fd5744ff7
260071,28,22.4,308,100,"2021-10-26 05:16:47",A203,9653f952-2137-469f-a020-618fd5744ff7
260078,29,21.8,193,86,"2021-10-26 05:23:46",A202,9653f952-2137-469f-a020-618fd5744ff7
260079,27,23,228,86,"2021-10-26 05:24:05",A201,9653f952-2137-469f-a020-618fd5744ff7
260098,28,22.4,306,100,"2021-10-26 05:46:47",A203,9653f952-2137-469f-a020-618fd5744ff7
260104,29,21.8,193,86,"2021-10-26 05:54:15",A202,9653f952-2137-469f-a020-618fd5744ff7
260105,26,22.9,228,86,"2021-10-26 05:54:33",A201,9653f952-2137-469f-a020-618fd5744ff7
260124,28,22.4,307,100,"2021-10-26 06:16:48",A203,9653f952-2137-469f-a020-618fd5744ff7
260129,29,21.9,193,93,"2021-10-26 06:24:46",A202,9653f952-2137-469f-a020-618fd5744ff7
260147,29,22.5,306,100,"2021-10-26 06:46:53",A203,9653f952-2137-469f-a020-618fd5744ff7
260154,26,22.9,227,93,"2021-10-26 06:55:27",A201,9653f952-2137-469f-a020-618fd5744ff7
260155,29,22,193,93,"2021-10-26 06:56:21",A202,9653f952-2137-469f-a020-618fd5744ff7
260173,29,22.6,303,107,"2021-10-26 07:17:06",A203,9653f952-2137-469f-a020-618fd5744ff7
260180,26,22.9,226,93,"2021-10-26 07:25:56",A201,9653f952-2137-469f-a020-618fd5744ff7
260181,29,22.2,192,93,"2021-10-26 07:26:50",A202,9653f952-2137-469f-a020-618fd5744ff7
260197,29,23,304,107,"2021-10-26 07:47:22",A203,9653f952-2137-469f-a020-618fd5744ff7
260204,26,22.9,226,93,"2021-10-26 07:56:26",A201,9653f952-2137-469f-a020-618fd5744ff7
260205,29,22.5,188,93,"2021-10-26 07:57:19",A202,9653f952-2137-469f-a020-618fd5744ff7
260223,29,23.3,303,107,"2021-10-26 08:17:37",A203,9653f952-2137-469f-a020-618fd5744ff7
260229,26,23,227,93,"2021-10-26 08:26:57",A201,9653f952-2137-469f-a020-618fd5744ff7
260230,29,22.9,187,93,"2021-10-26 08:27:47",A202,9653f952-2137-469f-a020-618fd5744ff7
260247,29,23.7,303,107,"2021-10-26 08:47:52",A203,9653f952-2137-469f-a020-618fd5744ff7
260254,26,23.1,226,93,"2021-10-26 08:57:25",A201,9653f952-2137-469f-a020-618fd5744ff7
260255,29,23.2,192,93,"2021-10-26 08:58:18",A202,9653f952-2137-469f-a020-618fd5744ff7
260273,28,24,302,107,"2021-10-26 09:18:08",A203,9653f952-2137-469f-a020-618fd5744ff7
260279,26,23.2,226,100,"2021-10-26 09:27:56",A201,9653f952-2137-469f-a020-618fd5744ff7
260280,29,23.4,192,100,"2021-10-26 09:28:48",A202,9653f952-2137-469f-a020-618fd5744ff7
260298,28,24.3,302,100,"2021-10-26 09:48:27",A203,9653f952-2137-469f-a020-618fd5744ff7
260305,26,23.3,226,100,"2021-10-26 09:58:30",A201,9653f952-2137-469f-a020-618fd5744ff7
260306,29,23.7,190,100,"2021-10-26 09:59:21",A202,9653f952-2137-469f-a020-618fd5744ff7
260322,28,24.7,301,100,"2021-10-26 10:18:44",A203,9653f952-2137-469f-a020-618fd5744ff7
260329,26,23.5,225,100,"2021-10-26 10:29:06",A201,9653f952-2137-469f-a020-618fd5744ff7
260330,29,24,189,100,"2021-10-26 10:29:53",A202,9653f952-2137-469f-a020-618fd5744ff7
260346,28,25.2,298,100,"2021-10-26 10:49:08",A203,9653f952-2137-469f-a020-618fd5744ff7
260352,26,23.7,224,100,"2021-10-26 10:59:36",A201,9653f952-2137-469f-a020-618fd5744ff7
260354,29,24.5,187,100,"2021-10-26 11:00:27",A202,9653f952-2137-469f-a020-618fd5744ff7
260372,28,25.7,300,93,"2021-10-26 11:21:11",A203,9653f952-2137-469f-a020-618fd5744ff7
260378,26,24,226,100,"2021-10-26 11:30:08",A201,9653f952-2137-469f-a020-618fd5744ff7
260380,29,24.9,191,100,"2021-10-26 11:31:00",A202,9653f952-2137-469f-a020-618fd5744ff7
260398,28,26.2,299,100,"2021-10-26 11:51:34",A203,9653f952-2137-469f-a020-618fd5744ff7
260404,26,24.2,226,100,"2021-10-26 12:00:41",A201,9653f952-2137-469f-a020-618fd5744ff7
260406,29,25.4,188,100,"2021-10-26 12:01:34",A202,9653f952-2137-469f-a020-618fd5744ff7
260423,28,26.7,297,100,"2021-10-26 12:21:59",A203,9653f952-2137-469f-a020-618fd5744ff7
260430,26,24.5,225,100,"2021-10-26 12:31:16",A201,9653f952-2137-469f-a020-618fd5744ff7
260432,29,25.6,191,100,"2021-10-26 12:32:09",A202,9653f952-2137-469f-a020-618fd5744ff7
260450,28,27.1,297,100,"2021-10-26 12:52:24",A203,9653f952-2137-469f-a020-618fd5744ff7
260458,26,24.8,224,100,"2021-10-26 13:01:52",A201,9653f952-2137-469f-a020-618fd5744ff7
260459,29,25.8,192,100,"2021-10-26 13:02:43",A202,9653f952-2137-469f-a020-618fd5744ff7
260476,28,27.3,298,107,"2021-10-26 13:22:46",A203,9653f952-2137-469f-a020-618fd5744ff7
260484,26,25,224,100,"2021-10-26 13:32:22",A201,9653f952-2137-469f-a020-618fd5744ff7
260500,28,27.3,296,107,"2021-10-26 13:53:02",A203,9653f952-2137-469f-a020-618fd5744ff7
260506,26,25.1,224,93,"2021-10-26 14:02:52",A201,9653f952-2137-469f-a020-618fd5744ff7
260507,29,25.7,192,100,"2021-10-26 14:03:43",A202,9653f952-2137-469f-a020-618fd5744ff7
260526,28,27.2,298,107,"2021-10-26 14:23:21",A203,9653f952-2137-469f-a020-618fd5744ff7
260532,26,25.2,223,86,"2021-10-26 14:33:20",A201,9653f952-2137-469f-a020-618fd5744ff7
260533,29,25.7,192,86,"2021-10-26 14:34:13",A202,9653f952-2137-469f-a020-618fd5744ff7
260553,28,27.2,299,107,"2021-10-26 14:53:36",A203,9653f952-2137-469f-a020-618fd5744ff7
260559,26,25.2,225,86,"2021-10-26 15:03:51",A201,9653f952-2137-469f-a020-618fd5744ff7
260561,29,25.5,193,86,"2021-10-26 15:04:41",A202,9653f952-2137-469f-a020-618fd5744ff7
260579,28,27,301,107,"2021-10-26 15:23:52",A203,9653f952-2137-469f-a020-618fd5744ff7
260585,26,25.2,225,86,"2021-10-26 15:34:19",A201,9653f952-2137-469f-a020-618fd5744ff7
260587,29,25.4,192,86,"2021-10-26 15:35:05",A202,9653f952-2137-469f-a020-618fd5744ff7
260607,28,26.8,302,107,"2021-10-26 15:54:04",A203,9653f952-2137-469f-a020-618fd5744ff7
260612,26,25.2,224,86,"2021-10-26 16:04:47",A201,9653f952-2137-469f-a020-618fd5744ff7
260613,29,25.2,193,86,"2021-10-26 16:05:31",A202,9653f952-2137-469f-a020-618fd5744ff7
260632,28,26.5,301,107,"2021-10-26 16:24:16",A203,9653f952-2137-469f-a020-618fd5744ff7
260639,26,25.1,224,86,"2021-10-26 16:35:13",A201,9653f952-2137-469f-a020-618fd5744ff7
260641,29,25,188,86,"2021-10-26 16:35:51",A202,9653f952-2137-469f-a020-618fd5744ff7
260660,28,26.2,302,107,"2021-10-26 16:54:27",A203,9653f952-2137-469f-a020-618fd5744ff7
260667,26,25,224,86,"2021-10-26 17:05:41",A201,9653f952-2137-469f-a020-618fd5744ff7
260668,29,24.7,189,86,"2021-10-26 17:06:13",A202,9653f952-2137-469f-a020-618fd5744ff7
260687,28,25.9,298,107,"2021-10-26 17:24:38",A203,9653f952-2137-469f-a020-618fd5744ff7
260693,26,24.9,225,86,"2021-10-26 17:36:04",A201,9653f952-2137-469f-a020-618fd5744ff7
260695,29,24.5,194,86,"2021-10-26 17:36:34",A202,9653f952-2137-469f-a020-618fd5744ff7
260712,28,25.6,303,107,"2021-10-26 17:54:48",A203,9653f952-2137-469f-a020-618fd5744ff7
260719,26,24.9,223,86,"2021-10-26 18:06:31",A201,9653f952-2137-469f-a020-618fd5744ff7
260721,29,24.3,194,86,"2021-10-26 18:06:54",A202,9653f952-2137-469f-a020-618fd5744ff7
260739,28,25.4,302,107,"2021-10-26 18:24:57",A203,9653f952-2137-469f-a020-618fd5744ff7
260747,26,24.8,224,86,"2021-10-26 18:36:56",A201,9653f952-2137-469f-a020-618fd5744ff7
260749,29,24.1,193,86,"2021-10-26 18:37:14",A202,9653f952-2137-469f-a020-618fd5744ff7
260767,28,25.1,300,107,"2021-10-26 18:55:07",A203,9653f952-2137-469f-a020-618fd5744ff7
260774,26,24.7,223,86,"2021-10-26 19:07:22",A201,9653f952-2137-469f-a020-618fd5744ff7
260775,29,24,188,86,"2021-10-26 19:07:34",A202,9653f952-2137-469f-a020-618fd5744ff7
260791,28,24.9,299,107,"2021-10-26 19:25:15",A203,9653f952-2137-469f-a020-618fd5744ff7
260799,26,24.6,223,86,"2021-10-26 19:37:47",A201,9653f952-2137-469f-a020-618fd5744ff7
260800,29,23.8,189,86,"2021-10-26 19:37:53",A202,9653f952-2137-469f-a020-618fd5744ff7
260817,28,24.7,302,107,"2021-10-26 19:55:24",A203,9653f952-2137-469f-a020-618fd5744ff7
260826,29,23.6,190,86,"2021-10-26 20:08:10",A202,9653f952-2137-469f-a020-618fd5744ff7
260827,26,24.5,223,86,"2021-10-26 20:08:13",A201,9653f952-2137-469f-a020-618fd5744ff7
260844,28,24.5,302,107,"2021-10-26 20:25:32",A203,9653f952-2137-469f-a020-618fd5744ff7
260854,29,23.5,193,86,"2021-10-26 20:38:29",A202,9653f952-2137-469f-a020-618fd5744ff7
260855,26,24.32,221,86,"2021-10-26 20:38:36",A201,9653f952-2137-469f-a020-618fd5744ff7
260871,28,24.3,302,107,"2021-10-26 20:55:38",A203,9653f952-2137-469f-a020-618fd5744ff7
260881,29,23.3,193,86,"2021-10-26 21:08:46",A202,9653f952-2137-469f-a020-618fd5744ff7
260882,26,24.3,223,86,"2021-10-26 21:09:00",A201,9653f952-2137-469f-a020-618fd5744ff7
260898,28,24.2,298,107,"2021-10-26 21:25:47",A203,9653f952-2137-469f-a020-618fd5744ff7
260908,29,23.2,193,86,"2021-10-26 21:39:04",A202,9653f952-2137-469f-a020-618fd5744ff7
260909,26,24.1,222,86,"2021-10-26 21:39:25",A201,9653f952-2137-469f-a020-618fd5744ff7
260925,28,24,300,114,"2021-10-26 21:55:54",A203,9653f952-2137-469f-a020-618fd5744ff7
260936,29,23,193,86,"2021-10-26 22:09:25",A202,9653f952-2137-469f-a020-618fd5744ff7
260937,26,24.1,222,86,"2021-10-26 22:09:49",A201,9653f952-2137-469f-a020-618fd5744ff7
260952,28,23.8,300,114,"2021-10-26 22:26:02",A203,9653f952-2137-469f-a020-618fd5744ff7
260964,29,22.9,192,86,"2021-10-26 22:39:42",A202,9653f952-2137-469f-a020-618fd5744ff7
260965,26,23.9,222,86,"2021-10-26 22:40:14",A201,9653f952-2137-469f-a020-618fd5744ff7
260980,28,23.7,301,114,"2021-10-26 22:56:13",A203,9653f952-2137-469f-a020-618fd5744ff7
260992,29,22.8,191,86,"2021-10-26 23:10:00",A202,9653f952-2137-469f-a020-618fd5744ff7
260993,26,23.9,221,86,"2021-10-26 23:10:38",A201,9653f952-2137-469f-a020-618fd5744ff7
261007,28,23.5,302,114,"2021-10-26 23:26:16",A203,9653f952-2137-469f-a020-618fd5744ff7
261020,29,22.6,188,86,"2021-10-26 23:40:18",A202,9653f952-2137-469f-a020-618fd5744ff7
261021,26,23.8,221,86,"2021-10-26 23:41:02",A201,9653f952-2137-469f-a020-618fd5744ff7
261034,28,23.4,301,114,"2021-10-26 23:56:23",A203,9653f952-2137-469f-a020-618fd5744ff7
261047,29,22.5,188,86,"2021-10-27 00:10:34",A202,9653f952-2137-469f-a020-618fd5744ff7
261049,26,23.7,220,86,"2021-10-27 00:11:26",A201,9653f952-2137-469f-a020-618fd5744ff7
261062,28,23.2,301,114,"2021-10-27 00:26:29",A203,9653f952-2137-469f-a020-618fd5744ff7
261075,29,22.4,190,86,"2021-10-27 00:40:52",A202,9653f952-2137-469f-a020-618fd5744ff7
261077,26,23.6,219,86,"2021-10-27 00:41:50",A201,9653f952-2137-469f-a020-618fd5744ff7
261090,28,23.1,301,114,"2021-10-27 00:56:35",A203,9653f952-2137-469f-a020-618fd5744ff7
261103,29,22.3,192,86,"2021-10-27 01:11:08",A202,9653f952-2137-469f-a020-618fd5744ff7
261106,26,23.5,219,86,"2021-10-27 01:12:15",A201,9653f952-2137-469f-a020-618fd5744ff7
261118,28,23,300,114,"2021-10-27 01:26:39",A203,9653f952-2137-469f-a020-618fd5744ff7
261131,29,22.1,192,86,"2021-10-27 01:41:26",A202,9653f952-2137-469f-a020-618fd5744ff7
261134,26,23.4,218,86,"2021-10-27 01:42:38",A201,9653f952-2137-469f-a020-618fd5744ff7
261144,28,22.88,298,114,"2021-10-27 01:56:45",A203,9653f952-2137-469f-a020-618fd5744ff7
261157,29,22,192,86,"2021-10-27 02:11:43",A202,9653f952-2137-469f-a020-618fd5744ff7
261160,26,23.3,219,86,"2021-10-27 02:13:01",A201,9653f952-2137-469f-a020-618fd5744ff7
261170,27,22.7,299,100,"2021-10-27 02:26:44",A203,9653f952-2137-469f-a020-618fd5744ff7
261182,29,21.9,191,86,"2021-10-27 02:42:01",A202,9653f952-2137-469f-a020-618fd5744ff7
261185,26,23.2,221,86,"2021-10-27 02:43:27",A201,9653f952-2137-469f-a020-618fd5744ff7
261195,27,22.6,304,93,"2021-10-27 02:56:42",A203,9653f952-2137-469f-a020-618fd5744ff7
261210,29,21.9,191,86,"2021-10-27 03:12:21",A202,9653f952-2137-469f-a020-618fd5744ff7
261212,26,23.1,220,86,"2021-10-27 03:13:51",A201,9653f952-2137-469f-a020-618fd5744ff7
261221,27,22.6,303,93,"2021-10-27 03:26:35",A203,9653f952-2137-469f-a020-618fd5744ff7
261236,29,21.8,191,86,"2021-10-27 03:42:37",A202,9653f952-2137-469f-a020-618fd5744ff7
261238,26,23.1,220,86,"2021-10-27 03:44:15",A201,9653f952-2137-469f-a020-618fd5744ff7
261246,27,22.5,304,93,"2021-10-27 03:56:30",A203,9653f952-2137-469f-a020-618fd5744ff7
261262,29,21.7,192,86,"2021-10-27 04:12:54",A202,9653f952-2137-469f-a020-618fd5744ff7
261264,26,23,219,86,"2021-10-27 04:14:40",A201,9653f952-2137-469f-a020-618fd5744ff7
261272,27,22.4,296,100,"2021-10-27 04:26:28",A203,9653f952-2137-469f-a020-618fd5744ff7
261287,29,21.7,189,86,"2021-10-27 04:43:15",A202,9653f952-2137-469f-a020-618fd5744ff7
261289,26,22.9,219,93,"2021-10-27 04:45:03",A201,9653f952-2137-469f-a020-618fd5744ff7
261296,28,22.3,299,100,"2021-10-27 04:56:28",A203,9653f952-2137-469f-a020-618fd5744ff7
261315,29,21.6,188,93,"2021-10-27 05:13:36",A202,9653f952-2137-469f-a020-618fd5744ff7
261317,26,22.9,219,93,"2021-10-27 05:15:29",A201,9653f952-2137-469f-a020-618fd5744ff7
261323,28,22.3,295,107,"2021-10-27 05:26:36",A203,9653f952-2137-469f-a020-618fd5744ff7
261341,29,21.6,188,93,"2021-10-27 05:44:00",A202,9653f952-2137-469f-a020-618fd5744ff7
261343,26,22.8,219,93,"2021-10-27 05:46:01",A201,9653f952-2137-469f-a020-618fd5744ff7
261349,28,22.3,296,107,"2021-10-27 05:56:51",A203,9653f952-2137-469f-a020-618fd5744ff7
261367,29,21.7,188,93,"2021-10-27 06:14:29",A202,9653f952-2137-469f-a020-618fd5744ff7
261369,26,22.8,216,93,"2021-10-27 06:16:29",A201,9653f952-2137-469f-a020-618fd5744ff7
261375,28,22.4,298,107,"2021-10-27 06:27:06",A203,9653f952-2137-469f-a020-618fd5744ff7
261393,29,21.8,189,93,"2021-10-27 06:44:59",A202,9653f952-2137-469f-a020-618fd5744ff7
261394,26,22.8,217,100,"2021-10-27 06:46:55",A201,9653f952-2137-469f-a020-618fd5744ff7
261418,29,22,190,100,"2021-10-27 07:15:28",A202,9653f952-2137-469f-a020-618fd5744ff7
261419,26,22.8,218,100,"2021-10-27 07:17:27",A201,9653f952-2137-469f-a020-618fd5744ff7
261425,28,22.9,296,100,"2021-10-27 07:27:43",A203,9653f952-2137-469f-a020-618fd5744ff7
261444,29,22.4,190,100,"2021-10-27 07:45:59",A202,9653f952-2137-469f-a020-618fd5744ff7
261445,26,22.8,218,100,"2021-10-27 07:47:59",A201,9653f952-2137-469f-a020-618fd5744ff7
261451,28,23.2,296,100,"2021-10-27 07:58:00",A203,9653f952-2137-469f-a020-618fd5744ff7
261472,29,22.8,189,100,"2021-10-27 08:16:28",A202,9653f952-2137-469f-a020-618fd5744ff7
261473,26,22.9,216,100,"2021-10-27 08:18:28",A201,9653f952-2137-469f-a020-618fd5744ff7
261478,28,23.6,292,107,"2021-10-27 08:28:19",A203,9653f952-2137-469f-a020-618fd5744ff7
261502,29,23.1,186,100,"2021-10-27 08:46:59",A202,9653f952-2137-469f-a020-618fd5744ff7
261503,26,23,216,100,"2021-10-27 08:48:59",A201,9653f952-2137-469f-a020-618fd5744ff7
261509,28,23.9,293,100,"2021-10-27 08:58:37",A203,9653f952-2137-469f-a020-618fd5744ff7
261532,29,23.5,185,100,"2021-10-27 09:17:31",A202,9653f952-2137-469f-a020-618fd5744ff7
261533,26,23.2,216,100,"2021-10-27 09:19:31",A201,9653f952-2137-469f-a020-618fd5744ff7
261539,28,24.26,290,100,"2021-10-27 09:28:59",A203,9653f952-2137-469f-a020-618fd5744ff7
261562,29,24,189,100,"2021-10-27 09:48:04",A202,9653f952-2137-469f-a020-618fd5744ff7
261563,26,23.4,217,100,"2021-10-27 09:50:04",A201,9653f952-2137-469f-a020-618fd5744ff7
261568,27,24.7,294,100,"2021-10-27 09:59:20",A203,9653f952-2137-469f-a020-618fd5744ff7
261592,29,24.3,188,100,"2021-10-27 10:18:35",A202,9653f952-2137-469f-a020-618fd5744ff7
261593,26,23.6,216,100,"2021-10-27 10:20:35",A201,9653f952-2137-469f-a020-618fd5744ff7
261598,27,24.9,295,100,"2021-10-27 10:29:40",A203,9653f952-2137-469f-a020-618fd5744ff7
261623,29,24.6,184,100,"2021-10-27 10:49:06",A202,9653f952-2137-469f-a020-618fd5744ff7
261624,26,23.7,216,100,"2021-10-27 10:51:08",A201,9653f952-2137-469f-a020-618fd5744ff7
261629,27,25.2,293,100,"2021-10-27 11:00:02",A203,9653f952-2137-469f-a020-618fd5744ff7
261653,29,24.9,186,100,"2021-10-27 11:19:38",A202,9653f952-2137-469f-a020-618fd5744ff7
261654,26,23.9,217,100,"2021-10-27 11:21:38",A201,9653f952-2137-469f-a020-618fd5744ff7
261659,27,25.5,292,100,"2021-10-27 11:30:24",A203,9653f952-2137-469f-a020-618fd5744ff7
261684,28,25.4,189,100,"2021-10-27 11:50:11",A202,9653f952-2137-469f-a020-618fd5744ff7
261685,26,24.2,214,100,"2021-10-27 11:52:13",A201,9653f952-2137-469f-a020-618fd5744ff7
261690,27,25.8,293,100,"2021-10-27 12:00:47",A203,9653f952-2137-469f-a020-618fd5744ff7
261713,28,25.8,186,100,"2021-10-27 12:20:43",A202,9653f952-2137-469f-a020-618fd5744ff7
261740,28,26,185,100,"2021-10-27 12:51:16",A202,9653f952-2137-469f-a020-618fd5744ff7
261741,26,24.8,214,100,"2021-10-27 12:53:15",A201,9653f952-2137-469f-a020-618fd5744ff7
261746,27,26.3,292,100,"2021-10-27 13:01:35",A203,9653f952-2137-469f-a020-618fd5744ff7
261770,28,26,186,100,"2021-10-27 13:21:49",A202,9653f952-2137-469f-a020-618fd5744ff7
261771,26,25,214,100,"2021-10-27 13:23:49",A201,9653f952-2137-469f-a020-618fd5744ff7
261776,27,26.5,292,100,"2021-10-27 13:31:58",A203,9653f952-2137-469f-a020-618fd5744ff7
261799,28,26,190,100,"2021-10-27 13:52:21",A202,9653f952-2137-469f-a020-618fd5744ff7
261800,26,25.2,214,100,"2021-10-27 13:54:23",A201,9653f952-2137-469f-a020-618fd5744ff7
261805,27,26.6,287,100,"2021-10-27 14:02:21",A203,9653f952-2137-469f-a020-618fd5744ff7
261828,28,26,189,93,"2021-10-27 14:22:53",A202,9653f952-2137-469f-a020-618fd5744ff7
261829,26,25.3,214,93,"2021-10-27 14:24:54",A201,9653f952-2137-469f-a020-618fd5744ff7
261834,27,26.6,290,100,"2021-10-27 14:32:42",A203,9653f952-2137-469f-a020-618fd5744ff7
261857,28,25.9,190,86,"2021-10-27 14:53:22",A202,9653f952-2137-469f-a020-618fd5744ff7
261858,26,25.3,214,86,"2021-10-27 14:55:25",A201,9653f952-2137-469f-a020-618fd5744ff7
261863,27,26.6,291,107,"2021-10-27 15:03:01",A203,9653f952-2137-469f-a020-618fd5744ff7
261887,28,25.8,189,86,"2021-10-27 15:23:55",A202,9653f952-2137-469f-a020-618fd5744ff7
261889,26,25.3,214,86,"2021-10-27 15:25:54",A201,9653f952-2137-469f-a020-618fd5744ff7
261894,27,26.6,290,107,"2021-10-27 15:33:19",A203,9653f952-2137-469f-a020-618fd5744ff7
261918,28,25.6,189,86,"2021-10-27 15:54:18",A202,9653f952-2137-469f-a020-618fd5744ff7
261920,26,25.3,213,86,"2021-10-27 15:56:24",A201,9653f952-2137-469f-a020-618fd5744ff7
261925,27,26.4,289,107,"2021-10-27 16:03:36",A203,9653f952-2137-469f-a020-618fd5744ff7
261948,28,25.4,189,86,"2021-10-27 16:24:42",A202,9653f952-2137-469f-a020-618fd5744ff7
261954,27,26.2,291,107,"2021-10-27 16:33:50",A203,9653f952-2137-469f-a020-618fd5744ff7
261978,28,25.2,188,86,"2021-10-27 16:55:03",A202,9653f952-2137-469f-a020-618fd5744ff7
261980,26,25.2,211,86,"2021-10-27 16:57:18",A201,9653f952-2137-469f-a020-618fd5744ff7
261985,27,26,292,107,"2021-10-27 17:04:02",A203,9653f952-2137-469f-a020-618fd5744ff7
262008,28,25,190,86,"2021-10-27 17:25:22",A202,9653f952-2137-469f-a020-618fd5744ff7
262010,26,25.1,213,86,"2021-10-27 17:27:45",A201,9653f952-2137-469f-a020-618fd5744ff7
262014,27,25.8,293,107,"2021-10-27 17:34:15",A203,9653f952-2137-469f-a020-618fd5744ff7
262039,28,24.76,191,86,"2021-10-27 17:55:43",A202,9653f952-2137-469f-a020-618fd5744ff7
262041,26,25.1,209,86,"2021-10-27 17:58:11",A201,9653f952-2137-469f-a020-618fd5744ff7
262045,27,25.6,293,107,"2021-10-27 18:04:23",A203,9653f952-2137-469f-a020-618fd5744ff7
262068,28,24.5,190,86,"2021-10-27 18:26:04",A202,9653f952-2137-469f-a020-618fd5744ff7
262070,26,25,212,86,"2021-10-27 18:28:38",A201,9653f952-2137-469f-a020-618fd5744ff7
262074,27,25.4,294,107,"2021-10-27 18:34:34",A203,9653f952-2137-469f-a020-618fd5744ff7
262097,28,24.3,184,86,"2021-10-27 18:56:23",A202,9653f952-2137-469f-a020-618fd5744ff7
262099,26,24.9,212,86,"2021-10-27 18:59:03",A201,9653f952-2137-469f-a020-618fd5744ff7
262103,27,25.2,294,107,"2021-10-27 19:04:42",A203,9653f952-2137-469f-a020-618fd5744ff7
262127,28,24.1,185,86,"2021-10-27 19:26:39",A202,9653f952-2137-469f-a020-618fd5744ff7
262129,26,24.8,211,86,"2021-10-27 19:29:29",A201,9653f952-2137-469f-a020-618fd5744ff7
262133,27,25,292,107,"2021-10-27 19:34:52",A203,9653f952-2137-469f-a020-618fd5744ff7
262157,28,23.9,190,86,"2021-10-27 19:57:01",A202,9653f952-2137-469f-a020-618fd5744ff7
262159,26,24.7,211,86,"2021-10-27 19:59:54",A201,9653f952-2137-469f-a020-618fd5744ff7
262162,27,24.9,291,107,"2021-10-27 20:05:00",A203,9653f952-2137-469f-a020-618fd5744ff7
262187,28,23.8,191,86,"2021-10-27 20:27:19",A202,9653f952-2137-469f-a020-618fd5744ff7
262191,27,24.7,294,107,"2021-10-27 20:35:09",A203,9653f952-2137-469f-a020-618fd5744ff7
262214,28,23.6,191,86,"2021-10-27 20:57:36",A202,9653f952-2137-469f-a020-618fd5744ff7
262216,26,24.5,209,86,"2021-10-27 21:00:43",A201,9653f952-2137-469f-a020-618fd5744ff7
262219,27,24.5,293,107,"2021-10-27 21:05:18",A203,9653f952-2137-469f-a020-618fd5744ff7
262242,28,23.4,191,86,"2021-10-27 21:27:53",A202,9653f952-2137-469f-a020-618fd5744ff7
262245,26,24.3,211,86,"2021-10-27 21:31:07",A201,9653f952-2137-469f-a020-618fd5744ff7
262248,27,24.4,294,107,"2021-10-27 21:35:25",A203,9653f952-2137-469f-a020-618fd5744ff7
262271,28,23.3,186,86,"2021-10-27 21:58:11",A202,9653f952-2137-469f-a020-618fd5744ff7
262274,26,24.24,210,86,"2021-10-27 22:01:34",A201,9653f952-2137-469f-a020-618fd5744ff7
262277,27,24.2,295,107,"2021-10-27 22:05:33",A203,9653f952-2137-469f-a020-618fd5744ff7
262302,28,23.1,186,86,"2021-10-27 22:28:30",A202,9653f952-2137-469f-a020-618fd5744ff7
262305,26,24.1,209,86,"2021-10-27 22:31:57",A201,9653f952-2137-469f-a020-618fd5744ff7
262308,27,24.1,294,114,"2021-10-27 22:35:42",A203,9653f952-2137-469f-a020-618fd5744ff7
262333,28,23,185,86,"2021-10-27 22:58:47",A202,9653f952-2137-469f-a020-618fd5744ff7
262336,26,24.1,209,86,"2021-10-27 23:02:22",A201,9653f952-2137-469f-a020-618fd5744ff7
262339,27,24,293,107,"2021-10-27 23:05:47",A203,9653f952-2137-469f-a020-618fd5744ff7
262363,28,22.9,190,86,"2021-10-27 23:29:05",A202,9653f952-2137-469f-a020-618fd5744ff7
262366,26,24,210,86,"2021-10-27 23:32:49",A201,9653f952-2137-469f-a020-618fd5744ff7
262369,27,23.9,294,107,"2021-10-27 23:35:57",A203,9653f952-2137-469f-a020-618fd5744ff7
262395,28,22.8,190,86,"2021-10-27 23:59:23",A202,9653f952-2137-469f-a020-618fd5744ff7
262398,26,23.9,210,86,"2021-10-28 00:03:12",A201,9653f952-2137-469f-a020-618fd5744ff7
262401,27,23.8,292,114,"2021-10-28 00:06:03",A203,9653f952-2137-469f-a020-618fd5744ff7
262424,28,22.7,190,86,"2021-10-28 00:29:42",A202,9653f952-2137-469f-a020-618fd5744ff7
262429,26,23.8,209,86,"2021-10-28 00:33:38",A201,9653f952-2137-469f-a020-618fd5744ff7
262431,27,23.7,294,107,"2021-10-28 00:36:11",A203,9653f952-2137-469f-a020-618fd5744ff7
262452,28,22.6,190,86,"2021-10-28 01:00:05",A202,9653f952-2137-469f-a020-618fd5744ff7
262458,26,23.7,209,86,"2021-10-28 01:04:01",A201,9653f952-2137-469f-a020-618fd5744ff7
262459,27,23.6,294,107,"2021-10-28 01:06:18",A203,9653f952-2137-469f-a020-618fd5744ff7
262482,28,22.5,189,86,"2021-10-28 01:30:20",A202,9653f952-2137-469f-a020-618fd5744ff7
262488,26,23.6,209,86,"2021-10-28 01:34:28",A201,9653f952-2137-469f-a020-618fd5744ff7
262489,27,23.6,293,107,"2021-10-28 01:36:26",A203,9653f952-2137-469f-a020-618fd5744ff7
262512,28,22.5,190,86,"2021-10-28 02:00:39",A202,9653f952-2137-469f-a020-618fd5744ff7
262518,26,23.6,208,86,"2021-10-28 02:04:53",A201,9653f952-2137-469f-a020-618fd5744ff7
262519,27,23.5,293,107,"2021-10-28 02:06:34",A203,9653f952-2137-469f-a020-618fd5744ff7
262542,28,22.4,190,86,"2021-10-28 02:30:57",A202,9653f952-2137-469f-a020-618fd5744ff7
262547,27,23.4,293,107,"2021-10-28 02:36:41",A203,9653f952-2137-469f-a020-618fd5744ff7
262549,26,23.5,205,86,"2021-10-28 02:37:04",A201,9653f952-2137-469f-a020-618fd5744ff7
262570,28,22.3,189,86,"2021-10-28 03:01:16",A202,9653f952-2137-469f-a020-618fd5744ff7
262576,27,23.4,293,107,"2021-10-28 03:06:47",A203,9653f952-2137-469f-a020-618fd5744ff7
262579,26,23.46,206,86,"2021-10-28 03:07:28",A201,9653f952-2137-469f-a020-618fd5744ff7
262599,28,22.3,186,86,"2021-10-28 03:31:36",A202,9653f952-2137-469f-a020-618fd5744ff7
262605,27,23.3,291,107,"2021-10-28 03:36:55",A203,9653f952-2137-469f-a020-618fd5744ff7
262607,26,23.4,208,86,"2021-10-28 03:37:53",A201,9653f952-2137-469f-a020-618fd5744ff7
262628,28,22.2,187,86,"2021-10-28 04:01:55",A202,9653f952-2137-469f-a020-618fd5744ff7
262634,27,23.2,291,107,"2021-10-28 04:07:03",A203,9653f952-2137-469f-a020-618fd5744ff7
262637,26,23.3,209,86,"2021-10-28 04:08:17",A201,9653f952-2137-469f-a020-618fd5744ff7
262658,28,22.2,186,86,"2021-10-28 04:32:13",A202,9653f952-2137-469f-a020-618fd5744ff7
262664,27,23.2,293,107,"2021-10-28 04:37:12",A203,9653f952-2137-469f-a020-618fd5744ff7
262667,26,23.3,207,86,"2021-10-28 04:38:40",A201,9653f952-2137-469f-a020-618fd5744ff7
262687,28,22.1,187,86,"2021-10-28 05:02:33",A202,9653f952-2137-469f-a020-618fd5744ff7
262692,27,23.2,293,107,"2021-10-28 05:07:19",A203,9653f952-2137-469f-a020-618fd5744ff7
262695,26,23.2,208,86,"2021-10-28 05:09:06",A201,9653f952-2137-469f-a020-618fd5744ff7
262715,28,22.1,186,93,"2021-10-28 05:32:53",A202,9653f952-2137-469f-a020-618fd5744ff7
262720,27,23.1,291,107,"2021-10-28 05:37:29",A203,9653f952-2137-469f-a020-618fd5744ff7
262722,26,23.2,208,93,"2021-10-28 05:39:31",A201,9653f952-2137-469f-a020-618fd5744ff7
262744,28,22.2,185,93,"2021-10-28 06:03:16",A202,9653f952-2137-469f-a020-618fd5744ff7
262750,27,23.2,291,107,"2021-10-28 06:07:48",A203,9653f952-2137-469f-a020-618fd5744ff7
262753,26,23.2,208,93,"2021-10-28 06:09:57",A201,9653f952-2137-469f-a020-618fd5744ff7
262774,28,22.2,185,93,"2021-10-28 06:33:42",A202,9653f952-2137-469f-a020-618fd5744ff7
262779,27,23.2,291,107,"2021-10-28 06:37:51",A203,9653f952-2137-469f-a020-618fd5744ff7
262782,26,23.2,207,93,"2021-10-28 06:40:25",A201,9653f952-2137-469f-a020-618fd5744ff7
262804,28,22.3,185,93,"2021-10-28 07:04:05",A202,9653f952-2137-469f-a020-618fd5744ff7
262810,27,23.3,290,107,"2021-10-28 07:08:04",A203,9653f952-2137-469f-a020-618fd5744ff7
262813,26,23.2,207,93,"2021-10-28 07:10:52",A201,9653f952-2137-469f-a020-618fd5744ff7
262834,28,22.5,184,93,"2021-10-28 07:34:32",A202,9653f952-2137-469f-a020-618fd5744ff7
262840,27,23.4,289,100,"2021-10-28 07:38:20",A203,9653f952-2137-469f-a020-618fd5744ff7
262843,26,23.2,207,93,"2021-10-28 07:41:21",A201,9653f952-2137-469f-a020-618fd5744ff7
262863,28,22.8,189,93,"2021-10-28 08:05:03",A202,9653f952-2137-469f-a020-618fd5744ff7
262869,27,23.6,290,100,"2021-10-28 08:08:42",A203,9653f952-2137-469f-a020-618fd5744ff7
262872,26,23.2,205,100,"2021-10-28 08:11:51",A201,9653f952-2137-469f-a020-618fd5744ff7
262893,28,23.3,187,100,"2021-10-28 08:35:36",A202,9653f952-2137-469f-a020-618fd5744ff7
262898,27,24,288,100,"2021-10-28 08:39:02",A203,9653f952-2137-469f-a020-618fd5744ff7
262902,26,23.3,206,93,"2021-10-28 08:42:26",A201,9653f952-2137-469f-a020-618fd5744ff7
262923,28,23.8,181,93,"2021-10-28 09:06:09",A202,9653f952-2137-469f-a020-618fd5744ff7
262928,27,24.5,286,100,"2021-10-28 09:09:21",A203,9653f952-2137-469f-a020-618fd5744ff7
262933,26,23.5,206,93,"2021-10-28 09:12:57",A201,9653f952-2137-469f-a020-618fd5744ff7
262954,28,24.1,186,86,"2021-10-28 09:37:50",A202,9653f952-2137-469f-a020-618fd5744ff7
262958,27,24.8,289,107,"2021-10-28 09:39:40",A203,9653f952-2137-469f-a020-618fd5744ff7
262962,26,23.7,206,93,"2021-10-28 09:43:25",A201,9653f952-2137-469f-a020-618fd5744ff7
262982,28,24.2,186,86,"2021-10-28 10:08:05",A202,9653f952-2137-469f-a020-618fd5744ff7
262986,27,25,289,107,"2021-10-28 10:09:48",A203,9653f952-2137-469f-a020-618fd5744ff7
262989,26,23.9,206,93,"2021-10-28 10:13:52",A201,9653f952-2137-469f-a020-618fd5744ff7
263007,28,24.1,187,93,"2021-10-28 10:38:24",A202,9653f952-2137-469f-a020-618fd5744ff7
263011,27,24.9,289,107,"2021-10-28 10:39:58",A203,9653f952-2137-469f-a020-618fd5744ff7
263014,26,24,203,93,"2021-10-28 10:44:17",A201,9653f952-2137-469f-a020-618fd5744ff7
263035,28,23.9,186,93,"2021-10-28 11:08:42",A202,9653f952-2137-469f-a020-618fd5744ff7
263038,27,24.8,288,107,"2021-10-28 11:10:09",A203,9653f952-2137-469f-a020-618fd5744ff7
263042,26,24,204,100,"2021-10-28 11:14:45",A201,9653f952-2137-469f-a020-618fd5744ff7
263064,28,23.9,184,93,"2021-10-28 11:39:05",A202,9653f952-2137-469f-a020-618fd5744ff7
263066,27,24.7,288,107,"2021-10-28 11:40:26",A203,9653f952-2137-469f-a020-618fd5744ff7
263072,26,24,204,93,"2021-10-28 11:45:11",A201,9653f952-2137-469f-a020-618fd5744ff7
263093,28,23.9,184,100,"2021-10-28 12:09:24",A202,9653f952-2137-469f-a020-618fd5744ff7
263095,27,24.7,289,107,"2021-10-28 12:10:38",A203,9653f952-2137-469f-a020-618fd5744ff7
263100,26,24,204,100,"2021-10-28 12:15:39",A201,9653f952-2137-469f-a020-618fd5744ff7
263120,28,23.9,186,100,"2021-10-28 12:39:46",A202,9653f952-2137-469f-a020-618fd5744ff7
263121,27,24.7,289,107,"2021-10-28 12:40:52",A203,9653f952-2137-469f-a020-618fd5744ff7
263126,26,24,205,100,"2021-10-28 12:46:10",A201,9653f952-2137-469f-a020-618fd5744ff7
263146,28,23.9,185,100,"2021-10-28 13:10:07",A202,9653f952-2137-469f-a020-618fd5744ff7
263147,27,24.7,288,107,"2021-10-28 13:11:07",A203,9653f952-2137-469f-a020-618fd5744ff7
263152,26,24,205,100,"2021-10-28 13:16:34",A201,9653f952-2137-469f-a020-618fd5744ff7
263173,28,24,188,93,"2021-10-28 13:40:29",A202,9653f952-2137-469f-a020-618fd5744ff7
263177,27,24.7,290,107,"2021-10-28 13:43:06",A203,9653f952-2137-469f-a020-618fd5744ff7
263180,26,24.1,205,93,"2021-10-28 13:47:02",A201,9653f952-2137-469f-a020-618fd5744ff7
263201,28,24,187,93,"2021-10-28 14:10:48",A202,9653f952-2137-469f-a020-618fd5744ff7
263203,27,24.7,290,107,"2021-10-28 14:13:27",A203,9653f952-2137-469f-a020-618fd5744ff7
263207,26,24.1,203,93,"2021-10-28 14:17:30",A201,9653f952-2137-469f-a020-618fd5744ff7
263228,28,24,188,93,"2021-10-28 14:41:11",A202,9653f952-2137-469f-a020-618fd5744ff7
263231,27,24.7,290,107,"2021-10-28 14:43:50",A203,9653f952-2137-469f-a020-618fd5744ff7
263235,26,24.1,204,93,"2021-10-28 14:47:59",A201,9653f952-2137-469f-a020-618fd5744ff7
263255,28,24,187,86,"2021-10-28 15:11:34",A202,9653f952-2137-469f-a020-618fd5744ff7
263258,27,24.7,290,107,"2021-10-28 15:14:12",A203,9653f952-2137-469f-a020-618fd5744ff7
263262,26,24.1,204,86,"2021-10-28 15:18:26",A201,9653f952-2137-469f-a020-618fd5744ff7
263284,28,24,186,86,"2021-10-28 15:41:54",A202,9653f952-2137-469f-a020-618fd5744ff7
263287,27,24.7,290,107,"2021-10-28 15:44:35",A203,9653f952-2137-469f-a020-618fd5744ff7
263290,25,24.1,202,86,"2021-10-28 15:48:52",A201,9653f952-2137-469f-a020-618fd5744ff7
263312,28,23.9,187,86,"2021-10-28 16:12:14",A202,9653f952-2137-469f-a020-618fd5744ff7
263315,27,24.6,291,107,"2021-10-28 16:14:57",A203,9653f952-2137-469f-a020-618fd5744ff7
263319,25,24.1,204,86,"2021-10-28 16:19:18",A201,9653f952-2137-469f-a020-618fd5744ff7
263340,28,23.7,185,86,"2021-10-28 16:42:27",A202,9653f952-2137-469f-a020-618fd5744ff7
263342,27,24.5,290,107,"2021-10-28 16:45:10",A203,9653f952-2137-469f-a020-618fd5744ff7
263347,25,24.1,203,86,"2021-10-28 16:49:44",A201,9653f952-2137-469f-a020-618fd5744ff7
263369,28,23.6,184,86,"2021-10-28 17:12:45",A202,9653f952-2137-469f-a020-618fd5744ff7
263371,27,24.4,289,107,"2021-10-28 17:15:31",A203,9653f952-2137-469f-a020-618fd5744ff7
263376,25,24,204,86,"2021-10-28 17:20:09",A201,9653f952-2137-469f-a020-618fd5744ff7
263398,28,23.5,185,86,"2021-10-28 17:43:02",A202,9653f952-2137-469f-a020-618fd5744ff7
263400,27,24.3,290,107,"2021-10-28 17:45:46",A203,9653f952-2137-469f-a020-618fd5744ff7
263404,26,24,204,86,"2021-10-28 17:50:36",A201,9653f952-2137-469f-a020-618fd5744ff7
263427,28,23.4,186,86,"2021-10-28 18:13:16",A202,9653f952-2137-469f-a020-618fd5744ff7
263429,27,24.1,290,107,"2021-10-28 18:16:03",A203,9653f952-2137-469f-a020-618fd5744ff7
263433,26,23.9,204,86,"2021-10-28 18:21:00",A201,9653f952-2137-469f-a020-618fd5744ff7
263455,28,23.2,188,86,"2021-10-28 18:43:31",A202,9653f952-2137-469f-a020-618fd5744ff7
263457,27,24,291,107,"2021-10-28 18:46:19",A203,9653f952-2137-469f-a020-618fd5744ff7
263461,25,23.9,203,86,"2021-10-28 18:51:24",A201,9653f952-2137-469f-a020-618fd5744ff7
263482,28,23.1,188,86,"2021-10-28 19:13:47",A202,9653f952-2137-469f-a020-618fd5744ff7
263486,26,23.8,202,86,"2021-10-28 19:21:48",A201,9653f952-2137-469f-a020-618fd5744ff7
263508,28,22.9,188,86,"2021-10-28 19:44:00",A202,9653f952-2137-469f-a020-618fd5744ff7
263510,27,23.7,289,107,"2021-10-28 19:46:51",A203,9653f952-2137-469f-a020-618fd5744ff7
263514,26,23.7,202,86,"2021-10-28 19:52:12",A201,9653f952-2137-469f-a020-618fd5744ff7
263535,28,22.8,189,86,"2021-10-28 20:14:15",A202,9653f952-2137-469f-a020-618fd5744ff7
263537,27,23.6,288,114,"2021-10-28 20:17:07",A203,9653f952-2137-469f-a020-618fd5744ff7
263541,26,23.6,199,86,"2021-10-28 20:22:37",A201,9653f952-2137-469f-a020-618fd5744ff7
263564,28,22.6,189,86,"2021-10-28 20:44:28",A202,9653f952-2137-469f-a020-618fd5744ff7
263566,27,23.5,289,114,"2021-10-28 20:47:27",A203,9653f952-2137-469f-a020-618fd5744ff7
263570,26,23.5,202,86,"2021-10-28 20:53:00",A201,9653f952-2137-469f-a020-618fd5744ff7
263592,28,22.5,186,86,"2021-10-28 21:14:42",A202,9653f952-2137-469f-a020-618fd5744ff7
263594,27,23.4,290,114,"2021-10-28 21:17:39",A203,9653f952-2137-469f-a020-618fd5744ff7
263598,26,23.5,202,86,"2021-10-28 21:23:23",A201,9653f952-2137-469f-a020-618fd5744ff7
263620,28,22.4,185,86,"2021-10-28 21:44:55",A202,9653f952-2137-469f-a020-618fd5744ff7
263622,27,23.2,290,114,"2021-10-28 21:47:57",A203,9653f952-2137-469f-a020-618fd5744ff7
263627,26,23.4,203,86,"2021-10-28 21:53:47",A201,9653f952-2137-469f-a020-618fd5744ff7
263648,28,22.2,184,86,"2021-10-28 22:15:07",A202,9653f952-2137-469f-a020-618fd5744ff7
263650,27,23.1,287,114,"2021-10-28 22:18:06",A203,9653f952-2137-469f-a020-618fd5744ff7
263675,28,22.1,186,86,"2021-10-28 22:45:27",A202,9653f952-2137-469f-a020-618fd5744ff7
263677,27,23,288,114,"2021-10-28 22:48:21",A203,9653f952-2137-469f-a020-618fd5744ff7
263682,26,23.2,203,86,"2021-10-28 22:54:33",A201,9653f952-2137-469f-a020-618fd5744ff7
263702,28,22,187,86,"2021-10-28 23:15:36",A202,9653f952-2137-469f-a020-618fd5744ff7
263708,26,23.1,202,86,"2021-10-28 23:24:57",A201,9653f952-2137-469f-a020-618fd5744ff7
263725,28,21.9,185,86,"2021-10-28 23:45:46",A202,9653f952-2137-469f-a020-618fd5744ff7
263728,26,22.8,289,114,"2021-10-28 23:48:44",A203,9653f952-2137-469f-a020-618fd5744ff7
263733,26,23,202,86,"2021-10-28 23:55:21",A201,9653f952-2137-469f-a020-618fd5744ff7
263752,28,21.8,188,86,"2021-10-29 00:15:59",A202,9653f952-2137-469f-a020-618fd5744ff7
263753,26,22.7,293,93,"2021-10-29 00:18:46",A203,9653f952-2137-469f-a020-618fd5744ff7
263757,26,22.9,200,86,"2021-10-29 00:25:43",A201,9653f952-2137-469f-a020-618fd5744ff7
263776,28,21.7,187,86,"2021-10-29 00:46:10",A202,9653f952-2137-469f-a020-618fd5744ff7
263779,26,22.6,293,93,"2021-10-29 00:48:53",A203,9653f952-2137-469f-a020-618fd5744ff7
263802,28,21.6,188,86,"2021-10-29 01:16:23",A202,9653f952-2137-469f-a020-618fd5744ff7
263804,26,22.5,293,93,"2021-10-29 01:18:51",A203,9653f952-2137-469f-a020-618fd5744ff7
263808,26,22.8,198,86,"2021-10-29 01:26:29",A201,9653f952-2137-469f-a020-618fd5744ff7
263826,28,21.5,185,86,"2021-10-29 01:46:37",A202,9653f952-2137-469f-a020-618fd5744ff7
263829,26,22.42,293,93,"2021-10-29 01:48:53",A203,9653f952-2137-469f-a020-618fd5744ff7
263835,26,22.7,199,86,"2021-10-29 01:56:53",A201,9653f952-2137-469f-a020-618fd5744ff7
263853,28,21.4,185,86,"2021-10-29 02:16:48",A202,9653f952-2137-469f-a020-618fd5744ff7
263861,26,22.6,200,86,"2021-10-29 02:27:16",A201,9653f952-2137-469f-a020-618fd5744ff7
263879,28,21.3,183,86,"2021-10-29 02:47:01",A202,9653f952-2137-469f-a020-618fd5744ff7
263882,26,22.3,292,93,"2021-10-29 02:48:58",A203,9653f952-2137-469f-a020-618fd5744ff7
263888,26,22.6,201,86,"2021-10-29 02:57:39",A201,9653f952-2137-469f-a020-618fd5744ff7
263905,28,21.3,182,86,"2021-10-29 03:17:16",A202,9653f952-2137-469f-a020-618fd5744ff7
263908,26,22.3,292,93,"2021-10-29 03:19:02",A203,9653f952-2137-469f-a020-618fd5744ff7
263914,26,22.5,200,86,"2021-10-29 03:28:04",A201,9653f952-2137-469f-a020-618fd5744ff7
263932,28,21.2,185,86,"2021-10-29 03:47:28",A202,9653f952-2137-469f-a020-618fd5744ff7
263935,26,22.28,292,93,"2021-10-29 03:49:06",A203,9653f952-2137-469f-a020-618fd5744ff7
263940,26,22.42,198,86,"2021-10-29 03:58:29",A201,9653f952-2137-469f-a020-618fd5744ff7
263958,28,21.2,186,86,"2021-10-29 04:17:41",A202,9653f952-2137-469f-a020-618fd5744ff7
263961,26,22.2,292,93,"2021-10-29 04:19:06",A203,9653f952-2137-469f-a020-618fd5744ff7
263966,26,22.4,200,86,"2021-10-29 04:28:50",A201,9653f952-2137-469f-a020-618fd5744ff7
263984,28,21.1,185,86,"2021-10-29 04:47:55",A202,9653f952-2137-469f-a020-618fd5744ff7
263986,26,22.2,289,93,"2021-10-29 04:49:11",A203,9653f952-2137-469f-a020-618fd5744ff7
263993,26,22.4,200,93,"2021-10-29 04:59:18",A201,9653f952-2137-469f-a020-618fd5744ff7
264011,28,21.1,186,93,"2021-10-29 05:18:10",A202,9653f952-2137-469f-a020-618fd5744ff7
264012,27,22.2,288,100,"2021-10-29 05:19:19",A203,9653f952-2137-469f-a020-618fd5744ff7
264020,26,22.3,200,93,"2021-10-29 05:29:38",A201,9653f952-2137-469f-a020-618fd5744ff7
264039,28,21.2,186,93,"2021-10-29 05:48:27",A202,9653f952-2137-469f-a020-618fd5744ff7
264040,27,22.2,288,100,"2021-10-29 05:49:32",A203,9653f952-2137-469f-a020-618fd5744ff7
264049,26,22.3,200,93,"2021-10-29 06:00:03",A201,9653f952-2137-469f-a020-618fd5744ff7
264065,28,21.3,186,93,"2021-10-29 06:18:48",A202,9653f952-2137-469f-a020-618fd5744ff7
264067,27,22.3,288,107,"2021-10-29 06:19:51",A203,9653f952-2137-469f-a020-618fd5744ff7
264076,26,22.3,199,93,"2021-10-29 06:30:32",A201,9653f952-2137-469f-a020-618fd5744ff7
264092,28,21.4,185,93,"2021-10-29 06:49:12",A202,9653f952-2137-469f-a020-618fd5744ff7
264094,27,22.4,286,107,"2021-10-29 06:50:15",A203,9653f952-2137-469f-a020-618fd5744ff7
264119,28,21.6,183,93,"2021-10-29 07:19:39",A202,9653f952-2137-469f-a020-618fd5744ff7
264121,27,22.6,286,107,"2021-10-29 07:20:39",A203,9653f952-2137-469f-a020-618fd5744ff7
264131,26,22.3,199,100,"2021-10-29 07:31:34",A201,9653f952-2137-469f-a020-618fd5744ff7
264147,28,22,183,100,"2021-10-29 07:50:04",A202,9653f952-2137-469f-a020-618fd5744ff7
264148,27,22.8,287,100,"2021-10-29 07:51:06",A203,9653f952-2137-469f-a020-618fd5744ff7
264158,26,22.4,199,100,"2021-10-29 08:02:03",A201,9653f952-2137-469f-a020-618fd5744ff7
264174,28,22.5,184,100,"2021-10-29 08:20:33",A202,9653f952-2137-469f-a020-618fd5744ff7
264175,27,23.2,286,100,"2021-10-29 08:21:36",A203,9653f952-2137-469f-a020-618fd5744ff7
264186,25,22.5,198,100,"2021-10-29 08:32:36",A201,9653f952-2137-469f-a020-618fd5744ff7
264202,28,23,182,100,"2021-10-29 08:51:02",A202,9653f952-2137-469f-a020-618fd5744ff7
264203,27,23.7,284,100,"2021-10-29 08:52:07",A203,9653f952-2137-469f-a020-618fd5744ff7
264214,25,22.7,198,100,"2021-10-29 09:03:08",A201,9653f952-2137-469f-a020-618fd5744ff7
264230,28,23.6,184,100,"2021-10-29 09:21:32",A202,9653f952-2137-469f-a020-618fd5744ff7
264231,27,24.2,283,100,"2021-10-29 09:22:40",A203,9653f952-2137-469f-a020-618fd5744ff7
264240,25,22.9,197,100,"2021-10-29 09:33:41",A201,9653f952-2137-469f-a020-618fd5744ff7
264256,28,24.2,183,100,"2021-10-29 09:52:01",A202,9653f952-2137-469f-a020-618fd5744ff7
264257,26,24.7,281,100,"2021-10-29 09:53:20",A203,9653f952-2137-469f-a020-618fd5744ff7
264268,25,23.2,198,100,"2021-10-29 10:04:15",A201,9653f952-2137-469f-a020-618fd5744ff7
264284,28,24.6,180,100,"2021-10-29 10:22:41",A202,9653f952-2137-469f-a020-618fd5744ff7
264285,26,25.2,281,100,"2021-10-29 10:23:46",A203,9653f952-2137-469f-a020-618fd5744ff7
264295,25,23.5,197,100,"2021-10-29 10:34:43",A201,9653f952-2137-469f-a020-618fd5744ff7
264312,28,25,184,100,"2021-10-29 10:53:02",A202,9653f952-2137-469f-a020-618fd5744ff7
264313,26,25.7,279,100,"2021-10-29 10:54:14",A203,9653f952-2137-469f-a020-618fd5744ff7
264325,25,23.9,198,100,"2021-10-29 11:05:15",A201,9653f952-2137-469f-a020-618fd5744ff7
264341,28,25.3,184,100,"2021-10-29 11:23:30",A202,9653f952-2137-469f-a020-618fd5744ff7
264354,25,24.1,199,100,"2021-10-29 11:35:45",A201,9653f952-2137-469f-a020-618fd5744ff7
264370,28,25.5,182,100,"2021-10-29 11:54:00",A202,9653f952-2137-469f-a020-618fd5744ff7
264372,26,26.28,281,100,"2021-10-29 11:55:18",A203,9653f952-2137-469f-a020-618fd5744ff7
264384,25,24.4,199,100,"2021-10-29 12:06:16",A201,9653f952-2137-469f-a020-618fd5744ff7
264400,28,25.7,180,100,"2021-10-29 12:24:28",A202,9653f952-2137-469f-a020-618fd5744ff7
264402,26,26.4,276,100,"2021-10-29 12:25:49",A203,9653f952-2137-469f-a020-618fd5744ff7
264414,25,24.6,198,100,"2021-10-29 12:36:48",A201,9653f952-2137-469f-a020-618fd5744ff7
264430,27,25.7,179,93,"2021-10-29 12:54:55",A202,9653f952-2137-469f-a020-618fd5744ff7
264431,26,26.5,279,107,"2021-10-29 12:56:18",A203,9653f952-2137-469f-a020-618fd5744ff7
264442,25,24.8,198,93,"2021-10-29 13:07:19",A201,9653f952-2137-469f-a020-618fd5744ff7
264458,27,25.7,183,93,"2021-10-29 13:25:18",A202,9653f952-2137-469f-a020-618fd5744ff7
264460,26,26.5,279,107,"2021-10-29 13:26:40",A203,9653f952-2137-469f-a020-618fd5744ff7
264470,25,24.9,198,100,"2021-10-29 13:37:47",A201,9653f952-2137-469f-a020-618fd5744ff7
264486,28,25.5,183,93,"2021-10-29 13:55:40",A202,9653f952-2137-469f-a020-618fd5744ff7
264488,26,26.4,281,107,"2021-10-29 13:57:05",A203,9653f952-2137-469f-a020-618fd5744ff7
264499,25,24.9,196,93,"2021-10-29 14:08:15",A201,9653f952-2137-469f-a020-618fd5744ff7
264515,28,25.4,179,86,"2021-10-29 14:26:01",A202,9653f952-2137-469f-a020-618fd5744ff7
264517,26,26.2,284,107,"2021-10-29 14:27:28",A203,9653f952-2137-469f-a020-618fd5744ff7
264529,25,25,197,86,"2021-10-29 14:38:43",A201,9653f952-2137-469f-a020-618fd5744ff7
264547,28,25.2,184,86,"2021-10-29 14:56:23",A202,9653f952-2137-469f-a020-618fd5744ff7
264549,26,26,282,107,"2021-10-29 14:57:49",A203,9653f952-2137-469f-a020-618fd5744ff7
264561,25,25,197,86,"2021-10-29 15:09:10",A201,9653f952-2137-469f-a020-618fd5744ff7
264578,27,25,186,86,"2021-10-29 15:26:41",A202,9653f952-2137-469f-a020-618fd5744ff7
264580,26,25.8,281,107,"2021-10-29 15:28:12",A203,9653f952-2137-469f-a020-618fd5744ff7
264590,25,24.9,198,86,"2021-10-29 15:39:37",A201,9653f952-2137-469f-a020-618fd5744ff7
264607,28,24.8,186,86,"2021-10-29 15:57:01",A202,9653f952-2137-469f-a020-618fd5744ff7
264609,26,25.6,283,107,"2021-10-29 15:58:30",A203,9653f952-2137-469f-a020-618fd5744ff7
264621,25,24.9,198,86,"2021-10-29 16:10:03",A201,9653f952-2137-469f-a020-618fd5744ff7
264637,27,24.6,187,86,"2021-10-29 16:27:18",A202,9653f952-2137-469f-a020-618fd5744ff7
264638,26,25.4,285,107,"2021-10-29 16:28:50",A203,9653f952-2137-469f-a020-618fd5744ff7
264650,25,24.8,198,86,"2021-10-29 16:40:28",A201,9653f952-2137-469f-a020-618fd5744ff7
264666,28,24.4,186,86,"2021-10-29 16:57:36",A202,9653f952-2137-469f-a020-618fd5744ff7
264668,26,25.2,285,107,"2021-10-29 16:59:10",A203,9653f952-2137-469f-a020-618fd5744ff7
264675,25,24.78,196,86,"2021-10-29 17:10:55",A201,9653f952-2137-469f-a020-618fd5744ff7
264691,28,24.3,184,86,"2021-10-29 17:27:55",A202,9653f952-2137-469f-a020-618fd5744ff7
264693,26,25,285,107,"2021-10-29 17:29:29",A203,9653f952-2137-469f-a020-618fd5744ff7
264703,25,24.7,198,86,"2021-10-29 17:41:21",A201,9653f952-2137-469f-a020-618fd5744ff7
264719,28,24.1,181,86,"2021-10-29 17:58:12",A202,9653f952-2137-469f-a020-618fd5744ff7
264721,26,24.9,283,107,"2021-10-29 17:59:48",A203,9653f952-2137-469f-a020-618fd5744ff7
264733,25,24.6,197,86,"2021-10-29 18:11:46",A201,9653f952-2137-469f-a020-618fd5744ff7
264748,28,24,184,86,"2021-10-29 18:28:30",A202,9653f952-2137-469f-a020-618fd5744ff7
264751,26,24.7,284,107,"2021-10-29 18:30:05",A203,9653f952-2137-469f-a020-618fd5744ff7
264762,25,24.5,198,86,"2021-10-29 18:42:13",A201,9653f952-2137-469f-a020-618fd5744ff7
264777,28,23.8,185,86,"2021-10-29 18:58:45",A202,9653f952-2137-469f-a020-618fd5744ff7
264780,26,24.6,285,107,"2021-10-29 19:00:25",A203,9653f952-2137-469f-a020-618fd5744ff7
264792,25,24.4,198,86,"2021-10-29 19:12:37",A201,9653f952-2137-469f-a020-618fd5744ff7
264806,28,23.7,186,86,"2021-10-29 19:29:01",A202,9653f952-2137-469f-a020-618fd5744ff7
264809,26,24.5,284,107,"2021-10-29 19:30:41",A203,9653f952-2137-469f-a020-618fd5744ff7
264821,25,24.3,198,86,"2021-10-29 19:43:03",A201,9653f952-2137-469f-a020-618fd5744ff7
264836,28,23.5,186,86,"2021-10-29 19:59:18",A202,9653f952-2137-469f-a020-618fd5744ff7
264850,25,24.3,197,86,"2021-10-29 20:13:27",A201,9653f952-2137-469f-a020-618fd5744ff7
264865,28,23.4,186,86,"2021-10-29 20:29:33",A202,9653f952-2137-469f-a020-618fd5744ff7
264868,26,24.2,284,107,"2021-10-29 20:31:16",A203,9653f952-2137-469f-a020-618fd5744ff7
264880,25,24.2,196,86,"2021-10-29 20:43:52",A201,9653f952-2137-469f-a020-618fd5744ff7
264895,28,23.2,186,86,"2021-10-29 20:59:50",A202,9653f952-2137-469f-a020-618fd5744ff7
264909,25,24.1,197,86,"2021-10-29 21:14:16",A201,9653f952-2137-469f-a020-618fd5744ff7
264924,28,23.1,184,86,"2021-10-29 21:30:04",A202,9653f952-2137-469f-a020-618fd5744ff7
264937,25,24,196,86,"2021-10-29 21:44:41",A201,9653f952-2137-469f-a020-618fd5744ff7
264952,28,23,184,86,"2021-10-29 22:00:17",A202,9653f952-2137-469f-a020-618fd5744ff7
264955,26,23.8,284,114,"2021-10-29 22:02:01",A203,9653f952-2137-469f-a020-618fd5744ff7
264967,25,23.9,197,86,"2021-10-29 22:15:04",A201,9653f952-2137-469f-a020-618fd5744ff7
264982,28,22.8,185,86,"2021-10-29 22:30:31",A202,9653f952-2137-469f-a020-618fd5744ff7
264996,25,23.8,196,86,"2021-10-29 22:45:28",A201,9653f952-2137-469f-a020-618fd5744ff7
265011,28,22.7,185,86,"2021-10-29 23:00:44",A202,9653f952-2137-469f-a020-618fd5744ff7
265024,25,23.7,196,86,"2021-10-29 23:15:53",A201,9653f952-2137-469f-a020-618fd5744ff7
265038,28,22.6,184,86,"2021-10-29 23:30:58",A202,9653f952-2137-469f-a020-618fd5744ff7
265041,26,23.4,285,114,"2021-10-29 23:32:56",A203,9653f952-2137-469f-a020-618fd5744ff7
265053,25,23.6,196,86,"2021-10-29 23:46:17",A201,9653f952-2137-469f-a020-618fd5744ff7
265066,28,22.4,184,86,"2021-10-30 00:01:10",A202,9653f952-2137-469f-a020-618fd5744ff7
265080,25,23.5,197,86,"2021-10-30 00:16:39",A201,9653f952-2137-469f-a020-618fd5744ff7
265094,28,22.3,184,86,"2021-10-30 00:31:22",A202,9653f952-2137-469f-a020-618fd5744ff7
265109,25,23.4,196,86,"2021-10-30 00:47:02",A201,9653f952-2137-469f-a020-618fd5744ff7
265123,28,22.1,186,86,"2021-10-30 01:01:35",A202,9653f952-2137-469f-a020-618fd5744ff7
265126,26,23,284,100,"2021-10-30 01:03:13",A203,9653f952-2137-469f-a020-618fd5744ff7
265138,25,23.3,196,86,"2021-10-30 01:17:26",A201,9653f952-2137-469f-a020-618fd5744ff7
265151,28,22,186,86,"2021-10-30 01:31:47",A202,9653f952-2137-469f-a020-618fd5744ff7
265166,25,23.2,195,86,"2021-10-30 01:47:49",A201,9653f952-2137-469f-a020-618fd5744ff7
265179,28,21.9,184,86,"2021-10-30 02:02:00",A202,9653f952-2137-469f-a020-618fd5744ff7
265193,25,23.1,192,86,"2021-10-30 02:18:11",A201,9653f952-2137-469f-a020-618fd5744ff7
265207,28,21.7,182,86,"2021-10-30 02:32:11",A202,9653f952-2137-469f-a020-618fd5744ff7
265220,25,23,195,86,"2021-10-30 02:48:34",A201,9653f952-2137-469f-a020-618fd5744ff7
265235,28,21.6,184,86,"2021-10-30 03:02:25",A202,9653f952-2137-469f-a020-618fd5744ff7
265248,25,22.9,196,86,"2021-10-30 03:18:57",A201,9653f952-2137-469f-a020-618fd5744ff7
265262,28,21.5,185,86,"2021-10-30 03:32:37",A202,9653f952-2137-469f-a020-618fd5744ff7
265275,25,22.8,195,86,"2021-10-30 03:49:20",A201,9653f952-2137-469f-a020-618fd5744ff7
265289,28,21.4,184,86,"2021-10-30 04:02:51",A202,9653f952-2137-469f-a020-618fd5744ff7
265302,25,22.8,194,86,"2021-10-30 04:19:43",A201,9653f952-2137-469f-a020-618fd5744ff7
265315,28,21.3,184,86,"2021-10-30 04:33:03",A202,9653f952-2137-469f-a020-618fd5744ff7
265328,25,22.7,195,86,"2021-10-30 04:50:11",A201,9653f952-2137-469f-a020-618fd5744ff7
265341,28,21.3,184,86,"2021-10-30 05:03:18",A202,9653f952-2137-469f-a020-618fd5744ff7
265343,26,22.3,284,100,"2021-10-30 05:03:44",A203,9653f952-2137-469f-a020-618fd5744ff7
265357,25,22.6,195,93,"2021-10-30 05:22:17",A201,9653f952-2137-469f-a020-618fd5744ff7
265368,28,21.2,185,93,"2021-10-30 05:33:34",A202,9653f952-2137-469f-a020-618fd5744ff7
265387,25,22.5,195,93,"2021-10-30 05:52:44",A201,9653f952-2137-469f-a020-618fd5744ff7
265398,28,21.2,182,93,"2021-10-30 06:03:54",A202,9653f952-2137-469f-a020-618fd5744ff7
265399,26,22.2,281,107,"2021-10-30 06:04:09",A203,9653f952-2137-469f-a020-618fd5744ff7
265416,25,22.5,194,93,"2021-10-30 06:23:12",A201,9653f952-2137-469f-a020-618fd5744ff7
265427,28,21.3,183,93,"2021-10-30 06:34:17",A202,9653f952-2137-469f-a020-618fd5744ff7
265428,26,22.3,281,107,"2021-10-30 06:34:31",A203,9653f952-2137-469f-a020-618fd5744ff7
265446,25,22.5,194,100,"2021-10-30 06:53:43",A201,9653f952-2137-469f-a020-618fd5744ff7
265456,28,21.6,182,93,"2021-10-30 07:04:43",A202,9653f952-2137-469f-a020-618fd5744ff7
265475,25,22.5,193,100,"2021-10-30 07:24:14",A201,9653f952-2137-469f-a020-618fd5744ff7
265502,25,22.5,194,100,"2021-10-30 07:54:47",A201,9653f952-2137-469f-a020-618fd5744ff7
265511,28,22.4,182,100,"2021-10-30 08:05:42",A202,9653f952-2137-469f-a020-618fd5744ff7
265531,25,22.6,192,100,"2021-10-30 08:25:21",A201,9653f952-2137-469f-a020-618fd5744ff7
265541,27,22.9,180,100,"2021-10-30 08:36:14",A202,9653f952-2137-469f-a020-618fd5744ff7
265542,26,23.6,275,100,"2021-10-30 08:36:27",A203,9653f952-2137-469f-a020-618fd5744ff7
265560,25,22.8,193,100,"2021-10-30 08:55:55",A201,9653f952-2137-469f-a020-618fd5744ff7
265570,27,23.6,181,100,"2021-10-30 09:06:44",A202,9653f952-2137-469f-a020-618fd5744ff7
265571,26,24.2,275,100,"2021-10-30 09:07:03",A203,9653f952-2137-469f-a020-618fd5744ff7
265588,25,23,192,100,"2021-10-30 09:26:29",A201,9653f952-2137-469f-a020-618fd5744ff7
265597,27,24.4,178,100,"2021-10-30 09:37:16",A202,9653f952-2137-469f-a020-618fd5744ff7
265598,26,24.8,271,93,"2021-10-30 09:37:31",A203,9653f952-2137-469f-a020-618fd5744ff7
265617,25,23.3,192,100,"2021-10-30 09:57:02",A201,9653f952-2137-469f-a020-618fd5744ff7
265627,27,25,181,100,"2021-10-30 10:07:46",A202,9653f952-2137-469f-a020-618fd5744ff7
265645,25,23.6,191,100,"2021-10-30 10:27:36",A201,9653f952-2137-469f-a020-618fd5744ff7
265656,27,25.4,179,100,"2021-10-30 10:38:17",A202,9653f952-2137-469f-a020-618fd5744ff7
265674,25,23.9,193,100,"2021-10-30 10:58:10",A201,9653f952-2137-469f-a020-618fd5744ff7
265685,27,25.8,182,100,"2021-10-30 11:08:45",A202,9653f952-2137-469f-a020-618fd5744ff7
265687,26,26.5,273,100,"2021-10-30 11:09:09",A203,9653f952-2137-469f-a020-618fd5744ff7
265705,25,24.3,193,100,"2021-10-30 11:28:45",A201,9653f952-2137-469f-a020-618fd5744ff7
265716,27,26.2,181,100,"2021-10-30 11:39:17",A202,9653f952-2137-469f-a020-618fd5744ff7
265718,26,26.8,270,93,"2021-10-30 11:39:49",A203,9653f952-2137-469f-a020-618fd5744ff7
265734,25,24.6,193,100,"2021-10-30 11:59:19",A201,9653f952-2137-469f-a020-618fd5744ff7
265746,26,27.2,272,93,"2021-10-30 12:10:44",A203,9653f952-2137-469f-a020-618fd5744ff7
265747,27,26.7,179,100,"2021-10-30 12:11:04",A202,9653f952-2137-469f-a020-618fd5744ff7
265765,25,24.9,190,100,"2021-10-30 12:29:53",A201,9653f952-2137-469f-a020-618fd5744ff7
265777,26,27.2,272,93,"2021-10-30 12:40:52",A203,9653f952-2137-469f-a020-618fd5744ff7
265778,27,26.9,182,93,"2021-10-30 12:41:24",A202,9653f952-2137-469f-a020-618fd5744ff7
265795,25,25.2,192,93,"2021-10-30 13:00:23",A201,9653f952-2137-469f-a020-618fd5744ff7
265807,26,27.52,272,107,"2021-10-30 13:11:23",A203,9653f952-2137-469f-a020-618fd5744ff7
265808,27,26.9,183,86,"2021-10-30 13:11:42",A202,9653f952-2137-469f-a020-618fd5744ff7
265825,25,25.3,192,86,"2021-10-30 13:30:54",A201,9653f952-2137-469f-a020-618fd5744ff7
265837,26,27.5,269,114,"2021-10-30 13:41:40",A203,9653f952-2137-469f-a020-618fd5744ff7
265838,27,26.7,184,86,"2021-10-30 13:41:55",A202,9653f952-2137-469f-a020-618fd5744ff7
265855,25,25.4,194,86,"2021-10-30 14:01:19",A201,9653f952-2137-469f-a020-618fd5744ff7
265867,29,27.2,335,107,"2021-10-30 14:11:55",A203,9653f952-2137-469f-a020-618fd5744ff7
265868,31,26.4,212,86,"2021-10-30 14:12:01",A202,9653f952-2137-469f-a020-618fd5744ff7
265885,26,25.4,228,86,"2021-10-30 14:31:42",A201,9653f952-2137-469f-a020-618fd5744ff7
265895,31,25.7,213,86,"2021-10-30 14:42:08",A202,9653f952-2137-469f-a020-618fd5744ff7
265896,30,26.5,346,107,"2021-10-30 14:42:11",A203,9653f952-2137-469f-a020-618fd5744ff7
265913,26,25.3,244,86,"2021-10-30 15:02:08",A201,9653f952-2137-469f-a020-618fd5744ff7
265922,31,25.2,208,86,"2021-10-30 15:12:16",A202,9653f952-2137-469f-a020-618fd5744ff7
265924,30,25.9,346,107,"2021-10-30 15:12:27",A203,9653f952-2137-469f-a020-618fd5744ff7
265941,27,25.1,251,86,"2021-10-30 15:32:32",A201,9653f952-2137-469f-a020-618fd5744ff7
265951,31,24.8,212,86,"2021-10-30 15:42:25",A202,9653f952-2137-469f-a020-618fd5744ff7
265953,31,25.5,353,107,"2021-10-30 15:42:44",A203,9653f952-2137-469f-a020-618fd5744ff7
265969,28,25,260,86,"2021-10-30 16:02:58",A201,9653f952-2137-469f-a020-618fd5744ff7
265979,31,24.5,214,86,"2021-10-30 16:12:34",A202,9653f952-2137-469f-a020-618fd5744ff7
265982,33,25.1,363,107,"2021-10-30 16:14:36",A203,9653f952-2137-469f-a020-618fd5744ff7
265998,29,24.9,267,86,"2021-10-30 16:33:23",A201,9653f952-2137-469f-a020-618fd5744ff7
266009,31,24.2,212,86,"2021-10-30 16:42:43",A202,9653f952-2137-469f-a020-618fd5744ff7
266023,29,24.7,266,86,"2021-10-30 17:03:48",A201,9653f952-2137-469f-a020-618fd5744ff7
266034,31,24,207,86,"2021-10-30 17:12:52",A202,9653f952-2137-469f-a020-618fd5744ff7
266037,32,24.6,356,107,"2021-10-30 17:15:21",A203,9653f952-2137-469f-a020-618fd5744ff7
266051,29,24.6,266,86,"2021-10-30 17:34:14",A201,9653f952-2137-469f-a020-618fd5744ff7
266061,31,23.8,209,86,"2021-10-30 17:43:00",A202,9653f952-2137-469f-a020-618fd5744ff7
266064,32,24.4,354,107,"2021-10-30 17:45:44",A203,9653f952-2137-469f-a020-618fd5744ff7
266079,29,24.5,264,86,"2021-10-30 18:04:40",A201,9653f952-2137-469f-a020-618fd5744ff7
266089,31,23.7,206,86,"2021-10-30 18:13:08",A202,9653f952-2137-469f-a020-618fd5744ff7
266092,32,24.3,352,107,"2021-10-30 18:16:07",A203,9653f952-2137-469f-a020-618fd5744ff7
266108,29,24.4,265,86,"2021-10-30 18:35:06",A201,9653f952-2137-469f-a020-618fd5744ff7
266116,31,23.6,202,86,"2021-10-30 18:43:17",A202,9653f952-2137-469f-a020-618fd5744ff7
266119,32,24.1,353,107,"2021-10-30 18:46:29",A203,9653f952-2137-469f-a020-618fd5744ff7
266136,29,24.3,266,86,"2021-10-30 19:05:30",A201,9653f952-2137-469f-a020-618fd5744ff7
266145,31,23.4,206,86,"2021-10-30 19:13:26",A202,9653f952-2137-469f-a020-618fd5744ff7
266148,32,24,349,107,"2021-10-30 19:16:51",A203,9653f952-2137-469f-a020-618fd5744ff7
266164,29,24.2,266,86,"2021-10-30 19:35:57",A201,9653f952-2137-469f-a020-618fd5744ff7
266173,31,23.3,206,86,"2021-10-30 19:43:35",A202,9653f952-2137-469f-a020-618fd5744ff7
266175,32,23.9,350,107,"2021-10-30 19:47:15",A203,9653f952-2137-469f-a020-618fd5744ff7
266191,29,24.1,264,86,"2021-10-30 20:06:22",A201,9653f952-2137-469f-a020-618fd5744ff7
266200,31,23.2,204,86,"2021-10-30 20:13:42",A202,9653f952-2137-469f-a020-618fd5744ff7
266202,32,23.8,348,107,"2021-10-30 20:17:37",A203,9653f952-2137-469f-a020-618fd5744ff7
266218,29,24.1,261,86,"2021-10-30 20:36:47",A201,9653f952-2137-469f-a020-618fd5744ff7
266228,31,23.1,201,86,"2021-10-30 20:43:51",A202,9653f952-2137-469f-a020-618fd5744ff7
266230,32,23.7,346,107,"2021-10-30 20:47:59",A203,9653f952-2137-469f-a020-618fd5744ff7
266245,29,24,262,86,"2021-10-30 21:07:11",A201,9653f952-2137-469f-a020-618fd5744ff7
266255,31,23,199,86,"2021-10-30 21:13:59",A202,9653f952-2137-469f-a020-618fd5744ff7
266257,32,23.6,345,107,"2021-10-30 21:18:20",A203,9653f952-2137-469f-a020-618fd5744ff7
266274,29,23.9,261,86,"2021-10-30 21:37:38",A201,9653f952-2137-469f-a020-618fd5744ff7
266284,31,22.9,200,86,"2021-10-30 21:44:08",A202,9653f952-2137-469f-a020-618fd5744ff7
266301,29,23.8,262,86,"2021-10-30 22:08:02",A201,9653f952-2137-469f-a020-618fd5744ff7
266310,31,22.8,204,86,"2021-10-30 22:14:15",A202,9653f952-2137-469f-a020-618fd5744ff7
266313,32,23.4,345,107,"2021-10-30 22:19:04",A203,9653f952-2137-469f-a020-618fd5744ff7
266328,29,23.7,262,86,"2021-10-30 22:38:28",A201,9653f952-2137-469f-a020-618fd5744ff7
266337,31,22.8,203,86,"2021-10-30 22:44:24",A202,9653f952-2137-469f-a020-618fd5744ff7
266339,31,23.3,345,121,"2021-10-30 22:49:25",A203,9653f952-2137-469f-a020-618fd5744ff7
266355,28,23.7,262,86,"2021-10-30 23:08:52",A201,9653f952-2137-469f-a020-618fd5744ff7
266364,31,22.7,203,86,"2021-10-30 23:14:30",A202,9653f952-2137-469f-a020-618fd5744ff7
266366,31,23.2,344,107,"2021-10-30 23:19:41",A203,9653f952-2137-469f-a020-618fd5744ff7
266382,28,23.6,261,86,"2021-10-30 23:39:17",A201,9653f952-2137-469f-a020-618fd5744ff7
266391,31,22.6,204,86,"2021-10-30 23:44:40",A202,9653f952-2137-469f-a020-618fd5744ff7
266393,31,23.1,345,107,"2021-10-30 23:49:57",A203,9653f952-2137-469f-a020-618fd5744ff7
