id,soil_moisture,soil_temperature,soil_electrocoductivity,battery_level,createdAt,sensor_id,owner
154848,13,25.3,63,86,"2021-08-01 00:19:15",A102,7cc37d5f-5e01-419f-ae7b-5ff272cb199f
154874,13,25.1,63,86,"2021-08-01 00:49:37",A102,7cc37d5f-5e01-419f-ae7b-5ff272cb199f
154901,13,24.9,63,86,"2021-08-01 01:19:59",A102,7cc37d5f-5e01-419f-ae7b-5ff272cb199f
154927,13,24.7,63,86,"2021-08-01 01:50:19",A102,7cc37d5f-5e01-419f-ae7b-5ff272cb199f
154952,13,24.6,63,86,"2021-08-01 02:20:42",A102,7cc37d5f-5e01-419f-ae7b-5ff272cb199f
154978,13,24.4,63,86,"2021-08-01 02:51:00",A102,7cc37d5f-5e01-419f-ae7b-5ff272cb199f
155004,13,24.2,63,86,"2021-08-01 03:21:22",A102,7cc37d5f-5e01-419f-ae7b-5ff272cb199f
155027,13,24.1,63,86,"2021-08-01 03:51:43",A102,7cc37d5f-5e01-419f-ae7b-5ff272cb199f
155051,13,23.9,63,86,"2021-08-01 04:22:03",A102,7cc37d5f-5e01-419f-ae7b-5ff272cb199f
155075,13,23.8,63,86,"2021-08-01 04:52:24",A102,7cc37d5f-5e01-419f-ae7b-5ff272cb199f
155099,13,23.7,63,93,"2021-08-01 05:22:46",A102,7cc37d5f-5e01-419f-ae7b-5ff272cb199f
155123,13,23.6,62,93,"2021-08-01 05:53:13",A102,7cc37d5f-5e01-419f-ae7b-5ff272cb199f
155147,13,23.6,62,93,"2021-08-01 06:23:41",A102,7cc37d5f-5e01-419f-ae7b-5ff272cb199f
155172,13,23.7,62,93,"2021-08-01 06:54:11",A102,7cc37d5f-5e01-419f-ae7b-5ff272cb199f
155195,13,23.9,62,93,"2021-08-01 07:24:42",A102,7cc37d5f-5e01-419f-ae7b-5ff272cb199f
155220,13,24.2,62,93,"2021-08-01 07:55:11",A102,7cc37d5f-5e01-419f-ae7b-5ff272cb199f
155246,13,24.6,62,93,"2021-08-01 08:25:44",A102,7cc37d5f-5e01-419f-ae7b-5ff272cb199f
155270,13,25,62,93,"2021-08-01 08:56:18",A102,7cc37d5f-5e01-419f-ae7b-5ff272cb199f
155296,13,25.5,62,100,"2021-08-01 09:26:50",A102,7cc37d5f-5e01-419f-ae7b-5ff272cb199f
155322,13,25.9,62,100,"2021-08-01 09:57:28",A102,7cc37d5f-5e01-419f-ae7b-5ff272cb199f
155347,13,26.3,62,100,"2021-08-01 10:27:57",A102,7cc37d5f-5e01-419f-ae7b-5ff272cb199f
155370,13,26.7,62,93,"2021-08-01 10:58:32",A102,7cc37d5f-5e01-419f-ae7b-5ff272cb199f
155392,13,27,62,100,"2021-08-01 11:29:08",A102,7cc37d5f-5e01-419f-ae7b-5ff272cb199f
155416,13,27.4,62,100,"2021-08-01 11:59:45",A102,7cc37d5f-5e01-419f-ae7b-5ff272cb199f
155441,13,27.7,62,100,"2021-08-01 12:30:22",A102,7cc37d5f-5e01-419f-ae7b-5ff272cb199f
155465,13,28,62,100,"2021-08-01 13:00:59",A102,7cc37d5f-5e01-419f-ae7b-5ff272cb199f
155488,13,28.3,62,93,"2021-08-01 13:31:36",A102,7cc37d5f-5e01-419f-ae7b-5ff272cb199f
155512,13,28.5,62,93,"2021-08-01 14:02:14",A102,7cc37d5f-5e01-419f-ae7b-5ff272cb199f
155535,13,28.6,62,93,"2021-08-01 14:32:50",A102,7cc37d5f-5e01-419f-ae7b-5ff272cb199f
155557,13,28.7,63,86,"2021-08-01 15:03:23",A102,7cc37d5f-5e01-419f-ae7b-5ff272cb199f
155581,13,28.7,63,86,"2021-08-01 15:33:57",A102,7cc37d5f-5e01-419f-ae7b-5ff272cb199f
155605,13,28.5,63,86,"2021-08-01 16:04:27",A102,7cc37d5f-5e01-419f-ae7b-5ff272cb199f
155630,13,28.4,63,86,"2021-08-01 16:34:59",A102,7cc37d5f-5e01-419f-ae7b-5ff272cb199f
155654,13,28.2,63,86,"2021-08-01 17:05:28",A102,7cc37d5f-5e01-419f-ae7b-5ff272cb199f
155677,13,27.9,63,86,"2021-08-01 17:35:59",A102,7cc37d5f-5e01-419f-ae7b-5ff272cb199f
155701,13,27.7,63,86,"2021-08-01 18:06:28",A102,7cc37d5f-5e01-419f-ae7b-5ff272cb199f
155740,13,27.2,63,86,"2021-08-01 19:07:21",A102,7cc37d5f-5e01-419f-ae7b-5ff272cb199f
155765,13,27,63,86,"2021-08-01 19:37:49",A102,7cc37d5f-5e01-419f-ae7b-5ff272cb199f
155788,13,26.8,63,86,"2021-08-01 20:08:17",A102,7cc37d5f-5e01-419f-ae7b-5ff272cb199f
155811,12,26.7,63,86,"2021-08-01 20:38:46",A102,7cc37d5f-5e01-419f-ae7b-5ff272cb199f
155836,13,26.5,63,86,"2021-08-01 21:09:13",A102,7cc37d5f-5e01-419f-ae7b-5ff272cb199f
155859,12,26.4,63,86,"2021-08-01 21:39:40",A102,7cc37d5f-5e01-419f-ae7b-5ff272cb199f
155883,12,26.2,63,86,"2021-08-01 22:10:05",A102,7cc37d5f-5e01-419f-ae7b-5ff272cb199f
155906,12,26.1,63,86,"2021-08-01 22:40:32",A102,7cc37d5f-5e01-419f-ae7b-5ff272cb199f
155928,12,25.9,63,86,"2021-08-01 23:10:57",A102,7cc37d5f-5e01-419f-ae7b-5ff272cb199f
155953,13,25.8,63,86,"2021-08-01 23:41:20",A102,7cc37d5f-5e01-419f-ae7b-5ff272cb199f
155977,13,25.6,63,86,"2021-08-02 00:11:44",A102,7cc37d5f-5e01-419f-ae7b-5ff272cb199f
156001,13,25.5,63,86,"2021-08-02 00:42:07",A102,7cc37d5f-5e01-419f-ae7b-5ff272cb199f
156024,12,25.3,62,86,"2021-08-02 01:12:30",A102,7cc37d5f-5e01-419f-ae7b-5ff272cb199f
156048,12,25.1,63,86,"2021-08-02 01:42:53",A102,7cc37d5f-5e01-419f-ae7b-5ff272cb199f
156071,12,25,62,86,"2021-08-02 02:13:17",A102,7cc37d5f-5e01-419f-ae7b-5ff272cb199f
156096,12,24.8,63,86,"2021-08-02 02:44:35",A102,7cc37d5f-5e01-419f-ae7b-5ff272cb199f
156116,12,24.7,62,86,"2021-08-02 03:14:58",A102,7cc37d5f-5e01-419f-ae7b-5ff272cb199f
156141,13,24.6,62,86,"2021-08-02 03:45:20",A102,7cc37d5f-5e01-419f-ae7b-5ff272cb199f
156168,12,24.5,62,86,"2021-08-02 04:15:41",A102,7cc37d5f-5e01-419f-ae7b-5ff272cb199f
156192,12,24.3,62,86,"2021-08-02 04:46:05",A102,7cc37d5f-5e01-419f-ae7b-5ff272cb199f
156217,12,24.2,62,93,"2021-08-02 05:16:27",A102,7cc37d5f-5e01-419f-ae7b-5ff272cb199f
156241,12,24.1,62,93,"2021-08-02 05:46:54",A102,7cc37d5f-5e01-419f-ae7b-5ff272cb199f
156265,13,24.2,62,93,"2021-08-02 06:17:23",A102,7cc37d5f-5e01-419f-ae7b-5ff272cb199f
156289,13,24.3,62,93,"2021-08-02 06:47:55",A102,7cc37d5f-5e01-419f-ae7b-5ff272cb199f
156311,13,24.6,62,93,"2021-08-02 07:18:26",A102,7cc37d5f-5e01-419f-ae7b-5ff272cb199f
156335,12,24.9,62,93,"2021-08-02 07:49:00",A102,7cc37d5f-5e01-419f-ae7b-5ff272cb199f
156359,13,25.3,62,93,"2021-08-02 08:19:32",A102,7cc37d5f-5e01-419f-ae7b-5ff272cb199f
156383,13,25.7,61,100,"2021-08-02 08:50:07",A102,7cc37d5f-5e01-419f-ae7b-5ff272cb199f
156407,13,26.1,61,100,"2021-08-02 09:20:44",A102,7cc37d5f-5e01-419f-ae7b-5ff272cb199f
156430,13,26.6,62,100,"2021-08-02 09:51:16",A102,7cc37d5f-5e01-419f-ae7b-5ff272cb199f
156455,13,27,62,93,"2021-08-02 10:21:51",A102,7cc37d5f-5e01-419f-ae7b-5ff272cb199f
156477,13,27.4,62,93,"2021-08-02 10:52:27",A102,7cc37d5f-5e01-419f-ae7b-5ff272cb199f
156524,13,28.2,61,93,"2021-08-02 11:53:41",A102,7cc37d5f-5e01-419f-ae7b-5ff272cb199f
156549,12,28.5,61,93,"2021-08-02 12:24:17",A102,7cc37d5f-5e01-419f-ae7b-5ff272cb199f
156572,13,28.8,62,100,"2021-08-02 12:54:57",A102,7cc37d5f-5e01-419f-ae7b-5ff272cb199f
156593,13,29,62,100,"2021-08-02 13:25:31",A102,7cc37d5f-5e01-419f-ae7b-5ff272cb199f
156617,13,29.1,62,93,"2021-08-02 13:56:07",A102,7cc37d5f-5e01-419f-ae7b-5ff272cb199f
156641,13,29.1,62,93,"2021-08-02 14:26:45",A102,7cc37d5f-5e01-419f-ae7b-5ff272cb199f
156664,12,29.2,63,86,"2021-08-02 14:57:18",A102,7cc37d5f-5e01-419f-ae7b-5ff272cb199f
156689,13,29.1,63,86,"2021-08-02 15:27:53",A102,7cc37d5f-5e01-419f-ae7b-5ff272cb199f
156735,12,28.8,63,86,"2021-08-02 16:28:55",A102,7cc37d5f-5e01-419f-ae7b-5ff272cb199f
156760,12,28.6,63,86,"2021-08-02 16:59:23",A102,7cc37d5f-5e01-419f-ae7b-5ff272cb199f
156784,12,28.3,62,86,"2021-08-02 17:29:52",A102,7cc37d5f-5e01-419f-ae7b-5ff272cb199f
156804,12,28.1,63,86,"2021-08-02 18:00:20",A102,7cc37d5f-5e01-419f-ae7b-5ff272cb199f
156837,12,27.6,63,86,"2021-08-02 19:01:14",A102,7cc37d5f-5e01-419f-ae7b-5ff272cb199f
156857,12,27.3,62,86,"2021-08-02 19:31:41",A102,7cc37d5f-5e01-419f-ae7b-5ff272cb199f
156878,12,27.1,63,86,"2021-08-02 20:02:11",A102,7cc37d5f-5e01-419f-ae7b-5ff272cb199f
156903,12,26.9,62,86,"2021-08-02 20:32:33",A102,7cc37d5f-5e01-419f-ae7b-5ff272cb199f
156927,12,26.7,63,86,"2021-08-02 21:02:57",A102,7cc37d5f-5e01-419f-ae7b-5ff272cb199f
156952,12,26.5,63,86,"2021-08-02 21:33:23",A102,7cc37d5f-5e01-419f-ae7b-5ff272cb199f
156978,12,26.3,63,86,"2021-08-02 22:03:47",A102,7cc37d5f-5e01-419f-ae7b-5ff272cb199f
157003,12,26.1,63,86,"2021-08-02 22:34:11",A102,7cc37d5f-5e01-419f-ae7b-5ff272cb199f
157028,12,25.9,63,86,"2021-08-02 23:04:33",A102,7cc37d5f-5e01-419f-ae7b-5ff272cb199f
157052,12,25.7,62,86,"2021-08-02 23:34:56",A102,7cc37d5f-5e01-419f-ae7b-5ff272cb199f
157075,12,25.5,62,86,"2021-08-03 00:05:18",A102,7cc37d5f-5e01-419f-ae7b-5ff272cb199f
157099,12,25.4,62,86,"2021-08-03 00:35:40",A102,7cc37d5f-5e01-419f-ae7b-5ff272cb199f
157122,12,25.2,62,86,"2021-08-03 01:06:02",A102,7cc37d5f-5e01-419f-ae7b-5ff272cb199f
157170,12,24.9,62,86,"2021-08-03 02:06:45",A102,7cc37d5f-5e01-419f-ae7b-5ff272cb199f
157195,12,24.7,62,86,"2021-08-03 02:37:07",A102,7cc37d5f-5e01-419f-ae7b-5ff272cb199f
157218,12,24.6,62,86,"2021-08-03 03:07:26",A102,7cc37d5f-5e01-419f-ae7b-5ff272cb199f
157242,12,24.4,62,86,"2021-08-03 03:37:47",A102,7cc37d5f-5e01-419f-ae7b-5ff272cb199f
157266,12,24.3,62,86,"2021-08-03 04:08:07",A102,7cc37d5f-5e01-419f-ae7b-5ff272cb199f
157289,12,24.1,62,86,"2021-08-03 04:38:27",A102,7cc37d5f-5e01-419f-ae7b-5ff272cb199f
157313,12,23.9,62,86,"2021-08-03 05:08:52",A102,7cc37d5f-5e01-419f-ae7b-5ff272cb199f
157361,12,23.8,61,86,"2021-08-03 06:09:37",A102,7cc37d5f-5e01-419f-ae7b-5ff272cb199f
157384,12,23.8,61,86,"2021-08-03 06:40:03",A102,7cc37d5f-5e01-419f-ae7b-5ff272cb199f
157407,12,23.9,61,93,"2021-08-03 07:10:32",A102,7cc37d5f-5e01-419f-ae7b-5ff272cb199f
157432,12,24.1,61,93,"2021-08-03 07:41:03",A102,7cc37d5f-5e01-419f-ae7b-5ff272cb199f
157458,12,24.3,61,93,"2021-08-03 08:11:34",A102,7cc37d5f-5e01-419f-ae7b-5ff272cb199f
157485,12,24.8,61,93,"2021-08-03 08:42:08",A102,7cc37d5f-5e01-419f-ae7b-5ff272cb199f
157513,12,25.4,61,100,"2021-08-03 09:12:43",A102,7cc37d5f-5e01-419f-ae7b-5ff272cb199f
157540,12,26,61,100,"2021-08-03 09:43:19",A102,7cc37d5f-5e01-419f-ae7b-5ff272cb199f
157569,13,26.6,61,93,"2021-08-03 10:13:56",A102,7cc37d5f-5e01-419f-ae7b-5ff272cb199f
157597,12,27.2,61,93,"2021-08-03 10:44:34",A102,7cc37d5f-5e01-419f-ae7b-5ff272cb199f
157624,13,27.7,61,100,"2021-08-03 11:15:11",A102,7cc37d5f-5e01-419f-ae7b-5ff272cb199f
157654,12,28.2,61,93,"2021-08-03 11:45:49",A102,7cc37d5f-5e01-419f-ae7b-5ff272cb199f
157681,13,28.5,62,100,"2021-08-03 12:16:27",A102,7cc37d5f-5e01-419f-ae7b-5ff272cb199f
157709,12,28.9,61,93,"2021-08-03 12:47:06",A102,7cc37d5f-5e01-419f-ae7b-5ff272cb199f
157737,12,29.1,62,93,"2021-08-03 13:17:45",A102,7cc37d5f-5e01-419f-ae7b-5ff272cb199f
157765,12,29.3,62,93,"2021-08-03 13:48:23",A102,7cc37d5f-5e01-419f-ae7b-5ff272cb199f
157791,12,29.3,62,93,"2021-08-03 14:18:55",A102,7cc37d5f-5e01-419f-ae7b-5ff272cb199f
157817,12,29.3,62,86,"2021-08-03 14:49:36",A102,7cc37d5f-5e01-419f-ae7b-5ff272cb199f
157844,12,29.2,62,86,"2021-08-03 15:20:04",A102,7cc37d5f-5e01-419f-ae7b-5ff272cb199f
157871,12,29.1,62,86,"2021-08-03 15:50:37",A102,7cc37d5f-5e01-419f-ae7b-5ff272cb199f
157898,12,28.9,62,86,"2021-08-03 16:21:10",A102,7cc37d5f-5e01-419f-ae7b-5ff272cb199f
157923,12,28.7,62,86,"2021-08-03 16:51:42",A102,7cc37d5f-5e01-419f-ae7b-5ff272cb199f
157951,12,28.5,62,86,"2021-08-03 17:22:10",A102,7cc37d5f-5e01-419f-ae7b-5ff272cb199f
157972,12,28.3,62,86,"2021-08-03 17:52:39",A102,7cc37d5f-5e01-419f-ae7b-5ff272cb199f
157988,12,28,62,86,"2021-08-03 18:23:07",A102,7cc37d5f-5e01-419f-ae7b-5ff272cb199f
158006,12,27.8,61,86,"2021-08-03 18:53:38",A102,7cc37d5f-5e01-419f-ae7b-5ff272cb199f
158030,12,27.6,62,86,"2021-08-03 19:24:05",A102,7cc37d5f-5e01-419f-ae7b-5ff272cb199f
158059,12,27.4,61,86,"2021-08-03 19:54:33",A102,7cc37d5f-5e01-419f-ae7b-5ff272cb199f
158088,12,27.3,62,86,"2021-08-03 20:25:02",A102,7cc37d5f-5e01-419f-ae7b-5ff272cb199f
158116,12,27.1,62,86,"2021-08-03 20:55:29",A102,7cc37d5f-5e01-419f-ae7b-5ff272cb199f
158144,12,26.9,62,86,"2021-08-03 21:25:56",A102,7cc37d5f-5e01-419f-ae7b-5ff272cb199f
158172,12,26.8,62,86,"2021-08-03 21:56:24",A102,7cc37d5f-5e01-419f-ae7b-5ff272cb199f
158199,12,26.6,63,86,"2021-08-03 22:26:47",A102,7cc37d5f-5e01-419f-ae7b-5ff272cb199f
158228,12,26.4,62,86,"2021-08-03 22:57:14",A102,7cc37d5f-5e01-419f-ae7b-5ff272cb199f
158258,12,26.3,62,86,"2021-08-03 23:27:37",A102,7cc37d5f-5e01-419f-ae7b-5ff272cb199f
158287,12,26.1,62,86,"2021-08-03 23:58:00",A102,7cc37d5f-5e01-419f-ae7b-5ff272cb199f
158324,12,25.9,62,86,"2021-08-04 00:28:26",A102,7cc37d5f-5e01-419f-ae7b-5ff272cb199f
158352,12,25.7,62,86,"2021-08-04 00:58:51",A102,7cc37d5f-5e01-419f-ae7b-5ff272cb199f
158380,12,25.5,62,86,"2021-08-04 01:29:11",A102,7cc37d5f-5e01-419f-ae7b-5ff272cb199f
158407,12,25.4,62,86,"2021-08-04 01:59:35",A102,7cc37d5f-5e01-419f-ae7b-5ff272cb199f
158434,12,25.2,62,86,"2021-08-04 02:29:59",A102,7cc37d5f-5e01-419f-ae7b-5ff272cb199f
158458,12,25.1,62,86,"2021-08-04 03:00:23",A102,7cc37d5f-5e01-419f-ae7b-5ff272cb199f
158487,12,25,62,86,"2021-08-04 03:30:48",A102,7cc37d5f-5e01-419f-ae7b-5ff272cb199f
158514,12,25,62,86,"2021-08-04 04:01:11",A102,7cc37d5f-5e01-419f-ae7b-5ff272cb199f
158543,12,24.9,62,86,"2021-08-04 04:31:36",A102,7cc37d5f-5e01-419f-ae7b-5ff272cb199f
158572,12,24.8,61,86,"2021-08-04 05:02:00",A102,7cc37d5f-5e01-419f-ae7b-5ff272cb199f
158598,12,24.8,61,93,"2021-08-04 05:33:23",A102,7cc37d5f-5e01-419f-ae7b-5ff272cb199f
158626,12,24.7,61,93,"2021-08-04 06:03:48",A102,7cc37d5f-5e01-419f-ae7b-5ff272cb199f
158653,12,24.8,61,93,"2021-08-04 06:34:17",A102,7cc37d5f-5e01-419f-ae7b-5ff272cb199f
158681,12,25,61,93,"2021-08-04 07:04:45",A102,7cc37d5f-5e01-419f-ae7b-5ff272cb199f
158708,12,25.3,61,93,"2021-08-04 07:35:17",A102,7cc37d5f-5e01-419f-ae7b-5ff272cb199f
158737,12,25.7,61,93,"2021-08-04 08:05:50",A102,7cc37d5f-5e01-419f-ae7b-5ff272cb199f
158766,12,26.2,61,93,"2021-08-04 08:36:22",A102,7cc37d5f-5e01-419f-ae7b-5ff272cb199f
158795,12,26.7,61,100,"2021-08-04 09:06:53",A102,7cc37d5f-5e01-419f-ae7b-5ff272cb199f
158823,12,27.3,61,93,"2021-08-04 09:37:27",A102,7cc37d5f-5e01-419f-ae7b-5ff272cb199f
158842,1,33.74,0,114,"2021-08-04 09:54:18",A101,7cc37d5f-5e01-419f-ae7b-5ff272cb199f
158853,12,27.8,61,93,"2021-08-04 10:08:02",A102,7cc37d5f-5e01-419f-ae7b-5ff272cb199f
158879,14,27.4,15,114,"2021-08-04 10:30:53",A101,7cc37d5f-5e01-419f-ae7b-5ff272cb199f
158882,12,28.2,61,93,"2021-08-04 10:38:39",A102,7cc37d5f-5e01-419f-ae7b-5ff272cb199f
158901,14,27.8,15,114,"2021-08-04 10:56:23",A101,7cc37d5f-5e01-419f-ae7b-5ff272cb199f
158911,12,28.7,60,100,"2021-08-04 11:09:11",A102,7cc37d5f-5e01-419f-ae7b-5ff272cb199f
158933,14,28.3,15,121,"2021-08-04 11:28:57",A101,7cc37d5f-5e01-419f-ae7b-5ff272cb199f
158940,12,29.1,60,100,"2021-08-04 11:39:47",A102,7cc37d5f-5e01-419f-ae7b-5ff272cb199f
158962,14,28.7,15,121,"2021-08-04 11:59:23",A101,7cc37d5f-5e01-419f-ae7b-5ff272cb199f
158971,12,29.4,61,100,"2021-08-04 12:10:23",A102,7cc37d5f-5e01-419f-ae7b-5ff272cb199f
158992,14,29.1,15,121,"2021-08-04 12:29:49",A101,7cc37d5f-5e01-419f-ae7b-5ff272cb199f
159001,12,29.7,61,100,"2021-08-04 12:40:58",A102,7cc37d5f-5e01-419f-ae7b-5ff272cb199f
159020,14,29.5,15,121,"2021-08-04 13:00:15",A101,7cc37d5f-5e01-419f-ae7b-5ff272cb199f
159030,12,30,62,100,"2021-08-04 13:11:37",A102,7cc37d5f-5e01-419f-ae7b-5ff272cb199f
159049,14,29.9,15,121,"2021-08-04 13:30:41",A101,7cc37d5f-5e01-419f-ae7b-5ff272cb199f
159058,12,30.3,62,100,"2021-08-04 13:42:13",A102,7cc37d5f-5e01-419f-ae7b-5ff272cb199f
159077,14,30.1,15,121,"2021-08-04 14:01:07",A101,7cc37d5f-5e01-419f-ae7b-5ff272cb199f
159087,12,30.5,62,93,"2021-08-04 14:12:49",A102,7cc37d5f-5e01-419f-ae7b-5ff272cb199f
159106,14,30.3,15,121,"2021-08-04 14:31:31",A101,7cc37d5f-5e01-419f-ae7b-5ff272cb199f
159117,12,30.6,62,93,"2021-08-04 14:43:27",A102,7cc37d5f-5e01-419f-ae7b-5ff272cb199f
159134,14,30.4,15,114,"2021-08-04 15:01:56",A101,7cc37d5f-5e01-419f-ae7b-5ff272cb199f
159144,12,30.6,63,86,"2021-08-04 15:13:58",A102,7cc37d5f-5e01-419f-ae7b-5ff272cb199f
159162,14,30.4,15,114,"2021-08-04 15:32:17",A101,7cc37d5f-5e01-419f-ae7b-5ff272cb199f
159172,12,30.5,62,86,"2021-08-04 15:44:26",A102,7cc37d5f-5e01-419f-ae7b-5ff272cb199f
159190,14,30.3,15,114,"2021-08-04 16:02:38",A101,7cc37d5f-5e01-419f-ae7b-5ff272cb199f
159201,12,30.3,62,86,"2021-08-04 16:14:55",A102,7cc37d5f-5e01-419f-ae7b-5ff272cb199f
159219,14,30.1,16,114,"2021-08-04 16:32:58",A101,7cc37d5f-5e01-419f-ae7b-5ff272cb199f
159230,12,30,63,86,"2021-08-04 16:45:22",A102,7cc37d5f-5e01-419f-ae7b-5ff272cb199f
159249,14,29.9,15,114,"2021-08-04 17:03:27",A101,7cc37d5f-5e01-419f-ae7b-5ff272cb199f
159259,12,29.7,63,86,"2021-08-04 17:15:49",A102,7cc37d5f-5e01-419f-ae7b-5ff272cb199f
159277,14,29.6,15,114,"2021-08-04 17:33:35",A101,7cc37d5f-5e01-419f-ae7b-5ff272cb199f
159286,12,29.5,63,86,"2021-08-04 17:46:16",A102,7cc37d5f-5e01-419f-ae7b-5ff272cb199f
159298,14,29.4,15,114,"2021-08-04 18:03:54",A101,7cc37d5f-5e01-419f-ae7b-5ff272cb199f
159305,12,29.2,62,86,"2021-08-04 18:16:40",A102,7cc37d5f-5e01-419f-ae7b-5ff272cb199f
159319,12,29,62,86,"2021-08-04 18:47:03",A102,7cc37d5f-5e01-419f-ae7b-5ff272cb199f
159338,12,28.7,62,86,"2021-08-04 19:17:28",A102,7cc37d5f-5e01-419f-ae7b-5ff272cb199f
159356,14,28.6,15,114,"2021-08-04 19:34:43",A101,7cc37d5f-5e01-419f-ae7b-5ff272cb199f
159366,12,28.5,62,86,"2021-08-04 19:47:51",A102,7cc37d5f-5e01-419f-ae7b-5ff272cb199f
159384,14,28.4,15,114,"2021-08-04 20:05:00",A101,7cc37d5f-5e01-419f-ae7b-5ff272cb199f
159394,12,28.3,62,86,"2021-08-04 20:18:15",A102,7cc37d5f-5e01-419f-ae7b-5ff272cb199f
159413,14,28.2,15,114,"2021-08-04 20:35:16",A101,7cc37d5f-5e01-419f-ae7b-5ff272cb199f
159421,12,28.1,61,86,"2021-08-04 20:48:37",A102,7cc37d5f-5e01-419f-ae7b-5ff272cb199f
159440,14,28,15,114,"2021-08-04 21:05:33",A101,7cc37d5f-5e01-419f-ae7b-5ff272cb199f
159451,12,27.9,61,86,"2021-08-04 21:19:01",A102,7cc37d5f-5e01-419f-ae7b-5ff272cb199f
159469,14,27.8,15,114,"2021-08-04 21:35:49",A101,7cc37d5f-5e01-419f-ae7b-5ff272cb199f
159479,12,27.7,62,86,"2021-08-04 21:49:25",A102,7cc37d5f-5e01-419f-ae7b-5ff272cb199f
159497,14,27.6,15,114,"2021-08-04 22:06:05",A101,7cc37d5f-5e01-419f-ae7b-5ff272cb199f
159508,12,27.5,62,86,"2021-08-04 22:19:46",A102,7cc37d5f-5e01-419f-ae7b-5ff272cb199f
159526,14,27.4,15,114,"2021-08-04 22:36:21",A101,7cc37d5f-5e01-419f-ae7b-5ff272cb199f
159535,12,27.4,62,86,"2021-08-04 22:50:09",A102,7cc37d5f-5e01-419f-ae7b-5ff272cb199f
159554,14,27.3,15,114,"2021-08-04 23:06:37",A101,7cc37d5f-5e01-419f-ae7b-5ff272cb199f
159564,12,27.3,62,86,"2021-08-04 23:20:31",A102,7cc37d5f-5e01-419f-ae7b-5ff272cb199f
159583,14,27.1,15,114,"2021-08-04 23:36:52",A101,7cc37d5f-5e01-419f-ae7b-5ff272cb199f
159594,12,27.1,62,86,"2021-08-04 23:50:54",A102,7cc37d5f-5e01-419f-ae7b-5ff272cb199f
159613,14,27,15,114,"2021-08-05 00:07:08",A101,7cc37d5f-5e01-419f-ae7b-5ff272cb199f
159624,12,27,62,86,"2021-08-05 00:21:18",A102,7cc37d5f-5e01-419f-ae7b-5ff272cb199f
159643,14,26.8,15,114,"2021-08-05 00:37:24",A101,7cc37d5f-5e01-419f-ae7b-5ff272cb199f
159654,12,26.8,62,86,"2021-08-05 00:51:40",A102,7cc37d5f-5e01-419f-ae7b-5ff272cb199f
159674,14,26.7,15,114,"2021-08-05 01:07:39",A101,7cc37d5f-5e01-419f-ae7b-5ff272cb199f
159684,12,26.7,62,86,"2021-08-05 01:22:02",A102,7cc37d5f-5e01-419f-ae7b-5ff272cb199f
159703,14,26.5,15,114,"2021-08-05 01:37:55",A101,7cc37d5f-5e01-419f-ae7b-5ff272cb199f
159714,12,26.6,62,86,"2021-08-05 01:52:24",A102,7cc37d5f-5e01-419f-ae7b-5ff272cb199f
159733,14,26.4,15,114,"2021-08-05 02:08:10",A101,7cc37d5f-5e01-419f-ae7b-5ff272cb199f
159743,12,26.4,62,86,"2021-08-05 02:22:46",A102,7cc37d5f-5e01-419f-ae7b-5ff272cb199f
159760,14,26.3,15,114,"2021-08-05 02:38:25",A101,7cc37d5f-5e01-419f-ae7b-5ff272cb199f
159772,12,26.3,62,86,"2021-08-05 02:53:08",A102,7cc37d5f-5e01-419f-ae7b-5ff272cb199f
159790,14,26.18,15,114,"2021-08-05 03:08:41",A101,7cc37d5f-5e01-419f-ae7b-5ff272cb199f
159801,12,26.2,62,86,"2021-08-05 03:23:28",A102,7cc37d5f-5e01-419f-ae7b-5ff272cb199f
159820,14,26,15,114,"2021-08-05 03:38:54",A101,7cc37d5f-5e01-419f-ae7b-5ff272cb199f
159832,12,26.1,61,86,"2021-08-05 03:53:50",A102,7cc37d5f-5e01-419f-ae7b-5ff272cb199f
159850,14,25.9,15,114,"2021-08-05 04:09:09",A101,7cc37d5f-5e01-419f-ae7b-5ff272cb199f
159861,12,26,62,86,"2021-08-05 04:24:13",A102,7cc37d5f-5e01-419f-ae7b-5ff272cb199f
159878,14,25.8,15,114,"2021-08-05 04:39:24",A101,7cc37d5f-5e01-419f-ae7b-5ff272cb199f
159890,12,25.9,62,86,"2021-08-05 04:54:32",A102,7cc37d5f-5e01-419f-ae7b-5ff272cb199f
159909,14,25.7,15,114,"2021-08-05 05:09:38",A101,7cc37d5f-5e01-419f-ae7b-5ff272cb199f
159921,12,25.8,61,86,"2021-08-05 05:24:56",A102,7cc37d5f-5e01-419f-ae7b-5ff272cb199f
159939,14,25.6,15,114,"2021-08-05 05:39:55",A101,7cc37d5f-5e01-419f-ae7b-5ff272cb199f
159950,12,25.7,61,93,"2021-08-05 05:55:19",A102,7cc37d5f-5e01-419f-ae7b-5ff272cb199f
159969,14,25.5,15,114,"2021-08-05 06:10:13",A101,7cc37d5f-5e01-419f-ae7b-5ff272cb199f
159980,12,25.7,61,93,"2021-08-05 06:25:47",A102,7cc37d5f-5e01-419f-ae7b-5ff272cb199f
159999,14,25.5,15,114,"2021-08-05 06:40:34",A101,7cc37d5f-5e01-419f-ae7b-5ff272cb199f
160010,12,25.9,61,93,"2021-08-05 06:56:17",A102,7cc37d5f-5e01-419f-ae7b-5ff272cb199f
160029,14,25.6,15,114,"2021-08-05 07:10:58",A101,7cc37d5f-5e01-419f-ae7b-5ff272cb199f
160039,12,26.1,61,93,"2021-08-05 07:26:45",A102,7cc37d5f-5e01-419f-ae7b-5ff272cb199f
160057,14,25.8,15,114,"2021-08-05 07:41:20",A101,7cc37d5f-5e01-419f-ae7b-5ff272cb199f
160068,12,26.5,61,93,"2021-08-05 07:57:16",A102,7cc37d5f-5e01-419f-ae7b-5ff272cb199f
160097,12,26.9,61,93,"2021-08-05 08:27:48",A102,7cc37d5f-5e01-419f-ae7b-5ff272cb199f
160114,14,26.4,15,114,"2021-08-05 08:42:04",A101,7cc37d5f-5e01-419f-ae7b-5ff272cb199f
160125,12,27.4,61,100,"2021-08-05 08:58:18",A102,7cc37d5f-5e01-419f-ae7b-5ff272cb199f
160152,12,27.8,61,100,"2021-08-05 09:28:50",A102,7cc37d5f-5e01-419f-ae7b-5ff272cb199f
160183,12,28.2,61,100,"2021-08-05 09:59:24",A102,7cc37d5f-5e01-419f-ae7b-5ff272cb199f
160199,14,27.7,15,121,"2021-08-05 10:13:16",A101,7cc37d5f-5e01-419f-ae7b-5ff272cb199f
160210,12,28.7,61,93,"2021-08-05 10:29:58",A102,7cc37d5f-5e01-419f-ae7b-5ff272cb199f
160226,14,28.3,15,114,"2021-08-05 10:43:41",A101,7cc37d5f-5e01-419f-ae7b-5ff272cb199f
160238,12,29.2,60,100,"2021-08-05 11:00:32",A102,7cc37d5f-5e01-419f-ae7b-5ff272cb199f
160266,12,29.6,61,100,"2021-08-05 11:31:06",A102,7cc37d5f-5e01-419f-ae7b-5ff272cb199f
160281,14,29.2,15,121,"2021-08-05 11:44:31",A101,7cc37d5f-5e01-419f-ae7b-5ff272cb199f
160297,12,29.9,61,100,"2021-08-05 12:01:42",A102,7cc37d5f-5e01-419f-ae7b-5ff272cb199f
160312,14,29.6,15,121,"2021-08-05 12:14:57",A101,7cc37d5f-5e01-419f-ae7b-5ff272cb199f
160328,12,30.2,61,100,"2021-08-05 12:32:18",A102,7cc37d5f-5e01-419f-ae7b-5ff272cb199f
160343,14,29.94,15,121,"2021-08-05 12:45:23",A101,7cc37d5f-5e01-419f-ae7b-5ff272cb199f
160358,12,30.5,62,100,"2021-08-05 13:02:54",A102,7cc37d5f-5e01-419f-ae7b-5ff272cb199f
160374,14,30.3,15,121,"2021-08-05 13:15:49",A101,7cc37d5f-5e01-419f-ae7b-5ff272cb199f
160389,12,30.8,62,93,"2021-08-05 13:33:31",A102,7cc37d5f-5e01-419f-ae7b-5ff272cb199f
160405,14,30.7,15,114,"2021-08-05 13:46:14",A101,7cc37d5f-5e01-419f-ae7b-5ff272cb199f
160421,12,31,62,93,"2021-08-05 14:04:04",A102,7cc37d5f-5e01-419f-ae7b-5ff272cb199f
160437,14,30.9,15,114,"2021-08-05 14:16:38",A101,7cc37d5f-5e01-419f-ae7b-5ff272cb199f
160453,12,31.1,62,93,"2021-08-05 14:34:36",A102,7cc37d5f-5e01-419f-ae7b-5ff272cb199f
160470,14,31,15,114,"2021-08-05 14:47:01",A101,7cc37d5f-5e01-419f-ae7b-5ff272cb199f
160486,12,31,62,86,"2021-08-05 15:05:08",A102,7cc37d5f-5e01-419f-ae7b-5ff272cb199f
160501,14,30.9,15,114,"2021-08-05 15:17:24",A101,7cc37d5f-5e01-419f-ae7b-5ff272cb199f
160516,12,30.9,62,86,"2021-08-05 15:35:38",A102,7cc37d5f-5e01-419f-ae7b-5ff272cb199f
160529,14,30.8,15,114,"2021-08-05 15:47:46",A101,7cc37d5f-5e01-419f-ae7b-5ff272cb199f
160546,12,30.7,62,86,"2021-08-05 16:06:08",A102,7cc37d5f-5e01-419f-ae7b-5ff272cb199f
160558,14,30.7,16,114,"2021-08-05 16:18:06",A101,7cc37d5f-5e01-419f-ae7b-5ff272cb199f
160575,12,30.5,62,86,"2021-08-05 16:36:37",A102,7cc37d5f-5e01-419f-ae7b-5ff272cb199f
160589,14,30.5,15,114,"2021-08-05 16:48:25",A101,7cc37d5f-5e01-419f-ae7b-5ff272cb199f
160607,12,30.2,62,86,"2021-08-05 17:07:04",A102,7cc37d5f-5e01-419f-ae7b-5ff272cb199f
160632,12,30,63,86,"2021-08-05 17:37:28",A102,7cc37d5f-5e01-419f-ae7b-5ff272cb199f
160652,12,29.7,63,86,"2021-08-05 18:07:55",A102,7cc37d5f-5e01-419f-ae7b-5ff272cb199f
160669,12,29.5,62,86,"2021-08-05 18:38:21",A102,7cc37d5f-5e01-419f-ae7b-5ff272cb199f
160688,12,29.2,62,86,"2021-08-05 19:08:46",A102,7cc37d5f-5e01-419f-ae7b-5ff272cb199f
160700,14,29.3,15,114,"2021-08-05 19:19:55",A101,7cc37d5f-5e01-419f-ae7b-5ff272cb199f
160718,12,28.9,62,86,"2021-08-05 19:39:09",A102,7cc37d5f-5e01-419f-ae7b-5ff272cb199f
160727,14,29.1,15,114,"2021-08-05 19:50:14",A101,7cc37d5f-5e01-419f-ae7b-5ff272cb199f
160747,12,28.6,62,86,"2021-08-05 20:09:32",A102,7cc37d5f-5e01-419f-ae7b-5ff272cb199f
160758,14,28.8,15,114,"2021-08-05 20:20:36",A101,7cc37d5f-5e01-419f-ae7b-5ff272cb199f
160774,12,28.4,61,86,"2021-08-05 20:39:53",A102,7cc37d5f-5e01-419f-ae7b-5ff272cb199f
160785,14,28.6,15,114,"2021-08-05 20:50:41",A101,7cc37d5f-5e01-419f-ae7b-5ff272cb199f
160805,12,28.2,61,86,"2021-08-05 21:10:18",A102,7cc37d5f-5e01-419f-ae7b-5ff272cb199f
160815,14,28.4,15,114,"2021-08-05 21:20:57",A101,7cc37d5f-5e01-419f-ae7b-5ff272cb199f
160835,12,28,62,86,"2021-08-05 21:40:39",A102,7cc37d5f-5e01-419f-ae7b-5ff272cb199f
160846,14,28.2,15,114,"2021-08-05 21:51:12",A101,7cc37d5f-5e01-419f-ae7b-5ff272cb199f
160864,12,27.8,62,86,"2021-08-05 22:11:03",A102,7cc37d5f-5e01-419f-ae7b-5ff272cb199f
160873,14,28,15,114,"2021-08-05 22:21:27",A101,7cc37d5f-5e01-419f-ae7b-5ff272cb199f
160894,12,27.7,62,86,"2021-08-05 22:41:24",A102,7cc37d5f-5e01-419f-ae7b-5ff272cb199f
160904,14,27.8,15,114,"2021-08-05 22:51:42",A101,7cc37d5f-5e01-419f-ae7b-5ff272cb199f
160925,12,27.5,61,86,"2021-08-05 23:11:46",A102,7cc37d5f-5e01-419f-ae7b-5ff272cb199f
160935,14,27.6,15,114,"2021-08-05 23:21:57",A101,7cc37d5f-5e01-419f-ae7b-5ff272cb199f
160956,12,27.4,62,86,"2021-08-05 23:42:07",A102,7cc37d5f-5e01-419f-ae7b-5ff272cb199f
160965,14,27.4,15,114,"2021-08-05 23:52:11",A101,7cc37d5f-5e01-419f-ae7b-5ff272cb199f
160986,12,27.2,62,86,"2021-08-06 00:12:28",A102,7cc37d5f-5e01-419f-ae7b-5ff272cb199f
160996,14,27.2,15,114,"2021-08-06 00:22:25",A101,7cc37d5f-5e01-419f-ae7b-5ff272cb199f
161015,12,27,62,86,"2021-08-06 00:42:47",A102,7cc37d5f-5e01-419f-ae7b-5ff272cb199f
161025,14,27,15,114,"2021-08-06 00:52:38",A101,7cc37d5f-5e01-419f-ae7b-5ff272cb199f
161047,12,26.8,62,86,"2021-08-06 01:13:07",A102,7cc37d5f-5e01-419f-ae7b-5ff272cb199f
161057,14,26.8,15,114,"2021-08-06 01:22:51",A101,7cc37d5f-5e01-419f-ae7b-5ff272cb199f
161076,12,26.7,62,86,"2021-08-06 01:43:26",A102,7cc37d5f-5e01-419f-ae7b-5ff272cb199f
161085,14,26.6,15,114,"2021-08-06 01:53:05",A101,7cc37d5f-5e01-419f-ae7b-5ff272cb199f
161105,12,26.5,62,86,"2021-08-06 02:13:46",A102,7cc37d5f-5e01-419f-ae7b-5ff272cb199f
161115,14,26.4,15,114,"2021-08-06 02:23:18",A101,7cc37d5f-5e01-419f-ae7b-5ff272cb199f
161136,12,26.3,62,86,"2021-08-06 02:44:04",A102,7cc37d5f-5e01-419f-ae7b-5ff272cb199f
161146,14,26.3,15,114,"2021-08-06 02:53:30",A101,7cc37d5f-5e01-419f-ae7b-5ff272cb199f
161168,12,26.2,62,86,"2021-08-06 03:14:23",A102,7cc37d5f-5e01-419f-ae7b-5ff272cb199f
161178,14,26.1,15,114,"2021-08-06 03:23:43",A101,7cc37d5f-5e01-419f-ae7b-5ff272cb199f
161199,12,26,62,86,"2021-08-06 03:44:42",A102,7cc37d5f-5e01-419f-ae7b-5ff272cb199f
161209,14,25.9,15,114,"2021-08-06 03:53:59",A101,7cc37d5f-5e01-419f-ae7b-5ff272cb199f
161230,12,25.9,61,86,"2021-08-06 04:15:01",A102,7cc37d5f-5e01-419f-ae7b-5ff272cb199f
161238,14,25.8,15,114,"2021-08-06 04:24:08",A101,7cc37d5f-5e01-419f-ae7b-5ff272cb199f
161261,12,25.7,61,86,"2021-08-06 04:45:19",A102,7cc37d5f-5e01-419f-ae7b-5ff272cb199f
161270,14,25.6,15,114,"2021-08-06 04:54:21",A101,7cc37d5f-5e01-419f-ae7b-5ff272cb199f
161293,12,25.6,61,86,"2021-08-06 05:15:38",A102,7cc37d5f-5e01-419f-ae7b-5ff272cb199f
161301,14,25.5,15,114,"2021-08-06 05:24:35",A101,7cc37d5f-5e01-419f-ae7b-5ff272cb199f
161323,12,25.5,61,86,"2021-08-06 05:46:00",A102,7cc37d5f-5e01-419f-ae7b-5ff272cb199f
161332,14,25.4,15,114,"2021-08-06 05:54:50",A101,7cc37d5f-5e01-419f-ae7b-5ff272cb199f
161353,12,25.5,61,93,"2021-08-06 06:16:22",A102,7cc37d5f-5e01-419f-ae7b-5ff272cb199f
161362,14,25.4,15,114,"2021-08-06 06:25:07",A101,7cc37d5f-5e01-419f-ae7b-5ff272cb199f
161384,12,25.5,61,93,"2021-08-06 06:46:50",A102,7cc37d5f-5e01-419f-ae7b-5ff272cb199f
161391,14,25.4,15,114,"2021-08-06 06:55:26",A101,7cc37d5f-5e01-419f-ae7b-5ff272cb199f
161415,12,25.7,61,93,"2021-08-06 07:17:20",A102,7cc37d5f-5e01-419f-ae7b-5ff272cb199f
161421,14,25.5,15,114,"2021-08-06 07:25:48",A101,7cc37d5f-5e01-419f-ae7b-5ff272cb199f
161444,12,26.1,61,93,"2021-08-06 07:47:50",A102,7cc37d5f-5e01-419f-ae7b-5ff272cb199f
161451,14,25.72,15,114,"2021-08-06 07:56:10",A101,7cc37d5f-5e01-419f-ae7b-5ff272cb199f
161473,12,26.6,60,93,"2021-08-06 08:19:26",A102,7cc37d5f-5e01-419f-ae7b-5ff272cb199f
161480,14,26.1,15,114,"2021-08-06 08:26:33",A101,7cc37d5f-5e01-419f-ae7b-5ff272cb199f
161504,12,27.1,61,93,"2021-08-06 08:49:47",A102,7cc37d5f-5e01-419f-ae7b-5ff272cb199f
161511,14,26.5,15,114,"2021-08-06 08:56:56",A101,7cc37d5f-5e01-419f-ae7b-5ff272cb199f
161534,12,27.5,61,93,"2021-08-06 09:20:08",A102,7cc37d5f-5e01-419f-ae7b-5ff272cb199f
161541,14,26.9,15,114,"2021-08-06 09:27:18",A101,7cc37d5f-5e01-419f-ae7b-5ff272cb199f
161564,12,27.9,61,93,"2021-08-06 09:50:33",A102,7cc37d5f-5e01-419f-ae7b-5ff272cb199f
161571,14,27.3,15,114,"2021-08-06 09:57:41",A101,7cc37d5f-5e01-419f-ae7b-5ff272cb199f
161595,12,28.2,61,100,"2021-08-06 10:20:56",A102,7cc37d5f-5e01-419f-ae7b-5ff272cb199f
161601,14,27.5,15,121,"2021-08-06 10:28:04",A101,7cc37d5f-5e01-419f-ae7b-5ff272cb199f
161624,12,28.5,60,100,"2021-08-06 10:51:17",A102,7cc37d5f-5e01-419f-ae7b-5ff272cb199f
161630,14,27.9,15,121,"2021-08-06 10:58:29",A101,7cc37d5f-5e01-419f-ae7b-5ff272cb199f
161654,12,28.8,61,93,"2021-08-06 11:21:45",A102,7cc37d5f-5e01-419f-ae7b-5ff272cb199f
161660,14,28.2,15,114,"2021-08-06 11:28:53",A101,7cc37d5f-5e01-419f-ae7b-5ff272cb199f
161684,12,29.1,60,100,"2021-08-06 11:52:07",A102,7cc37d5f-5e01-419f-ae7b-5ff272cb199f
161690,14,28.7,15,121,"2021-08-06 11:59:21",A101,7cc37d5f-5e01-419f-ae7b-5ff272cb199f
161713,12,29.5,60,100,"2021-08-06 12:22:32",A102,7cc37d5f-5e01-419f-ae7b-5ff272cb199f
161718,14,29.1,15,121,"2021-08-06 12:29:43",A101,7cc37d5f-5e01-419f-ae7b-5ff272cb199f
161741,12,29.9,61,100,"2021-08-06 12:53:01",A102,7cc37d5f-5e01-419f-ae7b-5ff272cb199f
161747,14,29.5,15,121,"2021-08-06 13:00:09",A101,7cc37d5f-5e01-419f-ae7b-5ff272cb199f
161772,12,30.2,61,100,"2021-08-06 13:23:24",A102,7cc37d5f-5e01-419f-ae7b-5ff272cb199f
161778,14,29.7,15,121,"2021-08-06 13:30:33",A101,7cc37d5f-5e01-419f-ae7b-5ff272cb199f
161803,12,30.3,61,93,"2021-08-06 13:53:53",A102,7cc37d5f-5e01-419f-ae7b-5ff272cb199f
161809,14,29.9,15,114,"2021-08-06 14:03:12",A101,7cc37d5f-5e01-419f-ae7b-5ff272cb199f
161830,12,30.4,61,93,"2021-08-06 14:24:16",A102,7cc37d5f-5e01-419f-ae7b-5ff272cb199f
161837,14,30.1,15,114,"2021-08-06 14:33:36",A101,7cc37d5f-5e01-419f-ae7b-5ff272cb199f
161859,12,30.4,62,86,"2021-08-06 14:54:38",A102,7cc37d5f-5e01-419f-ae7b-5ff272cb199f
161886,12,30.4,62,86,"2021-08-06 15:25:01",A102,7cc37d5f-5e01-419f-ae7b-5ff272cb199f
161895,14,30.2,15,114,"2021-08-06 15:34:23",A101,7cc37d5f-5e01-419f-ae7b-5ff272cb199f
161917,12,30.3,62,86,"2021-08-06 15:55:21",A102,7cc37d5f-5e01-419f-ae7b-5ff272cb199f
161924,13,30.1,15,114,"2021-08-06 16:04:45",A101,7cc37d5f-5e01-419f-ae7b-5ff272cb199f
161946,12,30.1,62,86,"2021-08-06 16:25:41",A102,7cc37d5f-5e01-419f-ae7b-5ff272cb199f
161955,14,29.9,15,114,"2021-08-06 16:35:05",A101,7cc37d5f-5e01-419f-ae7b-5ff272cb199f
161974,12,29.9,62,86,"2021-08-06 16:55:59",A102,7cc37d5f-5e01-419f-ae7b-5ff272cb199f
161984,13,29.7,15,114,"2021-08-06 17:05:36",A101,7cc37d5f-5e01-419f-ae7b-5ff272cb199f
162005,12,29.7,62,86,"2021-08-06 17:26:16",A102,7cc37d5f-5e01-419f-ae7b-5ff272cb199f
162013,13,29.5,15,114,"2021-08-06 17:35:45",A101,7cc37d5f-5e01-419f-ae7b-5ff272cb199f
162026,12,29.5,62,86,"2021-08-06 17:56:34",A102,7cc37d5f-5e01-419f-ae7b-5ff272cb199f
162047,12,29.2,62,86,"2021-08-06 18:26:48",A102,7cc37d5f-5e01-419f-ae7b-5ff272cb199f
162067,12,29,61,86,"2021-08-06 18:57:04",A102,7cc37d5f-5e01-419f-ae7b-5ff272cb199f
162092,12,28.8,61,86,"2021-08-06 19:27:18",A102,7cc37d5f-5e01-419f-ae7b-5ff272cb199f
162100,13,28.7,15,114,"2021-08-06 19:36:58",A101,7cc37d5f-5e01-419f-ae7b-5ff272cb199f
162123,12,28.6,62,86,"2021-08-06 19:57:33",A102,7cc37d5f-5e01-419f-ae7b-5ff272cb199f
162131,14,28.5,15,114,"2021-08-06 20:07:16",A101,7cc37d5f-5e01-419f-ae7b-5ff272cb199f
162153,12,28.3,61,86,"2021-08-06 20:27:50",A102,7cc37d5f-5e01-419f-ae7b-5ff272cb199f
162160,13,28.28,15,114,"2021-08-06 20:37:33",A101,7cc37d5f-5e01-419f-ae7b-5ff272cb199f
162182,12,28.2,62,86,"2021-08-06 20:58:03",A102,7cc37d5f-5e01-419f-ae7b-5ff272cb199f
162190,13,28.1,15,114,"2021-08-06 21:07:51",A101,7cc37d5f-5e01-419f-ae7b-5ff272cb199f
162210,12,28,61,86,"2021-08-06 21:28:17",A102,7cc37d5f-5e01-419f-ae7b-5ff272cb199f
162239,12,27.8,61,86,"2021-08-06 21:58:30",A102,7cc37d5f-5e01-419f-ae7b-5ff272cb199f
162269,12,27.7,62,86,"2021-08-06 22:28:43",A102,7cc37d5f-5e01-419f-ae7b-5ff272cb199f
162298,12,27.5,62,86,"2021-08-06 22:58:55",A102,7cc37d5f-5e01-419f-ae7b-5ff272cb199f
162326,12,27.3,61,86,"2021-08-06 23:29:08",A102,7cc37d5f-5e01-419f-ae7b-5ff272cb199f
162355,12,27.2,62,86,"2021-08-06 23:59:18",A102,7cc37d5f-5e01-419f-ae7b-5ff272cb199f
162384,12,27,61,86,"2021-08-07 00:29:30",A102,7cc37d5f-5e01-419f-ae7b-5ff272cb199f
162414,12,26.8,61,86,"2021-08-07 00:59:41",A102,7cc37d5f-5e01-419f-ae7b-5ff272cb199f
162442,12,26.7,62,86,"2021-08-07 01:29:52",A102,7cc37d5f-5e01-419f-ae7b-5ff272cb199f
162471,12,26.5,62,86,"2021-08-07 02:00:02",A102,7cc37d5f-5e01-419f-ae7b-5ff272cb199f
162499,12,26.3,61,86,"2021-08-07 02:30:12",A102,7cc37d5f-5e01-419f-ae7b-5ff272cb199f
162529,12,26.2,61,86,"2021-08-07 03:00:22",A102,7cc37d5f-5e01-419f-ae7b-5ff272cb199f
162559,12,26,61,86,"2021-08-07 03:30:30",A102,7cc37d5f-5e01-419f-ae7b-5ff272cb199f
162588,12,25.9,61,86,"2021-08-07 04:00:43",A102,7cc37d5f-5e01-419f-ae7b-5ff272cb199f
162617,12,25.7,61,86,"2021-08-07 04:30:48",A102,7cc37d5f-5e01-419f-ae7b-5ff272cb199f
162645,12,25.5,61,86,"2021-08-07 05:00:57",A102,7cc37d5f-5e01-419f-ae7b-5ff272cb199f
162674,12,25.4,61,93,"2021-08-07 05:31:10",A102,7cc37d5f-5e01-419f-ae7b-5ff272cb199f
162758,12,25.5,60,93,"2021-08-07 07:01:56",A102,7cc37d5f-5e01-419f-ae7b-5ff272cb199f
162786,12,25.8,60,93,"2021-08-07 07:32:18",A102,7cc37d5f-5e01-419f-ae7b-5ff272cb199f
162813,12,26.2,60,93,"2021-08-07 08:02:38",A102,7cc37d5f-5e01-419f-ae7b-5ff272cb199f
162840,12,26.7,60,93,"2021-08-07 08:33:00",A102,7cc37d5f-5e01-419f-ae7b-5ff272cb199f
162869,12,27.2,60,93,"2021-08-07 09:03:24",A102,7cc37d5f-5e01-419f-ae7b-5ff272cb199f
162899,12,27.8,60,100,"2021-08-07 09:33:47",A102,7cc37d5f-5e01-419f-ae7b-5ff272cb199f
162926,12,28.3,60,93,"2021-08-07 10:04:11",A102,7cc37d5f-5e01-419f-ae7b-5ff272cb199f
162955,12,28.8,60,93,"2021-08-07 10:34:34",A102,7cc37d5f-5e01-419f-ae7b-5ff272cb199f
162982,12,29.2,60,100,"2021-08-07 11:04:59",A102,7cc37d5f-5e01-419f-ae7b-5ff272cb199f
163011,12,29.4,60,100,"2021-08-07 11:35:23",A102,7cc37d5f-5e01-419f-ae7b-5ff272cb199f
163039,12,29.7,60,93,"2021-08-07 12:05:48",A102,7cc37d5f-5e01-419f-ae7b-5ff272cb199f
163068,12,29.9,60,100,"2021-08-07 12:36:12",A102,7cc37d5f-5e01-419f-ae7b-5ff272cb199f
163097,12,30,61,100,"2021-08-07 13:06:36",A102,7cc37d5f-5e01-419f-ae7b-5ff272cb199f
163124,12,30.1,61,93,"2021-08-07 13:36:58",A102,7cc37d5f-5e01-419f-ae7b-5ff272cb199f
163151,12,30.1,61,93,"2021-08-07 14:07:21",A102,7cc37d5f-5e01-419f-ae7b-5ff272cb199f
163180,12,30,61,93,"2021-08-07 14:37:45",A102,7cc37d5f-5e01-419f-ae7b-5ff272cb199f
163209,12,30,61,86,"2021-08-07 15:08:09",A102,7cc37d5f-5e01-419f-ae7b-5ff272cb199f
163238,12,29.9,61,86,"2021-08-07 15:38:32",A102,7cc37d5f-5e01-419f-ae7b-5ff272cb199f
163266,12,29.8,61,86,"2021-08-07 16:08:51",A102,7cc37d5f-5e01-419f-ae7b-5ff272cb199f
163294,12,29.7,61,86,"2021-08-07 16:39:10",A102,7cc37d5f-5e01-419f-ae7b-5ff272cb199f
163324,12,29.5,61,86,"2021-08-07 17:09:29",A102,7cc37d5f-5e01-419f-ae7b-5ff272cb199f
163350,12,29.3,61,86,"2021-08-07 17:39:48",A102,7cc37d5f-5e01-419f-ae7b-5ff272cb199f
163373,12,29.1,61,86,"2021-08-07 18:10:02",A102,7cc37d5f-5e01-419f-ae7b-5ff272cb199f
163395,12,28.9,60,86,"2021-08-07 18:40:19",A102,7cc37d5f-5e01-419f-ae7b-5ff272cb199f
163418,12,28.7,60,86,"2021-08-07 19:10:35",A102,7cc37d5f-5e01-419f-ae7b-5ff272cb199f
163447,12,28.5,61,86,"2021-08-07 19:40:54",A102,7cc37d5f-5e01-419f-ae7b-5ff272cb199f
163474,12,28.3,61,86,"2021-08-07 20:11:08",A102,7cc37d5f-5e01-419f-ae7b-5ff272cb199f
163502,12,28.1,61,86,"2021-08-07 20:41:20",A102,7cc37d5f-5e01-419f-ae7b-5ff272cb199f
163529,12,28,61,86,"2021-08-07 21:11:35",A102,7cc37d5f-5e01-419f-ae7b-5ff272cb199f
163557,12,27.8,61,86,"2021-08-07 21:41:49",A102,7cc37d5f-5e01-419f-ae7b-5ff272cb199f
163585,12,27.7,61,86,"2021-08-07 22:12:02",A102,7cc37d5f-5e01-419f-ae7b-5ff272cb199f
163613,12,27.5,61,86,"2021-08-07 22:42:15",A102,7cc37d5f-5e01-419f-ae7b-5ff272cb199f
163641,12,27.3,61,86,"2021-08-07 23:12:30",A102,7cc37d5f-5e01-419f-ae7b-5ff272cb199f
163666,12,27.2,61,86,"2021-08-07 23:42:42",A102,7cc37d5f-5e01-419f-ae7b-5ff272cb199f
163694,12,27.1,61,86,"2021-08-08 00:12:55",A102,7cc37d5f-5e01-419f-ae7b-5ff272cb199f
163719,12,26.9,61,86,"2021-08-08 00:43:07",A102,7cc37d5f-5e01-419f-ae7b-5ff272cb199f
163746,12,26.8,61,86,"2021-08-08 01:13:19",A102,7cc37d5f-5e01-419f-ae7b-5ff272cb199f
163773,12,26.7,61,86,"2021-08-08 01:43:32",A102,7cc37d5f-5e01-419f-ae7b-5ff272cb199f
163799,12,26.5,61,86,"2021-08-08 02:13:42",A102,7cc37d5f-5e01-419f-ae7b-5ff272cb199f
163827,12,26.4,61,86,"2021-08-08 02:43:54",A102,7cc37d5f-5e01-419f-ae7b-5ff272cb199f
163854,12,26.3,61,86,"2021-08-08 03:14:04",A102,7cc37d5f-5e01-419f-ae7b-5ff272cb199f
163881,12,26.1,61,86,"2021-08-08 03:44:15",A102,7cc37d5f-5e01-419f-ae7b-5ff272cb199f
163908,12,26,61,86,"2021-08-08 04:14:26",A102,7cc37d5f-5e01-419f-ae7b-5ff272cb199f
163934,12,25.8,60,86,"2021-08-08 04:44:36",A102,7cc37d5f-5e01-419f-ae7b-5ff272cb199f
163961,12,25.7,60,86,"2021-08-08 05:14:49",A102,7cc37d5f-5e01-419f-ae7b-5ff272cb199f
163987,12,25.7,60,86,"2021-08-08 05:45:01",A102,7cc37d5f-5e01-419f-ae7b-5ff272cb199f
164036,12,25.7,60,93,"2021-08-08 06:45:32",A102,7cc37d5f-5e01-419f-ae7b-5ff272cb199f
164062,12,25.8,60,93,"2021-08-08 07:15:50",A102,7cc37d5f-5e01-419f-ae7b-5ff272cb199f
164088,12,26,60,93,"2021-08-08 07:46:09",A102,7cc37d5f-5e01-419f-ae7b-5ff272cb199f
164115,12,26.3,60,93,"2021-08-08 08:16:30",A102,7cc37d5f-5e01-419f-ae7b-5ff272cb199f
164141,12,26.5,60,93,"2021-08-08 08:46:52",A102,7cc37d5f-5e01-419f-ae7b-5ff272cb199f
164167,12,26.8,60,93,"2021-08-08 09:17:14",A102,7cc37d5f-5e01-419f-ae7b-5ff272cb199f
164194,12,27.2,60,93,"2021-08-08 09:47:39",A102,7cc37d5f-5e01-419f-ae7b-5ff272cb199f
164220,12,27.8,60,93,"2021-08-08 10:18:04",A102,7cc37d5f-5e01-419f-ae7b-5ff272cb199f
164247,12,28.4,60,93,"2021-08-08 10:49:39",A102,7cc37d5f-5e01-419f-ae7b-5ff272cb199f
164274,12,28.9,60,93,"2021-08-08 11:20:03",A102,7cc37d5f-5e01-419f-ae7b-5ff272cb199f
164299,12,29.4,60,93,"2021-08-08 11:50:28",A102,7cc37d5f-5e01-419f-ae7b-5ff272cb199f
164324,12,29.8,59,93,"2021-08-08 12:20:52",A102,7cc37d5f-5e01-419f-ae7b-5ff272cb199f
164351,12,30.2,60,93,"2021-08-08 12:51:18",A102,7cc37d5f-5e01-419f-ae7b-5ff272cb199f
164377,12,30.4,60,93,"2021-08-08 13:21:42",A102,7cc37d5f-5e01-419f-ae7b-5ff272cb199f
164403,12,30.7,61,93,"2021-08-08 13:52:09",A102,7cc37d5f-5e01-419f-ae7b-5ff272cb199f
164427,12,30.8,61,93,"2021-08-08 14:22:31",A102,7cc37d5f-5e01-419f-ae7b-5ff272cb199f
164451,12,30.9,61,86,"2021-08-08 14:52:51",A102,7cc37d5f-5e01-419f-ae7b-5ff272cb199f
164479,12,30.8,61,86,"2021-08-08 15:23:11",A102,7cc37d5f-5e01-419f-ae7b-5ff272cb199f
164504,12,30.6,61,86,"2021-08-08 15:53:27",A102,7cc37d5f-5e01-419f-ae7b-5ff272cb199f
164530,12,30.4,61,86,"2021-08-08 16:23:43",A102,7cc37d5f-5e01-419f-ae7b-5ff272cb199f
164556,12,30.1,61,86,"2021-08-08 16:53:58",A102,7cc37d5f-5e01-419f-ae7b-5ff272cb199f
164583,12,29.9,61,86,"2021-08-08 17:24:13",A102,7cc37d5f-5e01-419f-ae7b-5ff272cb199f
164609,12,29.6,61,86,"2021-08-08 17:54:27",A102,7cc37d5f-5e01-419f-ae7b-5ff272cb199f
164631,12,29.4,61,86,"2021-08-08 18:24:42",A102,7cc37d5f-5e01-419f-ae7b-5ff272cb199f
164649,12,29.2,61,86,"2021-08-08 18:54:53",A102,7cc37d5f-5e01-419f-ae7b-5ff272cb199f
164674,12,28.9,60,86,"2021-08-08 19:25:07",A102,7cc37d5f-5e01-419f-ae7b-5ff272cb199f
164700,12,28.7,61,86,"2021-08-08 19:55:18",A102,7cc37d5f-5e01-419f-ae7b-5ff272cb199f
164725,12,28.5,60,86,"2021-08-08 20:25:30",A102,7cc37d5f-5e01-419f-ae7b-5ff272cb199f
164751,12,28.3,61,86,"2021-08-08 20:55:41",A102,7cc37d5f-5e01-419f-ae7b-5ff272cb199f
164778,12,28.1,61,86,"2021-08-08 21:25:52",A102,7cc37d5f-5e01-419f-ae7b-5ff272cb199f
164805,12,27.9,61,86,"2021-08-08 21:56:08",A102,7cc37d5f-5e01-419f-ae7b-5ff272cb199f
164830,12,27.8,61,86,"2021-08-08 22:26:15",A102,7cc37d5f-5e01-419f-ae7b-5ff272cb199f
164858,12,27.6,61,86,"2021-08-08 22:56:27",A102,7cc37d5f-5e01-419f-ae7b-5ff272cb199f
164885,12,27.5,61,86,"2021-08-08 23:26:38",A102,7cc37d5f-5e01-419f-ae7b-5ff272cb199f
164912,12,27.4,61,86,"2021-08-08 23:56:50",A102,7cc37d5f-5e01-419f-ae7b-5ff272cb199f
164940,12,27.3,61,86,"2021-08-09 00:26:59",A102,7cc37d5f-5e01-419f-ae7b-5ff272cb199f
164968,12,27.1,61,86,"2021-08-09 00:57:10",A102,7cc37d5f-5e01-419f-ae7b-5ff272cb199f
164994,12,27,61,86,"2021-08-09 01:27:21",A102,7cc37d5f-5e01-419f-ae7b-5ff272cb199f
165021,12,26.9,61,86,"2021-08-09 01:57:31",A102,7cc37d5f-5e01-419f-ae7b-5ff272cb199f
165048,12,26.8,61,86,"2021-08-09 02:27:41",A102,7cc37d5f-5e01-419f-ae7b-5ff272cb199f
165075,12,26.7,61,86,"2021-08-09 02:57:51",A102,7cc37d5f-5e01-419f-ae7b-5ff272cb199f
165101,12,26.5,60,86,"2021-08-09 03:28:01",A102,7cc37d5f-5e01-419f-ae7b-5ff272cb199f
165127,12,26.4,60,86,"2021-08-09 03:58:10",A102,7cc37d5f-5e01-419f-ae7b-5ff272cb199f
165153,12,26.3,60,86,"2021-08-09 04:28:19",A102,7cc37d5f-5e01-419f-ae7b-5ff272cb199f
165178,12,26.2,60,86,"2021-08-09 04:58:30",A102,7cc37d5f-5e01-419f-ae7b-5ff272cb199f
165203,12,26.1,60,86,"2021-08-09 05:28:40",A102,7cc37d5f-5e01-419f-ae7b-5ff272cb199f
165229,12,26,60,86,"2021-08-09 05:58:51",A102,7cc37d5f-5e01-419f-ae7b-5ff272cb199f
165254,12,26,60,86,"2021-08-09 06:29:03",A102,7cc37d5f-5e01-419f-ae7b-5ff272cb199f
165278,12,26,60,86,"2021-08-09 06:59:15",A102,7cc37d5f-5e01-419f-ae7b-5ff272cb199f
165304,12,26,60,86,"2021-08-09 07:29:31",A102,7cc37d5f-5e01-419f-ae7b-5ff272cb199f
165329,12,26.1,60,93,"2021-08-09 07:59:46",A102,7cc37d5f-5e01-419f-ae7b-5ff272cb199f
165355,12,26.3,60,93,"2021-08-09 08:30:04",A102,7cc37d5f-5e01-419f-ae7b-5ff272cb199f
165379,12,26.6,60,93,"2021-08-09 09:00:21",A102,7cc37d5f-5e01-419f-ae7b-5ff272cb199f
165403,12,26.9,60,93,"2021-08-09 09:30:38",A102,7cc37d5f-5e01-419f-ae7b-5ff272cb199f
165427,12,27.2,60,93,"2021-08-09 10:00:57",A102,7cc37d5f-5e01-419f-ae7b-5ff272cb199f
165474,12,28.1,60,93,"2021-08-09 11:01:38",A102,7cc37d5f-5e01-419f-ae7b-5ff272cb199f
165499,12,28.5,60,93,"2021-08-09 11:32:01",A102,7cc37d5f-5e01-419f-ae7b-5ff272cb199f
165526,12,29,60,93,"2021-08-09 12:02:22",A102,7cc37d5f-5e01-419f-ae7b-5ff272cb199f
165551,12,29.3,60,93,"2021-08-09 12:32:46",A102,7cc37d5f-5e01-419f-ae7b-5ff272cb199f
165576,12,29.7,59,93,"2021-08-09 13:03:11",A102,7cc37d5f-5e01-419f-ae7b-5ff272cb199f
165600,12,30,59,93,"2021-08-09 13:33:35",A102,7cc37d5f-5e01-419f-ae7b-5ff272cb199f
165623,12,30.2,60,93,"2021-08-09 14:03:57",A102,7cc37d5f-5e01-419f-ae7b-5ff272cb199f
165650,12,30.4,60,86,"2021-08-09 14:34:12",A102,7cc37d5f-5e01-419f-ae7b-5ff272cb199f
165677,12,30.4,61,86,"2021-08-09 15:04:27",A102,7cc37d5f-5e01-419f-ae7b-5ff272cb199f
165701,12,30.3,61,86,"2021-08-09 15:34:36",A102,7cc37d5f-5e01-419f-ae7b-5ff272cb199f
165726,12,29.9,60,86,"2021-08-09 16:04:49",A102,7cc37d5f-5e01-419f-ae7b-5ff272cb199f
165750,12,29.5,61,86,"2021-08-09 16:34:59",A102,7cc37d5f-5e01-419f-ae7b-5ff272cb199f
165774,12,29.1,60,86,"2021-08-09 17:05:09",A102,7cc37d5f-5e01-419f-ae7b-5ff272cb199f
165811,12,28.5,61,86,"2021-08-09 18:05:30",A102,7cc37d5f-5e01-419f-ae7b-5ff272cb199f
165824,12,28.2,61,86,"2021-08-09 18:35:39",A102,7cc37d5f-5e01-419f-ae7b-5ff272cb199f
165846,12,28,61,86,"2021-08-09 19:05:49",A102,7cc37d5f-5e01-419f-ae7b-5ff272cb199f
165870,12,27.8,61,86,"2021-08-09 19:35:59",A102,7cc37d5f-5e01-419f-ae7b-5ff272cb199f
165893,12,27.6,61,86,"2021-08-09 20:06:10",A102,7cc37d5f-5e01-419f-ae7b-5ff272cb199f
165919,12,27.4,61,86,"2021-08-09 20:36:19",A102,7cc37d5f-5e01-419f-ae7b-5ff272cb199f
165944,12,27.3,61,86,"2021-08-09 21:06:28",A102,7cc37d5f-5e01-419f-ae7b-5ff272cb199f
165993,12,26.92,61,86,"2021-08-09 22:06:49",A102,7cc37d5f-5e01-419f-ae7b-5ff272cb199f
166017,12,26.8,60,86,"2021-08-09 22:36:58",A102,7cc37d5f-5e01-419f-ae7b-5ff272cb199f
166043,12,26.7,60,86,"2021-08-09 23:07:09",A102,7cc37d5f-5e01-419f-ae7b-5ff272cb199f
166069,12,26.5,60,86,"2021-08-09 23:37:18",A102,7cc37d5f-5e01-419f-ae7b-5ff272cb199f
166093,12,26.4,60,86,"2021-08-10 00:07:28",A102,7cc37d5f-5e01-419f-ae7b-5ff272cb199f
166118,12,26.3,60,86,"2021-08-10 00:37:38",A102,7cc37d5f-5e01-419f-ae7b-5ff272cb199f
166142,12,26.2,60,86,"2021-08-10 01:07:46",A102,7cc37d5f-5e01-419f-ae7b-5ff272cb199f
166167,12,26.1,60,86,"2021-08-10 01:37:56",A102,7cc37d5f-5e01-419f-ae7b-5ff272cb199f
166192,12,26,60,86,"2021-08-10 02:08:05",A102,7cc37d5f-5e01-419f-ae7b-5ff272cb199f
166216,12,25.9,60,86,"2021-08-10 02:38:14",A102,7cc37d5f-5e01-419f-ae7b-5ff272cb199f
166241,12,25.8,60,86,"2021-08-10 03:08:25",A102,7cc37d5f-5e01-419f-ae7b-5ff272cb199f
166266,12,25.7,60,86,"2021-08-10 03:38:33",A102,7cc37d5f-5e01-419f-ae7b-5ff272cb199f
166290,12,25.7,60,86,"2021-08-10 04:08:44",A102,7cc37d5f-5e01-419f-ae7b-5ff272cb199f
166315,12,25.6,60,86,"2021-08-10 04:38:52",A102,7cc37d5f-5e01-419f-ae7b-5ff272cb199f
166337,12,25.5,60,86,"2021-08-10 05:09:03",A102,7cc37d5f-5e01-419f-ae7b-5ff272cb199f
166360,12,25.5,60,86,"2021-08-10 05:39:12",A102,7cc37d5f-5e01-419f-ae7b-5ff272cb199f
166384,12,25.46,60,93,"2021-08-10 06:09:27",A102,7cc37d5f-5e01-419f-ae7b-5ff272cb199f
166407,12,25.5,60,93,"2021-08-10 06:39:46",A102,7cc37d5f-5e01-419f-ae7b-5ff272cb199f
166431,12,25.7,59,93,"2021-08-10 07:10:00",A102,7cc37d5f-5e01-419f-ae7b-5ff272cb199f
166455,12,26,60,93,"2021-08-10 07:40:18",A102,7cc37d5f-5e01-419f-ae7b-5ff272cb199f
166479,12,26.3,59,93,"2021-08-10 08:10:36",A102,7cc37d5f-5e01-419f-ae7b-5ff272cb199f
166503,12,26.6,59,93,"2021-08-10 08:40:53",A102,7cc37d5f-5e01-419f-ae7b-5ff272cb199f
166528,12,26.9,60,93,"2021-08-10 09:11:10",A102,7cc37d5f-5e01-419f-ae7b-5ff272cb199f
166551,12,27.3,59,93,"2021-08-10 09:41:31",A102,7cc37d5f-5e01-419f-ae7b-5ff272cb199f
166574,12,27.6,59,86,"2021-08-10 10:11:47",A102,7cc37d5f-5e01-419f-ae7b-5ff272cb199f
166597,12,27.8,59,86,"2021-08-10 10:42:03",A102,7cc37d5f-5e01-419f-ae7b-5ff272cb199f
166622,12,27.9,60,86,"2021-08-10 11:12:14",A102,7cc37d5f-5e01-419f-ae7b-5ff272cb199f
166644,12,27.8,60,86,"2021-08-10 11:42:26",A102,7cc37d5f-5e01-419f-ae7b-5ff272cb199f
166667,12,27.7,60,86,"2021-08-10 12:12:37",A102,7cc37d5f-5e01-419f-ae7b-5ff272cb199f
166689,12,27.5,60,93,"2021-08-10 12:42:55",A102,7cc37d5f-5e01-419f-ae7b-5ff272cb199f
166713,12,27.5,60,93,"2021-08-10 13:14:17",A102,7cc37d5f-5e01-419f-ae7b-5ff272cb199f
166737,12,27.5,60,93,"2021-08-10 13:44:40",A102,7cc37d5f-5e01-419f-ae7b-5ff272cb199f
166759,12,27.5,60,86,"2021-08-10 14:15:06",A102,7cc37d5f-5e01-419f-ae7b-5ff272cb199f
166781,12,27.6,60,86,"2021-08-10 14:45:28",A102,7cc37d5f-5e01-419f-ae7b-5ff272cb199f
166805,12,27.6,60,86,"2021-08-10 15:15:51",A102,7cc37d5f-5e01-419f-ae7b-5ff272cb199f
166826,12,27.6,60,86,"2021-08-10 15:46:13",A102,7cc37d5f-5e01-419f-ae7b-5ff272cb199f
166847,12,27.5,60,86,"2021-08-10 16:16:34",A102,7cc37d5f-5e01-419f-ae7b-5ff272cb199f
166868,12,27.4,60,86,"2021-08-10 16:46:54",A102,7cc37d5f-5e01-419f-ae7b-5ff272cb199f
166889,12,27.3,60,86,"2021-08-10 17:17:13",A102,7cc37d5f-5e01-419f-ae7b-5ff272cb199f
166904,12,27.1,60,86,"2021-08-10 17:47:32",A102,7cc37d5f-5e01-419f-ae7b-5ff272cb199f
166924,12,26.7,60,86,"2021-08-10 18:48:09",A102,7cc37d5f-5e01-419f-ae7b-5ff272cb199f
166941,12,26.5,60,86,"2021-08-10 19:18:30",A102,7cc37d5f-5e01-419f-ae7b-5ff272cb199f
166963,12,26.4,60,86,"2021-08-10 19:48:47",A102,7cc37d5f-5e01-419f-ae7b-5ff272cb199f
166985,12,26.3,60,86,"2021-08-10 20:19:06",A102,7cc37d5f-5e01-419f-ae7b-5ff272cb199f
167008,12,26.1,60,86,"2021-08-10 20:49:24",A102,7cc37d5f-5e01-419f-ae7b-5ff272cb199f
167031,12,26,60,86,"2021-08-10 21:19:42",A102,7cc37d5f-5e01-419f-ae7b-5ff272cb199f
167055,12,25.9,60,86,"2021-08-10 21:50:00",A102,7cc37d5f-5e01-419f-ae7b-5ff272cb199f
167077,12,25.8,60,86,"2021-08-10 22:20:19",A102,7cc37d5f-5e01-419f-ae7b-5ff272cb199f
167100,12,25.7,59,86,"2021-08-10 22:50:38",A102,7cc37d5f-5e01-419f-ae7b-5ff272cb199f
167123,12,25.7,60,86,"2021-08-10 23:20:56",A102,7cc37d5f-5e01-419f-ae7b-5ff272cb199f
167147,12,25.6,59,86,"2021-08-10 23:51:14",A102,7cc37d5f-5e01-419f-ae7b-5ff272cb199f
167169,12,25.5,60,86,"2021-08-11 00:21:31",A102,7cc37d5f-5e01-419f-ae7b-5ff272cb199f
167189,12,25.4,60,86,"2021-08-11 00:51:49",A102,7cc37d5f-5e01-419f-ae7b-5ff272cb199f
167211,12,25.3,59,86,"2021-08-11 01:22:08",A102,7cc37d5f-5e01-419f-ae7b-5ff272cb199f
167235,12,25.3,60,86,"2021-08-11 01:52:26",A102,7cc37d5f-5e01-419f-ae7b-5ff272cb199f
167259,12,25.2,59,86,"2021-08-11 02:22:46",A102,7cc37d5f-5e01-419f-ae7b-5ff272cb199f
167281,12,25.1,60,86,"2021-08-11 02:53:02",A102,7cc37d5f-5e01-419f-ae7b-5ff272cb199f
167304,12,25.1,60,86,"2021-08-11 03:23:23",A102,7cc37d5f-5e01-419f-ae7b-5ff272cb199f
167324,12,25,59,86,"2021-08-11 03:53:39",A102,7cc37d5f-5e01-419f-ae7b-5ff272cb199f
167345,12,24.9,59,86,"2021-08-11 04:24:01",A102,7cc37d5f-5e01-419f-ae7b-5ff272cb199f
167369,12,24.8,59,86,"2021-08-11 04:54:14",A102,7cc37d5f-5e01-419f-ae7b-5ff272cb199f
167393,12,24.8,59,86,"2021-08-11 05:24:32",A102,7cc37d5f-5e01-419f-ae7b-5ff272cb199f
167417,12,24.7,59,86,"2021-08-11 05:54:50",A102,7cc37d5f-5e01-419f-ae7b-5ff272cb199f
167442,12,24.6,59,86,"2021-08-11 06:25:11",A102,7cc37d5f-5e01-419f-ae7b-5ff272cb199f
167467,12,24.6,59,86,"2021-08-11 06:55:27",A102,7cc37d5f-5e01-419f-ae7b-5ff272cb199f
167491,12,24.6,59,86,"2021-08-11 07:25:45",A102,7cc37d5f-5e01-419f-ae7b-5ff272cb199f
167512,12,24.5,59,86,"2021-08-11 07:56:05",A102,7cc37d5f-5e01-419f-ae7b-5ff272cb199f
167536,12,24.5,59,86,"2021-08-11 08:26:24",A102,7cc37d5f-5e01-419f-ae7b-5ff272cb199f
167558,12,24.5,59,86,"2021-08-11 08:56:44",A102,7cc37d5f-5e01-419f-ae7b-5ff272cb199f
167582,12,24.5,59,86,"2021-08-11 09:27:03",A102,7cc37d5f-5e01-419f-ae7b-5ff272cb199f
167608,12,24.6,59,86,"2021-08-11 09:57:25",A102,7cc37d5f-5e01-419f-ae7b-5ff272cb199f
167632,12,24.6,59,86,"2021-08-11 10:27:44",A102,7cc37d5f-5e01-419f-ae7b-5ff272cb199f
167657,12,24.7,59,86,"2021-08-11 10:58:05",A102,7cc37d5f-5e01-419f-ae7b-5ff272cb199f
167683,12,24.7,59,86,"2021-08-11 11:28:26",A102,7cc37d5f-5e01-419f-ae7b-5ff272cb199f
167710,13,24.6,14,107,"2021-08-11 11:56:01",A101,7cc37d5f-5e01-419f-ae7b-5ff272cb199f
167712,12,24.8,59,86,"2021-08-11 11:58:49",A102,7cc37d5f-5e01-419f-ae7b-5ff272cb199f
167738,12,24.9,59,86,"2021-08-11 12:29:13",A102,7cc37d5f-5e01-419f-ae7b-5ff272cb199f
167745,13,24.7,15,114,"2021-08-11 12:37:35",A101,7cc37d5f-5e01-419f-ae7b-5ff272cb199f
167766,12,25,59,86,"2021-08-11 12:59:36",A102,7cc37d5f-5e01-419f-ae7b-5ff272cb199f
167774,13,24.9,15,114,"2021-08-11 13:10:12",A101,7cc37d5f-5e01-419f-ae7b-5ff272cb199f
167793,12,25.2,59,86,"2021-08-11 13:30:03",A102,7cc37d5f-5e01-419f-ae7b-5ff272cb199f
167801,13,25,15,114,"2021-08-11 13:40:35",A101,7cc37d5f-5e01-419f-ae7b-5ff272cb199f
167819,12,25.4,59,86,"2021-08-11 14:00:32",A102,7cc37d5f-5e01-419f-ae7b-5ff272cb199f
167826,13,25.2,14,114,"2021-08-11 14:11:06",A101,7cc37d5f-5e01-419f-ae7b-5ff272cb199f
167844,12,25.7,59,86,"2021-08-11 14:30:59",A102,7cc37d5f-5e01-419f-ae7b-5ff272cb199f
167853,13,25.5,14,114,"2021-08-11 14:41:29",A101,7cc37d5f-5e01-419f-ae7b-5ff272cb199f
167866,12,25.9,59,86,"2021-08-11 15:01:27",A102,7cc37d5f-5e01-419f-ae7b-5ff272cb199f
167874,13,25.6,14,114,"2021-08-11 15:11:56",A101,7cc37d5f-5e01-419f-ae7b-5ff272cb199f
167894,12,26,59,86,"2021-08-11 15:31:49",A102,7cc37d5f-5e01-419f-ae7b-5ff272cb199f
167922,12,26,59,86,"2021-08-11 16:02:13",A102,7cc37d5f-5e01-419f-ae7b-5ff272cb199f
167931,13,25.7,14,114,"2021-08-11 16:12:52",A101,7cc37d5f-5e01-419f-ae7b-5ff272cb199f
167949,12,26,59,86,"2021-08-11 16:32:35",A102,7cc37d5f-5e01-419f-ae7b-5ff272cb199f
167959,13,25.7,15,114,"2021-08-11 16:43:08",A101,7cc37d5f-5e01-419f-ae7b-5ff272cb199f
167978,12,25.9,59,86,"2021-08-11 17:02:55",A102,7cc37d5f-5e01-419f-ae7b-5ff272cb199f
168002,12,25.7,59,86,"2021-08-11 17:33:15",A102,7cc37d5f-5e01-419f-ae7b-5ff272cb199f
168007,13,25.5,14,114,"2021-08-11 17:43:52",A101,7cc37d5f-5e01-419f-ae7b-5ff272cb199f
168019,12,25.6,59,86,"2021-08-11 18:03:34",A102,7cc37d5f-5e01-419f-ae7b-5ff272cb199f
168023,13,25.4,14,114,"2021-08-11 18:14:14",A101,7cc37d5f-5e01-419f-ae7b-5ff272cb199f
168033,12,25.4,59,86,"2021-08-11 18:33:52",A102,7cc37d5f-5e01-419f-ae7b-5ff272cb199f
168039,13,25.2,14,114,"2021-08-11 18:44:40",A101,7cc37d5f-5e01-419f-ae7b-5ff272cb199f
168054,12,25.3,59,86,"2021-08-11 19:04:10",A102,7cc37d5f-5e01-419f-ae7b-5ff272cb199f
168075,12,25.1,59,86,"2021-08-11 19:34:29",A102,7cc37d5f-5e01-419f-ae7b-5ff272cb199f
168084,13,25,15,114,"2021-08-11 19:45:17",A101,7cc37d5f-5e01-419f-ae7b-5ff272cb199f
168104,12,25,59,86,"2021-08-11 20:04:46",A102,7cc37d5f-5e01-419f-ae7b-5ff272cb199f
168112,13,24.8,15,114,"2021-08-11 20:15:36",A101,7cc37d5f-5e01-419f-ae7b-5ff272cb199f
168131,12,24.8,59,86,"2021-08-11 20:35:03",A102,7cc37d5f-5e01-419f-ae7b-5ff272cb199f
168158,12,24.7,59,86,"2021-08-11 21:05:20",A102,7cc37d5f-5e01-419f-ae7b-5ff272cb199f
168210,12,24.4,59,86,"2021-08-11 22:05:53",A102,7cc37d5f-5e01-419f-ae7b-5ff272cb199f
168235,12,24.3,59,86,"2021-08-11 22:36:12",A102,7cc37d5f-5e01-419f-ae7b-5ff272cb199f
168262,12,24.2,59,86,"2021-08-11 23:06:26",A102,7cc37d5f-5e01-419f-ae7b-5ff272cb199f
168290,12,24.1,59,86,"2021-08-11 23:36:42",A102,7cc37d5f-5e01-419f-ae7b-5ff272cb199f
168298,13,24,14,114,"2021-08-11 23:47:52",A101,7cc37d5f-5e01-419f-ae7b-5ff272cb199f
168316,12,23.9,59,86,"2021-08-12 00:06:58",A102,7cc37d5f-5e01-419f-ae7b-5ff272cb199f
168342,12,23.8,60,86,"2021-08-12 00:37:13",A102,7cc37d5f-5e01-419f-ae7b-5ff272cb199f
168351,13,23.7,14,114,"2021-08-12 00:48:30",A101,7cc37d5f-5e01-419f-ae7b-5ff272cb199f
168370,12,23.7,59,86,"2021-08-12 01:07:29",A102,7cc37d5f-5e01-419f-ae7b-5ff272cb199f
168397,12,23.6,59,86,"2021-08-12 01:37:47",A102,7cc37d5f-5e01-419f-ae7b-5ff272cb199f
168423,12,23.6,59,86,"2021-08-12 02:08:04",A102,7cc37d5f-5e01-419f-ae7b-5ff272cb199f
168449,12,23.5,59,86,"2021-08-12 02:38:21",A102,7cc37d5f-5e01-419f-ae7b-5ff272cb199f
168458,13,23.4,14,114,"2021-08-12 02:49:46",A101,7cc37d5f-5e01-419f-ae7b-5ff272cb199f
168477,12,23.5,59,86,"2021-08-12 03:08:40",A102,7cc37d5f-5e01-419f-ae7b-5ff272cb199f
168503,12,23.4,59,86,"2021-08-12 03:38:55",A102,7cc37d5f-5e01-419f-ae7b-5ff272cb199f
168530,12,23.4,59,86,"2021-08-12 04:09:11",A102,7cc37d5f-5e01-419f-ae7b-5ff272cb199f
168557,12,23.4,59,86,"2021-08-12 04:39:28",A102,7cc37d5f-5e01-419f-ae7b-5ff272cb199f
168565,13,23.2,14,114,"2021-08-12 04:51:07",A101,7cc37d5f-5e01-419f-ae7b-5ff272cb199f
168583,12,23.3,59,86,"2021-08-12 05:09:46",A102,7cc37d5f-5e01-419f-ae7b-5ff272cb199f
168593,13,23.2,14,114,"2021-08-12 05:21:28",A101,7cc37d5f-5e01-419f-ae7b-5ff272cb199f
168610,12,23.3,59,86,"2021-08-12 05:40:05",A102,7cc37d5f-5e01-419f-ae7b-5ff272cb199f
168635,12,23.3,59,86,"2021-08-12 06:10:26",A102,7cc37d5f-5e01-419f-ae7b-5ff272cb199f
168644,13,23.2,14,114,"2021-08-12 06:22:09",A101,7cc37d5f-5e01-419f-ae7b-5ff272cb199f
168659,12,23.4,59,86,"2021-08-12 06:40:48",A102,7cc37d5f-5e01-419f-ae7b-5ff272cb199f
168669,13,23.3,15,114,"2021-08-12 06:52:34",A101,7cc37d5f-5e01-419f-ae7b-5ff272cb199f
168686,12,23.6,59,86,"2021-08-12 07:11:12",A102,7cc37d5f-5e01-419f-ae7b-5ff272cb199f
168697,13,23.4,14,114,"2021-08-12 07:23:00",A101,7cc37d5f-5e01-419f-ae7b-5ff272cb199f
168714,12,23.9,59,86,"2021-08-12 07:41:39",A102,7cc37d5f-5e01-419f-ae7b-5ff272cb199f
168724,13,23.7,14,114,"2021-08-12 07:53:28",A101,7cc37d5f-5e01-419f-ae7b-5ff272cb199f
168739,12,24.3,58,86,"2021-08-12 08:12:07",A102,7cc37d5f-5e01-419f-ae7b-5ff272cb199f
168749,13,24,14,114,"2021-08-12 08:23:56",A101,7cc37d5f-5e01-419f-ae7b-5ff272cb199f
168765,12,24.8,58,86,"2021-08-12 08:42:41",A102,7cc37d5f-5e01-419f-ae7b-5ff272cb199f
168775,13,24.4,14,114,"2021-08-12 08:54:30",A101,7cc37d5f-5e01-419f-ae7b-5ff272cb199f
168792,12,25.4,58,86,"2021-08-12 09:13:04",A102,7cc37d5f-5e01-419f-ae7b-5ff272cb199f
168803,13,25,14,121,"2021-08-12 09:24:56",A101,7cc37d5f-5e01-419f-ae7b-5ff272cb199f
168819,12,26,58,86,"2021-08-12 09:43:35",A102,7cc37d5f-5e01-419f-ae7b-5ff272cb199f
168830,13,25.5,14,114,"2021-08-12 09:55:26",A101,7cc37d5f-5e01-419f-ae7b-5ff272cb199f
168847,12,26.6,58,86,"2021-08-12 10:14:03",A102,7cc37d5f-5e01-419f-ae7b-5ff272cb199f
168858,13,26.1,14,114,"2021-08-12 10:25:55",A101,7cc37d5f-5e01-419f-ae7b-5ff272cb199f
168876,12,27.1,58,86,"2021-08-12 10:44:33",A102,7cc37d5f-5e01-419f-ae7b-5ff272cb199f
168888,13,26.5,14,121,"2021-08-12 10:56:26",A101,7cc37d5f-5e01-419f-ae7b-5ff272cb199f
168903,12,27.5,58,93,"2021-08-12 11:15:05",A102,7cc37d5f-5e01-419f-ae7b-5ff272cb199f
168914,13,27,14,114,"2021-08-12 11:26:57",A101,7cc37d5f-5e01-419f-ae7b-5ff272cb199f
168931,12,27.9,59,86,"2021-08-12 11:45:35",A102,7cc37d5f-5e01-419f-ae7b-5ff272cb199f
168956,12,28.3,59,93,"2021-08-12 12:16:11",A102,7cc37d5f-5e01-419f-ae7b-5ff272cb199f
168968,13,27.9,14,121,"2021-08-12 12:27:59",A101,7cc37d5f-5e01-419f-ae7b-5ff272cb199f
168983,12,28.6,59,86,"2021-08-12 12:46:40",A102,7cc37d5f-5e01-419f-ae7b-5ff272cb199f
168994,13,28.3,14,121,"2021-08-12 12:58:31",A101,7cc37d5f-5e01-419f-ae7b-5ff272cb199f
169009,12,28.9,59,86,"2021-08-12 13:17:09",A102,7cc37d5f-5e01-419f-ae7b-5ff272cb199f
169035,12,29.1,60,86,"2021-08-12 13:47:40",A102,7cc37d5f-5e01-419f-ae7b-5ff272cb199f
169061,12,29.2,60,86,"2021-08-12 14:18:08",A102,7cc37d5f-5e01-419f-ae7b-5ff272cb199f
169072,13,29,14,114,"2021-08-12 14:29:59",A101,7cc37d5f-5e01-419f-ae7b-5ff272cb199f
169090,12,29.2,60,86,"2021-08-12 14:48:35",A102,7cc37d5f-5e01-419f-ae7b-5ff272cb199f
169099,13,29.1,14,114,"2021-08-12 15:00:27",A101,7cc37d5f-5e01-419f-ae7b-5ff272cb199f
169117,12,29.1,60,86,"2021-08-12 15:19:02",A102,7cc37d5f-5e01-419f-ae7b-5ff272cb199f
169129,13,29,15,114,"2021-08-12 15:30:51",A101,7cc37d5f-5e01-419f-ae7b-5ff272cb199f
169147,13,28.7,101,86,"2021-08-12 15:50:23",A102,7cc37d5f-5e01-419f-ae7b-5ff272cb199f
169174,13,28.1,99,86,"2021-08-12 16:20:51",A102,7cc37d5f-5e01-419f-ae7b-5ff272cb199f
169186,16,27.4,24,114,"2021-08-12 16:31:33",A101,7cc37d5f-5e01-419f-ae7b-5ff272cb199f
169201,13,27.5,97,86,"2021-08-12 16:51:13",A102,7cc37d5f-5e01-419f-ae7b-5ff272cb199f
169229,13,27,93,86,"2021-08-12 17:21:34",A102,7cc37d5f-5e01-419f-ae7b-5ff272cb199f
169238,16,26.6,26,114,"2021-08-12 17:32:15",A101,7cc37d5f-5e01-419f-ae7b-5ff272cb199f
169257,13,26.6,94,86,"2021-08-12 17:51:58",A102,7cc37d5f-5e01-419f-ae7b-5ff272cb199f
169265,16,26.4,27,114,"2021-08-12 18:02:36",A101,7cc37d5f-5e01-419f-ae7b-5ff272cb199f
169280,13,26.3,92,86,"2021-08-12 18:22:21",A102,7cc37d5f-5e01-419f-ae7b-5ff272cb199f
169299,13,26,92,86,"2021-08-12 18:52:45",A102,7cc37d5f-5e01-419f-ae7b-5ff272cb199f
169323,13,25.8,90,86,"2021-08-12 19:23:10",A102,7cc37d5f-5e01-419f-ae7b-5ff272cb199f
169335,16,25.7,29,114,"2021-08-12 19:33:40",A101,7cc37d5f-5e01-419f-ae7b-5ff272cb199f
169354,13,25.5,90,86,"2021-08-12 19:53:35",A102,7cc37d5f-5e01-419f-ae7b-5ff272cb199f
169364,16,25.4,30,114,"2021-08-12 20:04:00",A101,7cc37d5f-5e01-419f-ae7b-5ff272cb199f
169382,13,25.3,88,86,"2021-08-12 20:23:55",A102,7cc37d5f-5e01-419f-ae7b-5ff272cb199f
169409,13,25.04,87,86,"2021-08-12 20:54:18",A102,7cc37d5f-5e01-419f-ae7b-5ff272cb199f
169438,13,24.9,86,86,"2021-08-12 21:24:42",A102,7cc37d5f-5e01-419f-ae7b-5ff272cb199f
169450,17,24.8,31,114,"2021-08-12 21:35:02",A101,7cc37d5f-5e01-419f-ae7b-5ff272cb199f
169467,13,24.7,85,86,"2021-08-12 21:55:06",A102,7cc37d5f-5e01-419f-ae7b-5ff272cb199f
169496,13,24.5,84,86,"2021-08-12 22:25:29",A102,7cc37d5f-5e01-419f-ae7b-5ff272cb199f
169508,17,24.5,31,114,"2021-08-12 22:35:44",A101,7cc37d5f-5e01-419f-ae7b-5ff272cb199f
169528,13,24.3,83,86,"2021-08-12 22:55:51",A102,7cc37d5f-5e01-419f-ae7b-5ff272cb199f
169558,13,24.1,83,86,"2021-08-12 23:26:14",A102,7cc37d5f-5e01-419f-ae7b-5ff272cb199f
169569,17,24.1,32,114,"2021-08-12 23:36:23",A101,7cc37d5f-5e01-419f-ae7b-5ff272cb199f
169587,13,24,82,86,"2021-08-12 23:56:36",A102,7cc37d5f-5e01-419f-ae7b-5ff272cb199f
169599,17,23.9,32,107,"2021-08-13 00:06:40",A101,7cc37d5f-5e01-419f-ae7b-5ff272cb199f
169617,13,23.8,81,86,"2021-08-13 00:26:59",A102,7cc37d5f-5e01-419f-ae7b-5ff272cb199f
169628,17,23.8,32,107,"2021-08-13 00:37:00",A101,7cc37d5f-5e01-419f-ae7b-5ff272cb199f
169649,13,23.6,80,86,"2021-08-13 00:57:20",A102,7cc37d5f-5e01-419f-ae7b-5ff272cb199f
169658,17,23.6,32,114,"2021-08-13 01:07:19",A101,7cc37d5f-5e01-419f-ae7b-5ff272cb199f
169679,13,23.5,80,86,"2021-08-13 01:27:41",A102,7cc37d5f-5e01-419f-ae7b-5ff272cb199f
169688,17,23.5,32,107,"2021-08-13 01:37:37",A101,7cc37d5f-5e01-419f-ae7b-5ff272cb199f
169709,13,23.3,79,86,"2021-08-13 01:58:02",A102,7cc37d5f-5e01-419f-ae7b-5ff272cb199f
169719,18,23.3,32,114,"2021-08-13 02:07:56",A101,7cc37d5f-5e01-419f-ae7b-5ff272cb199f
169740,13,23.2,79,86,"2021-08-13 02:28:23",A102,7cc37d5f-5e01-419f-ae7b-5ff272cb199f
169749,18,23.2,32,114,"2021-08-13 02:38:14",A101,7cc37d5f-5e01-419f-ae7b-5ff272cb199f
169770,13,23,78,86,"2021-08-13 02:58:44",A102,7cc37d5f-5e01-419f-ae7b-5ff272cb199f
169798,13,22.9,78,86,"2021-08-13 03:29:05",A102,7cc37d5f-5e01-419f-ae7b-5ff272cb199f
169808,18,22.9,32,107,"2021-08-13 03:38:51",A101,7cc37d5f-5e01-419f-ae7b-5ff272cb199f
169834,18,22.7,32,107,"2021-08-13 04:09:10",A101,7cc37d5f-5e01-419f-ae7b-5ff272cb199f
169853,13,22.6,77,86,"2021-08-13 04:29:48",A102,7cc37d5f-5e01-419f-ae7b-5ff272cb199f
169862,18,22.6,32,107,"2021-08-13 04:39:29",A101,7cc37d5f-5e01-419f-ae7b-5ff272cb199f
169881,13,22.5,76,86,"2021-08-13 05:00:10",A102,7cc37d5f-5e01-419f-ae7b-5ff272cb199f
169891,18,22.5,32,107,"2021-08-13 05:09:48",A101,7cc37d5f-5e01-419f-ae7b-5ff272cb199f
169910,13,22.42,76,86,"2021-08-13 05:30:31",A102,7cc37d5f-5e01-419f-ae7b-5ff272cb199f
169918,18,22.5,32,107,"2021-08-13 05:40:07",A101,7cc37d5f-5e01-419f-ae7b-5ff272cb199f
169938,13,22.42,75,86,"2021-08-13 06:00:57",A102,7cc37d5f-5e01-419f-ae7b-5ff272cb199f
169967,13,22.5,75,86,"2021-08-13 06:31:18",A102,7cc37d5f-5e01-419f-ae7b-5ff272cb199f
169994,13,22.6,74,93,"2021-08-13 07:01:46",A102,7cc37d5f-5e01-419f-ae7b-5ff272cb199f
170002,18,22.6,32,114,"2021-08-13 07:11:13",A101,7cc37d5f-5e01-419f-ae7b-5ff272cb199f
170023,13,22.8,74,93,"2021-08-13 07:32:13",A102,7cc37d5f-5e01-419f-ae7b-5ff272cb199f
170031,18,22.8,32,114,"2021-08-13 07:41:35",A101,7cc37d5f-5e01-419f-ae7b-5ff272cb199f
170051,13,23.2,74,93,"2021-08-13 08:02:39",A102,7cc37d5f-5e01-419f-ae7b-5ff272cb199f
170079,13,23.6,73,93,"2021-08-13 08:33:11",A102,7cc37d5f-5e01-419f-ae7b-5ff272cb199f
170088,18,23.5,32,114,"2021-08-13 08:42:29",A101,7cc37d5f-5e01-419f-ae7b-5ff272cb199f
170108,13,24.1,73,93,"2021-08-13 09:03:48",A102,7cc37d5f-5e01-419f-ae7b-5ff272cb199f
170133,13,24.7,73,93,"2021-08-13 09:34:16",A102,7cc37d5f-5e01-419f-ae7b-5ff272cb199f
170142,18,24.4,32,114,"2021-08-13 09:43:26",A101,7cc37d5f-5e01-419f-ae7b-5ff272cb199f
170160,13,25.2,73,93,"2021-08-13 10:04:53",A102,7cc37d5f-5e01-419f-ae7b-5ff272cb199f
170170,19,25,32,114,"2021-08-13 10:13:56",A101,7cc37d5f-5e01-419f-ae7b-5ff272cb199f
170190,13,25.7,72,93,"2021-08-13 10:35:27",A102,7cc37d5f-5e01-419f-ae7b-5ff272cb199f
170200,19,25.5,32,114,"2021-08-13 10:44:28",A101,7cc37d5f-5e01-419f-ae7b-5ff272cb199f
170220,13,26.2,73,93,"2021-08-13 11:06:04",A102,7cc37d5f-5e01-419f-ae7b-5ff272cb199f
170229,19,25.9,32,114,"2021-08-13 11:14:55",A101,7cc37d5f-5e01-419f-ae7b-5ff272cb199f
170250,13,26.6,73,86,"2021-08-13 11:36:35",A102,7cc37d5f-5e01-419f-ae7b-5ff272cb199f
170259,19,26.2,32,114,"2021-08-13 11:45:20",A101,7cc37d5f-5e01-419f-ae7b-5ff272cb199f
170279,13,26.7,73,86,"2021-08-13 12:07:02",A102,7cc37d5f-5e01-419f-ae7b-5ff272cb199f
170289,19,26.2,32,114,"2021-08-13 12:15:41",A101,7cc37d5f-5e01-419f-ae7b-5ff272cb199f
170308,13,26.5,73,93,"2021-08-13 12:37:26",A102,7cc37d5f-5e01-419f-ae7b-5ff272cb199f
170317,19,26,32,114,"2021-08-13 12:46:03",A101,7cc37d5f-5e01-419f-ae7b-5ff272cb199f
170336,13,26.2,73,93,"2021-08-13 13:07:53",A102,7cc37d5f-5e01-419f-ae7b-5ff272cb199f
170345,19,25.9,32,114,"2021-08-13 13:16:28",A101,7cc37d5f-5e01-419f-ae7b-5ff272cb199f
170364,13,26,72,93,"2021-08-13 13:38:24",A102,7cc37d5f-5e01-419f-ae7b-5ff272cb199f
170374,19,25.9,32,114,"2021-08-13 13:46:55",A101,7cc37d5f-5e01-419f-ae7b-5ff272cb199f
170391,13,26,72,93,"2021-08-13 14:08:56",A102,7cc37d5f-5e01-419f-ae7b-5ff272cb199f
170399,19,26,32,114,"2021-08-13 14:17:21",A101,7cc37d5f-5e01-419f-ae7b-5ff272cb199f
170419,13,26,72,86,"2021-08-13 14:39:29",A102,7cc37d5f-5e01-419f-ae7b-5ff272cb199f
170427,19,26,32,114,"2021-08-13 14:47:47",A101,7cc37d5f-5e01-419f-ae7b-5ff272cb199f
170447,13,25.9,72,86,"2021-08-13 15:09:57",A102,7cc37d5f-5e01-419f-ae7b-5ff272cb199f
170455,19,26,32,114,"2021-08-13 15:18:12",A101,7cc37d5f-5e01-419f-ae7b-5ff272cb199f
170475,13,25.8,72,86,"2021-08-13 15:40:25",A102,7cc37d5f-5e01-419f-ae7b-5ff272cb199f
170485,19,25.9,32,114,"2021-08-13 15:50:43",A101,7cc37d5f-5e01-419f-ae7b-5ff272cb199f
170501,13,25.62,72,86,"2021-08-13 16:10:50",A102,7cc37d5f-5e01-419f-ae7b-5ff272cb199f
170511,19,25.7,32,114,"2021-08-13 16:21:07",A101,7cc37d5f-5e01-419f-ae7b-5ff272cb199f
170527,13,25.4,72,86,"2021-08-13 16:41:17",A102,7cc37d5f-5e01-419f-ae7b-5ff272cb199f
170537,19,25.5,32,114,"2021-08-13 16:51:32",A101,7cc37d5f-5e01-419f-ae7b-5ff272cb199f
170555,13,25.1,71,86,"2021-08-13 17:11:43",A102,7cc37d5f-5e01-419f-ae7b-5ff272cb199f
170581,13,24.9,72,86,"2021-08-13 17:42:05",A102,7cc37d5f-5e01-419f-ae7b-5ff272cb199f
170602,13,24.6,71,86,"2021-08-13 18:12:30",A102,7cc37d5f-5e01-419f-ae7b-5ff272cb199f
170617,13,24.4,71,86,"2021-08-13 18:42:54",A102,7cc37d5f-5e01-419f-ae7b-5ff272cb199f
170638,13,24.2,71,86,"2021-08-13 19:13:17",A102,7cc37d5f-5e01-419f-ae7b-5ff272cb199f
170663,13,24,71,86,"2021-08-13 19:43:41",A102,7cc37d5f-5e01-419f-ae7b-5ff272cb199f
170690,13,23.9,71,86,"2021-08-13 20:14:05",A102,7cc37d5f-5e01-419f-ae7b-5ff272cb199f
170719,13,23.8,71,86,"2021-08-13 20:44:28",A102,7cc37d5f-5e01-419f-ae7b-5ff272cb199f
170744,13,23.6,71,86,"2021-08-13 21:14:50",A102,7cc37d5f-5e01-419f-ae7b-5ff272cb199f
170771,13,23.5,70,86,"2021-08-13 21:45:14",A102,7cc37d5f-5e01-419f-ae7b-5ff272cb199f
170799,13,23.4,71,86,"2021-08-13 22:15:36",A102,7cc37d5f-5e01-419f-ae7b-5ff272cb199f
170825,13,23.2,70,86,"2021-08-13 22:45:57",A102,7cc37d5f-5e01-419f-ae7b-5ff272cb199f
170853,13,23.1,70,86,"2021-08-13 23:16:20",A102,7cc37d5f-5e01-419f-ae7b-5ff272cb199f
170880,13,22.9,70,86,"2021-08-13 23:46:40",A102,7cc37d5f-5e01-419f-ae7b-5ff272cb199f
170907,13,22.7,70,86,"2021-08-14 00:17:01",A102,7cc37d5f-5e01-419f-ae7b-5ff272cb199f
170933,13,22.6,70,86,"2021-08-14 00:47:22",A102,7cc37d5f-5e01-419f-ae7b-5ff272cb199f
170961,13,22.4,70,86,"2021-08-14 01:17:43",A102,7cc37d5f-5e01-419f-ae7b-5ff272cb199f
170989,13,22.3,70,86,"2021-08-14 01:48:04",A102,7cc37d5f-5e01-419f-ae7b-5ff272cb199f
171018,13,22.1,69,86,"2021-08-14 02:18:24",A102,7cc37d5f-5e01-419f-ae7b-5ff272cb199f
171046,13,22,70,86,"2021-08-14 02:48:45",A102,7cc37d5f-5e01-419f-ae7b-5ff272cb199f
171072,13,21.9,69,86,"2021-08-14 03:19:06",A102,7cc37d5f-5e01-419f-ae7b-5ff272cb199f
171101,13,21.8,69,86,"2021-08-14 03:49:26",A102,7cc37d5f-5e01-419f-ae7b-5ff272cb199f
173960,13,28,69,93,"2021-08-16 14:40:36",A102,7cc37d5f-5e01-419f-ae7b-5ff272cb199f
173987,13,27.9,69,93,"2021-08-16 15:11:10",A102,7cc37d5f-5e01-419f-ae7b-5ff272cb199f
174008,13,27.8,69,86,"2021-08-16 15:41:42",A102,7cc37d5f-5e01-419f-ae7b-5ff272cb199f
174027,13,27.5,69,86,"2021-08-16 16:12:11",A102,7cc37d5f-5e01-419f-ae7b-5ff272cb199f
174829,13,26,68,100,"2021-08-17 10:58:03",A102,7cc37d5f-5e01-419f-ae7b-5ff272cb199f
174876,13,27.1,68,100,"2021-08-17 11:59:10",A102,7cc37d5f-5e01-419f-ae7b-5ff272cb199f
174902,13,27.5,68,100,"2021-08-17 12:29:44",A102,7cc37d5f-5e01-419f-ae7b-5ff272cb199f
174931,13,27.8,69,100,"2021-08-17 13:00:17",A102,7cc37d5f-5e01-419f-ae7b-5ff272cb199f
174954,13,28,69,100,"2021-08-17 13:30:53",A102,7cc37d5f-5e01-419f-ae7b-5ff272cb199f
174979,13,28.1,69,93,"2021-08-17 14:01:26",A102,7cc37d5f-5e01-419f-ae7b-5ff272cb199f
175025,13,28.1,67,93,"2021-08-17 15:00:18",A102,7cc37d5f-5e01-419f-ae7b-5ff272cb199f
175049,13,28,67,86,"2021-08-17 15:30:38",A102,7cc37d5f-5e01-419f-ae7b-5ff272cb199f
175075,13,27.8,68,86,"2021-08-17 16:01:00",A102,7cc37d5f-5e01-419f-ae7b-5ff272cb199f
175103,13,27.6,67,86,"2021-08-17 16:31:17",A102,7cc37d5f-5e01-419f-ae7b-5ff272cb199f
175134,13,27.3,68,86,"2021-08-17 17:01:34",A102,7cc37d5f-5e01-419f-ae7b-5ff272cb199f
175166,13,27,68,86,"2021-08-17 17:31:51",A102,7cc37d5f-5e01-419f-ae7b-5ff272cb199f
175214,13,26.5,68,86,"2021-08-17 18:32:23",A102,7cc37d5f-5e01-419f-ae7b-5ff272cb199f
175229,13,26.3,68,86,"2021-08-17 19:02:39",A102,7cc37d5f-5e01-419f-ae7b-5ff272cb199f
175257,13,26,68,86,"2021-08-17 19:32:53",A102,7cc37d5f-5e01-419f-ae7b-5ff272cb199f
175286,13,25.8,68,86,"2021-08-17 20:03:09",A102,7cc37d5f-5e01-419f-ae7b-5ff272cb199f
175315,13,25.6,68,86,"2021-08-17 20:33:23",A102,7cc37d5f-5e01-419f-ae7b-5ff272cb199f
175342,13,25.4,67,86,"2021-08-17 21:03:37",A102,7cc37d5f-5e01-419f-ae7b-5ff272cb199f
175369,13,25.2,68,86,"2021-08-17 21:33:53",A102,7cc37d5f-5e01-419f-ae7b-5ff272cb199f
175398,13,25.1,67,86,"2021-08-17 22:04:07",A102,7cc37d5f-5e01-419f-ae7b-5ff272cb199f
175424,13,24.9,67,86,"2021-08-17 22:34:27",A102,7cc37d5f-5e01-419f-ae7b-5ff272cb199f
175451,13,24.8,67,86,"2021-08-17 23:04:34",A102,7cc37d5f-5e01-419f-ae7b-5ff272cb199f
175479,13,24.7,67,86,"2021-08-17 23:34:45",A102,7cc37d5f-5e01-419f-ae7b-5ff272cb199f
175507,13,24.5,66,86,"2021-08-18 00:04:59",A102,7cc37d5f-5e01-419f-ae7b-5ff272cb199f
175536,13,24.4,67,86,"2021-08-18 00:35:11",A102,7cc37d5f-5e01-419f-ae7b-5ff272cb199f
175565,13,24.2,67,86,"2021-08-18 01:05:21",A102,7cc37d5f-5e01-419f-ae7b-5ff272cb199f
175594,13,24.1,67,86,"2021-08-18 01:35:32",A102,7cc37d5f-5e01-419f-ae7b-5ff272cb199f
175622,13,23.9,67,86,"2021-08-18 02:05:43",A102,7cc37d5f-5e01-419f-ae7b-5ff272cb199f
175652,13,23.7,67,86,"2021-08-18 02:35:53",A102,7cc37d5f-5e01-419f-ae7b-5ff272cb199f
175680,13,23.6,67,86,"2021-08-18 03:06:04",A102,7cc37d5f-5e01-419f-ae7b-5ff272cb199f
175738,13,23.2,67,86,"2021-08-18 04:06:23",A102,7cc37d5f-5e01-419f-ae7b-5ff272cb199f
175766,13,23.1,67,86,"2021-08-18 04:36:33",A102,7cc37d5f-5e01-419f-ae7b-5ff272cb199f
175793,13,22.9,67,93,"2021-08-18 05:06:44",A102,7cc37d5f-5e01-419f-ae7b-5ff272cb199f
175819,13,22.8,67,93,"2021-08-18 05:36:58",A102,7cc37d5f-5e01-419f-ae7b-5ff272cb199f
175847,13,22.8,67,93,"2021-08-18 06:07:14",A102,7cc37d5f-5e01-419f-ae7b-5ff272cb199f
175874,13,22.9,67,93,"2021-08-18 06:37:33",A102,7cc37d5f-5e01-419f-ae7b-5ff272cb199f
175903,13,23.2,67,100,"2021-08-18 07:07:54",A102,7cc37d5f-5e01-419f-ae7b-5ff272cb199f
175932,13,23.6,67,100,"2021-08-18 07:38:16",A102,7cc37d5f-5e01-419f-ae7b-5ff272cb199f
175954,18,23.6,29,114,"2021-08-18 08:02:15",A101,7cc37d5f-5e01-419f-ae7b-5ff272cb199f
175959,13,24,66,100,"2021-08-18 08:08:42",A102,7cc37d5f-5e01-419f-ae7b-5ff272cb199f
175987,13,24.6,66,100,"2021-08-18 08:39:03",A102,7cc37d5f-5e01-419f-ae7b-5ff272cb199f
176012,13,25.2,66,100,"2021-08-18 09:09:25",A102,7cc37d5f-5e01-419f-ae7b-5ff272cb199f
176039,13,25.8,66,100,"2021-08-18 09:39:51",A102,7cc37d5f-5e01-419f-ae7b-5ff272cb199f
176065,13,26.5,67,100,"2021-08-18 10:10:16",A102,7cc37d5f-5e01-419f-ae7b-5ff272cb199f
176094,13,26.9,67,100,"2021-08-18 10:40:40",A102,7cc37d5f-5e01-419f-ae7b-5ff272cb199f
176121,13,27.14,67,100,"2021-08-18 11:11:04",A102,7cc37d5f-5e01-419f-ae7b-5ff272cb199f
176150,13,27.5,67,100,"2021-08-18 11:41:33",A102,7cc37d5f-5e01-419f-ae7b-5ff272cb199f
176178,13,28,67,100,"2021-08-18 12:11:58",A102,7cc37d5f-5e01-419f-ae7b-5ff272cb199f
176203,13,28.3,67,100,"2021-08-18 12:42:28",A102,7cc37d5f-5e01-419f-ae7b-5ff272cb199f
176230,13,28.6,67,100,"2021-08-18 13:12:57",A102,7cc37d5f-5e01-419f-ae7b-5ff272cb199f
176258,13,28.9,68,100,"2021-08-18 13:43:25",A102,7cc37d5f-5e01-419f-ae7b-5ff272cb199f
176284,13,29.1,68,93,"2021-08-18 14:13:50",A102,7cc37d5f-5e01-419f-ae7b-5ff272cb199f
176309,13,29.1,68,93,"2021-08-18 14:44:13",A102,7cc37d5f-5e01-419f-ae7b-5ff272cb199f
176336,13,29,68,86,"2021-08-18 15:14:34",A102,7cc37d5f-5e01-419f-ae7b-5ff272cb199f
176364,13,28.8,68,86,"2021-08-18 15:44:54",A102,7cc37d5f-5e01-419f-ae7b-5ff272cb199f
176392,13,28.6,68,86,"2021-08-18 16:15:14",A102,7cc37d5f-5e01-419f-ae7b-5ff272cb199f
176421,13,28.3,68,86,"2021-08-18 16:45:33",A102,7cc37d5f-5e01-419f-ae7b-5ff272cb199f
176452,13,28,68,86,"2021-08-18 17:15:51",A102,7cc37d5f-5e01-419f-ae7b-5ff272cb199f
176484,13,27.8,68,86,"2021-08-18 17:46:06",A102,7cc37d5f-5e01-419f-ae7b-5ff272cb199f
176507,13,27.5,68,86,"2021-08-18 18:16:25",A102,7cc37d5f-5e01-419f-ae7b-5ff272cb199f
176522,13,27.3,68,86,"2021-08-18 18:46:40",A102,7cc37d5f-5e01-419f-ae7b-5ff272cb199f
176569,13,26.8,68,86,"2021-08-18 19:47:12",A102,7cc37d5f-5e01-419f-ae7b-5ff272cb199f
176595,13,26.5,68,86,"2021-08-18 20:17:26",A102,7cc37d5f-5e01-419f-ae7b-5ff272cb199f
176624,13,26.3,68,86,"2021-08-18 20:47:40",A102,7cc37d5f-5e01-419f-ae7b-5ff272cb199f
176651,13,26.1,68,86,"2021-08-18 21:17:55",A102,7cc37d5f-5e01-419f-ae7b-5ff272cb199f
176681,13,25.9,68,86,"2021-08-18 21:48:08",A102,7cc37d5f-5e01-419f-ae7b-5ff272cb199f
176711,13,25.8,68,86,"2021-08-18 22:18:23",A102,7cc37d5f-5e01-419f-ae7b-5ff272cb199f
176741,13,25.6,68,86,"2021-08-18 22:48:36",A102,7cc37d5f-5e01-419f-ae7b-5ff272cb199f
176770,13,25.4,68,86,"2021-08-18 23:18:49",A102,7cc37d5f-5e01-419f-ae7b-5ff272cb199f
176797,13,25.2,68,86,"2021-08-18 23:49:01",A102,7cc37d5f-5e01-419f-ae7b-5ff272cb199f
176825,13,25.1,67,86,"2021-08-19 00:19:13",A102,7cc37d5f-5e01-419f-ae7b-5ff272cb199f
176853,13,24.9,67,86,"2021-08-19 00:49:25",A102,7cc37d5f-5e01-419f-ae7b-5ff272cb199f
176881,13,24.72,68,86,"2021-08-19 01:19:37",A102,7cc37d5f-5e01-419f-ae7b-5ff272cb199f
176912,13,24.6,68,86,"2021-08-19 01:49:48",A102,7cc37d5f-5e01-419f-ae7b-5ff272cb199f
176938,13,24.4,68,86,"2021-08-19 02:19:59",A102,7cc37d5f-5e01-419f-ae7b-5ff272cb199f
176966,13,24.3,67,86,"2021-08-19 02:50:10",A102,7cc37d5f-5e01-419f-ae7b-5ff272cb199f
176995,13,24.1,68,86,"2021-08-19 03:20:20",A102,7cc37d5f-5e01-419f-ae7b-5ff272cb199f
177024,13,24,68,86,"2021-08-19 03:50:31",A102,7cc37d5f-5e01-419f-ae7b-5ff272cb199f
177054,13,23.8,68,86,"2021-08-19 04:20:42",A102,7cc37d5f-5e01-419f-ae7b-5ff272cb199f
177083,13,23.7,68,86,"2021-08-19 04:50:51",A102,7cc37d5f-5e01-419f-ae7b-5ff272cb199f
177111,13,23.6,68,93,"2021-08-19 05:21:05",A102,7cc37d5f-5e01-419f-ae7b-5ff272cb199f
177139,13,23.5,68,93,"2021-08-19 05:51:21",A102,7cc37d5f-5e01-419f-ae7b-5ff272cb199f
177168,13,23.5,67,93,"2021-08-19 06:21:39",A102,7cc37d5f-5e01-419f-ae7b-5ff272cb199f
177197,13,23.7,67,93,"2021-08-19 06:51:59",A102,7cc37d5f-5e01-419f-ae7b-5ff272cb199f
177224,13,24,67,100,"2021-08-19 07:22:22",A102,7cc37d5f-5e01-419f-ae7b-5ff272cb199f
177253,13,24.4,66,100,"2021-08-19 07:52:45",A102,7cc37d5f-5e01-419f-ae7b-5ff272cb199f
177282,13,24.9,66,100,"2021-08-19 08:23:09",A102,7cc37d5f-5e01-419f-ae7b-5ff272cb199f
177309,13,25.5,67,100,"2021-08-19 08:53:35",A102,7cc37d5f-5e01-419f-ae7b-5ff272cb199f
177335,13,26.1,67,100,"2021-08-19 09:23:58",A102,7cc37d5f-5e01-419f-ae7b-5ff272cb199f
177358,13,26.8,67,100,"2021-08-19 09:54:25",A102,7cc37d5f-5e01-419f-ae7b-5ff272cb199f
177383,13,27.4,67,100,"2021-08-19 10:24:51",A102,7cc37d5f-5e01-419f-ae7b-5ff272cb199f
177406,13,28,67,100,"2021-08-19 10:55:17",A102,7cc37d5f-5e01-419f-ae7b-5ff272cb199f
177428,13,28.5,66,100,"2021-08-19 11:25:45",A102,7cc37d5f-5e01-419f-ae7b-5ff272cb199f
177453,13,29,67,100,"2021-08-19 11:56:12",A102,7cc37d5f-5e01-419f-ae7b-5ff272cb199f
177480,13,29.3,68,100,"2021-08-19 12:26:40",A102,7cc37d5f-5e01-419f-ae7b-5ff272cb199f
177506,13,29.6,68,100,"2021-08-19 12:57:09",A102,7cc37d5f-5e01-419f-ae7b-5ff272cb199f
177533,13,29.9,68,100,"2021-08-19 13:27:37",A102,7cc37d5f-5e01-419f-ae7b-5ff272cb199f
177558,13,29.9,68,93,"2021-08-19 13:58:01",A102,7cc37d5f-5e01-419f-ae7b-5ff272cb199f
177588,13,29.9,68,86,"2021-08-19 14:28:24",A102,7cc37d5f-5e01-419f-ae7b-5ff272cb199f
177618,13,29.7,69,86,"2021-08-19 14:58:44",A102,7cc37d5f-5e01-419f-ae7b-5ff272cb199f
177647,13,29.4,69,86,"2021-08-19 15:29:00",A102,7cc37d5f-5e01-419f-ae7b-5ff272cb199f
177658,18,29.7,28,114,"2021-08-19 15:39:22",A101,7cc37d5f-5e01-419f-ae7b-5ff272cb199f
177676,13,29.1,69,86,"2021-08-19 15:59:13",A102,7cc37d5f-5e01-419f-ae7b-5ff272cb199f
177704,13,28.7,69,86,"2021-08-19 16:29:26",A102,7cc37d5f-5e01-419f-ae7b-5ff272cb199f
177729,13,28.28,69,86,"2021-08-19 16:59:39",A102,7cc37d5f-5e01-419f-ae7b-5ff272cb199f
177811,13,26.1,69,86,"2021-08-19 20:02:54",A102,7cc37d5f-5e01-419f-ae7b-5ff272cb199f
177837,13,25.8,69,86,"2021-08-19 20:33:19",A102,7cc37d5f-5e01-419f-ae7b-5ff272cb199f
177867,13,25.6,69,86,"2021-08-19 21:03:42",A102,7cc37d5f-5e01-419f-ae7b-5ff272cb199f
177891,13,25.4,68,86,"2021-08-19 21:34:06",A102,7cc37d5f-5e01-419f-ae7b-5ff272cb199f
177919,13,25.2,69,86,"2021-08-19 22:04:30",A102,7cc37d5f-5e01-419f-ae7b-5ff272cb199f
177946,13,25.06,68,86,"2021-08-19 22:34:54",A102,7cc37d5f-5e01-419f-ae7b-5ff272cb199f
177974,13,24.9,68,86,"2021-08-19 23:05:17",A102,7cc37d5f-5e01-419f-ae7b-5ff272cb199f
178029,13,24.6,68,86,"2021-08-20 00:06:04",A102,7cc37d5f-5e01-419f-ae7b-5ff272cb199f
178058,13,24.5,68,86,"2021-08-20 00:36:27",A102,7cc37d5f-5e01-419f-ae7b-5ff272cb199f
178086,13,24.4,68,86,"2021-08-20 01:06:50",A102,7cc37d5f-5e01-419f-ae7b-5ff272cb199f
178115,13,24.2,68,86,"2021-08-20 01:37:12",A102,7cc37d5f-5e01-419f-ae7b-5ff272cb199f
178144,13,24.1,67,86,"2021-08-20 02:07:36",A102,7cc37d5f-5e01-419f-ae7b-5ff272cb199f
178170,13,24,68,86,"2021-08-20 02:37:58",A102,7cc37d5f-5e01-419f-ae7b-5ff272cb199f
178198,13,23.9,67,86,"2021-08-20 03:08:23",A102,7cc37d5f-5e01-419f-ae7b-5ff272cb199f
178226,13,23.8,68,86,"2021-08-20 03:38:47",A102,7cc37d5f-5e01-419f-ae7b-5ff272cb199f
178252,13,23.7,68,86,"2021-08-20 04:09:09",A102,7cc37d5f-5e01-419f-ae7b-5ff272cb199f
178280,13,23.6,68,86,"2021-08-20 04:39:33",A102,7cc37d5f-5e01-419f-ae7b-5ff272cb199f
178307,13,23.5,68,86,"2021-08-20 05:09:56",A102,7cc37d5f-5e01-419f-ae7b-5ff272cb199f
178333,13,23.5,68,86,"2021-08-20 05:40:20",A102,7cc37d5f-5e01-419f-ae7b-5ff272cb199f
178362,13,23.5,67,93,"2021-08-20 06:10:47",A102,7cc37d5f-5e01-419f-ae7b-5ff272cb199f
178386,13,23.5,68,93,"2021-08-20 06:41:15",A102,7cc37d5f-5e01-419f-ae7b-5ff272cb199f
178413,13,23.6,68,93,"2021-08-20 07:11:42",A102,7cc37d5f-5e01-419f-ae7b-5ff272cb199f
178440,13,23.8,67,93,"2021-08-20 07:42:10",A102,7cc37d5f-5e01-419f-ae7b-5ff272cb199f
178464,13,24,67,93,"2021-08-20 08:12:39",A102,7cc37d5f-5e01-419f-ae7b-5ff272cb199f
178491,13,24.1,67,93,"2021-08-20 08:43:06",A102,7cc37d5f-5e01-419f-ae7b-5ff272cb199f
178518,13,24.2,67,93,"2021-08-20 09:13:33",A102,7cc37d5f-5e01-419f-ae7b-5ff272cb199f
178543,13,24.2,67,93,"2021-08-20 09:44:05",A102,7cc37d5f-5e01-419f-ae7b-5ff272cb199f
178570,13,24.2,67,93,"2021-08-20 10:14:30",A102,7cc37d5f-5e01-419f-ae7b-5ff272cb199f
178599,13,24.3,66,93,"2021-08-20 10:44:59",A102,7cc37d5f-5e01-419f-ae7b-5ff272cb199f
178626,13,24.5,67,93,"2021-08-20 11:15:28",A102,7cc37d5f-5e01-419f-ae7b-5ff272cb199f
178657,13,24.7,67,93,"2021-08-20 11:45:59",A102,7cc37d5f-5e01-419f-ae7b-5ff272cb199f
178686,13,24.9,67,93,"2021-08-20 12:16:29",A102,7cc37d5f-5e01-419f-ae7b-5ff272cb199f
178713,13,25.1,67,93,"2021-08-20 12:47:02",A102,7cc37d5f-5e01-419f-ae7b-5ff272cb199f
178743,13,25.22,67,93,"2021-08-20 13:17:34",A102,7cc37d5f-5e01-419f-ae7b-5ff272cb199f
178772,13,25.4,67,93,"2021-08-20 13:48:06",A102,7cc37d5f-5e01-419f-ae7b-5ff272cb199f
178801,13,25.5,67,93,"2021-08-20 14:18:38",A102,7cc37d5f-5e01-419f-ae7b-5ff272cb199f
178828,13,25.6,68,93,"2021-08-20 14:49:07",A102,7cc37d5f-5e01-419f-ae7b-5ff272cb199f
178838,17,24,27,114,"2021-08-20 15:00:02",A101,7cc37d5f-5e01-419f-ae7b-5ff272cb199f
178859,13,25.6,68,86,"2021-08-20 15:19:34",A102,7cc37d5f-5e01-419f-ae7b-5ff272cb199f
178887,13,25.5,68,86,"2021-08-20 15:50:00",A102,7cc37d5f-5e01-419f-ae7b-5ff272cb199f
178915,13,25.3,68,86,"2021-08-20 16:20:23",A102,7cc37d5f-5e01-419f-ae7b-5ff272cb199f
178944,13,25.1,68,86,"2021-08-20 16:50:48",A102,7cc37d5f-5e01-419f-ae7b-5ff272cb199f
178970,13,24.9,68,86,"2021-08-20 17:21:11",A102,7cc37d5f-5e01-419f-ae7b-5ff272cb199f
179010,13,24.1,68,86,"2021-08-20 18:52:21",A102,7cc37d5f-5e01-419f-ae7b-5ff272cb199f
179029,13,23.9,68,86,"2021-08-20 19:22:44",A102,7cc37d5f-5e01-419f-ae7b-5ff272cb199f
179057,13,23.8,67,86,"2021-08-20 19:53:09",A102,7cc37d5f-5e01-419f-ae7b-5ff272cb199f
179081,13,23.6,68,86,"2021-08-20 20:23:31",A102,7cc37d5f-5e01-419f-ae7b-5ff272cb199f
179112,13,23.5,68,86,"2021-08-20 20:53:55",A102,7cc37d5f-5e01-419f-ae7b-5ff272cb199f
179143,13,23.3,68,86,"2021-08-20 21:24:18",A102,7cc37d5f-5e01-419f-ae7b-5ff272cb199f
179170,13,23.2,68,86,"2021-08-20 21:54:41",A102,7cc37d5f-5e01-419f-ae7b-5ff272cb199f
179200,13,23.1,68,86,"2021-08-20 22:25:07",A102,7cc37d5f-5e01-419f-ae7b-5ff272cb199f
179230,13,23,68,86,"2021-08-20 22:55:26",A102,7cc37d5f-5e01-419f-ae7b-5ff272cb199f
179261,13,22.9,68,86,"2021-08-20 23:25:48",A102,7cc37d5f-5e01-419f-ae7b-5ff272cb199f
179291,13,22.8,68,86,"2021-08-20 23:56:12",A102,7cc37d5f-5e01-419f-ae7b-5ff272cb199f
179321,13,22.7,68,86,"2021-08-21 00:26:33",A102,7cc37d5f-5e01-419f-ae7b-5ff272cb199f
179351,13,22.6,68,86,"2021-08-21 00:56:57",A102,7cc37d5f-5e01-419f-ae7b-5ff272cb199f
179381,13,22.5,68,86,"2021-08-21 01:27:18",A102,7cc37d5f-5e01-419f-ae7b-5ff272cb199f
179412,13,22.4,68,86,"2021-08-21 01:57:40",A102,7cc37d5f-5e01-419f-ae7b-5ff272cb199f
179444,13,22.3,68,86,"2021-08-21 02:28:07",A102,7cc37d5f-5e01-419f-ae7b-5ff272cb199f
179476,13,22.2,68,86,"2021-08-21 02:58:31",A102,7cc37d5f-5e01-419f-ae7b-5ff272cb199f
179507,13,22.2,68,86,"2021-08-21 03:28:48",A102,7cc37d5f-5e01-419f-ae7b-5ff272cb199f
179535,13,22.1,68,86,"2021-08-21 03:59:10",A102,7cc37d5f-5e01-419f-ae7b-5ff272cb199f
179565,13,22,67,86,"2021-08-21 04:29:32",A102,7cc37d5f-5e01-419f-ae7b-5ff272cb199f
179590,13,21.9,68,93,"2021-08-21 04:59:55",A102,7cc37d5f-5e01-419f-ae7b-5ff272cb199f
179617,13,21.9,67,93,"2021-08-21 05:30:21",A102,7cc37d5f-5e01-419f-ae7b-5ff272cb199f
179645,13,21.9,67,93,"2021-08-21 06:00:46",A102,7cc37d5f-5e01-419f-ae7b-5ff272cb199f
179673,13,22,67,93,"2021-08-21 06:31:12",A102,7cc37d5f-5e01-419f-ae7b-5ff272cb199f
179702,13,22.2,67,93,"2021-08-21 07:01:41",A102,7cc37d5f-5e01-419f-ae7b-5ff272cb199f
179732,13,22.5,67,100,"2021-08-21 07:32:09",A102,7cc37d5f-5e01-419f-ae7b-5ff272cb199f
179758,13,22.84,67,100,"2021-08-21 08:02:39",A102,7cc37d5f-5e01-419f-ae7b-5ff272cb199f
179787,13,23.3,67,100,"2021-08-21 08:33:10",A102,7cc37d5f-5e01-419f-ae7b-5ff272cb199f
179815,13,23.8,67,100,"2021-08-21 09:03:42",A102,7cc37d5f-5e01-419f-ae7b-5ff272cb199f
179843,13,24.3,67,100,"2021-08-21 09:34:14",A102,7cc37d5f-5e01-419f-ae7b-5ff272cb199f
179870,13,24.8,66,100,"2021-08-21 10:04:48",A102,7cc37d5f-5e01-419f-ae7b-5ff272cb199f
179899,13,25.3,67,100,"2021-08-21 10:35:21",A102,7cc37d5f-5e01-419f-ae7b-5ff272cb199f
179926,13,25.8,67,100,"2021-08-21 11:05:55",A102,7cc37d5f-5e01-419f-ae7b-5ff272cb199f
179955,13,26.2,68,100,"2021-08-21 11:36:29",A102,7cc37d5f-5e01-419f-ae7b-5ff272cb199f
179984,13,26.5,68,100,"2021-08-21 12:07:03",A102,7cc37d5f-5e01-419f-ae7b-5ff272cb199f
180014,13,26.7,68,100,"2021-08-21 12:37:37",A102,7cc37d5f-5e01-419f-ae7b-5ff272cb199f
180043,13,26.9,68,100,"2021-08-21 13:08:12",A102,7cc37d5f-5e01-419f-ae7b-5ff272cb199f
180069,13,27,67,100,"2021-08-21 13:38:44",A102,7cc37d5f-5e01-419f-ae7b-5ff272cb199f
180097,13,27,68,100,"2021-08-21 14:09:15",A102,7cc37d5f-5e01-419f-ae7b-5ff272cb199f
180123,13,26.9,68,93,"2021-08-21 14:39:48",A102,7cc37d5f-5e01-419f-ae7b-5ff272cb199f
180149,13,26.7,68,93,"2021-08-21 15:10:18",A102,7cc37d5f-5e01-419f-ae7b-5ff272cb199f
180178,13,26.6,68,86,"2021-08-21 15:40:49",A102,7cc37d5f-5e01-419f-ae7b-5ff272cb199f
180204,13,26.3,68,86,"2021-08-21 16:11:18",A102,7cc37d5f-5e01-419f-ae7b-5ff272cb199f
180232,13,26.1,68,86,"2021-08-21 16:41:43",A102,7cc37d5f-5e01-419f-ae7b-5ff272cb199f
180257,13,25.9,68,86,"2021-08-21 17:12:10",A102,7cc37d5f-5e01-419f-ae7b-5ff272cb199f
180280,13,25.7,68,86,"2021-08-21 17:42:37",A102,7cc37d5f-5e01-419f-ae7b-5ff272cb199f
180346,13,24.8,68,86,"2021-08-21 19:44:19",A102,7cc37d5f-5e01-419f-ae7b-5ff272cb199f
180374,13,24.6,68,86,"2021-08-21 20:15:41",A102,7cc37d5f-5e01-419f-ae7b-5ff272cb199f
180383,17,24.7,27,114,"2021-08-21 20:26:30",A101,7cc37d5f-5e01-419f-ae7b-5ff272cb199f
180404,13,24.5,68,86,"2021-08-21 20:46:03",A102,7cc37d5f-5e01-419f-ae7b-5ff272cb199f
180459,13,24.1,68,86,"2021-08-21 21:46:53",A102,7cc37d5f-5e01-419f-ae7b-5ff272cb199f
180488,13,23.9,67,86,"2021-08-21 22:17:13",A102,7cc37d5f-5e01-419f-ae7b-5ff272cb199f
180517,13,23.8,68,86,"2021-08-21 22:47:36",A102,7cc37d5f-5e01-419f-ae7b-5ff272cb199f
180546,13,23.6,68,86,"2021-08-21 23:17:57",A102,7cc37d5f-5e01-419f-ae7b-5ff272cb199f
180576,13,23.5,68,86,"2021-08-21 23:48:20",A102,7cc37d5f-5e01-419f-ae7b-5ff272cb199f
180606,13,23.4,68,86,"2021-08-22 00:18:43",A102,7cc37d5f-5e01-419f-ae7b-5ff272cb199f
180637,13,23.3,68,86,"2021-08-22 00:49:05",A102,7cc37d5f-5e01-419f-ae7b-5ff272cb199f
180667,13,23.2,68,86,"2021-08-22 01:19:27",A102,7cc37d5f-5e01-419f-ae7b-5ff272cb199f
180697,13,23.1,68,86,"2021-08-22 01:49:50",A102,7cc37d5f-5e01-419f-ae7b-5ff272cb199f
180782,13,22.7,68,86,"2021-08-22 03:20:54",A102,7cc37d5f-5e01-419f-ae7b-5ff272cb199f
180812,13,22.6,68,86,"2021-08-22 03:51:16",A102,7cc37d5f-5e01-419f-ae7b-5ff272cb199f
180840,13,22.4,68,86,"2021-08-22 04:21:36",A102,7cc37d5f-5e01-419f-ae7b-5ff272cb199f
180867,13,22.3,68,86,"2021-08-22 04:51:56",A102,7cc37d5f-5e01-419f-ae7b-5ff272cb199f
180897,13,22.2,68,86,"2021-08-22 05:22:17",A102,7cc37d5f-5e01-419f-ae7b-5ff272cb199f
180926,13,22.2,68,86,"2021-08-22 05:52:40",A102,7cc37d5f-5e01-419f-ae7b-5ff272cb199f
180954,13,22.2,68,93,"2021-08-22 06:23:03",A102,7cc37d5f-5e01-419f-ae7b-5ff272cb199f
180983,13,22.3,68,93,"2021-08-22 06:53:29",A102,7cc37d5f-5e01-419f-ae7b-5ff272cb199f
181014,13,22.4,68,93,"2021-08-22 07:23:58",A102,7cc37d5f-5e01-419f-ae7b-5ff272cb199f
181022,17,24.1,27,114,"2021-08-22 07:33:51",A101,7cc37d5f-5e01-419f-ae7b-5ff272cb199f
181046,13,22.7,68,93,"2021-08-22 07:54:26",A102,7cc37d5f-5e01-419f-ae7b-5ff272cb199f
181075,13,23.2,68,100,"2021-08-22 08:24:59",A102,7cc37d5f-5e01-419f-ae7b-5ff272cb199f
181105,13,23.8,67,100,"2021-08-22 08:55:30",A102,7cc37d5f-5e01-419f-ae7b-5ff272cb199f
181134,13,24.5,67,100,"2021-08-22 09:26:03",A102,7cc37d5f-5e01-419f-ae7b-5ff272cb199f
181158,13,25.1,67,100,"2021-08-22 09:56:35",A102,7cc37d5f-5e01-419f-ae7b-5ff272cb199f
181187,13,25.6,68,100,"2021-08-22 10:27:07",A102,7cc37d5f-5e01-419f-ae7b-5ff272cb199f
181215,13,26.1,68,100,"2021-08-22 10:57:38",A102,7cc37d5f-5e01-419f-ae7b-5ff272cb199f
181241,13,26.4,68,100,"2021-08-22 11:28:09",A102,7cc37d5f-5e01-419f-ae7b-5ff272cb199f
181322,13,26.6,68,100,"2021-08-22 12:59:41",A102,7cc37d5f-5e01-419f-ae7b-5ff272cb199f
181350,13,26.7,68,100,"2021-08-22 13:30:16",A102,7cc37d5f-5e01-419f-ae7b-5ff272cb199f
181379,13,26.9,68,100,"2021-08-22 14:00:47",A102,7cc37d5f-5e01-419f-ae7b-5ff272cb199f
181405,13,27.1,68,93,"2021-08-22 14:31:23",A102,7cc37d5f-5e01-419f-ae7b-5ff272cb199f
181433,13,27.2,68,93,"2021-08-22 15:01:53",A102,7cc37d5f-5e01-419f-ae7b-5ff272cb199f
181458,13,27.1,68,86,"2021-08-22 15:32:22",A102,7cc37d5f-5e01-419f-ae7b-5ff272cb199f
181484,13,27,68,86,"2021-08-22 16:02:51",A102,7cc37d5f-5e01-419f-ae7b-5ff272cb199f
181513,13,26.8,68,86,"2021-08-22 16:33:17",A102,7cc37d5f-5e01-419f-ae7b-5ff272cb199f
181541,13,26.5,69,86,"2021-08-22 17:03:44",A102,7cc37d5f-5e01-419f-ae7b-5ff272cb199f
181572,13,26.3,69,86,"2021-08-22 17:34:09",A102,7cc37d5f-5e01-419f-ae7b-5ff272cb199f
181592,13,26,69,86,"2021-08-22 18:04:33",A102,7cc37d5f-5e01-419f-ae7b-5ff272cb199f
181619,13,25.5,69,86,"2021-08-22 19:05:21",A102,7cc37d5f-5e01-419f-ae7b-5ff272cb199f
181642,13,25.2,69,86,"2021-08-22 19:35:43",A102,7cc37d5f-5e01-419f-ae7b-5ff272cb199f
181673,13,25,69,86,"2021-08-22 20:06:07",A102,7cc37d5f-5e01-419f-ae7b-5ff272cb199f
181701,13,24.8,69,86,"2021-08-22 20:36:30",A102,7cc37d5f-5e01-419f-ae7b-5ff272cb199f
181731,13,24.6,69,86,"2021-08-22 21:06:53",A102,7cc37d5f-5e01-419f-ae7b-5ff272cb199f
181761,13,24.4,69,86,"2021-08-22 21:37:17",A102,7cc37d5f-5e01-419f-ae7b-5ff272cb199f
181817,13,24,68,86,"2021-08-22 22:37:59",A102,7cc37d5f-5e01-419f-ae7b-5ff272cb199f
181848,13,23.9,69,86,"2021-08-22 23:08:22",A102,7cc37d5f-5e01-419f-ae7b-5ff272cb199f
181879,13,23.7,68,86,"2021-08-22 23:38:42",A102,7cc37d5f-5e01-419f-ae7b-5ff272cb199f
181907,13,23.6,68,86,"2021-08-23 00:09:04",A102,7cc37d5f-5e01-419f-ae7b-5ff272cb199f
181938,13,23.4,68,86,"2021-08-23 00:39:24",A102,7cc37d5f-5e01-419f-ae7b-5ff272cb199f
181968,13,23.2,69,86,"2021-08-23 01:09:44",A102,7cc37d5f-5e01-419f-ae7b-5ff272cb199f
181998,13,23.1,69,86,"2021-08-23 01:40:04",A102,7cc37d5f-5e01-419f-ae7b-5ff272cb199f
182028,13,22.9,68,86,"2021-08-23 02:10:23",A102,7cc37d5f-5e01-419f-ae7b-5ff272cb199f
182056,13,22.8,68,86,"2021-08-23 02:40:43",A102,7cc37d5f-5e01-419f-ae7b-5ff272cb199f
182085,13,22.6,69,86,"2021-08-23 03:11:02",A102,7cc37d5f-5e01-419f-ae7b-5ff272cb199f
182114,13,22.5,68,86,"2021-08-23 03:41:21",A102,7cc37d5f-5e01-419f-ae7b-5ff272cb199f
182144,13,22.3,69,86,"2021-08-23 04:11:42",A102,7cc37d5f-5e01-419f-ae7b-5ff272cb199f
182173,13,22.2,68,93,"2021-08-23 04:42:01",A102,7cc37d5f-5e01-419f-ae7b-5ff272cb199f
182201,13,22.1,68,93,"2021-08-23 05:12:24",A102,7cc37d5f-5e01-419f-ae7b-5ff272cb199f
182231,13,22,68,93,"2021-08-23 05:42:45",A102,7cc37d5f-5e01-419f-ae7b-5ff272cb199f
182259,13,22,68,93,"2021-08-23 06:13:11",A102,7cc37d5f-5e01-419f-ae7b-5ff272cb199f
182287,13,22.2,68,93,"2021-08-23 06:43:38",A102,7cc37d5f-5e01-419f-ae7b-5ff272cb199f
182313,13,22.46,68,100,"2021-08-23 07:14:08",A102,7cc37d5f-5e01-419f-ae7b-5ff272cb199f
182337,13,22.9,68,100,"2021-08-23 07:44:37",A102,7cc37d5f-5e01-419f-ae7b-5ff272cb199f
182420,13,24.8,67,100,"2021-08-23 09:16:15",A102,7cc37d5f-5e01-419f-ae7b-5ff272cb199f
182448,13,25.5,67,100,"2021-08-23 09:46:50",A102,7cc37d5f-5e01-419f-ae7b-5ff272cb199f
182456,17,24,27,114,"2021-08-23 09:58:40",A101,7cc37d5f-5e01-419f-ae7b-5ff272cb199f
182477,13,26.2,68,100,"2021-08-23 10:17:24",A102,7cc37d5f-5e01-419f-ae7b-5ff272cb199f
182505,13,26.8,68,100,"2021-08-23 10:47:59",A102,7cc37d5f-5e01-419f-ae7b-5ff272cb199f
182533,13,27.4,67,100,"2021-08-23 11:18:33",A102,7cc37d5f-5e01-419f-ae7b-5ff272cb199f
182543,17,24,27,114,"2021-08-23 11:32:06",A101,7cc37d5f-5e01-419f-ae7b-5ff272cb199f
182561,13,27.8,68,100,"2021-08-23 11:49:06",A102,7cc37d5f-5e01-419f-ae7b-5ff272cb199f
182571,17,24,27,114,"2021-08-23 12:02:33",A101,7cc37d5f-5e01-419f-ae7b-5ff272cb199f
182590,13,28.1,68,100,"2021-08-23 12:19:40",A102,7cc37d5f-5e01-419f-ae7b-5ff272cb199f
182619,13,28.3,68,100,"2021-08-23 12:50:15",A102,7cc37d5f-5e01-419f-ae7b-5ff272cb199f
182629,17,24.2,27,114,"2021-08-23 13:03:26",A101,7cc37d5f-5e01-419f-ae7b-5ff272cb199f
182645,13,28.4,69,100,"2021-08-23 13:20:51",A102,7cc37d5f-5e01-419f-ae7b-5ff272cb199f
182673,13,28.5,69,93,"2021-08-23 13:51:20",A102,7cc37d5f-5e01-419f-ae7b-5ff272cb199f
182700,13,28.4,69,100,"2021-08-23 14:21:52",A102,7cc37d5f-5e01-419f-ae7b-5ff272cb199f
182729,13,28.2,69,93,"2021-08-23 14:52:24",A102,7cc37d5f-5e01-419f-ae7b-5ff272cb199f
182739,17,24.6,27,114,"2021-08-23 15:05:02",A101,7cc37d5f-5e01-419f-ae7b-5ff272cb199f
182758,13,28,69,93,"2021-08-23 15:22:55",A102,7cc37d5f-5e01-419f-ae7b-5ff272cb199f
182767,17,24.7,27,114,"2021-08-23 15:35:21",A101,7cc37d5f-5e01-419f-ae7b-5ff272cb199f
182786,13,27.7,69,86,"2021-08-23 15:53:24",A102,7cc37d5f-5e01-419f-ae7b-5ff272cb199f
182794,17,24.8,27,114,"2021-08-23 16:05:43",A101,7cc37d5f-5e01-419f-ae7b-5ff272cb199f
182814,13,27.5,69,86,"2021-08-23 16:23:50",A102,7cc37d5f-5e01-419f-ae7b-5ff272cb199f
182824,17,24.9,27,114,"2021-08-23 16:36:03",A101,7cc37d5f-5e01-419f-ae7b-5ff272cb199f
182843,13,27.2,69,86,"2021-08-23 16:54:20",A102,7cc37d5f-5e01-419f-ae7b-5ff272cb199f
182853,17,25,27,114,"2021-08-23 17:06:28",A101,7cc37d5f-5e01-419f-ae7b-5ff272cb199f
182869,17,25.1,27,114,"2021-08-23 17:36:43",A101,7cc37d5f-5e01-419f-ae7b-5ff272cb199f
182875,13,26.6,69,86,"2021-08-23 17:55:09",A102,7cc37d5f-5e01-419f-ae7b-5ff272cb199f
182918,13,25.6,69,86,"2021-08-23 19:56:45",A102,7cc37d5f-5e01-419f-ae7b-5ff272cb199f
182956,17,25.3,27,107,"2021-08-23 20:38:30",A101,7cc37d5f-5e01-419f-ae7b-5ff272cb199f
182977,13,25.1,69,86,"2021-08-23 20:57:30",A102,7cc37d5f-5e01-419f-ae7b-5ff272cb199f
182986,17,25.3,27,107,"2021-08-23 21:08:42",A101,7cc37d5f-5e01-419f-ae7b-5ff272cb199f
183005,13,24.9,69,86,"2021-08-23 21:27:50",A102,7cc37d5f-5e01-419f-ae7b-5ff272cb199f
183015,17,25.3,27,107,"2021-08-23 21:39:00",A101,7cc37d5f-5e01-419f-ae7b-5ff272cb199f
183035,13,24.7,69,86,"2021-08-23 21:58:11",A102,7cc37d5f-5e01-419f-ae7b-5ff272cb199f
183044,17,25.3,27,107,"2021-08-23 22:09:19",A101,7cc37d5f-5e01-419f-ae7b-5ff272cb199f
183065,13,24.5,69,86,"2021-08-23 22:28:32",A102,7cc37d5f-5e01-419f-ae7b-5ff272cb199f
183074,17,25.3,27,107,"2021-08-23 22:39:33",A101,7cc37d5f-5e01-419f-ae7b-5ff272cb199f
183095,13,24.3,69,86,"2021-08-23 22:59:52",A102,7cc37d5f-5e01-419f-ae7b-5ff272cb199f
183104,17,25.3,27,107,"2021-08-23 23:09:47",A101,7cc37d5f-5e01-419f-ae7b-5ff272cb199f
183126,13,24.1,68,86,"2021-08-23 23:30:15",A102,7cc37d5f-5e01-419f-ae7b-5ff272cb199f
183135,17,25.3,27,107,"2021-08-23 23:40:03",A101,7cc37d5f-5e01-419f-ae7b-5ff272cb199f
183156,13,23.9,68,86,"2021-08-24 00:00:37",A102,7cc37d5f-5e01-419f-ae7b-5ff272cb199f
183186,13,23.7,68,86,"2021-08-24 00:31:00",A102,7cc37d5f-5e01-419f-ae7b-5ff272cb199f
183214,13,23.5,68,86,"2021-08-24 01:01:20",A102,7cc37d5f-5e01-419f-ae7b-5ff272cb199f
183222,17,25.16,27,107,"2021-08-24 01:10:46",A101,7cc37d5f-5e01-419f-ae7b-5ff272cb199f
183243,14,23.3,69,86,"2021-08-24 01:31:42",A102,7cc37d5f-5e01-419f-ae7b-5ff272cb199f
183250,17,25.1,27,107,"2021-08-24 01:41:00",A101,7cc37d5f-5e01-419f-ae7b-5ff272cb199f
183272,13,23.2,69,86,"2021-08-24 02:02:05",A102,7cc37d5f-5e01-419f-ae7b-5ff272cb199f
183280,17,25.1,27,107,"2021-08-24 02:11:15",A101,7cc37d5f-5e01-419f-ae7b-5ff272cb199f
183303,13,23,69,86,"2021-08-24 02:32:26",A102,7cc37d5f-5e01-419f-ae7b-5ff272cb199f
183311,17,25,27,107,"2021-08-24 02:41:28",A101,7cc37d5f-5e01-419f-ae7b-5ff272cb199f
183333,13,22.8,68,86,"2021-08-24 03:02:47",A102,7cc37d5f-5e01-419f-ae7b-5ff272cb199f
183341,17,25,27,107,"2021-08-24 03:11:46",A101,7cc37d5f-5e01-419f-ae7b-5ff272cb199f
183363,13,22.7,69,86,"2021-08-24 03:33:08",A102,7cc37d5f-5e01-419f-ae7b-5ff272cb199f
183370,17,24.9,27,107,"2021-08-24 03:42:00",A101,7cc37d5f-5e01-419f-ae7b-5ff272cb199f
183392,14,22.5,69,86,"2021-08-24 04:03:28",A102,7cc37d5f-5e01-419f-ae7b-5ff272cb199f
183399,17,24.9,27,107,"2021-08-24 04:12:10",A101,7cc37d5f-5e01-419f-ae7b-5ff272cb199f
183420,14,22.3,69,86,"2021-08-24 04:33:49",A102,7cc37d5f-5e01-419f-ae7b-5ff272cb199f
183427,17,24.8,27,107,"2021-08-24 04:42:24",A101,7cc37d5f-5e01-419f-ae7b-5ff272cb199f
183450,13,22.2,68,93,"2021-08-24 05:04:13",A102,7cc37d5f-5e01-419f-ae7b-5ff272cb199f
183456,17,24.7,27,107,"2021-08-24 05:12:38",A101,7cc37d5f-5e01-419f-ae7b-5ff272cb199f
183476,14,22.1,68,93,"2021-08-24 05:34:40",A102,7cc37d5f-5e01-419f-ae7b-5ff272cb199f
183483,17,24.7,27,114,"2021-08-24 05:43:03",A101,7cc37d5f-5e01-419f-ae7b-5ff272cb199f
183505,14,22.1,68,93,"2021-08-24 06:05:05",A102,7cc37d5f-5e01-419f-ae7b-5ff272cb199f
183510,17,24.6,27,114,"2021-08-24 06:13:15",A101,7cc37d5f-5e01-419f-ae7b-5ff272cb199f
183532,14,22.2,68,93,"2021-08-24 06:35:33",A102,7cc37d5f-5e01-419f-ae7b-5ff272cb199f
183537,17,24.5,27,114,"2021-08-24 06:43:39",A101,7cc37d5f-5e01-419f-ae7b-5ff272cb199f
183555,14,22.5,68,100,"2021-08-24 07:06:05",A102,7cc37d5f-5e01-419f-ae7b-5ff272cb199f
183562,17,24.5,27,114,"2021-08-24 07:13:56",A101,7cc37d5f-5e01-419f-ae7b-5ff272cb199f
183583,14,22.9,68,100,"2021-08-24 07:36:37",A102,7cc37d5f-5e01-419f-ae7b-5ff272cb199f
183610,14,23.4,68,100,"2021-08-24 08:07:12",A102,7cc37d5f-5e01-419f-ae7b-5ff272cb199f
183617,17,24.3,27,114,"2021-08-24 08:14:44",A101,7cc37d5f-5e01-419f-ae7b-5ff272cb199f
183638,14,23.9,67,100,"2021-08-24 08:37:43",A102,7cc37d5f-5e01-419f-ae7b-5ff272cb199f
183645,17,24.3,27,114,"2021-08-24 08:45:06",A101,7cc37d5f-5e01-419f-ae7b-5ff272cb199f
183666,14,24.6,66,100,"2021-08-24 09:08:17",A102,7cc37d5f-5e01-419f-ae7b-5ff272cb199f
183694,14,25.2,67,100,"2021-08-24 09:38:51",A102,7cc37d5f-5e01-419f-ae7b-5ff272cb199f
183719,14,25.9,67,100,"2021-08-24 10:09:28",A102,7cc37d5f-5e01-419f-ae7b-5ff272cb199f
183725,17,24.1,27,114,"2021-08-24 10:16:20",A101,7cc37d5f-5e01-419f-ae7b-5ff272cb199f
183748,14,26.6,68,100,"2021-08-24 10:40:05",A102,7cc37d5f-5e01-419f-ae7b-5ff272cb199f
183753,17,24.1,27,114,"2021-08-24 10:46:53",A101,7cc37d5f-5e01-419f-ae7b-5ff272cb199f
183775,14,27.1,68,100,"2021-08-24 11:10:40",A102,7cc37d5f-5e01-419f-ae7b-5ff272cb199f
183779,17,24.1,27,114,"2021-08-24 11:17:12",A101,7cc37d5f-5e01-419f-ae7b-5ff272cb199f
183804,17,24.2,27,114,"2021-08-24 11:47:39",A101,7cc37d5f-5e01-419f-ae7b-5ff272cb199f
183827,14,27.7,68,100,"2021-08-24 12:11:55",A102,7cc37d5f-5e01-419f-ae7b-5ff272cb199f
183831,17,24.2,27,114,"2021-08-24 12:18:13",A101,7cc37d5f-5e01-419f-ae7b-5ff272cb199f
183853,14,27.8,68,100,"2021-08-24 12:42:31",A102,7cc37d5f-5e01-419f-ae7b-5ff272cb199f
183857,17,24.3,27,114,"2021-08-24 12:48:31",A101,7cc37d5f-5e01-419f-ae7b-5ff272cb199f
183878,14,27.9,68,100,"2021-08-24 13:13:07",A102,7cc37d5f-5e01-419f-ae7b-5ff272cb199f
183882,17,24.3,27,114,"2021-08-24 13:18:57",A101,7cc37d5f-5e01-419f-ae7b-5ff272cb199f
183905,14,27.9,69,100,"2021-08-24 13:43:43",A102,7cc37d5f-5e01-419f-ae7b-5ff272cb199f
183909,17,24.4,27,114,"2021-08-24 13:49:22",A101,7cc37d5f-5e01-419f-ae7b-5ff272cb199f
183930,14,27.9,69,93,"2021-08-24 14:14:18",A102,7cc37d5f-5e01-419f-ae7b-5ff272cb199f
183933,17,24.5,27,114,"2021-08-24 14:19:48",A101,7cc37d5f-5e01-419f-ae7b-5ff272cb199f
183982,14,27.7,69,86,"2021-08-24 15:15:29",A102,7cc37d5f-5e01-419f-ae7b-5ff272cb199f
184007,14,27.6,69,86,"2021-08-24 15:46:01",A102,7cc37d5f-5e01-419f-ae7b-5ff272cb199f
184009,17,24.8,26,114,"2021-08-24 15:51:01",A101,7cc37d5f-5e01-419f-ae7b-5ff272cb199f
184031,14,27.5,69,86,"2021-08-24 16:16:34",A102,7cc37d5f-5e01-419f-ae7b-5ff272cb199f
184055,14,27.3,69,86,"2021-08-24 16:47:04",A102,7cc37d5f-5e01-419f-ae7b-5ff272cb199f
184079,14,27,69,86,"2021-08-24 17:17:32",A102,7cc37d5f-5e01-419f-ae7b-5ff272cb199f
184143,14,25.7,69,86,"2021-08-24 19:49:47",A102,7cc37d5f-5e01-419f-ae7b-5ff272cb199f
184166,14,25.5,69,86,"2021-08-24 20:20:14",A102,7cc37d5f-5e01-419f-ae7b-5ff272cb199f
184192,14,25.3,69,86,"2021-08-24 20:50:41",A102,7cc37d5f-5e01-419f-ae7b-5ff272cb199f
184218,14,25.1,69,86,"2021-08-24 21:21:07",A102,7cc37d5f-5e01-419f-ae7b-5ff272cb199f
184221,17,25.3,27,114,"2021-08-24 21:24:36",A101,7cc37d5f-5e01-419f-ae7b-5ff272cb199f
184245,14,25,69,86,"2021-08-24 21:51:33",A102,7cc37d5f-5e01-419f-ae7b-5ff272cb199f
184248,17,25.3,27,114,"2021-08-24 21:54:43",A101,7cc37d5f-5e01-419f-ae7b-5ff272cb199f
184272,14,24.8,69,86,"2021-08-24 22:21:58",A102,7cc37d5f-5e01-419f-ae7b-5ff272cb199f
184275,17,25.3,27,114,"2021-08-24 22:25:06",A101,7cc37d5f-5e01-419f-ae7b-5ff272cb199f
184298,14,24.7,69,86,"2021-08-24 22:52:24",A102,7cc37d5f-5e01-419f-ae7b-5ff272cb199f
184325,14,24.5,69,86,"2021-08-24 23:22:49",A102,7cc37d5f-5e01-419f-ae7b-5ff272cb199f
184327,17,25.3,27,114,"2021-08-24 23:25:46",A101,7cc37d5f-5e01-419f-ae7b-5ff272cb199f
184352,14,24.4,69,86,"2021-08-24 23:53:13",A102,7cc37d5f-5e01-419f-ae7b-5ff272cb199f
184379,14,24.2,69,86,"2021-08-25 00:23:36",A102,7cc37d5f-5e01-419f-ae7b-5ff272cb199f
184405,14,24.1,68,86,"2021-08-25 00:54:00",A102,7cc37d5f-5e01-419f-ae7b-5ff272cb199f
184430,14,23.9,68,86,"2021-08-25 01:24:22",A102,7cc37d5f-5e01-419f-ae7b-5ff272cb199f
184457,14,23.7,68,86,"2021-08-25 01:54:44",A102,7cc37d5f-5e01-419f-ae7b-5ff272cb199f
184483,14,23.6,68,86,"2021-08-25 02:25:06",A102,7cc37d5f-5e01-419f-ae7b-5ff272cb199f
184510,14,23.4,69,86,"2021-08-25 02:55:27",A102,7cc37d5f-5e01-419f-ae7b-5ff272cb199f
184535,14,23.2,68,86,"2021-08-25 03:25:47",A102,7cc37d5f-5e01-419f-ae7b-5ff272cb199f
184538,17,25,27,107,"2021-08-25 03:27:32",A101,7cc37d5f-5e01-419f-ae7b-5ff272cb199f
184563,14,23,68,86,"2021-08-25 03:56:08",A102,7cc37d5f-5e01-419f-ae7b-5ff272cb199f
184590,14,22.8,68,86,"2021-08-25 04:26:29",A102,7cc37d5f-5e01-419f-ae7b-5ff272cb199f
184641,14,22.5,68,93,"2021-08-25 05:27:14",A102,7cc37d5f-5e01-419f-ae7b-5ff272cb199f
184642,17,24.8,27,114,"2021-08-25 05:28:26",A101,7cc37d5f-5e01-419f-ae7b-5ff272cb199f
184667,14,22.4,68,93,"2021-08-25 05:57:43",A102,7cc37d5f-5e01-419f-ae7b-5ff272cb199f
184693,14,22.5,68,93,"2021-08-25 06:28:08",A102,7cc37d5f-5e01-419f-ae7b-5ff272cb199f
184695,17,24.7,27,114,"2021-08-25 06:29:06",A101,7cc37d5f-5e01-419f-ae7b-5ff272cb199f
184722,14,22.6,68,100,"2021-08-25 06:58:40",A102,7cc37d5f-5e01-419f-ae7b-5ff272cb199f
184723,17,24.7,26,114,"2021-08-25 06:59:28",A101,7cc37d5f-5e01-419f-ae7b-5ff272cb199f
184751,14,23,68,100,"2021-08-25 07:29:13",A102,7cc37d5f-5e01-419f-ae7b-5ff272cb199f
184752,17,24.6,27,114,"2021-08-25 07:30:01",A101,7cc37d5f-5e01-419f-ae7b-5ff272cb199f
184781,17,24.5,27,114,"2021-08-25 08:00:11",A101,7cc37d5f-5e01-419f-ae7b-5ff272cb199f
184832,14,24.7,67,100,"2021-08-25 09:00:58",A102,7cc37d5f-5e01-419f-ae7b-5ff272cb199f
184833,17,24.4,27,114,"2021-08-25 09:01:08",A101,7cc37d5f-5e01-419f-ae7b-5ff272cb199f
184857,14,25.4,68,100,"2021-08-25 09:31:35",A102,7cc37d5f-5e01-419f-ae7b-5ff272cb199f
184882,17,24.3,26,114,"2021-08-25 10:01:59",A101,7cc37d5f-5e01-419f-ae7b-5ff272cb199f
184883,14,26.1,68,100,"2021-08-25 10:02:11",A102,7cc37d5f-5e01-419f-ae7b-5ff272cb199f
184911,14,26.8,68,100,"2021-08-25 10:32:49",A102,7cc37d5f-5e01-419f-ae7b-5ff272cb199f
184936,14,27.3,68,100,"2021-08-25 11:03:27",A102,7cc37d5f-5e01-419f-ae7b-5ff272cb199f
184962,14,27.8,68,100,"2021-08-25 11:34:04",A102,7cc37d5f-5e01-419f-ae7b-5ff272cb199f
184990,17,24.3,27,114,"2021-08-25 12:03:44",A101,7cc37d5f-5e01-419f-ae7b-5ff272cb199f
184991,14,28.1,68,100,"2021-08-25 12:04:42",A102,7cc37d5f-5e01-419f-ae7b-5ff272cb199f
185021,14,28.4,68,100,"2021-08-25 12:35:21",A102,7cc37d5f-5e01-419f-ae7b-5ff272cb199f
185046,14,28.6,69,100,"2021-08-25 13:05:59",A102,7cc37d5f-5e01-419f-ae7b-5ff272cb199f
185047,17,24.5,27,121,"2021-08-25 13:06:52",A101,7cc37d5f-5e01-419f-ae7b-5ff272cb199f
185077,14,28.8,69,100,"2021-08-25 13:36:38",A102,7cc37d5f-5e01-419f-ae7b-5ff272cb199f
185078,17,24.5,27,114,"2021-08-25 13:37:11",A101,7cc37d5f-5e01-419f-ae7b-5ff272cb199f
185157,17,24.8,26,114,"2021-08-25 15:08:29",A101,7cc37d5f-5e01-419f-ae7b-5ff272cb199f
185211,17,25,27,114,"2021-08-25 16:09:22",A101,7cc37d5f-5e01-419f-ae7b-5ff272cb199f
185352,17,25.6,27,114,"2021-08-25 19:41:23",A101,7cc37d5f-5e01-419f-ae7b-5ff272cb199f
185382,17,25.6,26,114,"2021-08-25 20:11:40",A101,7cc37d5f-5e01-419f-ae7b-5ff272cb199f
185410,17,25.6,26,114,"2021-08-25 20:41:57",A101,7cc37d5f-5e01-419f-ae7b-5ff272cb199f
185440,17,25.7,26,114,"2021-08-25 21:12:12",A101,7cc37d5f-5e01-419f-ae7b-5ff272cb199f
185498,17,25.7,26,114,"2021-08-25 22:12:40",A101,7cc37d5f-5e01-419f-ae7b-5ff272cb199f
185529,17,25.7,26,114,"2021-08-25 22:43:05",A101,7cc37d5f-5e01-419f-ae7b-5ff272cb199f
185558,17,25.6,27,114,"2021-08-25 23:13:11",A101,7cc37d5f-5e01-419f-ae7b-5ff272cb199f
185622,17,25.6,27,114,"2021-08-26 00:13:39",A101,7cc37d5f-5e01-419f-ae7b-5ff272cb199f
185654,17,25.5,26,114,"2021-08-26 00:43:56",A101,7cc37d5f-5e01-419f-ae7b-5ff272cb199f
185684,17,25.5,27,114,"2021-08-26 01:14:14",A101,7cc37d5f-5e01-419f-ae7b-5ff272cb199f
185715,17,25.5,26,114,"2021-08-26 01:44:26",A101,7cc37d5f-5e01-419f-ae7b-5ff272cb199f
185744,17,25.4,27,107,"2021-08-26 02:14:30",A101,7cc37d5f-5e01-419f-ae7b-5ff272cb199f
185774,17,25.4,27,107,"2021-08-26 02:45:02",A101,7cc37d5f-5e01-419f-ae7b-5ff272cb199f
185803,17,25.3,26,107,"2021-08-26 03:14:57",A101,7cc37d5f-5e01-419f-ae7b-5ff272cb199f
185858,17,25.2,26,107,"2021-08-26 04:15:34",A101,7cc37d5f-5e01-419f-ae7b-5ff272cb199f
185887,17,25.1,27,114,"2021-08-26 04:45:35",A101,7cc37d5f-5e01-419f-ae7b-5ff272cb199f
185915,17,25.1,27,114,"2021-08-26 05:15:54",A101,7cc37d5f-5e01-419f-ae7b-5ff272cb199f
185998,17,24.9,26,114,"2021-08-26 06:46:39",A101,7cc37d5f-5e01-419f-ae7b-5ff272cb199f
186025,17,24.8,26,114,"2021-08-26 07:16:59",A101,7cc37d5f-5e01-419f-ae7b-5ff272cb199f
186051,17,24.7,27,114,"2021-08-26 07:47:23",A101,7cc37d5f-5e01-419f-ae7b-5ff272cb199f
186102,17,24.6,27,114,"2021-08-26 08:48:08",A101,7cc37d5f-5e01-419f-ae7b-5ff272cb199f
186131,17,24.6,26,114,"2021-08-26 09:18:36",A101,7cc37d5f-5e01-419f-ae7b-5ff272cb199f
186158,17,24.5,27,114,"2021-08-26 09:48:56",A101,7cc37d5f-5e01-419f-ae7b-5ff272cb199f
186187,17,24.5,27,114,"2021-08-26 10:19:21",A101,7cc37d5f-5e01-419f-ae7b-5ff272cb199f
186217,17,24.5,27,114,"2021-08-26 10:49:48",A101,7cc37d5f-5e01-419f-ae7b-5ff272cb199f
186246,17,24.5,27,114,"2021-08-26 11:20:12",A101,7cc37d5f-5e01-419f-ae7b-5ff272cb199f
186272,17,24.5,26,114,"2021-08-26 11:50:37",A101,7cc37d5f-5e01-419f-ae7b-5ff272cb199f
186299,17,24.5,26,114,"2021-08-26 12:21:02",A101,7cc37d5f-5e01-419f-ae7b-5ff272cb199f
186327,17,24.6,27,114,"2021-08-26 12:51:30",A101,7cc37d5f-5e01-419f-ae7b-5ff272cb199f
186353,17,24.7,27,114,"2021-08-26 13:21:56",A101,7cc37d5f-5e01-419f-ae7b-5ff272cb199f
186380,17,24.74,26,114,"2021-08-26 13:52:23",A101,7cc37d5f-5e01-419f-ae7b-5ff272cb199f
186410,17,24.9,27,114,"2021-08-26 14:22:51",A101,7cc37d5f-5e01-419f-ae7b-5ff272cb199f
186439,17,25,27,114,"2021-08-26 14:53:14",A101,7cc37d5f-5e01-419f-ae7b-5ff272cb199f
186468,17,25.1,27,114,"2021-08-26 15:23:39",A101,7cc37d5f-5e01-419f-ae7b-5ff272cb199f
186497,17,25.2,26,114,"2021-08-26 15:54:01",A101,7cc37d5f-5e01-419f-ae7b-5ff272cb199f
186525,17,25.3,26,114,"2021-08-26 16:24:22",A101,7cc37d5f-5e01-419f-ae7b-5ff272cb199f
186552,17,25.4,26,114,"2021-08-26 16:54:44",A101,7cc37d5f-5e01-419f-ae7b-5ff272cb199f
186626,17,25.8,27,114,"2021-08-26 19:26:14",A101,7cc37d5f-5e01-419f-ae7b-5ff272cb199f
186651,17,25.8,27,114,"2021-08-26 19:56:35",A101,7cc37d5f-5e01-419f-ae7b-5ff272cb199f
186680,17,25.9,27,114,"2021-08-26 20:26:45",A101,7cc37d5f-5e01-419f-ae7b-5ff272cb199f
186737,17,25.9,27,114,"2021-08-26 21:27:28",A101,7cc37d5f-5e01-419f-ae7b-5ff272cb199f
186763,17,25.9,26,114,"2021-08-26 21:57:32",A101,7cc37d5f-5e01-419f-ae7b-5ff272cb199f
186790,17,25.9,26,114,"2021-08-26 22:27:52",A101,7cc37d5f-5e01-419f-ae7b-5ff272cb199f
186845,17,25.9,26,114,"2021-08-26 23:28:16",A101,7cc37d5f-5e01-419f-ae7b-5ff272cb199f
186902,17,25.8,26,107,"2021-08-27 00:28:48",A101,7cc37d5f-5e01-419f-ae7b-5ff272cb199f
186931,17,25.8,27,107,"2021-08-27 00:58:59",A101,7cc37d5f-5e01-419f-ae7b-5ff272cb199f
186960,17,25.7,27,107,"2021-08-27 01:29:15",A101,7cc37d5f-5e01-419f-ae7b-5ff272cb199f
186988,17,25.7,26,107,"2021-08-27 01:59:23",A101,7cc37d5f-5e01-419f-ae7b-5ff272cb199f
187013,17,25.6,27,107,"2021-08-27 02:29:34",A101,7cc37d5f-5e01-419f-ae7b-5ff272cb199f
187042,17,25.6,27,107,"2021-08-27 02:59:47",A101,7cc37d5f-5e01-419f-ae7b-5ff272cb199f
187070,17,25.5,27,107,"2021-08-27 03:30:00",A101,7cc37d5f-5e01-419f-ae7b-5ff272cb199f
187099,17,25.5,27,107,"2021-08-27 04:00:14",A101,7cc37d5f-5e01-419f-ae7b-5ff272cb199f
187128,17,25.4,27,107,"2021-08-27 04:30:24",A101,7cc37d5f-5e01-419f-ae7b-5ff272cb199f
187155,17,25.3,26,114,"2021-08-27 05:00:37",A101,7cc37d5f-5e01-419f-ae7b-5ff272cb199f
187181,17,25.3,27,114,"2021-08-27 05:30:56",A101,7cc37d5f-5e01-419f-ae7b-5ff272cb199f
187206,17,25.2,27,114,"2021-08-27 06:01:09",A101,7cc37d5f-5e01-419f-ae7b-5ff272cb199f
187236,17,25.1,27,114,"2021-08-27 06:31:26",A101,7cc37d5f-5e01-419f-ae7b-5ff272cb199f
187263,17,25.1,27,114,"2021-08-27 07:01:48",A101,7cc37d5f-5e01-419f-ae7b-5ff272cb199f
187288,17,25,27,114,"2021-08-27 07:32:09",A101,7cc37d5f-5e01-419f-ae7b-5ff272cb199f
187313,17,25,27,114,"2021-08-27 08:02:35",A101,7cc37d5f-5e01-419f-ae7b-5ff272cb199f
187341,17,24.9,26,114,"2021-08-27 08:32:59",A101,7cc37d5f-5e01-419f-ae7b-5ff272cb199f
187368,17,24.8,27,114,"2021-08-27 09:03:24",A101,7cc37d5f-5e01-419f-ae7b-5ff272cb199f
187395,17,24.8,26,114,"2021-08-27 09:33:48",A101,7cc37d5f-5e01-419f-ae7b-5ff272cb199f
187422,17,24.7,27,114,"2021-08-27 10:04:13",A101,7cc37d5f-5e01-419f-ae7b-5ff272cb199f
187446,17,24.7,27,114,"2021-08-27 10:34:38",A101,7cc37d5f-5e01-419f-ae7b-5ff272cb199f
187473,17,24.7,27,114,"2021-08-27 11:05:04",A101,7cc37d5f-5e01-419f-ae7b-5ff272cb199f
187500,17,24.7,26,121,"2021-08-27 11:35:32",A101,7cc37d5f-5e01-419f-ae7b-5ff272cb199f
187526,17,24.8,27,121,"2021-08-27 12:05:58",A101,7cc37d5f-5e01-419f-ae7b-5ff272cb199f
187551,17,24.8,27,121,"2021-08-27 12:36:25",A101,7cc37d5f-5e01-419f-ae7b-5ff272cb199f
187577,17,24.9,27,121,"2021-08-27 13:06:53",A101,7cc37d5f-5e01-419f-ae7b-5ff272cb199f
187606,17,25,27,114,"2021-08-27 13:37:20",A101,7cc37d5f-5e01-419f-ae7b-5ff272cb199f
187631,17,25.1,26,121,"2021-08-27 14:07:48",A101,7cc37d5f-5e01-419f-ae7b-5ff272cb199f
187657,17,25.2,27,114,"2021-08-27 14:38:15",A101,7cc37d5f-5e01-419f-ae7b-5ff272cb199f
187682,17,25.3,27,114,"2021-08-27 15:08:41",A101,7cc37d5f-5e01-419f-ae7b-5ff272cb199f
187708,17,25.4,27,114,"2021-08-27 15:41:19",A101,7cc37d5f-5e01-419f-ae7b-5ff272cb199f
187733,17,25.5,27,114,"2021-08-27 16:11:41",A101,7cc37d5f-5e01-419f-ae7b-5ff272cb199f
187760,17,25.7,27,114,"2021-08-27 16:42:02",A101,7cc37d5f-5e01-419f-ae7b-5ff272cb199f
187787,17,25.8,27,114,"2021-08-27 17:12:24",A101,7cc37d5f-5e01-419f-ae7b-5ff272cb199f
187838,17,26.1,26,114,"2021-08-27 19:13:40",A101,7cc37d5f-5e01-419f-ae7b-5ff272cb199f
187872,17,26.3,26,114,"2021-08-27 20:14:17",A101,7cc37d5f-5e01-419f-ae7b-5ff272cb199f
187899,17,26.3,26,114,"2021-08-27 20:44:34",A101,7cc37d5f-5e01-419f-ae7b-5ff272cb199f
187925,17,26.3,26,114,"2021-08-27 21:14:51",A101,7cc37d5f-5e01-419f-ae7b-5ff272cb199f
187952,17,26.3,27,114,"2021-08-27 21:45:07",A101,7cc37d5f-5e01-419f-ae7b-5ff272cb199f
187978,17,26.3,26,114,"2021-08-27 22:15:23",A101,7cc37d5f-5e01-419f-ae7b-5ff272cb199f
188002,17,26.3,27,114,"2021-08-27 22:45:40",A101,7cc37d5f-5e01-419f-ae7b-5ff272cb199f
188027,17,26.3,27,107,"2021-08-27 23:15:53",A101,7cc37d5f-5e01-419f-ae7b-5ff272cb199f
188054,17,26.3,27,107,"2021-08-27 23:46:08",A101,7cc37d5f-5e01-419f-ae7b-5ff272cb199f
188081,17,26.3,27,114,"2021-08-28 00:16:23",A101,7cc37d5f-5e01-419f-ae7b-5ff272cb199f
188107,17,26.2,27,107,"2021-08-28 00:46:39",A101,7cc37d5f-5e01-419f-ae7b-5ff272cb199f
188133,17,26.2,26,107,"2021-08-28 01:16:52",A101,7cc37d5f-5e01-419f-ae7b-5ff272cb199f
188160,17,26.2,27,107,"2021-08-28 01:47:06",A101,7cc37d5f-5e01-419f-ae7b-5ff272cb199f
188186,17,26.1,26,107,"2021-08-28 02:17:20",A101,7cc37d5f-5e01-419f-ae7b-5ff272cb199f
188213,17,26.1,26,107,"2021-08-28 02:47:34",A101,7cc37d5f-5e01-419f-ae7b-5ff272cb199f
188238,17,26,27,107,"2021-08-28 03:17:47",A101,7cc37d5f-5e01-419f-ae7b-5ff272cb199f
188265,17,26,27,107,"2021-08-28 03:48:01",A101,7cc37d5f-5e01-419f-ae7b-5ff272cb199f
188291,17,25.9,27,107,"2021-08-28 04:18:14",A101,7cc37d5f-5e01-419f-ae7b-5ff272cb199f
188316,17,25.8,27,107,"2021-08-28 04:48:30",A101,7cc37d5f-5e01-419f-ae7b-5ff272cb199f
188341,17,25.8,27,107,"2021-08-28 05:18:43",A101,7cc37d5f-5e01-419f-ae7b-5ff272cb199f
188365,17,25.7,27,114,"2021-08-28 05:49:01",A101,7cc37d5f-5e01-419f-ae7b-5ff272cb199f
188392,17,25.62,27,114,"2021-08-28 06:19:17",A101,7cc37d5f-5e01-419f-ae7b-5ff272cb199f
188417,17,25.6,27,114,"2021-08-28 06:49:39",A101,7cc37d5f-5e01-419f-ae7b-5ff272cb199f
188442,17,25.5,27,114,"2021-08-28 07:20:02",A101,7cc37d5f-5e01-419f-ae7b-5ff272cb199f
188468,17,25.5,27,114,"2021-08-28 07:50:25",A101,7cc37d5f-5e01-419f-ae7b-5ff272cb199f
188493,17,25.4,27,114,"2021-08-28 08:20:49",A101,7cc37d5f-5e01-419f-ae7b-5ff272cb199f
188519,17,25.3,27,114,"2021-08-28 08:51:14",A101,7cc37d5f-5e01-419f-ae7b-5ff272cb199f
188544,17,25.3,27,114,"2021-08-28 09:21:43",A101,7cc37d5f-5e01-419f-ae7b-5ff272cb199f
188568,17,25.2,27,114,"2021-08-28 09:52:07",A101,7cc37d5f-5e01-419f-ae7b-5ff272cb199f
188593,17,25.2,27,114,"2021-08-28 10:22:33",A101,7cc37d5f-5e01-419f-ae7b-5ff272cb199f
188617,17,25.2,27,114,"2021-08-28 10:53:00",A101,7cc37d5f-5e01-419f-ae7b-5ff272cb199f
188641,17,25.2,27,121,"2021-08-28 11:23:28",A101,7cc37d5f-5e01-419f-ae7b-5ff272cb199f
188666,17,25.2,27,114,"2021-08-28 11:53:56",A101,7cc37d5f-5e01-419f-ae7b-5ff272cb199f
188713,17,25.3,27,121,"2021-08-28 12:54:55",A101,7cc37d5f-5e01-419f-ae7b-5ff272cb199f
188737,17,25.4,27,114,"2021-08-28 13:25:23",A101,7cc37d5f-5e01-419f-ae7b-5ff272cb199f
188761,17,25.5,27,114,"2021-08-28 13:55:50",A101,7cc37d5f-5e01-419f-ae7b-5ff272cb199f
188787,17,25.6,27,114,"2021-08-28 14:26:16",A101,7cc37d5f-5e01-419f-ae7b-5ff272cb199f
188812,17,25.7,27,114,"2021-08-28 14:56:44",A101,7cc37d5f-5e01-419f-ae7b-5ff272cb199f
188837,17,25.8,27,114,"2021-08-28 15:27:09",A101,7cc37d5f-5e01-419f-ae7b-5ff272cb199f
188860,17,25.9,27,114,"2021-08-28 15:57:36",A101,7cc37d5f-5e01-419f-ae7b-5ff272cb199f
188885,17,26.1,27,114,"2021-08-28 16:27:57",A101,7cc37d5f-5e01-419f-ae7b-5ff272cb199f
188911,17,26.2,27,114,"2021-08-28 16:58:19",A101,7cc37d5f-5e01-419f-ae7b-5ff272cb199f
188934,17,26.3,27,114,"2021-08-28 17:28:38",A101,7cc37d5f-5e01-419f-ae7b-5ff272cb199f
188970,17,26.5,27,114,"2021-08-28 18:59:36",A101,7cc37d5f-5e01-419f-ae7b-5ff272cb199f
188981,17,26.6,27,114,"2021-08-28 19:29:54",A101,7cc37d5f-5e01-419f-ae7b-5ff272cb199f
189000,17,26.6,27,114,"2021-08-28 20:00:12",A101,7cc37d5f-5e01-419f-ae7b-5ff272cb199f
189025,17,26.6,27,114,"2021-08-28 20:30:29",A101,7cc37d5f-5e01-419f-ae7b-5ff272cb199f
189049,17,26.7,27,114,"2021-08-28 21:00:46",A101,7cc37d5f-5e01-419f-ae7b-5ff272cb199f
189097,17,26.7,27,114,"2021-08-28 22:01:21",A101,7cc37d5f-5e01-419f-ae7b-5ff272cb199f
189123,17,26.7,27,114,"2021-08-28 22:31:40",A101,7cc37d5f-5e01-419f-ae7b-5ff272cb199f
189149,17,26.7,27,114,"2021-08-28 23:01:56",A101,7cc37d5f-5e01-419f-ae7b-5ff272cb199f
189173,17,26.6,27,114,"2021-08-28 23:32:09",A101,7cc37d5f-5e01-419f-ae7b-5ff272cb199f
189198,17,26.6,27,107,"2021-08-29 00:02:24",A101,7cc37d5f-5e01-419f-ae7b-5ff272cb199f
189224,17,26.6,27,107,"2021-08-29 00:32:38",A101,7cc37d5f-5e01-419f-ae7b-5ff272cb199f
189251,17,26.6,27,107,"2021-08-29 01:02:53",A101,7cc37d5f-5e01-419f-ae7b-5ff272cb199f
189278,17,26.5,27,107,"2021-08-29 01:33:08",A101,7cc37d5f-5e01-419f-ae7b-5ff272cb199f
189304,17,26.5,27,107,"2021-08-29 02:03:22",A101,7cc37d5f-5e01-419f-ae7b-5ff272cb199f
189330,17,26.4,27,107,"2021-08-29 02:33:34",A101,7cc37d5f-5e01-419f-ae7b-5ff272cb199f
189356,17,26.4,27,107,"2021-08-29 03:03:49",A101,7cc37d5f-5e01-419f-ae7b-5ff272cb199f
189381,17,26.3,27,107,"2021-08-29 03:34:05",A101,7cc37d5f-5e01-419f-ae7b-5ff272cb199f
189407,17,26.3,27,107,"2021-08-29 04:04:17",A101,7cc37d5f-5e01-419f-ae7b-5ff272cb199f
189431,17,26.2,27,107,"2021-08-29 04:34:28",A101,7cc37d5f-5e01-419f-ae7b-5ff272cb199f
189456,17,26.1,27,107,"2021-08-29 05:04:44",A101,7cc37d5f-5e01-419f-ae7b-5ff272cb199f
189481,17,26.1,27,114,"2021-08-29 05:35:00",A101,7cc37d5f-5e01-419f-ae7b-5ff272cb199f
189506,17,26,27,114,"2021-08-29 06:05:18",A101,7cc37d5f-5e01-419f-ae7b-5ff272cb199f
189530,17,25.9,27,114,"2021-08-29 06:35:39",A101,7cc37d5f-5e01-419f-ae7b-5ff272cb199f
189552,17,25.9,27,114,"2021-08-29 07:06:01",A101,7cc37d5f-5e01-419f-ae7b-5ff272cb199f
189575,17,25.8,27,114,"2021-08-29 07:36:23",A101,7cc37d5f-5e01-419f-ae7b-5ff272cb199f
189600,17,25.7,27,114,"2021-08-29 08:06:48",A101,7cc37d5f-5e01-419f-ae7b-5ff272cb199f
189623,17,25.7,27,114,"2021-08-29 08:37:13",A101,7cc37d5f-5e01-419f-ae7b-5ff272cb199f
189645,17,25.6,27,114,"2021-08-29 09:07:40",A101,7cc37d5f-5e01-419f-ae7b-5ff272cb199f
189667,17,25.6,27,114,"2021-08-29 09:38:09",A101,7cc37d5f-5e01-419f-ae7b-5ff272cb199f
189690,17,25.5,27,121,"2021-08-29 10:08:36",A101,7cc37d5f-5e01-419f-ae7b-5ff272cb199f
189713,17,25.5,27,114,"2021-08-29 10:39:05",A101,7cc37d5f-5e01-419f-ae7b-5ff272cb199f
189735,17,25.5,27,121,"2021-08-29 11:09:34",A101,7cc37d5f-5e01-419f-ae7b-5ff272cb199f
189782,17,25.5,27,114,"2021-08-29 12:10:33",A101,7cc37d5f-5e01-419f-ae7b-5ff272cb199f
189804,17,25.6,27,121,"2021-08-29 12:40:58",A101,7cc37d5f-5e01-419f-ae7b-5ff272cb199f
189830,17,25.6,27,114,"2021-08-29 13:11:28",A101,7cc37d5f-5e01-419f-ae7b-5ff272cb199f
189854,17,25.7,27,114,"2021-08-29 13:41:54",A101,7cc37d5f-5e01-419f-ae7b-5ff272cb199f
189877,17,25.8,27,114,"2021-08-29 14:12:24",A101,7cc37d5f-5e01-419f-ae7b-5ff272cb199f
189903,17,25.9,27,114,"2021-08-29 14:42:49",A101,7cc37d5f-5e01-419f-ae7b-5ff272cb199f
189929,17,26,27,114,"2021-08-29 15:13:14",A101,7cc37d5f-5e01-419f-ae7b-5ff272cb199f
189955,17,26.1,27,114,"2021-08-29 15:43:38",A101,7cc37d5f-5e01-419f-ae7b-5ff272cb199f
189980,17,26.2,27,114,"2021-08-29 16:14:04",A101,7cc37d5f-5e01-419f-ae7b-5ff272cb199f
190004,17,26.3,27,114,"2021-08-29 16:44:24",A101,7cc37d5f-5e01-419f-ae7b-5ff272cb199f
190031,17,26.4,27,114,"2021-08-29 17:14:48",A101,7cc37d5f-5e01-419f-ae7b-5ff272cb199f
190054,17,26.4,27,114,"2021-08-29 17:45:08",A101,7cc37d5f-5e01-419f-ae7b-5ff272cb199f
190074,17,26.5,27,114,"2021-08-29 18:17:38",A101,7cc37d5f-5e01-419f-ae7b-5ff272cb199f
190088,17,26.6,27,114,"2021-08-29 18:48:04",A101,7cc37d5f-5e01-419f-ae7b-5ff272cb199f
190103,17,26.6,27,114,"2021-08-29 19:18:26",A101,7cc37d5f-5e01-419f-ae7b-5ff272cb199f
190126,17,26.7,27,114,"2021-08-29 19:48:52",A101,7cc37d5f-5e01-419f-ae7b-5ff272cb199f
190151,17,26.7,27,114,"2021-08-29 20:19:14",A101,7cc37d5f-5e01-419f-ae7b-5ff272cb199f
190178,17,26.7,27,114,"2021-08-29 20:49:39",A101,7cc37d5f-5e01-419f-ae7b-5ff272cb199f
190204,17,26.72,27,114,"2021-08-29 21:20:02",A101,7cc37d5f-5e01-419f-ae7b-5ff272cb199f
190229,17,26.8,27,114,"2021-08-29 21:50:23",A101,7cc37d5f-5e01-419f-ae7b-5ff272cb199f
190255,17,26.8,27,114,"2021-08-29 22:20:46",A101,7cc37d5f-5e01-419f-ae7b-5ff272cb199f
190280,17,26.78,27,114,"2021-08-29 22:51:07",A101,7cc37d5f-5e01-419f-ae7b-5ff272cb199f
190306,17,26.7,27,114,"2021-08-29 23:21:28",A101,7cc37d5f-5e01-419f-ae7b-5ff272cb199f
190332,17,26.7,27,114,"2021-08-29 23:51:52",A101,7cc37d5f-5e01-419f-ae7b-5ff272cb199f
190358,17,26.7,27,114,"2021-08-30 00:22:14",A101,7cc37d5f-5e01-419f-ae7b-5ff272cb199f
190384,17,26.7,27,114,"2021-08-30 00:52:37",A101,7cc37d5f-5e01-419f-ae7b-5ff272cb199f
190410,17,26.6,27,114,"2021-08-30 01:22:59",A101,7cc37d5f-5e01-419f-ae7b-5ff272cb199f
190437,17,26.6,27,114,"2021-08-30 01:53:20",A101,7cc37d5f-5e01-419f-ae7b-5ff272cb199f
190464,17,26.6,27,107,"2021-08-30 02:23:40",A101,7cc37d5f-5e01-419f-ae7b-5ff272cb199f
190489,17,26.5,27,107,"2021-08-30 02:54:02",A101,7cc37d5f-5e01-419f-ae7b-5ff272cb199f
190539,17,26.4,27,107,"2021-08-30 03:54:44",A101,7cc37d5f-5e01-419f-ae7b-5ff272cb199f
190566,17,26.4,27,107,"2021-08-30 04:25:02",A101,7cc37d5f-5e01-419f-ae7b-5ff272cb199f
190591,17,26.4,27,107,"2021-08-30 04:55:24",A101,7cc37d5f-5e01-419f-ae7b-5ff272cb199f
190617,17,26.3,27,107,"2021-08-30 05:25:47",A101,7cc37d5f-5e01-419f-ae7b-5ff272cb199f
190644,17,26.3,27,114,"2021-08-30 05:56:08",A101,7cc37d5f-5e01-419f-ae7b-5ff272cb199f
190670,17,26.2,27,114,"2021-08-30 06:26:33",A101,7cc37d5f-5e01-419f-ae7b-5ff272cb199f
190696,17,26.2,27,114,"2021-08-30 06:56:59",A101,7cc37d5f-5e01-419f-ae7b-5ff272cb199f
190746,17,26.1,27,114,"2021-08-30 07:57:56",A101,7cc37d5f-5e01-419f-ae7b-5ff272cb199f
190773,17,26,27,114,"2021-08-30 08:28:28",A101,7cc37d5f-5e01-419f-ae7b-5ff272cb199f
190796,17,26,27,114,"2021-08-30 08:58:59",A101,7cc37d5f-5e01-419f-ae7b-5ff272cb199f
190822,17,25.9,27,121,"2021-08-30 09:29:32",A101,7cc37d5f-5e01-419f-ae7b-5ff272cb199f
190849,17,25.9,27,114,"2021-08-30 10:00:03",A101,7cc37d5f-5e01-419f-ae7b-5ff272cb199f
190871,17,25.9,27,114,"2021-08-30 10:30:32",A101,7cc37d5f-5e01-419f-ae7b-5ff272cb199f
190895,17,25.9,27,114,"2021-08-30 11:01:05",A101,7cc37d5f-5e01-419f-ae7b-5ff272cb199f
190918,17,25.9,27,114,"2021-08-30 11:31:35",A101,7cc37d5f-5e01-419f-ae7b-5ff272cb199f
190942,17,25.9,27,121,"2021-08-30 12:02:07",A101,7cc37d5f-5e01-419f-ae7b-5ff272cb199f
190967,17,26,27,121,"2021-08-30 12:32:39",A101,7cc37d5f-5e01-419f-ae7b-5ff272cb199f
191016,17,26.1,27,114,"2021-08-30 13:33:41",A101,7cc37d5f-5e01-419f-ae7b-5ff272cb199f
191041,17,26.2,27,114,"2021-08-30 14:04:07",A101,7cc37d5f-5e01-419f-ae7b-5ff272cb199f
191066,17,26.2,27,114,"2021-08-30 14:34:31",A101,7cc37d5f-5e01-419f-ae7b-5ff272cb199f
191076,14,29.6,70,86,"2021-08-30 14:47:44",A102,7cc37d5f-5e01-419f-ae7b-5ff272cb199f
191094,17,26.3,27,114,"2021-08-30 15:05:01",A101,7cc37d5f-5e01-419f-ae7b-5ff272cb199f
191105,14,29.4,70,86,"2021-08-30 15:19:11",A102,7cc37d5f-5e01-419f-ae7b-5ff272cb199f
191124,17,26.4,27,114,"2021-08-30 15:35:21",A101,7cc37d5f-5e01-419f-ae7b-5ff272cb199f
191135,14,29.3,70,86,"2021-08-30 15:49:35",A102,7cc37d5f-5e01-419f-ae7b-5ff272cb199f
191151,17,26.4,27,114,"2021-08-30 16:05:46",A101,7cc37d5f-5e01-419f-ae7b-5ff272cb199f
191162,14,29.1,70,86,"2021-08-30 16:19:57",A102,7cc37d5f-5e01-419f-ae7b-5ff272cb199f
191179,17,26.5,27,114,"2021-08-30 16:36:10",A101,7cc37d5f-5e01-419f-ae7b-5ff272cb199f
191190,14,28.9,70,86,"2021-08-30 16:50:16",A102,7cc37d5f-5e01-419f-ae7b-5ff272cb199f
191211,14,28.7,70,86,"2021-08-30 17:20:37",A102,7cc37d5f-5e01-419f-ae7b-5ff272cb199f
191256,14,28,70,86,"2021-08-30 19:22:03",A102,7cc37d5f-5e01-419f-ae7b-5ff272cb199f
191275,17,26.7,27,114,"2021-08-30 19:38:33",A101,7cc37d5f-5e01-419f-ae7b-5ff272cb199f
191285,14,27.9,70,86,"2021-08-30 19:52:24",A102,7cc37d5f-5e01-419f-ae7b-5ff272cb199f
191304,17,26.7,27,114,"2021-08-30 20:08:57",A101,7cc37d5f-5e01-419f-ae7b-5ff272cb199f
191312,14,27.8,70,86,"2021-08-30 20:22:44",A102,7cc37d5f-5e01-419f-ae7b-5ff272cb199f
191339,14,27.6,70,86,"2021-08-30 20:53:04",A102,7cc37d5f-5e01-419f-ae7b-5ff272cb199f
191357,17,26.7,27,107,"2021-08-30 21:09:42",A101,7cc37d5f-5e01-419f-ae7b-5ff272cb199f
191367,14,27.5,70,86,"2021-08-30 21:23:24",A102,7cc37d5f-5e01-419f-ae7b-5ff272cb199f
191386,17,26.7,27,107,"2021-08-30 21:40:03",A101,7cc37d5f-5e01-419f-ae7b-5ff272cb199f
191394,14,27.2,70,86,"2021-08-30 21:53:39",A102,7cc37d5f-5e01-419f-ae7b-5ff272cb199f
191412,17,26.7,27,107,"2021-08-30 22:10:26",A101,7cc37d5f-5e01-419f-ae7b-5ff272cb199f
191420,14,27,70,86,"2021-08-30 22:23:58",A102,7cc37d5f-5e01-419f-ae7b-5ff272cb199f
191438,17,26.7,27,107,"2021-08-30 22:40:48",A101,7cc37d5f-5e01-419f-ae7b-5ff272cb199f
191447,14,26.8,70,86,"2021-08-30 22:54:15",A102,7cc37d5f-5e01-419f-ae7b-5ff272cb199f
191466,17,26.7,27,107,"2021-08-30 23:11:08",A101,7cc37d5f-5e01-419f-ae7b-5ff272cb199f
191475,14,26.7,70,86,"2021-08-30 23:24:33",A102,7cc37d5f-5e01-419f-ae7b-5ff272cb199f
191493,17,26.7,27,107,"2021-08-30 23:41:30",A101,7cc37d5f-5e01-419f-ae7b-5ff272cb199f
191503,14,26.5,69,86,"2021-08-30 23:54:51",A102,7cc37d5f-5e01-419f-ae7b-5ff272cb199f
191521,17,26.6,27,107,"2021-08-31 00:11:50",A101,7cc37d5f-5e01-419f-ae7b-5ff272cb199f
191531,14,26.3,69,86,"2021-08-31 00:25:10",A102,7cc37d5f-5e01-419f-ae7b-5ff272cb199f
191551,17,26.6,27,107,"2021-08-31 00:42:11",A101,7cc37d5f-5e01-419f-ae7b-5ff272cb199f
191560,14,26.1,70,86,"2021-08-31 00:55:27",A102,7cc37d5f-5e01-419f-ae7b-5ff272cb199f
191581,17,26.6,27,107,"2021-08-31 01:12:32",A101,7cc37d5f-5e01-419f-ae7b-5ff272cb199f
191591,14,26,69,86,"2021-08-31 01:25:45",A102,7cc37d5f-5e01-419f-ae7b-5ff272cb199f
191611,17,26.5,27,107,"2021-08-31 01:42:54",A101,7cc37d5f-5e01-419f-ae7b-5ff272cb199f
191620,14,25.9,70,86,"2021-08-31 01:56:02",A102,7cc37d5f-5e01-419f-ae7b-5ff272cb199f
191641,17,26.5,27,107,"2021-08-31 02:13:15",A101,7cc37d5f-5e01-419f-ae7b-5ff272cb199f
191651,14,25.7,70,86,"2021-08-31 02:26:20",A102,7cc37d5f-5e01-419f-ae7b-5ff272cb199f
191672,17,26.4,27,107,"2021-08-31 02:43:36",A101,7cc37d5f-5e01-419f-ae7b-5ff272cb199f
191680,14,25.6,70,86,"2021-08-31 02:56:37",A102,7cc37d5f-5e01-419f-ae7b-5ff272cb199f
191701,17,26.4,27,107,"2021-08-31 03:13:58",A101,7cc37d5f-5e01-419f-ae7b-5ff272cb199f
191711,14,25.5,70,86,"2021-08-31 03:26:54",A102,7cc37d5f-5e01-419f-ae7b-5ff272cb199f
191731,17,26.4,27,107,"2021-08-31 03:44:18",A101,7cc37d5f-5e01-419f-ae7b-5ff272cb199f
191739,14,25.36,70,86,"2021-08-31 03:57:12",A102,7cc37d5f-5e01-419f-ae7b-5ff272cb199f
191765,14,25.3,70,86,"2021-08-31 04:27:31",A102,7cc37d5f-5e01-419f-ae7b-5ff272cb199f
191786,17,26.2,27,107,"2021-08-31 04:45:00",A101,7cc37d5f-5e01-419f-ae7b-5ff272cb199f
191794,14,25.1,70,86,"2021-08-31 04:57:48",A102,7cc37d5f-5e01-419f-ae7b-5ff272cb199f
191820,14,25,69,86,"2021-08-31 05:28:05",A102,7cc37d5f-5e01-419f-ae7b-5ff272cb199f
191840,17,26.1,27,107,"2021-08-31 05:45:44",A101,7cc37d5f-5e01-419f-ae7b-5ff272cb199f
191848,14,25,69,93,"2021-08-31 05:58:25",A102,7cc37d5f-5e01-419f-ae7b-5ff272cb199f
191869,17,26.1,27,107,"2021-08-31 06:16:06",A101,7cc37d5f-5e01-419f-ae7b-5ff272cb199f
191877,14,25,69,93,"2021-08-31 06:28:43",A102,7cc37d5f-5e01-419f-ae7b-5ff272cb199f
191907,14,25,69,93,"2021-08-31 06:59:07",A102,7cc37d5f-5e01-419f-ae7b-5ff272cb199f
191930,17,26,27,114,"2021-08-31 07:16:55",A101,7cc37d5f-5e01-419f-ae7b-5ff272cb199f
191939,14,25.1,69,93,"2021-08-31 07:29:32",A102,7cc37d5f-5e01-419f-ae7b-5ff272cb199f
191961,17,25.9,27,114,"2021-08-31 07:47:23",A101,7cc37d5f-5e01-419f-ae7b-5ff272cb199f
191969,14,25.3,69,93,"2021-08-31 08:00:03",A102,7cc37d5f-5e01-419f-ae7b-5ff272cb199f
191999,14,25.6,69,93,"2021-08-31 08:30:24",A102,7cc37d5f-5e01-419f-ae7b-5ff272cb199f
192022,17,25.8,27,114,"2021-08-31 08:48:22",A101,7cc37d5f-5e01-419f-ae7b-5ff272cb199f
192031,14,26,69,100,"2021-08-31 09:00:55",A102,7cc37d5f-5e01-419f-ae7b-5ff272cb199f
192052,17,25.8,27,114,"2021-08-31 09:18:50",A101,7cc37d5f-5e01-419f-ae7b-5ff272cb199f
192061,14,26.5,69,100,"2021-08-31 09:31:23",A102,7cc37d5f-5e01-419f-ae7b-5ff272cb199f
192083,17,25.8,27,114,"2021-08-31 09:49:21",A101,7cc37d5f-5e01-419f-ae7b-5ff272cb199f
192092,14,27,68,100,"2021-08-31 10:01:53",A102,7cc37d5f-5e01-419f-ae7b-5ff272cb199f
192114,17,25.7,27,114,"2021-08-31 10:19:55",A101,7cc37d5f-5e01-419f-ae7b-5ff272cb199f
192122,14,27.5,68,100,"2021-08-31 10:32:23",A102,7cc37d5f-5e01-419f-ae7b-5ff272cb199f
192144,17,25.7,27,114,"2021-08-31 10:50:25",A101,7cc37d5f-5e01-419f-ae7b-5ff272cb199f
192152,14,28,69,100,"2021-08-31 11:02:54",A102,7cc37d5f-5e01-419f-ae7b-5ff272cb199f
192172,17,25.7,27,114,"2021-08-31 11:20:58",A101,7cc37d5f-5e01-419f-ae7b-5ff272cb199f
192182,14,28.5,69,100,"2021-08-31 11:33:26",A102,7cc37d5f-5e01-419f-ae7b-5ff272cb199f
192201,17,25.7,27,114,"2021-08-31 11:51:30",A101,7cc37d5f-5e01-419f-ae7b-5ff272cb199f
192210,14,29,69,100,"2021-08-31 12:03:57",A102,7cc37d5f-5e01-419f-ae7b-5ff272cb199f
192230,17,25.8,27,114,"2021-08-31 12:21:57",A101,7cc37d5f-5e01-419f-ae7b-5ff272cb199f
192240,14,29.3,69,93,"2021-08-31 12:34:19",A102,7cc37d5f-5e01-419f-ae7b-5ff272cb199f
192260,17,25.8,27,114,"2021-08-31 12:52:25",A101,7cc37d5f-5e01-419f-ae7b-5ff272cb199f
192287,17,25.9,27,114,"2021-08-31 13:22:52",A101,7cc37d5f-5e01-419f-ae7b-5ff272cb199f
192298,14,29.4,69,93,"2021-08-31 13:35:12",A102,7cc37d5f-5e01-419f-ae7b-5ff272cb199f
192319,17,25.9,27,114,"2021-08-31 13:53:16",A101,7cc37d5f-5e01-419f-ae7b-5ff272cb199f
192328,14,29.2,70,93,"2021-08-31 14:05:33",A102,7cc37d5f-5e01-419f-ae7b-5ff272cb199f
192349,17,26,27,114,"2021-08-31 14:23:42",A101,7cc37d5f-5e01-419f-ae7b-5ff272cb199f
192358,14,29,70,93,"2021-08-31 14:35:56",A102,7cc37d5f-5e01-419f-ae7b-5ff272cb199f
192377,17,26.1,27,114,"2021-08-31 14:54:06",A101,7cc37d5f-5e01-419f-ae7b-5ff272cb199f
192385,14,28.8,70,86,"2021-08-31 15:06:20",A102,7cc37d5f-5e01-419f-ae7b-5ff272cb199f
192406,17,26.1,27,114,"2021-08-31 15:24:32",A101,7cc37d5f-5e01-419f-ae7b-5ff272cb199f
192416,14,28.7,70,86,"2021-08-31 15:36:40",A102,7cc37d5f-5e01-419f-ae7b-5ff272cb199f
192435,17,26.2,27,114,"2021-08-31 15:54:56",A101,7cc37d5f-5e01-419f-ae7b-5ff272cb199f
192446,14,28.5,70,86,"2021-08-31 16:07:01",A102,7cc37d5f-5e01-419f-ae7b-5ff272cb199f
192466,17,26.3,27,114,"2021-08-31 16:25:19",A101,7cc37d5f-5e01-419f-ae7b-5ff272cb199f
192476,14,28.3,70,86,"2021-08-31 16:37:21",A102,7cc37d5f-5e01-419f-ae7b-5ff272cb199f
192496,17,26.3,27,114,"2021-08-31 16:55:41",A101,7cc37d5f-5e01-419f-ae7b-5ff272cb199f
192504,14,28.1,70,86,"2021-08-31 17:07:40",A102,7cc37d5f-5e01-419f-ae7b-5ff272cb199f
192515,17,26.4,27,114,"2021-08-31 17:26:04",A101,7cc37d5f-5e01-419f-ae7b-5ff272cb199f
192525,17,26.4,27,114,"2021-08-31 17:56:26",A101,7cc37d5f-5e01-419f-ae7b-5ff272cb199f
192528,14,27.7,70,86,"2021-08-31 18:08:19",A102,7cc37d5f-5e01-419f-ae7b-5ff272cb199f
192532,17,26.4,27,114,"2021-08-31 18:26:49",A101,7cc37d5f-5e01-419f-ae7b-5ff272cb199f
192542,17,26.5,27,107,"2021-08-31 18:57:11",A101,7cc37d5f-5e01-419f-ae7b-5ff272cb199f
192556,17,26.5,27,107,"2021-08-31 19:27:33",A101,7cc37d5f-5e01-419f-ae7b-5ff272cb199f
192580,17,26.5,27,107,"2021-08-31 19:57:59",A101,7cc37d5f-5e01-419f-ae7b-5ff272cb199f
192589,14,26.9,70,86,"2021-08-31 20:09:33",A102,7cc37d5f-5e01-419f-ae7b-5ff272cb199f
192609,17,26.5,27,107,"2021-08-31 20:28:16",A101,7cc37d5f-5e01-419f-ae7b-5ff272cb199f
192618,14,26.7,69,86,"2021-08-31 20:39:55",A102,7cc37d5f-5e01-419f-ae7b-5ff272cb199f
192639,17,26.5,27,107,"2021-08-31 21:00:43",A101,7cc37d5f-5e01-419f-ae7b-5ff272cb199f
192646,14,26.6,70,86,"2021-08-31 21:10:10",A102,7cc37d5f-5e01-419f-ae7b-5ff272cb199f
192669,17,26.5,27,107,"2021-08-31 21:31:11",A101,7cc37d5f-5e01-419f-ae7b-5ff272cb199f
192676,14,26.4,69,86,"2021-08-31 21:40:28",A102,7cc37d5f-5e01-419f-ae7b-5ff272cb199f
192697,17,26.4,27,107,"2021-08-31 22:01:35",A101,7cc37d5f-5e01-419f-ae7b-5ff272cb199f
192704,14,26.3,70,86,"2021-08-31 22:10:47",A102,7cc37d5f-5e01-419f-ae7b-5ff272cb199f
192726,17,26.4,27,107,"2021-08-31 22:32:00",A101,7cc37d5f-5e01-419f-ae7b-5ff272cb199f
192731,14,26.1,69,86,"2021-08-31 22:41:06",A102,7cc37d5f-5e01-419f-ae7b-5ff272cb199f
192753,17,26.4,27,107,"2021-08-31 23:02:25",A101,7cc37d5f-5e01-419f-ae7b-5ff272cb199f
192760,14,26,69,86,"2021-08-31 23:11:22",A102,7cc37d5f-5e01-419f-ae7b-5ff272cb199f
192782,17,26.4,27,107,"2021-08-31 23:32:49",A101,7cc37d5f-5e01-419f-ae7b-5ff272cb199f
192789,14,25.8,69,86,"2021-08-31 23:41:40",A102,7cc37d5f-5e01-419f-ae7b-5ff272cb199f
192811,17,26.4,27,107,"2021-09-01 00:03:17",A101,7cc37d5f-5e01-419f-ae7b-5ff272cb199f
192818,14,25.7,69,86,"2021-09-01 00:11:59",A102,7cc37d5f-5e01-419f-ae7b-5ff272cb199f
192841,17,26.3,27,107,"2021-09-01 00:33:41",A101,7cc37d5f-5e01-419f-ae7b-5ff272cb199f
192849,14,25.6,70,86,"2021-09-01 00:42:17",A102,7cc37d5f-5e01-419f-ae7b-5ff272cb199f
192872,17,26.3,27,107,"2021-09-01 01:04:02",A101,7cc37d5f-5e01-419f-ae7b-5ff272cb199f
192879,14,25.4,70,86,"2021-09-01 01:12:29",A102,7cc37d5f-5e01-419f-ae7b-5ff272cb199f
192902,17,26.2,27,107,"2021-09-01 01:34:27",A101,7cc37d5f-5e01-419f-ae7b-5ff272cb199f
192909,14,25.3,70,86,"2021-09-01 01:42:48",A102,7cc37d5f-5e01-419f-ae7b-5ff272cb199f
192930,17,26.2,27,107,"2021-09-01 02:04:51",A101,7cc37d5f-5e01-419f-ae7b-5ff272cb199f
192937,14,25.2,69,86,"2021-09-01 02:13:02",A102,7cc37d5f-5e01-419f-ae7b-5ff272cb199f
192960,17,26.1,27,107,"2021-09-01 02:35:14",A101,7cc37d5f-5e01-419f-ae7b-5ff272cb199f
192965,14,25,70,86,"2021-09-01 02:43:17",A102,7cc37d5f-5e01-419f-ae7b-5ff272cb199f
192987,17,26.1,27,107,"2021-09-01 03:05:39",A101,7cc37d5f-5e01-419f-ae7b-5ff272cb199f
192993,14,24.9,69,86,"2021-09-01 03:13:33",A102,7cc37d5f-5e01-419f-ae7b-5ff272cb199f
193018,17,26.1,27,107,"2021-09-01 03:36:03",A101,7cc37d5f-5e01-419f-ae7b-5ff272cb199f
193022,14,24.8,69,86,"2021-09-01 03:43:49",A102,7cc37d5f-5e01-419f-ae7b-5ff272cb199f
193045,17,26,27,107,"2021-09-01 04:06:28",A101,7cc37d5f-5e01-419f-ae7b-5ff272cb199f
193051,14,24.7,69,86,"2021-09-01 04:14:06",A102,7cc37d5f-5e01-419f-ae7b-5ff272cb199f
193075,17,25.94,27,107,"2021-09-01 04:36:50",A101,7cc37d5f-5e01-419f-ae7b-5ff272cb199f
193080,14,24.6,69,86,"2021-09-01 04:44:24",A102,7cc37d5f-5e01-419f-ae7b-5ff272cb199f
193104,17,25.9,27,107,"2021-09-01 05:07:14",A101,7cc37d5f-5e01-419f-ae7b-5ff272cb199f
193109,14,24.6,69,86,"2021-09-01 05:14:40",A102,7cc37d5f-5e01-419f-ae7b-5ff272cb199f
193133,17,25.9,27,107,"2021-09-01 05:37:40",A101,7cc37d5f-5e01-419f-ae7b-5ff272cb199f
193137,14,24.5,69,86,"2021-09-01 05:44:57",A102,7cc37d5f-5e01-419f-ae7b-5ff272cb199f
193159,17,25.8,27,107,"2021-09-01 06:08:06",A101,7cc37d5f-5e01-419f-ae7b-5ff272cb199f
193164,14,24.5,69,86,"2021-09-01 06:15:15",A102,7cc37d5f-5e01-419f-ae7b-5ff272cb199f
193187,17,25.7,27,107,"2021-09-01 06:38:31",A101,7cc37d5f-5e01-419f-ae7b-5ff272cb199f
193193,14,24.5,69,93,"2021-09-01 06:45:37",A102,7cc37d5f-5e01-419f-ae7b-5ff272cb199f
193213,17,25.7,27,114,"2021-09-01 07:08:59",A101,7cc37d5f-5e01-419f-ae7b-5ff272cb199f
193218,14,24.5,69,93,"2021-09-01 07:15:55",A102,7cc37d5f-5e01-419f-ae7b-5ff272cb199f
193241,17,25.64,27,114,"2021-09-01 07:39:28",A101,7cc37d5f-5e01-419f-ae7b-5ff272cb199f
193247,14,24.6,68,93,"2021-09-01 07:46:19",A102,7cc37d5f-5e01-419f-ae7b-5ff272cb199f
193269,17,25.6,27,114,"2021-09-01 08:10:08",A101,7cc37d5f-5e01-419f-ae7b-5ff272cb199f
193272,14,24.8,69,93,"2021-09-01 08:16:45",A102,7cc37d5f-5e01-419f-ae7b-5ff272cb199f
193297,17,25.5,27,114,"2021-09-01 08:40:34",A101,7cc37d5f-5e01-419f-ae7b-5ff272cb199f
193301,14,25.1,69,93,"2021-09-01 08:47:13",A102,7cc37d5f-5e01-419f-ae7b-5ff272cb199f
193326,17,25.5,27,114,"2021-09-01 09:11:08",A101,7cc37d5f-5e01-419f-ae7b-5ff272cb199f
193330,14,25.7,69,100,"2021-09-01 09:17:41",A102,7cc37d5f-5e01-419f-ae7b-5ff272cb199f
193352,17,25.5,27,114,"2021-09-01 09:41:42",A101,7cc37d5f-5e01-419f-ae7b-5ff272cb199f
193357,14,26.3,69,100,"2021-09-01 09:48:10",A102,7cc37d5f-5e01-419f-ae7b-5ff272cb199f
193379,17,25.4,27,114,"2021-09-01 10:12:24",A101,7cc37d5f-5e01-419f-ae7b-5ff272cb199f
193384,14,26.8,68,100,"2021-09-01 10:18:41",A102,7cc37d5f-5e01-419f-ae7b-5ff272cb199f
193407,17,25.4,27,114,"2021-09-01 10:42:54",A101,7cc37d5f-5e01-419f-ae7b-5ff272cb199f
193412,14,27.4,69,100,"2021-09-01 10:49:11",A102,7cc37d5f-5e01-419f-ae7b-5ff272cb199f
193436,17,25.4,27,114,"2021-09-01 11:13:28",A101,7cc37d5f-5e01-419f-ae7b-5ff272cb199f
193442,14,27.9,69,100,"2021-09-01 11:19:40",A102,7cc37d5f-5e01-419f-ae7b-5ff272cb199f
193462,17,25.4,27,114,"2021-09-01 11:44:02",A101,7cc37d5f-5e01-419f-ae7b-5ff272cb199f
193468,14,28.3,69,100,"2021-09-01 11:50:10",A102,7cc37d5f-5e01-419f-ae7b-5ff272cb199f
193489,17,25.5,27,114,"2021-09-01 12:14:39",A101,7cc37d5f-5e01-419f-ae7b-5ff272cb199f
193493,14,28.7,69,107,"2021-09-01 12:20:44",A102,7cc37d5f-5e01-419f-ae7b-5ff272cb199f
193517,17,25.5,27,114,"2021-09-01 12:45:13",A101,7cc37d5f-5e01-419f-ae7b-5ff272cb199f
193522,14,29,69,100,"2021-09-01 12:51:15",A102,7cc37d5f-5e01-419f-ae7b-5ff272cb199f
193545,17,25.5,27,114,"2021-09-01 13:15:48",A101,7cc37d5f-5e01-419f-ae7b-5ff272cb199f
193549,14,29.3,69,100,"2021-09-01 13:21:43",A102,7cc37d5f-5e01-419f-ae7b-5ff272cb199f
193572,17,25.6,27,114,"2021-09-01 13:46:23",A101,7cc37d5f-5e01-419f-ae7b-5ff272cb199f
193577,14,29.4,70,93,"2021-09-01 13:52:12",A102,7cc37d5f-5e01-419f-ae7b-5ff272cb199f
193596,17,25.7,27,114,"2021-09-01 14:16:55",A101,7cc37d5f-5e01-419f-ae7b-5ff272cb199f
193601,14,29.5,70,93,"2021-09-01 14:22:35",A102,7cc37d5f-5e01-419f-ae7b-5ff272cb199f
193624,17,25.8,27,114,"2021-09-01 14:47:24",A101,7cc37d5f-5e01-419f-ae7b-5ff272cb199f
193628,14,29.4,70,86,"2021-09-01 14:53:01",A102,7cc37d5f-5e01-419f-ae7b-5ff272cb199f
193652,17,25.9,27,114,"2021-09-01 15:17:56",A101,7cc37d5f-5e01-419f-ae7b-5ff272cb199f
193678,17,25.9,27,114,"2021-09-01 15:48:28",A101,7cc37d5f-5e01-419f-ae7b-5ff272cb199f
193684,14,29.1,70,86,"2021-09-01 15:53:50",A102,7cc37d5f-5e01-419f-ae7b-5ff272cb199f
193708,17,26,27,114,"2021-09-01 16:18:58",A101,7cc37d5f-5e01-419f-ae7b-5ff272cb199f
193714,14,28.9,70,86,"2021-09-01 16:24:13",A102,7cc37d5f-5e01-419f-ae7b-5ff272cb199f
193739,17,26.1,27,114,"2021-09-01 16:49:25",A101,7cc37d5f-5e01-419f-ae7b-5ff272cb199f
193745,14,28.6,70,86,"2021-09-01 16:54:33",A102,7cc37d5f-5e01-419f-ae7b-5ff272cb199f
193767,17,26.2,27,114,"2021-09-01 17:19:51",A101,7cc37d5f-5e01-419f-ae7b-5ff272cb199f
193772,14,28.4,70,86,"2021-09-01 17:24:54",A102,7cc37d5f-5e01-419f-ae7b-5ff272cb199f
193813,14,27.7,70,86,"2021-09-01 18:57:02",A102,7cc37d5f-5e01-419f-ae7b-5ff272cb199f
193824,17,26.4,27,114,"2021-09-01 19:21:39",A101,7cc37d5f-5e01-419f-ae7b-5ff272cb199f
193830,14,27.5,70,86,"2021-09-01 19:27:27",A102,7cc37d5f-5e01-419f-ae7b-5ff272cb199f
193853,17,26.4,27,107,"2021-09-01 19:52:03",A101,7cc37d5f-5e01-419f-ae7b-5ff272cb199f
193858,14,27.3,70,86,"2021-09-01 19:57:49",A102,7cc37d5f-5e01-419f-ae7b-5ff272cb199f
193887,14,27.1,70,86,"2021-09-01 20:28:12",A102,7cc37d5f-5e01-419f-ae7b-5ff272cb199f
193911,17,26.4,27,107,"2021-09-01 20:52:54",A101,7cc37d5f-5e01-419f-ae7b-5ff272cb199f
193917,14,27,70,86,"2021-09-01 20:58:32",A102,7cc37d5f-5e01-419f-ae7b-5ff272cb199f
193941,17,26.4,27,107,"2021-09-01 21:23:20",A101,7cc37d5f-5e01-419f-ae7b-5ff272cb199f
193948,14,26.8,70,86,"2021-09-01 21:28:55",A102,7cc37d5f-5e01-419f-ae7b-5ff272cb199f
193970,17,26.4,27,107,"2021-09-01 21:53:48",A101,7cc37d5f-5e01-419f-ae7b-5ff272cb199f
193975,14,26.6,69,86,"2021-09-01 21:59:17",A102,7cc37d5f-5e01-419f-ae7b-5ff272cb199f
193996,17,26.4,27,107,"2021-09-01 22:24:12",A101,7cc37d5f-5e01-419f-ae7b-5ff272cb199f
194003,14,26.5,69,86,"2021-09-01 22:29:38",A102,7cc37d5f-5e01-419f-ae7b-5ff272cb199f
194029,17,26.4,27,107,"2021-09-01 22:54:36",A101,7cc37d5f-5e01-419f-ae7b-5ff272cb199f
194034,14,26.4,69,86,"2021-09-01 23:00:03",A102,7cc37d5f-5e01-419f-ae7b-5ff272cb199f
194061,17,26.4,27,107,"2021-09-01 23:25:01",A101,7cc37d5f-5e01-419f-ae7b-5ff272cb199f
194066,14,26.2,70,86,"2021-09-01 23:30:20",A102,7cc37d5f-5e01-419f-ae7b-5ff272cb199f
194092,17,26.4,27,107,"2021-09-01 23:55:24",A101,7cc37d5f-5e01-419f-ae7b-5ff272cb199f
194097,14,26.1,69,86,"2021-09-02 00:00:41",A102,7cc37d5f-5e01-419f-ae7b-5ff272cb199f
194122,17,26.4,27,107,"2021-09-02 00:25:49",A101,7cc37d5f-5e01-419f-ae7b-5ff272cb199f
194126,14,25.9,69,86,"2021-09-02 00:31:01",A102,7cc37d5f-5e01-419f-ae7b-5ff272cb199f
194152,17,26.3,27,107,"2021-09-02 00:56:13",A101,7cc37d5f-5e01-419f-ae7b-5ff272cb199f
194157,14,25.8,70,86,"2021-09-02 01:01:21",A102,7cc37d5f-5e01-419f-ae7b-5ff272cb199f
194183,17,26.3,27,107,"2021-09-02 01:26:37",A101,7cc37d5f-5e01-419f-ae7b-5ff272cb199f
194188,14,25.6,69,86,"2021-09-02 01:31:40",A102,7cc37d5f-5e01-419f-ae7b-5ff272cb199f
194213,17,26.2,27,107,"2021-09-02 01:57:00",A101,7cc37d5f-5e01-419f-ae7b-5ff272cb199f
194242,17,26.2,27,107,"2021-09-02 02:27:25",A101,7cc37d5f-5e01-419f-ae7b-5ff272cb199f
194246,14,25.4,70,86,"2021-09-02 02:32:19",A102,7cc37d5f-5e01-419f-ae7b-5ff272cb199f
194271,14,25.3,70,86,"2021-09-02 03:02:39",A102,7cc37d5f-5e01-419f-ae7b-5ff272cb199f
194298,17,26.1,27,107,"2021-09-02 03:28:13",A101,7cc37d5f-5e01-419f-ae7b-5ff272cb199f
194301,14,25.1,70,86,"2021-09-02 03:33:01",A102,7cc37d5f-5e01-419f-ae7b-5ff272cb199f
194329,17,26.1,27,107,"2021-09-02 03:58:37",A101,7cc37d5f-5e01-419f-ae7b-5ff272cb199f
194358,17,26,27,107,"2021-09-02 04:29:01",A101,7cc37d5f-5e01-419f-ae7b-5ff272cb199f
194361,14,24.9,70,86,"2021-09-02 04:33:37",A102,7cc37d5f-5e01-419f-ae7b-5ff272cb199f
194388,17,26,27,107,"2021-09-02 04:59:24",A101,7cc37d5f-5e01-419f-ae7b-5ff272cb199f
194391,14,24.8,70,86,"2021-09-02 05:03:56",A102,7cc37d5f-5e01-419f-ae7b-5ff272cb199f
194421,14,24.7,70,86,"2021-09-02 05:34:18",A102,7cc37d5f-5e01-419f-ae7b-5ff272cb199f
194448,17,25.9,27,107,"2021-09-02 06:00:15",A101,7cc37d5f-5e01-419f-ae7b-5ff272cb199f
194451,14,24.7,69,93,"2021-09-02 06:04:40",A102,7cc37d5f-5e01-419f-ae7b-5ff272cb199f
194476,17,25.8,27,114,"2021-09-02 06:30:42",A101,7cc37d5f-5e01-419f-ae7b-5ff272cb199f
194480,14,24.7,69,93,"2021-09-02 06:35:04",A102,7cc37d5f-5e01-419f-ae7b-5ff272cb199f
194502,17,25.8,27,114,"2021-09-02 07:01:10",A101,7cc37d5f-5e01-419f-ae7b-5ff272cb199f
194506,14,24.8,69,93,"2021-09-02 07:05:29",A102,7cc37d5f-5e01-419f-ae7b-5ff272cb199f
194530,17,25.7,27,114,"2021-09-02 07:31:39",A101,7cc37d5f-5e01-419f-ae7b-5ff272cb199f
194534,14,24.9,69,93,"2021-09-02 07:35:56",A102,7cc37d5f-5e01-419f-ae7b-5ff272cb199f
194559,17,25.7,27,114,"2021-09-02 08:02:10",A101,7cc37d5f-5e01-419f-ae7b-5ff272cb199f
194563,14,25.1,69,93,"2021-09-02 08:06:25",A102,7cc37d5f-5e01-419f-ae7b-5ff272cb199f
194589,14,25.4,69,93,"2021-09-02 08:36:53",A102,7cc37d5f-5e01-419f-ae7b-5ff272cb199f
194613,17,25.6,27,114,"2021-09-02 09:03:16",A101,7cc37d5f-5e01-419f-ae7b-5ff272cb199f
194616,14,25.7,69,93,"2021-09-02 09:07:26",A102,7cc37d5f-5e01-419f-ae7b-5ff272cb199f
194640,17,25.5,27,114,"2021-09-02 09:33:55",A101,7cc37d5f-5e01-419f-ae7b-5ff272cb199f
194643,14,26,69,93,"2021-09-02 09:37:55",A102,7cc37d5f-5e01-419f-ae7b-5ff272cb199f
194663,17,25.5,27,114,"2021-09-02 10:04:21",A101,7cc37d5f-5e01-419f-ae7b-5ff272cb199f
194690,17,25.5,27,114,"2021-09-02 10:34:53",A101,7cc37d5f-5e01-419f-ae7b-5ff272cb199f
194694,14,26.7,69,93,"2021-09-02 10:38:53",A102,7cc37d5f-5e01-419f-ae7b-5ff272cb199f
194719,17,25.5,27,107,"2021-09-02 11:05:20",A101,7cc37d5f-5e01-419f-ae7b-5ff272cb199f
194723,14,26.9,69,93,"2021-09-02 11:09:18",A102,7cc37d5f-5e01-419f-ae7b-5ff272cb199f
194745,17,25.5,28,107,"2021-09-02 11:35:46",A101,7cc37d5f-5e01-419f-ae7b-5ff272cb199f
194749,14,26.6,69,93,"2021-09-02 11:39:41",A102,7cc37d5f-5e01-419f-ae7b-5ff272cb199f
194776,14,26.1,70,93,"2021-09-02 12:10:08",A102,7cc37d5f-5e01-419f-ae7b-5ff272cb199f
194798,17,25.5,27,107,"2021-09-02 12:36:42",A101,7cc37d5f-5e01-419f-ae7b-5ff272cb199f
194802,14,25.7,70,93,"2021-09-02 12:40:24",A102,7cc37d5f-5e01-419f-ae7b-5ff272cb199f
194824,17,25.5,27,107,"2021-09-02 13:07:06",A101,7cc37d5f-5e01-419f-ae7b-5ff272cb199f
194829,14,25.6,70,93,"2021-09-02 13:10:50",A102,7cc37d5f-5e01-419f-ae7b-5ff272cb199f
194851,17,25.5,27,107,"2021-09-02 13:37:32",A101,7cc37d5f-5e01-419f-ae7b-5ff272cb199f
194856,14,25.4,70,93,"2021-09-02 13:41:09",A102,7cc37d5f-5e01-419f-ae7b-5ff272cb199f
194883,14,25.3,70,86,"2021-09-02 14:11:32",A102,7cc37d5f-5e01-419f-ae7b-5ff272cb199f
194933,14,25.2,70,86,"2021-09-02 15:12:16",A102,7cc37d5f-5e01-419f-ae7b-5ff272cb199f
194955,17,25.5,27,107,"2021-09-02 15:39:16",A101,7cc37d5f-5e01-419f-ae7b-5ff272cb199f
194959,14,25.1,71,86,"2021-09-02 15:42:39",A102,7cc37d5f-5e01-419f-ae7b-5ff272cb199f
194981,17,25.5,27,107,"2021-09-02 16:09:44",A101,7cc37d5f-5e01-419f-ae7b-5ff272cb199f
194985,14,25,71,86,"2021-09-02 16:13:02",A102,7cc37d5f-5e01-419f-ae7b-5ff272cb199f
195005,17,25.5,27,107,"2021-09-02 16:40:09",A101,7cc37d5f-5e01-419f-ae7b-5ff272cb199f
195008,14,24.9,71,86,"2021-09-02 16:43:23",A102,7cc37d5f-5e01-419f-ae7b-5ff272cb199f
195027,14,24.7,70,86,"2021-09-02 17:13:45",A102,7cc37d5f-5e01-419f-ae7b-5ff272cb199f
195035,17,25.5,27,107,"2021-09-02 17:41:07",A101,7cc37d5f-5e01-419f-ae7b-5ff272cb199f
195038,14,24.6,71,86,"2021-09-02 17:44:07",A102,7cc37d5f-5e01-419f-ae7b-5ff272cb199f
195040,14,24.5,71,86,"2021-09-02 18:14:27",A102,7cc37d5f-5e01-419f-ae7b-5ff272cb199f
195045,17,25.4,28,107,"2021-09-02 18:41:50",A101,7cc37d5f-5e01-419f-ae7b-5ff272cb199f
195071,17,25.3,28,107,"2021-09-02 19:42:48",A101,7cc37d5f-5e01-419f-ae7b-5ff272cb199f
195074,14,24.1,71,86,"2021-09-02 19:45:32",A102,7cc37d5f-5e01-419f-ae7b-5ff272cb199f
195098,17,25.3,28,107,"2021-09-02 20:13:06",A101,7cc37d5f-5e01-419f-ae7b-5ff272cb199f
195101,14,24,71,86,"2021-09-02 20:15:56",A102,7cc37d5f-5e01-419f-ae7b-5ff272cb199f
195126,14,23.9,71,86,"2021-09-02 20:46:14",A102,7cc37d5f-5e01-419f-ae7b-5ff272cb199f
195148,17,25.2,28,107,"2021-09-02 21:13:55",A101,7cc37d5f-5e01-419f-ae7b-5ff272cb199f
195151,14,23.8,71,86,"2021-09-02 21:16:36",A102,7cc37d5f-5e01-419f-ae7b-5ff272cb199f
195175,14,23.7,71,86,"2021-09-02 21:46:58",A102,7cc37d5f-5e01-419f-ae7b-5ff272cb199f
195202,14,23.6,71,86,"2021-09-02 22:17:18",A102,7cc37d5f-5e01-419f-ae7b-5ff272cb199f
195227,17,25,28,107,"2021-09-02 22:45:10",A101,7cc37d5f-5e01-419f-ae7b-5ff272cb199f
195230,14,23.5,71,86,"2021-09-02 22:47:40",A102,7cc37d5f-5e01-419f-ae7b-5ff272cb199f
195253,17,25,27,107,"2021-09-02 23:15:37",A101,7cc37d5f-5e01-419f-ae7b-5ff272cb199f
195256,14,23.5,71,86,"2021-09-02 23:18:01",A102,7cc37d5f-5e01-419f-ae7b-5ff272cb199f
195283,17,24.9,27,107,"2021-09-02 23:48:02",A101,7cc37d5f-5e01-419f-ae7b-5ff272cb199f
195284,14,23.4,71,86,"2021-09-02 23:48:22",A102,7cc37d5f-5e01-419f-ae7b-5ff272cb199f
195311,17,24.9,27,107,"2021-09-03 00:18:27",A101,7cc37d5f-5e01-419f-ae7b-5ff272cb199f
195312,14,23.3,71,86,"2021-09-03 00:18:44",A102,7cc37d5f-5e01-419f-ae7b-5ff272cb199f
195337,14,23.2,71,86,"2021-09-03 00:49:04",A102,7cc37d5f-5e01-419f-ae7b-5ff272cb199f
195363,14,23.2,71,86,"2021-09-03 01:19:25",A102,7cc37d5f-5e01-419f-ae7b-5ff272cb199f
195364,17,24.8,27,107,"2021-09-03 01:19:28",A101,7cc37d5f-5e01-419f-ae7b-5ff272cb199f
195388,14,23.1,71,86,"2021-09-03 01:49:45",A102,7cc37d5f-5e01-419f-ae7b-5ff272cb199f
195389,17,24.7,27,107,"2021-09-03 01:49:46",A101,7cc37d5f-5e01-419f-ae7b-5ff272cb199f
195414,14,23,71,86,"2021-09-03 02:20:04",A102,7cc37d5f-5e01-419f-ae7b-5ff272cb199f
195415,17,24.7,28,107,"2021-09-03 02:20:12",A101,7cc37d5f-5e01-419f-ae7b-5ff272cb199f
195440,14,22.9,71,86,"2021-09-03 02:50:26",A102,7cc37d5f-5e01-419f-ae7b-5ff272cb199f
195441,17,24.6,27,107,"2021-09-03 02:50:42",A101,7cc37d5f-5e01-419f-ae7b-5ff272cb199f
195466,14,22.8,71,86,"2021-09-03 03:20:45",A102,7cc37d5f-5e01-419f-ae7b-5ff272cb199f
195467,17,24.6,28,107,"2021-09-03 03:21:02",A101,7cc37d5f-5e01-419f-ae7b-5ff272cb199f
195492,14,22.8,71,86,"2021-09-03 03:51:05",A102,7cc37d5f-5e01-419f-ae7b-5ff272cb199f
195493,17,24.5,28,107,"2021-09-03 03:51:27",A101,7cc37d5f-5e01-419f-ae7b-5ff272cb199f
195516,14,22.7,71,86,"2021-09-03 04:21:26",A102,7cc37d5f-5e01-419f-ae7b-5ff272cb199f
195541,14,22.62,71,93,"2021-09-03 04:51:47",A102,7cc37d5f-5e01-419f-ae7b-5ff272cb199f
195543,17,24.4,27,107,"2021-09-03 04:52:17",A101,7cc37d5f-5e01-419f-ae7b-5ff272cb199f
195567,14,22.6,71,93,"2021-09-03 05:22:12",A102,7cc37d5f-5e01-419f-ae7b-5ff272cb199f
195593,14,22.6,70,93,"2021-09-03 05:52:34",A102,7cc37d5f-5e01-419f-ae7b-5ff272cb199f
195595,17,24.3,27,114,"2021-09-03 05:53:12",A101,7cc37d5f-5e01-419f-ae7b-5ff272cb199f
195619,14,22.7,71,93,"2021-09-03 06:23:00",A102,7cc37d5f-5e01-419f-ae7b-5ff272cb199f
195621,17,24.3,28,114,"2021-09-03 06:23:47",A101,7cc37d5f-5e01-419f-ae7b-5ff272cb199f
195648,14,22.9,70,93,"2021-09-03 06:53:27",A102,7cc37d5f-5e01-419f-ae7b-5ff272cb199f
195650,17,24.2,27,114,"2021-09-03 06:54:15",A101,7cc37d5f-5e01-419f-ae7b-5ff272cb199f
195675,14,23.2,70,93,"2021-09-03 07:23:56",A102,7cc37d5f-5e01-419f-ae7b-5ff272cb199f
195677,17,24.2,28,114,"2021-09-03 07:24:48",A101,7cc37d5f-5e01-419f-ae7b-5ff272cb199f
195703,14,23.6,71,93,"2021-09-03 07:54:26",A102,7cc37d5f-5e01-419f-ae7b-5ff272cb199f
195729,14,24,71,93,"2021-09-03 08:24:55",A102,7cc37d5f-5e01-419f-ae7b-5ff272cb199f
195732,17,24.1,28,114,"2021-09-03 08:25:49",A101,7cc37d5f-5e01-419f-ae7b-5ff272cb199f
195757,14,24.4,71,93,"2021-09-03 08:55:23",A102,7cc37d5f-5e01-419f-ae7b-5ff272cb199f
195760,17,24.1,28,114,"2021-09-03 08:56:23",A101,7cc37d5f-5e01-419f-ae7b-5ff272cb199f
195786,14,24.7,71,107,"2021-09-03 09:25:52",A102,7cc37d5f-5e01-419f-ae7b-5ff272cb199f
195790,17,24.1,27,114,"2021-09-03 09:27:02",A101,7cc37d5f-5e01-419f-ae7b-5ff272cb199f
195811,14,24.9,70,93,"2021-09-03 09:56:22",A102,7cc37d5f-5e01-419f-ae7b-5ff272cb199f
195815,17,24.1,28,114,"2021-09-03 09:57:29",A101,7cc37d5f-5e01-419f-ae7b-5ff272cb199f
195840,14,25.3,70,93,"2021-09-03 10:26:51",A102,7cc37d5f-5e01-419f-ae7b-5ff272cb199f
195845,17,24.1,28,114,"2021-09-03 10:28:04",A101,7cc37d5f-5e01-419f-ae7b-5ff272cb199f
195868,14,25.5,71,93,"2021-09-03 10:57:15",A102,7cc37d5f-5e01-419f-ae7b-5ff272cb199f
195873,17,24.1,28,114,"2021-09-03 10:58:30",A101,7cc37d5f-5e01-419f-ae7b-5ff272cb199f
195897,14,25.4,71,93,"2021-09-03 11:27:38",A102,7cc37d5f-5e01-419f-ae7b-5ff272cb199f
195901,17,24.1,28,114,"2021-09-03 11:29:01",A101,7cc37d5f-5e01-419f-ae7b-5ff272cb199f
195922,14,25.3,71,100,"2021-09-03 11:58:03",A102,7cc37d5f-5e01-419f-ae7b-5ff272cb199f
195926,17,24.1,28,114,"2021-09-03 11:59:28",A101,7cc37d5f-5e01-419f-ae7b-5ff272cb199f
195950,14,25.2,72,100,"2021-09-03 12:28:30",A102,7cc37d5f-5e01-419f-ae7b-5ff272cb199f
195954,17,24.2,28,114,"2021-09-03 12:30:01",A101,7cc37d5f-5e01-419f-ae7b-5ff272cb199f
195976,14,25.2,72,100,"2021-09-03 12:58:58",A102,7cc37d5f-5e01-419f-ae7b-5ff272cb199f
195980,17,24.2,28,114,"2021-09-03 13:00:31",A101,7cc37d5f-5e01-419f-ae7b-5ff272cb199f
196001,14,25.3,72,100,"2021-09-03 13:29:26",A102,7cc37d5f-5e01-419f-ae7b-5ff272cb199f
196005,17,24.3,28,114,"2021-09-03 13:31:07",A101,7cc37d5f-5e01-419f-ae7b-5ff272cb199f
196028,14,25.4,72,93,"2021-09-03 13:59:55",A102,7cc37d5f-5e01-419f-ae7b-5ff272cb199f
196032,17,24.3,27,114,"2021-09-03 14:01:36",A101,7cc37d5f-5e01-419f-ae7b-5ff272cb199f
196054,14,25.5,72,93,"2021-09-03 14:30:24",A102,7cc37d5f-5e01-419f-ae7b-5ff272cb199f
196058,17,24.3,28,114,"2021-09-03 14:32:09",A101,7cc37d5f-5e01-419f-ae7b-5ff272cb199f
196080,14,25.6,72,93,"2021-09-03 15:00:53",A102,7cc37d5f-5e01-419f-ae7b-5ff272cb199f
196083,17,24.4,28,114,"2021-09-03 15:02:40",A101,7cc37d5f-5e01-419f-ae7b-5ff272cb199f
196107,14,25.6,72,93,"2021-09-03 15:31:20",A102,7cc37d5f-5e01-419f-ae7b-5ff272cb199f
196111,17,24.4,28,114,"2021-09-03 15:33:11",A101,7cc37d5f-5e01-419f-ae7b-5ff272cb199f
196135,14,25.5,72,86,"2021-09-03 16:01:47",A102,7cc37d5f-5e01-419f-ae7b-5ff272cb199f
196139,17,24.4,27,114,"2021-09-03 16:03:48",A101,7cc37d5f-5e01-419f-ae7b-5ff272cb199f
196163,17,24.5,28,114,"2021-09-03 16:34:13",A101,7cc37d5f-5e01-419f-ae7b-5ff272cb199f
196187,14,25.2,72,86,"2021-09-03 17:02:38",A102,7cc37d5f-5e01-419f-ae7b-5ff272cb199f
196191,17,24.5,28,114,"2021-09-03 17:04:40",A101,7cc37d5f-5e01-419f-ae7b-5ff272cb199f
196205,14,25.1,72,86,"2021-09-03 17:33:04",A102,7cc37d5f-5e01-419f-ae7b-5ff272cb199f
196250,14,24.5,73,86,"2021-09-03 19:34:40",A102,7cc37d5f-5e01-419f-ae7b-5ff272cb199f
196272,14,24.3,72,86,"2021-09-03 20:05:01",A102,7cc37d5f-5e01-419f-ae7b-5ff272cb199f
196278,17,24.5,28,114,"2021-09-03 20:07:31",A101,7cc37d5f-5e01-419f-ae7b-5ff272cb199f
196303,14,24.2,73,86,"2021-09-03 20:36:25",A102,7cc37d5f-5e01-419f-ae7b-5ff272cb199f
196308,17,24.5,28,114,"2021-09-03 20:38:02",A101,7cc37d5f-5e01-419f-ae7b-5ff272cb199f
196330,14,24,73,86,"2021-09-03 21:06:48",A102,7cc37d5f-5e01-419f-ae7b-5ff272cb199f
196335,17,24.5,28,114,"2021-09-03 21:08:26",A101,7cc37d5f-5e01-419f-ae7b-5ff272cb199f
196358,14,23.9,73,86,"2021-09-03 21:37:11",A102,7cc37d5f-5e01-419f-ae7b-5ff272cb199f
196384,14,23.8,73,86,"2021-09-03 22:07:33",A102,7cc37d5f-5e01-419f-ae7b-5ff272cb199f
196439,14,23.6,73,86,"2021-09-03 23:08:18",A102,7cc37d5f-5e01-419f-ae7b-5ff272cb199f
196445,17,24.4,28,107,"2021-09-03 23:10:12",A101,7cc37d5f-5e01-419f-ae7b-5ff272cb199f
196468,15,23.5,73,86,"2021-09-03 23:38:40",A102,7cc37d5f-5e01-419f-ae7b-5ff272cb199f
196473,17,24.4,28,107,"2021-09-03 23:40:39",A101,7cc37d5f-5e01-419f-ae7b-5ff272cb199f
196495,15,23.4,73,86,"2021-09-04 00:09:00",A102,7cc37d5f-5e01-419f-ae7b-5ff272cb199f
196500,17,24.3,28,107,"2021-09-04 00:11:06",A101,7cc37d5f-5e01-419f-ae7b-5ff272cb199f
196547,15,23.2,73,86,"2021-09-04 01:09:42",A102,7cc37d5f-5e01-419f-ae7b-5ff272cb199f
196553,17,24.3,27,107,"2021-09-04 01:11:58",A101,7cc37d5f-5e01-419f-ae7b-5ff272cb199f
196574,15,23.1,73,86,"2021-09-04 01:40:04",A102,7cc37d5f-5e01-419f-ae7b-5ff272cb199f
196580,17,24.2,28,107,"2021-09-04 01:42:24",A101,7cc37d5f-5e01-419f-ae7b-5ff272cb199f
196603,15,23,73,86,"2021-09-04 02:10:26",A102,7cc37d5f-5e01-419f-ae7b-5ff272cb199f
196608,17,24.2,28,107,"2021-09-04 02:12:51",A101,7cc37d5f-5e01-419f-ae7b-5ff272cb199f
196632,15,23,73,86,"2021-09-04 02:40:46",A102,7cc37d5f-5e01-419f-ae7b-5ff272cb199f
196637,17,24.1,28,107,"2021-09-04 02:43:17",A101,7cc37d5f-5e01-419f-ae7b-5ff272cb199f
196660,15,22.9,73,86,"2021-09-04 03:11:07",A102,7cc37d5f-5e01-419f-ae7b-5ff272cb199f
196665,17,24.1,28,107,"2021-09-04 03:13:42",A101,7cc37d5f-5e01-419f-ae7b-5ff272cb199f
196689,15,22.9,73,86,"2021-09-04 03:41:28",A102,7cc37d5f-5e01-419f-ae7b-5ff272cb199f
196694,17,24,28,107,"2021-09-04 03:44:09",A101,7cc37d5f-5e01-419f-ae7b-5ff272cb199f
196715,15,22.8,74,86,"2021-09-04 04:11:49",A102,7cc37d5f-5e01-419f-ae7b-5ff272cb199f
196719,17,24,27,107,"2021-09-04 04:14:33",A101,7cc37d5f-5e01-419f-ae7b-5ff272cb199f
196741,15,22.8,74,93,"2021-09-04 04:42:12",A102,7cc37d5f-5e01-419f-ae7b-5ff272cb199f
196744,17,24,28,107,"2021-09-04 04:45:09",A101,7cc37d5f-5e01-419f-ae7b-5ff272cb199f
196767,15,22.8,74,93,"2021-09-04 05:12:35",A102,7cc37d5f-5e01-419f-ae7b-5ff272cb199f
196771,17,23.9,28,114,"2021-09-04 05:15:28",A101,7cc37d5f-5e01-419f-ae7b-5ff272cb199f
196792,15,22.8,74,93,"2021-09-04 05:43:00",A102,7cc37d5f-5e01-419f-ae7b-5ff272cb199f
196796,17,23.9,28,107,"2021-09-04 05:45:58",A101,7cc37d5f-5e01-419f-ae7b-5ff272cb199f
196818,15,22.8,74,93,"2021-09-04 06:13:24",A102,7cc37d5f-5e01-419f-ae7b-5ff272cb199f
196821,17,23.8,28,114,"2021-09-04 06:16:35",A101,7cc37d5f-5e01-419f-ae7b-5ff272cb199f
196844,15,22.9,74,93,"2021-09-04 06:43:51",A102,7cc37d5f-5e01-419f-ae7b-5ff272cb199f
196848,17,23.8,28,114,"2021-09-04 06:46:59",A101,7cc37d5f-5e01-419f-ae7b-5ff272cb199f
196871,15,23.2,73,93,"2021-09-04 07:14:21",A102,7cc37d5f-5e01-419f-ae7b-5ff272cb199f
196874,17,23.8,28,114,"2021-09-04 07:17:30",A101,7cc37d5f-5e01-419f-ae7b-5ff272cb199f
196897,15,23.5,74,100,"2021-09-04 07:44:53",A102,7cc37d5f-5e01-419f-ae7b-5ff272cb199f
196924,15,24,73,93,"2021-09-04 08:15:22",A102,7cc37d5f-5e01-419f-ae7b-5ff272cb199f
196950,15,24.6,73,100,"2021-09-04 08:45:53",A102,7cc37d5f-5e01-419f-ae7b-5ff272cb199f
196954,17,23.7,28,114,"2021-09-04 08:49:14",A101,7cc37d5f-5e01-419f-ae7b-5ff272cb199f
196977,15,25,74,107,"2021-09-04 09:16:22",A102,7cc37d5f-5e01-419f-ae7b-5ff272cb199f
196981,17,23.7,28,114,"2021-09-04 09:19:45",A101,7cc37d5f-5e01-419f-ae7b-5ff272cb199f
197002,15,25.3,74,100,"2021-09-04 09:46:51",A102,7cc37d5f-5e01-419f-ae7b-5ff272cb199f
197006,17,23.7,28,114,"2021-09-04 09:50:18",A101,7cc37d5f-5e01-419f-ae7b-5ff272cb199f
197027,15,25.6,74,100,"2021-09-04 10:17:22",A102,7cc37d5f-5e01-419f-ae7b-5ff272cb199f
197030,17,23.7,28,114,"2021-09-04 10:20:51",A101,7cc37d5f-5e01-419f-ae7b-5ff272cb199f
197051,15,26.06,74,100,"2021-09-04 10:47:51",A102,7cc37d5f-5e01-419f-ae7b-5ff272cb199f
197055,17,23.7,28,114,"2021-09-04 10:51:23",A101,7cc37d5f-5e01-419f-ae7b-5ff272cb199f
197078,15,26.5,75,100,"2021-09-04 11:18:23",A102,7cc37d5f-5e01-419f-ae7b-5ff272cb199f
197106,15,26.9,76,93,"2021-09-04 11:48:53",A102,7cc37d5f-5e01-419f-ae7b-5ff272cb199f
197111,17,23.8,28,114,"2021-09-04 11:52:29",A101,7cc37d5f-5e01-419f-ae7b-5ff272cb199f
197134,15,27,76,93,"2021-09-04 12:19:14",A102,7cc37d5f-5e01-419f-ae7b-5ff272cb199f
197139,17,23.9,28,107,"2021-09-04 12:22:56",A101,7cc37d5f-5e01-419f-ae7b-5ff272cb199f
197161,15,26.8,75,93,"2021-09-04 12:49:38",A102,7cc37d5f-5e01-419f-ae7b-5ff272cb199f
197166,17,24,28,107,"2021-09-04 12:53:23",A101,7cc37d5f-5e01-419f-ae7b-5ff272cb199f
197186,15,26.3,77,93,"2021-09-04 13:19:58",A102,7cc37d5f-5e01-419f-ae7b-5ff272cb199f
197191,17,24.1,28,107,"2021-09-04 13:23:52",A101,7cc37d5f-5e01-419f-ae7b-5ff272cb199f
197213,15,25.9,76,93,"2021-09-04 13:50:18",A102,7cc37d5f-5e01-419f-ae7b-5ff272cb199f
197219,17,24.1,28,107,"2021-09-04 13:54:19",A101,7cc37d5f-5e01-419f-ae7b-5ff272cb199f
197240,15,25.5,77,93,"2021-09-04 14:20:41",A102,7cc37d5f-5e01-419f-ae7b-5ff272cb199f
197245,17,24.2,28,107,"2021-09-04 14:24:49",A101,7cc37d5f-5e01-419f-ae7b-5ff272cb199f
197267,15,25.2,77,86,"2021-09-04 14:51:05",A102,7cc37d5f-5e01-419f-ae7b-5ff272cb199f
197271,17,24.3,28,107,"2021-09-04 14:55:14",A101,7cc37d5f-5e01-419f-ae7b-5ff272cb199f
197292,16,25.1,77,86,"2021-09-04 15:21:25",A102,7cc37d5f-5e01-419f-ae7b-5ff272cb199f
197298,17,24.3,28,107,"2021-09-04 15:25:42",A101,7cc37d5f-5e01-419f-ae7b-5ff272cb199f
197319,16,24.9,77,86,"2021-09-04 15:51:49",A102,7cc37d5f-5e01-419f-ae7b-5ff272cb199f
197324,17,24.4,28,107,"2021-09-04 15:56:08",A101,7cc37d5f-5e01-419f-ae7b-5ff272cb199f
197343,16,24.8,77,86,"2021-09-04 16:22:11",A102,7cc37d5f-5e01-419f-ae7b-5ff272cb199f
197347,17,24.4,28,107,"2021-09-04 16:26:37",A101,7cc37d5f-5e01-419f-ae7b-5ff272cb199f
197369,16,24.6,77,86,"2021-09-04 16:52:33",A102,7cc37d5f-5e01-419f-ae7b-5ff272cb199f
197374,17,24.4,28,107,"2021-09-04 16:57:03",A101,7cc37d5f-5e01-419f-ae7b-5ff272cb199f
197397,17,24.4,28,107,"2021-09-04 17:27:30",A101,7cc37d5f-5e01-419f-ae7b-5ff272cb199f
197414,17,24.4,28,107,"2021-09-04 17:57:56",A101,7cc37d5f-5e01-419f-ae7b-5ff272cb199f
197458,17,24.4,28,107,"2021-09-04 19:29:14",A101,7cc37d5f-5e01-419f-ae7b-5ff272cb199f
197474,17,23.7,80,86,"2021-09-04 19:54:41",A102,7cc37d5f-5e01-419f-ae7b-5ff272cb199f
197480,17,24.4,28,107,"2021-09-04 19:59:41",A101,7cc37d5f-5e01-419f-ae7b-5ff272cb199f
197498,17,23.6,80,86,"2021-09-04 20:25:03",A102,7cc37d5f-5e01-419f-ae7b-5ff272cb199f
197505,17,24.3,28,107,"2021-09-04 20:30:08",A101,7cc37d5f-5e01-419f-ae7b-5ff272cb199f
197524,17,23.5,81,86,"2021-09-04 20:55:24",A102,7cc37d5f-5e01-419f-ae7b-5ff272cb199f
197533,17,24.3,28,107,"2021-09-04 21:00:35",A101,7cc37d5f-5e01-419f-ae7b-5ff272cb199f
197552,17,23.4,83,86,"2021-09-04 21:25:46",A102,7cc37d5f-5e01-419f-ae7b-5ff272cb199f
197561,17,24.3,28,107,"2021-09-04 21:31:00",A101,7cc37d5f-5e01-419f-ae7b-5ff272cb199f
197581,17,23.3,84,86,"2021-09-04 21:56:09",A102,7cc37d5f-5e01-419f-ae7b-5ff272cb199f
197590,17,24.2,28,107,"2021-09-04 22:01:29",A101,7cc37d5f-5e01-419f-ae7b-5ff272cb199f
197609,17,23.2,85,86,"2021-09-04 22:26:27",A102,7cc37d5f-5e01-419f-ae7b-5ff272cb199f
197615,17,24.2,28,107,"2021-09-04 22:31:53",A101,7cc37d5f-5e01-419f-ae7b-5ff272cb199f
197634,17,23.1,86,86,"2021-09-04 22:56:50",A102,7cc37d5f-5e01-419f-ae7b-5ff272cb199f
197642,17,24.2,28,107,"2021-09-04 23:02:17",A101,7cc37d5f-5e01-419f-ae7b-5ff272cb199f
197661,17,23,87,86,"2021-09-04 23:27:09",A102,7cc37d5f-5e01-419f-ae7b-5ff272cb199f
197668,17,24.1,28,107,"2021-09-04 23:32:45",A101,7cc37d5f-5e01-419f-ae7b-5ff272cb199f
197687,18,22.9,87,86,"2021-09-04 23:57:28",A102,7cc37d5f-5e01-419f-ae7b-5ff272cb199f
197694,17,24.1,28,107,"2021-09-05 00:03:10",A101,7cc37d5f-5e01-419f-ae7b-5ff272cb199f
197713,18,22.8,88,86,"2021-09-05 00:27:50",A102,7cc37d5f-5e01-419f-ae7b-5ff272cb199f
197721,17,24,28,107,"2021-09-05 00:33:39",A101,7cc37d5f-5e01-419f-ae7b-5ff272cb199f
197740,18,22.7,89,86,"2021-09-05 00:58:11",A102,7cc37d5f-5e01-419f-ae7b-5ff272cb199f
197747,17,24,28,107,"2021-09-05 01:04:00",A101,7cc37d5f-5e01-419f-ae7b-5ff272cb199f
197766,18,22.6,90,86,"2021-09-05 01:28:31",A102,7cc37d5f-5e01-419f-ae7b-5ff272cb199f
197773,17,23.9,28,107,"2021-09-05 01:34:27",A101,7cc37d5f-5e01-419f-ae7b-5ff272cb199f
197791,18,22.6,89,86,"2021-09-05 01:58:51",A102,7cc37d5f-5e01-419f-ae7b-5ff272cb199f
197799,17,23.9,28,107,"2021-09-05 02:04:53",A101,7cc37d5f-5e01-419f-ae7b-5ff272cb199f
197816,18,22.5,90,86,"2021-09-05 02:29:12",A102,7cc37d5f-5e01-419f-ae7b-5ff272cb199f
197825,17,23.86,28,107,"2021-09-05 02:37:17",A101,7cc37d5f-5e01-419f-ae7b-5ff272cb199f
197844,18,22.42,91,86,"2021-09-05 02:59:31",A102,7cc37d5f-5e01-419f-ae7b-5ff272cb199f
197851,17,23.8,28,107,"2021-09-05 03:07:42",A101,7cc37d5f-5e01-419f-ae7b-5ff272cb199f
197870,18,22.4,92,86,"2021-09-05 03:29:53",A102,7cc37d5f-5e01-419f-ae7b-5ff272cb199f
197879,17,23.74,28,107,"2021-09-05 03:38:10",A101,7cc37d5f-5e01-419f-ae7b-5ff272cb199f
197894,18,22.3,92,86,"2021-09-05 04:00:13",A102,7cc37d5f-5e01-419f-ae7b-5ff272cb199f
197902,17,23.7,28,107,"2021-09-05 04:08:36",A101,7cc37d5f-5e01-419f-ae7b-5ff272cb199f
197919,18,22.3,93,86,"2021-09-05 04:30:34",A102,7cc37d5f-5e01-419f-ae7b-5ff272cb199f
197928,17,23.7,28,107,"2021-09-05 04:39:00",A101,7cc37d5f-5e01-419f-ae7b-5ff272cb199f
197946,18,22.2,94,93,"2021-09-05 05:00:53",A102,7cc37d5f-5e01-419f-ae7b-5ff272cb199f
197955,17,23.6,28,107,"2021-09-05 05:09:26",A101,7cc37d5f-5e01-419f-ae7b-5ff272cb199f
197973,18,22.1,94,93,"2021-09-05 05:31:16",A102,7cc37d5f-5e01-419f-ae7b-5ff272cb199f
198000,18,22.1,95,93,"2021-09-05 06:01:40",A102,7cc37d5f-5e01-419f-ae7b-5ff272cb199f
198010,17,23.5,28,114,"2021-09-05 06:10:22",A101,7cc37d5f-5e01-419f-ae7b-5ff272cb199f
198028,18,22.2,95,93,"2021-09-05 06:32:07",A102,7cc37d5f-5e01-419f-ae7b-5ff272cb199f
198054,18,22.5,95,93,"2021-09-05 07:02:35",A102,7cc37d5f-5e01-419f-ae7b-5ff272cb199f
198062,17,23.4,28,114,"2021-09-05 07:11:27",A101,7cc37d5f-5e01-419f-ae7b-5ff272cb199f
198079,18,22.8,96,93,"2021-09-05 07:33:05",A102,7cc37d5f-5e01-419f-ae7b-5ff272cb199f
198087,17,23.4,28,114,"2021-09-05 07:42:00",A101,7cc37d5f-5e01-419f-ae7b-5ff272cb199f
198106,18,23.2,95,100,"2021-09-05 08:03:32",A102,7cc37d5f-5e01-419f-ae7b-5ff272cb199f
198133,18,23.7,97,100,"2021-09-05 08:34:01",A102,7cc37d5f-5e01-419f-ae7b-5ff272cb199f
198159,18,24.3,95,100,"2021-09-05 09:04:30",A102,7cc37d5f-5e01-419f-ae7b-5ff272cb199f
198186,18,24.8,98,100,"2021-09-05 09:35:02",A102,7cc37d5f-5e01-419f-ae7b-5ff272cb199f
198194,17,23.3,28,114,"2021-09-05 09:44:19",A101,7cc37d5f-5e01-419f-ae7b-5ff272cb199f
198211,18,25.3,98,100,"2021-09-05 10:05:30",A102,7cc37d5f-5e01-419f-ae7b-5ff272cb199f
198221,17,23.4,28,114,"2021-09-05 10:14:47",A101,7cc37d5f-5e01-419f-ae7b-5ff272cb199f
198239,18,25.5,99,100,"2021-09-05 10:36:02",A102,7cc37d5f-5e01-419f-ae7b-5ff272cb199f
198267,18,25.7,101,100,"2021-09-05 11:06:33",A102,7cc37d5f-5e01-419f-ae7b-5ff272cb199f
198293,18,25.9,101,100,"2021-09-05 11:37:06",A102,7cc37d5f-5e01-419f-ae7b-5ff272cb199f
198321,18,26.1,100,100,"2021-09-05 12:07:39",A102,7cc37d5f-5e01-419f-ae7b-5ff272cb199f
198331,17,23.6,28,114,"2021-09-05 12:17:05",A101,7cc37d5f-5e01-419f-ae7b-5ff272cb199f
198349,18,26.4,101,93,"2021-09-05 12:38:15",A102,7cc37d5f-5e01-419f-ae7b-5ff272cb199f
198360,17,23.6,28,114,"2021-09-05 12:47:45",A101,7cc37d5f-5e01-419f-ae7b-5ff272cb199f
198379,18,26.7,103,93,"2021-09-05 13:08:49",A102,7cc37d5f-5e01-419f-ae7b-5ff272cb199f
198387,17,23.7,28,114,"2021-09-05 13:18:17",A101,7cc37d5f-5e01-419f-ae7b-5ff272cb199f
198404,18,26.9,103,93,"2021-09-05 13:39:24",A102,7cc37d5f-5e01-419f-ae7b-5ff272cb199f
198432,18,27.1,104,100,"2021-09-05 14:09:59",A102,7cc37d5f-5e01-419f-ae7b-5ff272cb199f
198442,17,23.9,28,114,"2021-09-05 14:19:29",A101,7cc37d5f-5e01-419f-ae7b-5ff272cb199f
198461,18,27.2,104,100,"2021-09-05 14:40:33",A102,7cc37d5f-5e01-419f-ae7b-5ff272cb199f
198486,18,27.2,104,93,"2021-09-05 15:11:06",A102,7cc37d5f-5e01-419f-ae7b-5ff272cb199f
198495,17,24.1,28,114,"2021-09-05 15:20:40",A101,7cc37d5f-5e01-419f-ae7b-5ff272cb199f
198513,18,27.1,105,86,"2021-09-05 15:41:35",A102,7cc37d5f-5e01-419f-ae7b-5ff272cb199f
198521,17,24.2,28,114,"2021-09-05 15:51:12",A101,7cc37d5f-5e01-419f-ae7b-5ff272cb199f
198546,17,24.3,28,114,"2021-09-05 16:21:44",A101,7cc37d5f-5e01-419f-ae7b-5ff272cb199f
198563,18,26.7,106,86,"2021-09-05 16:42:29",A102,7cc37d5f-5e01-419f-ae7b-5ff272cb199f
198573,17,24.4,28,114,"2021-09-05 16:52:17",A101,7cc37d5f-5e01-419f-ae7b-5ff272cb199f
198590,18,26.5,105,86,"2021-09-05 17:12:54",A102,7cc37d5f-5e01-419f-ae7b-5ff272cb199f
198600,17,24.5,28,114,"2021-09-05 17:22:41",A101,7cc37d5f-5e01-419f-ae7b-5ff272cb199f
198614,18,26.2,105,86,"2021-09-05 17:43:17",A102,7cc37d5f-5e01-419f-ae7b-5ff272cb199f
198621,17,24.5,28,114,"2021-09-05 17:53:11",A101,7cc37d5f-5e01-419f-ae7b-5ff272cb199f
198633,18,26,106,86,"2021-09-05 18:13:44",A102,7cc37d5f-5e01-419f-ae7b-5ff272cb199f
198641,17,24.6,28,114,"2021-09-05 18:23:41",A101,7cc37d5f-5e01-419f-ae7b-5ff272cb199f
198650,18,25.7,107,86,"2021-09-05 18:44:07",A102,7cc37d5f-5e01-419f-ae7b-5ff272cb199f
198659,17,24.6,28,114,"2021-09-05 18:54:09",A101,7cc37d5f-5e01-419f-ae7b-5ff272cb199f
198670,18,25.5,108,86,"2021-09-05 19:14:31",A102,7cc37d5f-5e01-419f-ae7b-5ff272cb199f
198677,17,24.7,28,107,"2021-09-05 19:24:36",A101,7cc37d5f-5e01-419f-ae7b-5ff272cb199f
198694,18,25.3,108,86,"2021-09-05 19:44:56",A102,7cc37d5f-5e01-419f-ae7b-5ff272cb199f
198705,17,24.7,28,107,"2021-09-05 19:55:06",A101,7cc37d5f-5e01-419f-ae7b-5ff272cb199f
198721,18,25.2,109,86,"2021-09-05 20:15:20",A102,7cc37d5f-5e01-419f-ae7b-5ff272cb199f
198734,17,24.7,28,107,"2021-09-05 20:25:34",A101,7cc37d5f-5e01-419f-ae7b-5ff272cb199f
198750,19,25,109,86,"2021-09-05 20:45:39",A102,7cc37d5f-5e01-419f-ae7b-5ff272cb199f
198762,17,24.7,28,107,"2021-09-05 20:56:00",A101,7cc37d5f-5e01-419f-ae7b-5ff272cb199f
198779,19,24.9,109,86,"2021-09-05 21:16:03",A102,7cc37d5f-5e01-419f-ae7b-5ff272cb199f
198792,17,24.7,28,107,"2021-09-05 21:26:28",A101,7cc37d5f-5e01-419f-ae7b-5ff272cb199f
198807,19,24.7,109,86,"2021-09-05 21:46:26",A102,7cc37d5f-5e01-419f-ae7b-5ff272cb199f
198820,17,24.7,28,107,"2021-09-05 21:56:56",A101,7cc37d5f-5e01-419f-ae7b-5ff272cb199f
198837,19,24.5,109,86,"2021-09-05 22:16:48",A102,7cc37d5f-5e01-419f-ae7b-5ff272cb199f
198849,17,24.7,28,107,"2021-09-05 22:27:23",A101,7cc37d5f-5e01-419f-ae7b-5ff272cb199f
198864,19,24.4,109,86,"2021-09-05 22:47:09",A102,7cc37d5f-5e01-419f-ae7b-5ff272cb199f
198875,17,24.6,28,107,"2021-09-05 22:57:49",A101,7cc37d5f-5e01-419f-ae7b-5ff272cb199f
198892,19,24.2,110,86,"2021-09-05 23:18:31",A102,7cc37d5f-5e01-419f-ae7b-5ff272cb199f
198904,17,24.6,28,107,"2021-09-05 23:28:18",A101,7cc37d5f-5e01-419f-ae7b-5ff272cb199f
198921,19,24,109,86,"2021-09-05 23:48:53",A102,7cc37d5f-5e01-419f-ae7b-5ff272cb199f
198934,17,24.6,28,107,"2021-09-05 23:58:43",A101,7cc37d5f-5e01-419f-ae7b-5ff272cb199f
198952,19,23.9,110,86,"2021-09-06 00:19:16",A102,7cc37d5f-5e01-419f-ae7b-5ff272cb199f
198964,17,24.5,28,107,"2021-09-06 00:29:09",A101,7cc37d5f-5e01-419f-ae7b-5ff272cb199f
198982,19,23.8,110,86,"2021-09-06 00:49:39",A102,7cc37d5f-5e01-419f-ae7b-5ff272cb199f
198994,17,24.5,28,107,"2021-09-06 00:59:36",A101,7cc37d5f-5e01-419f-ae7b-5ff272cb199f
199011,19,23.6,110,86,"2021-09-06 01:20:01",A102,7cc37d5f-5e01-419f-ae7b-5ff272cb199f
199022,17,24.5,28,107,"2021-09-06 01:30:02",A101,7cc37d5f-5e01-419f-ae7b-5ff272cb199f
199040,19,23.5,110,86,"2021-09-06 01:50:25",A102,7cc37d5f-5e01-419f-ae7b-5ff272cb199f
199051,17,24.4,28,107,"2021-09-06 02:00:28",A101,7cc37d5f-5e01-419f-ae7b-5ff272cb199f
199069,19,23.4,110,86,"2021-09-06 02:20:51",A102,7cc37d5f-5e01-419f-ae7b-5ff272cb199f
199080,17,24.3,28,107,"2021-09-06 02:30:52",A101,7cc37d5f-5e01-419f-ae7b-5ff272cb199f
199098,19,23.3,110,86,"2021-09-06 02:51:09",A102,7cc37d5f-5e01-419f-ae7b-5ff272cb199f
199108,17,24.3,28,107,"2021-09-06 03:01:18",A101,7cc37d5f-5e01-419f-ae7b-5ff272cb199f
199125,19,23.1,110,86,"2021-09-06 03:21:31",A102,7cc37d5f-5e01-419f-ae7b-5ff272cb199f
199135,17,24.2,28,107,"2021-09-06 03:31:45",A101,7cc37d5f-5e01-419f-ae7b-5ff272cb199f
199153,19,23,109,86,"2021-09-06 03:51:54",A102,7cc37d5f-5e01-419f-ae7b-5ff272cb199f
199164,17,24.2,28,107,"2021-09-06 04:02:12",A101,7cc37d5f-5e01-419f-ae7b-5ff272cb199f
199182,19,22.9,110,86,"2021-09-06 04:22:16",A102,7cc37d5f-5e01-419f-ae7b-5ff272cb199f
199192,17,24.1,28,107,"2021-09-06 04:32:36",A101,7cc37d5f-5e01-419f-ae7b-5ff272cb199f
199210,19,22.8,110,86,"2021-09-06 04:52:38",A102,7cc37d5f-5e01-419f-ae7b-5ff272cb199f
199220,17,24.1,28,107,"2021-09-06 05:03:01",A101,7cc37d5f-5e01-419f-ae7b-5ff272cb199f
199238,19,22.7,110,93,"2021-09-06 05:23:02",A102,7cc37d5f-5e01-419f-ae7b-5ff272cb199f
199247,17,24,28,107,"2021-09-06 05:33:28",A101,7cc37d5f-5e01-419f-ae7b-5ff272cb199f
199265,19,22.7,109,93,"2021-09-06 05:53:28",A102,7cc37d5f-5e01-419f-ae7b-5ff272cb199f
199275,17,24,28,107,"2021-09-06 06:03:57",A101,7cc37d5f-5e01-419f-ae7b-5ff272cb199f
199292,19,22.8,110,93,"2021-09-06 06:23:55",A102,7cc37d5f-5e01-419f-ae7b-5ff272cb199f
199303,17,23.9,28,114,"2021-09-06 06:34:28",A101,7cc37d5f-5e01-419f-ae7b-5ff272cb199f
199321,19,23,110,93,"2021-09-06 06:54:25",A102,7cc37d5f-5e01-419f-ae7b-5ff272cb199f
199331,17,23.8,28,114,"2021-09-06 07:05:06",A101,7cc37d5f-5e01-419f-ae7b-5ff272cb199f
199350,19,23.2,111,93,"2021-09-06 07:24:57",A102,7cc37d5f-5e01-419f-ae7b-5ff272cb199f
199360,17,23.8,28,114,"2021-09-06 07:35:36",A101,7cc37d5f-5e01-419f-ae7b-5ff272cb199f
199378,19,23.6,110,93,"2021-09-06 07:55:31",A102,7cc37d5f-5e01-419f-ae7b-5ff272cb199f
199404,19,24.1,110,93,"2021-09-06 08:26:05",A102,7cc37d5f-5e01-419f-ae7b-5ff272cb199f
199430,19,24.7,110,100,"2021-09-06 08:56:38",A102,7cc37d5f-5e01-419f-ae7b-5ff272cb199f
199442,17,23.7,28,114,"2021-09-06 09:07:23",A101,7cc37d5f-5e01-419f-ae7b-5ff272cb199f
199483,19,25.6,110,100,"2021-09-06 09:57:45",A102,7cc37d5f-5e01-419f-ae7b-5ff272cb199f
199493,17,23.7,29,114,"2021-09-06 10:08:29",A101,7cc37d5f-5e01-419f-ae7b-5ff272cb199f
199511,19,25.9,111,100,"2021-09-06 10:28:24",A102,7cc37d5f-5e01-419f-ae7b-5ff272cb199f
199523,17,23.7,28,114,"2021-09-06 10:39:06",A101,7cc37d5f-5e01-419f-ae7b-5ff272cb199f
199539,18,26.4,111,100,"2021-09-06 10:58:54",A102,7cc37d5f-5e01-419f-ae7b-5ff272cb199f
199551,17,23.7,29,114,"2021-09-06 11:09:40",A101,7cc37d5f-5e01-419f-ae7b-5ff272cb199f
199569,19,26.8,112,100,"2021-09-06 11:29:35",A102,7cc37d5f-5e01-419f-ae7b-5ff272cb199f
199579,17,23.8,28,114,"2021-09-06 11:40:25",A101,7cc37d5f-5e01-419f-ae7b-5ff272cb199f
199595,18,27.3,112,100,"2021-09-06 12:00:07",A102,7cc37d5f-5e01-419f-ae7b-5ff272cb199f
199606,17,23.9,28,114,"2021-09-06 12:10:53",A101,7cc37d5f-5e01-419f-ae7b-5ff272cb199f
199624,18,27.7,112,100,"2021-09-06 12:30:47",A102,7cc37d5f-5e01-419f-ae7b-5ff272cb199f
199634,17,24,28,114,"2021-09-06 12:41:30",A101,7cc37d5f-5e01-419f-ae7b-5ff272cb199f
199652,19,28.1,113,100,"2021-09-06 13:01:23",A102,7cc37d5f-5e01-419f-ae7b-5ff272cb199f
199664,17,24.1,28,114,"2021-09-06 13:12:05",A101,7cc37d5f-5e01-419f-ae7b-5ff272cb199f
199682,19,28.3,115,93,"2021-09-06 13:31:51",A102,7cc37d5f-5e01-419f-ae7b-5ff272cb199f
199709,19,28.3,114,93,"2021-09-06 14:02:17",A102,7cc37d5f-5e01-419f-ae7b-5ff272cb199f
199721,17,24.3,28,114,"2021-09-06 14:13:11",A101,7cc37d5f-5e01-419f-ae7b-5ff272cb199f
199737,19,28,114,93,"2021-09-06 14:32:42",A102,7cc37d5f-5e01-419f-ae7b-5ff272cb199f
199764,19,27.7,115,86,"2021-09-06 15:03:09",A102,7cc37d5f-5e01-419f-ae7b-5ff272cb199f
199774,17,24.6,28,114,"2021-09-06 15:14:05",A101,7cc37d5f-5e01-419f-ae7b-5ff272cb199f
199792,18,27.4,114,86,"2021-09-06 15:33:36",A102,7cc37d5f-5e01-419f-ae7b-5ff272cb199f
199805,17,24.7,28,114,"2021-09-06 15:44:34",A101,7cc37d5f-5e01-419f-ae7b-5ff272cb199f
199824,19,27.1,115,86,"2021-09-06 16:04:03",A102,7cc37d5f-5e01-419f-ae7b-5ff272cb199f
199835,17,24.8,28,114,"2021-09-06 16:15:03",A101,7cc37d5f-5e01-419f-ae7b-5ff272cb199f
199853,19,26.8,112,86,"2021-09-06 16:34:31",A102,7cc37d5f-5e01-419f-ae7b-5ff272cb199f
199877,19,26.5,115,86,"2021-09-06 17:04:55",A102,7cc37d5f-5e01-419f-ae7b-5ff272cb199f
199892,19,26.3,115,86,"2021-09-06 17:35:21",A102,7cc37d5f-5e01-419f-ae7b-5ff272cb199f
199898,17,25,28,107,"2021-09-06 17:46:29",A101,7cc37d5f-5e01-419f-ae7b-5ff272cb199f
199904,19,26.1,114,86,"2021-09-06 18:05:45",A102,7cc37d5f-5e01-419f-ae7b-5ff272cb199f
199911,17,25,28,107,"2021-09-06 18:16:55",A101,7cc37d5f-5e01-419f-ae7b-5ff272cb199f
199916,19,25.9,114,86,"2021-09-06 18:36:11",A102,7cc37d5f-5e01-419f-ae7b-5ff272cb199f
199922,17,25.1,28,107,"2021-09-06 18:47:23",A101,7cc37d5f-5e01-419f-ae7b-5ff272cb199f
199926,19,25.7,115,86,"2021-09-06 19:06:36",A102,7cc37d5f-5e01-419f-ae7b-5ff272cb199f
199933,17,25.1,28,107,"2021-09-06 19:17:50",A101,7cc37d5f-5e01-419f-ae7b-5ff272cb199f
199941,19,25.5,116,86,"2021-09-06 19:36:59",A102,7cc37d5f-5e01-419f-ae7b-5ff272cb199f
199951,17,25.1,28,107,"2021-09-06 19:48:23",A101,7cc37d5f-5e01-419f-ae7b-5ff272cb199f
199968,19,25.3,115,86,"2021-09-06 20:07:24",A102,7cc37d5f-5e01-419f-ae7b-5ff272cb199f
199980,17,25.1,28,107,"2021-09-06 20:18:46",A101,7cc37d5f-5e01-419f-ae7b-5ff272cb199f
199996,19,25.1,116,86,"2021-09-06 20:37:48",A102,7cc37d5f-5e01-419f-ae7b-5ff272cb199f
200009,17,25.1,29,107,"2021-09-06 20:49:13",A101,7cc37d5f-5e01-419f-ae7b-5ff272cb199f
200038,17,25,28,107,"2021-09-06 21:19:39",A101,7cc37d5f-5e01-419f-ae7b-5ff272cb199f
200054,19,24.8,114,86,"2021-09-06 21:38:34",A102,7cc37d5f-5e01-419f-ae7b-5ff272cb199f
200069,17,25,28,107,"2021-09-06 21:50:05",A101,7cc37d5f-5e01-419f-ae7b-5ff272cb199f
200085,19,24.7,114,86,"2021-09-06 22:08:59",A102,7cc37d5f-5e01-419f-ae7b-5ff272cb199f
200099,17,25,28,107,"2021-09-06 22:20:34",A101,7cc37d5f-5e01-419f-ae7b-5ff272cb199f
200115,19,24.5,115,86,"2021-09-06 22:39:20",A102,7cc37d5f-5e01-419f-ae7b-5ff272cb199f
200128,17,24.9,28,107,"2021-09-06 22:50:57",A101,7cc37d5f-5e01-419f-ae7b-5ff272cb199f
200144,19,24.4,115,86,"2021-09-06 23:09:43",A102,7cc37d5f-5e01-419f-ae7b-5ff272cb199f
200158,17,24.9,28,107,"2021-09-06 23:21:23",A101,7cc37d5f-5e01-419f-ae7b-5ff272cb199f
200174,19,24.2,114,86,"2021-09-06 23:40:06",A102,7cc37d5f-5e01-419f-ae7b-5ff272cb199f
200189,17,24.9,28,107,"2021-09-06 23:51:50",A101,7cc37d5f-5e01-419f-ae7b-5ff272cb199f
200205,19,24.1,115,86,"2021-09-07 00:10:28",A102,7cc37d5f-5e01-419f-ae7b-5ff272cb199f
200222,17,24.8,28,107,"2021-09-07 00:22:17",A101,7cc37d5f-5e01-419f-ae7b-5ff272cb199f
200236,19,23.9,115,86,"2021-09-07 00:40:50",A102,7cc37d5f-5e01-419f-ae7b-5ff272cb199f
200265,19,23.8,115,86,"2021-09-07 01:11:13",A102,7cc37d5f-5e01-419f-ae7b-5ff272cb199f
200281,17,24.7,28,107,"2021-09-07 01:23:05",A101,7cc37d5f-5e01-419f-ae7b-5ff272cb199f
200295,19,23.6,115,86,"2021-09-07 01:41:33",A102,7cc37d5f-5e01-419f-ae7b-5ff272cb199f
200309,17,24.7,28,107,"2021-09-07 01:53:29",A101,7cc37d5f-5e01-419f-ae7b-5ff272cb199f
200323,19,23.5,115,86,"2021-09-07 02:11:54",A102,7cc37d5f-5e01-419f-ae7b-5ff272cb199f
200333,17,24.6,28,107,"2021-09-07 02:23:54",A101,7cc37d5f-5e01-419f-ae7b-5ff272cb199f
200337,19,23.3,114,86,"2021-09-07 02:42:15",A102,7cc37d5f-5e01-419f-ae7b-5ff272cb199f
200348,17,24.5,28,107,"2021-09-07 02:54:19",A101,7cc37d5f-5e01-419f-ae7b-5ff272cb199f
200354,19,23.2,114,86,"2021-09-07 03:12:35",A102,7cc37d5f-5e01-419f-ae7b-5ff272cb199f
200364,17,24.5,28,107,"2021-09-07 03:24:43",A101,7cc37d5f-5e01-419f-ae7b-5ff272cb199f
200371,19,23.1,113,86,"2021-09-07 03:42:57",A102,7cc37d5f-5e01-419f-ae7b-5ff272cb199f
200381,17,24.4,28,107,"2021-09-07 03:55:09",A101,7cc37d5f-5e01-419f-ae7b-5ff272cb199f
200387,19,22.9,114,86,"2021-09-07 04:13:17",A102,7cc37d5f-5e01-419f-ae7b-5ff272cb199f
200396,17,24.3,28,107,"2021-09-07 04:25:37",A101,7cc37d5f-5e01-419f-ae7b-5ff272cb199f
200404,19,22.8,115,86,"2021-09-07 04:43:38",A102,7cc37d5f-5e01-419f-ae7b-5ff272cb199f
200413,17,24.3,28,107,"2021-09-07 04:56:03",A101,7cc37d5f-5e01-419f-ae7b-5ff272cb199f
200421,19,22.7,113,86,"2021-09-07 05:14:01",A102,7cc37d5f-5e01-419f-ae7b-5ff272cb199f
200433,17,24.2,28,107,"2021-09-07 05:28:25",A101,7cc37d5f-5e01-419f-ae7b-5ff272cb199f
200438,19,22.7,114,86,"2021-09-07 05:44:22",A102,7cc37d5f-5e01-419f-ae7b-5ff272cb199f
200449,17,24.1,28,107,"2021-09-07 05:58:55",A101,7cc37d5f-5e01-419f-ae7b-5ff272cb199f
200454,19,22.7,115,86,"2021-09-07 06:14:46",A102,7cc37d5f-5e01-419f-ae7b-5ff272cb199f
200470,19,22.7,114,93,"2021-09-07 06:45:11",A102,7cc37d5f-5e01-419f-ae7b-5ff272cb199f
200482,17,24,28,107,"2021-09-07 06:59:45",A101,7cc37d5f-5e01-419f-ae7b-5ff272cb199f
200491,19,22.8,115,93,"2021-09-07 07:15:35",A102,7cc37d5f-5e01-419f-ae7b-5ff272cb199f
200504,17,23.9,28,114,"2021-09-07 07:30:13",A101,7cc37d5f-5e01-419f-ae7b-5ff272cb199f
200514,19,22.9,113,93,"2021-09-07 07:46:03",A102,7cc37d5f-5e01-419f-ae7b-5ff272cb199f
200534,19,23.2,113,93,"2021-09-07 08:16:35",A102,7cc37d5f-5e01-419f-ae7b-5ff272cb199f
200547,17,23.8,29,114,"2021-09-07 08:31:20",A101,7cc37d5f-5e01-419f-ae7b-5ff272cb199f
200553,19,23.6,114,100,"2021-09-07 08:47:06",A102,7cc37d5f-5e01-419f-ae7b-5ff272cb199f
200567,17,23.8,29,114,"2021-09-07 09:01:56",A101,7cc37d5f-5e01-419f-ae7b-5ff272cb199f
200573,19,24.2,114,100,"2021-09-07 09:17:39",A102,7cc37d5f-5e01-419f-ae7b-5ff272cb199f
200587,17,23.7,28,114,"2021-09-07 09:32:31",A101,7cc37d5f-5e01-419f-ae7b-5ff272cb199f
200596,19,24.8,113,100,"2021-09-07 09:48:14",A102,7cc37d5f-5e01-419f-ae7b-5ff272cb199f
200607,17,23.7,28,114,"2021-09-07 10:03:06",A101,7cc37d5f-5e01-419f-ae7b-5ff272cb199f
200614,19,25.5,115,100,"2021-09-07 10:18:49",A102,7cc37d5f-5e01-419f-ae7b-5ff272cb199f
200628,17,23.7,28,114,"2021-09-07 10:33:41",A101,7cc37d5f-5e01-419f-ae7b-5ff272cb199f
200636,9,26.2,27,93,"2021-09-07 10:49:25",A102,7cc37d5f-5e01-419f-ae7b-5ff272cb199f
200647,8,24.5,11,100,"2021-09-07 11:01:26",A101,7cc37d5f-5e01-419f-ae7b-5ff272cb199f
200658,9,26.8,28,93,"2021-09-07 11:19:56",A102,7cc37d5f-5e01-419f-ae7b-5ff272cb199f
200674,8,24.5,11,100,"2021-09-07 11:34:54",A101,7cc37d5f-5e01-419f-ae7b-5ff272cb199f
200679,9,26.8,28,93,"2021-09-07 11:50:23",A102,7cc37d5f-5e01-419f-ae7b-5ff272cb199f
200695,9,24.6,18,100,"2021-09-07 12:05:28",A101,7cc37d5f-5e01-419f-ae7b-5ff272cb199f
200700,9,26.6,28,93,"2021-09-07 12:20:47",A102,7cc37d5f-5e01-419f-ae7b-5ff272cb199f
200715,9,24.5,18,100,"2021-09-07 12:35:49",A101,7cc37d5f-5e01-419f-ae7b-5ff272cb199f
200721,9,26.4,28,93,"2021-09-07 12:51:15",A102,7cc37d5f-5e01-419f-ae7b-5ff272cb199f
200742,9,26.1,28,93,"2021-09-07 13:21:36",A102,7cc37d5f-5e01-419f-ae7b-5ff272cb199f
200764,9,25.9,28,93,"2021-09-07 13:52:01",A102,7cc37d5f-5e01-419f-ae7b-5ff272cb199f
200780,9,24.1,17,100,"2021-09-07 14:06:46",A101,7cc37d5f-5e01-419f-ae7b-5ff272cb199f
200788,9,25.6,28,93,"2021-09-07 14:22:26",A102,7cc37d5f-5e01-419f-ae7b-5ff272cb199f
200802,9,24,18,100,"2021-09-07 14:37:11",A101,7cc37d5f-5e01-419f-ae7b-5ff272cb199f
200810,9,25.4,29,86,"2021-09-07 14:52:52",A102,7cc37d5f-5e01-419f-ae7b-5ff272cb199f
200823,9,24,18,100,"2021-09-07 15:07:31",A101,7cc37d5f-5e01-419f-ae7b-5ff272cb199f
200831,9,25.3,29,86,"2021-09-07 15:23:18",A102,7cc37d5f-5e01-419f-ae7b-5ff272cb199f
200850,9,25.1,29,86,"2021-09-07 15:53:43",A102,7cc37d5f-5e01-419f-ae7b-5ff272cb199f
200863,9,23.9,18,100,"2021-09-07 16:08:23",A101,7cc37d5f-5e01-419f-ae7b-5ff272cb199f
200872,9,25,29,86,"2021-09-07 16:24:08",A102,7cc37d5f-5e01-419f-ae7b-5ff272cb199f
200884,9,23.74,18,100,"2021-09-07 16:38:43",A101,7cc37d5f-5e01-419f-ae7b-5ff272cb199f
200892,9,24.88,29,86,"2021-09-07 16:54:32",A102,7cc37d5f-5e01-419f-ae7b-5ff272cb199f
200904,9,23.6,17,100,"2021-09-07 17:09:00",A101,7cc37d5f-5e01-419f-ae7b-5ff272cb199f
200913,9,24.7,29,86,"2021-09-07 17:24:56",A102,7cc37d5f-5e01-419f-ae7b-5ff272cb199f
200923,9,23.5,17,100,"2021-09-07 17:39:22",A101,7cc37d5f-5e01-419f-ae7b-5ff272cb199f
200928,9,24.5,29,86,"2021-09-07 17:55:22",A102,7cc37d5f-5e01-419f-ae7b-5ff272cb199f
200935,9,23.4,17,100,"2021-09-07 18:09:43",A101,7cc37d5f-5e01-419f-ae7b-5ff272cb199f
200940,9,24.4,29,86,"2021-09-07 18:25:45",A102,7cc37d5f-5e01-419f-ae7b-5ff272cb199f
200947,9,23.3,18,100,"2021-09-07 18:40:05",A101,7cc37d5f-5e01-419f-ae7b-5ff272cb199f
200951,9,24.2,29,86,"2021-09-07 18:56:11",A102,7cc37d5f-5e01-419f-ae7b-5ff272cb199f
200959,9,23.2,18,100,"2021-09-07 19:10:26",A101,7cc37d5f-5e01-419f-ae7b-5ff272cb199f
200966,9,24.1,29,86,"2021-09-07 19:26:32",A102,7cc37d5f-5e01-419f-ae7b-5ff272cb199f
200979,9,23.1,18,100,"2021-09-07 19:40:45",A101,7cc37d5f-5e01-419f-ae7b-5ff272cb199f
200987,9,23.9,29,86,"2021-09-07 19:56:57",A102,7cc37d5f-5e01-419f-ae7b-5ff272cb199f
201000,9,22.9,18,100,"2021-09-07 20:11:05",A101,7cc37d5f-5e01-419f-ae7b-5ff272cb199f
201008,9,23.8,29,86,"2021-09-07 20:27:18",A102,7cc37d5f-5e01-419f-ae7b-5ff272cb199f
201021,9,22.8,18,100,"2021-09-07 20:41:28",A101,7cc37d5f-5e01-419f-ae7b-5ff272cb199f
201030,9,23.6,29,86,"2021-09-07 20:57:39",A102,7cc37d5f-5e01-419f-ae7b-5ff272cb199f
201043,9,22.7,17,100,"2021-09-07 21:11:49",A101,7cc37d5f-5e01-419f-ae7b-5ff272cb199f
201052,9,23.5,30,86,"2021-09-07 21:28:02",A102,7cc37d5f-5e01-419f-ae7b-5ff272cb199f
201066,9,22.5,17,100,"2021-09-07 21:42:05",A101,7cc37d5f-5e01-419f-ae7b-5ff272cb199f
201075,9,23.3,31,86,"2021-09-07 21:58:23",A102,7cc37d5f-5e01-419f-ae7b-5ff272cb199f
201089,9,22.4,17,100,"2021-09-07 22:12:24",A101,7cc37d5f-5e01-419f-ae7b-5ff272cb199f
201098,9,23.2,30,86,"2021-09-07 22:28:46",A102,7cc37d5f-5e01-419f-ae7b-5ff272cb199f
201112,9,22.3,18,100,"2021-09-07 22:42:44",A101,7cc37d5f-5e01-419f-ae7b-5ff272cb199f
201121,9,23,30,86,"2021-09-07 22:59:06",A102,7cc37d5f-5e01-419f-ae7b-5ff272cb199f
201135,9,22.2,17,100,"2021-09-07 23:13:03",A101,7cc37d5f-5e01-419f-ae7b-5ff272cb199f
201143,9,22.9,30,86,"2021-09-07 23:29:27",A102,7cc37d5f-5e01-419f-ae7b-5ff272cb199f
201157,9,22.1,17,100,"2021-09-07 23:43:23",A101,7cc37d5f-5e01-419f-ae7b-5ff272cb199f
201165,9,22.8,30,86,"2021-09-07 23:59:48",A102,7cc37d5f-5e01-419f-ae7b-5ff272cb199f
201177,9,21.9,17,100,"2021-09-08 00:13:42",A101,7cc37d5f-5e01-419f-ae7b-5ff272cb199f
201186,9,22.6,30,86,"2021-09-08 00:30:09",A102,7cc37d5f-5e01-419f-ae7b-5ff272cb199f
201199,9,21.8,17,100,"2021-09-08 00:44:01",A101,7cc37d5f-5e01-419f-ae7b-5ff272cb199f
201219,9,21.7,17,100,"2021-09-08 01:14:21",A101,7cc37d5f-5e01-419f-ae7b-5ff272cb199f
201228,9,22.4,30,86,"2021-09-08 01:30:51",A102,7cc37d5f-5e01-419f-ae7b-5ff272cb199f
201240,9,21.6,17,100,"2021-09-08 01:44:39",A101,7cc37d5f-5e01-419f-ae7b-5ff272cb199f
201249,9,22.3,30,86,"2021-09-08 02:02:08",A102,7cc37d5f-5e01-419f-ae7b-5ff272cb199f
201261,9,21.5,17,100,"2021-09-08 02:14:56",A101,7cc37d5f-5e01-419f-ae7b-5ff272cb199f
201271,9,22.2,30,86,"2021-09-08 02:32:32",A102,7cc37d5f-5e01-419f-ae7b-5ff272cb199f
201284,9,21.4,17,100,"2021-09-08 02:45:16",A101,7cc37d5f-5e01-419f-ae7b-5ff272cb199f
201292,9,22.1,30,86,"2021-09-08 03:02:55",A102,7cc37d5f-5e01-419f-ae7b-5ff272cb199f
201305,9,21.3,17,100,"2021-09-08 03:15:34",A101,7cc37d5f-5e01-419f-ae7b-5ff272cb199f
201313,9,22,30,86,"2021-09-08 03:33:22",A102,7cc37d5f-5e01-419f-ae7b-5ff272cb199f
201324,9,21.3,17,100,"2021-09-08 03:45:52",A101,7cc37d5f-5e01-419f-ae7b-5ff272cb199f
201331,9,21.9,30,86,"2021-09-08 04:03:41",A102,7cc37d5f-5e01-419f-ae7b-5ff272cb199f
201341,9,21.2,17,100,"2021-09-08 04:16:11",A101,7cc37d5f-5e01-419f-ae7b-5ff272cb199f
201350,9,21.8,30,86,"2021-09-08 04:34:06",A102,7cc37d5f-5e01-419f-ae7b-5ff272cb199f
201360,9,21.1,17,93,"2021-09-08 04:46:30",A101,7cc37d5f-5e01-419f-ae7b-5ff272cb199f
201368,9,21.7,30,93,"2021-09-08 05:04:31",A102,7cc37d5f-5e01-419f-ae7b-5ff272cb199f
201379,9,21,17,100,"2021-09-08 05:16:50",A101,7cc37d5f-5e01-419f-ae7b-5ff272cb199f
201387,9,21.7,30,93,"2021-09-08 05:34:59",A102,7cc37d5f-5e01-419f-ae7b-5ff272cb199f
201399,9,21,17,100,"2021-09-08 05:47:10",A101,7cc37d5f-5e01-419f-ae7b-5ff272cb199f
201408,9,21.7,30,93,"2021-09-08 06:05:26",A102,7cc37d5f-5e01-419f-ae7b-5ff272cb199f
201420,9,21.1,17,100,"2021-09-08 06:17:43",A101,7cc37d5f-5e01-419f-ae7b-5ff272cb199f
201429,9,21.7,30,93,"2021-09-08 06:35:56",A102,7cc37d5f-5e01-419f-ae7b-5ff272cb199f
201440,9,21.3,17,107,"2021-09-08 06:47:55",A101,7cc37d5f-5e01-419f-ae7b-5ff272cb199f
201450,9,21.9,29,93,"2021-09-08 07:06:28",A102,7cc37d5f-5e01-419f-ae7b-5ff272cb199f
201461,9,21.6,18,107,"2021-09-08 07:18:19",A101,7cc37d5f-5e01-419f-ae7b-5ff272cb199f
201470,9,22.1,29,93,"2021-09-08 07:36:58",A102,7cc37d5f-5e01-419f-ae7b-5ff272cb199f
201480,9,21.9,17,107,"2021-09-08 07:48:44",A101,7cc37d5f-5e01-419f-ae7b-5ff272cb199f
201490,9,22.4,29,93,"2021-09-08 08:07:29",A102,7cc37d5f-5e01-419f-ae7b-5ff272cb199f
201501,9,22.2,17,107,"2021-09-08 08:19:10",A101,7cc37d5f-5e01-419f-ae7b-5ff272cb199f
201510,9,22.7,29,93,"2021-09-08 08:38:04",A102,7cc37d5f-5e01-419f-ae7b-5ff272cb199f
201521,9,22.5,18,107,"2021-09-08 08:49:32",A101,7cc37d5f-5e01-419f-ae7b-5ff272cb199f
201530,9,22.9,29,93,"2021-09-08 09:08:32",A102,7cc37d5f-5e01-419f-ae7b-5ff272cb199f
201548,9,23,29,93,"2021-09-08 09:38:58",A102,7cc37d5f-5e01-419f-ae7b-5ff272cb199f
201559,9,22.8,18,100,"2021-09-08 09:50:18",A101,7cc37d5f-5e01-419f-ae7b-5ff272cb199f
201568,9,23.1,29,93,"2021-09-08 10:09:26",A102,7cc37d5f-5e01-419f-ae7b-5ff272cb199f
201579,9,22.8,18,100,"2021-09-08 10:20:41",A101,7cc37d5f-5e01-419f-ae7b-5ff272cb199f
201589,9,23.1,29,93,"2021-09-08 10:39:56",A102,7cc37d5f-5e01-419f-ae7b-5ff272cb199f
201600,9,22.8,18,107,"2021-09-08 10:51:01",A101,7cc37d5f-5e01-419f-ae7b-5ff272cb199f
201609,9,23,29,93,"2021-09-08 11:10:23",A102,7cc37d5f-5e01-419f-ae7b-5ff272cb199f
201620,9,22.8,18,107,"2021-09-08 11:21:27",A101,7cc37d5f-5e01-419f-ae7b-5ff272cb199f
201628,17,23.56,69,93,"2021-09-08 11:40:55",A102,7cc37d5f-5e01-419f-ae7b-5ff272cb199f
201637,13,23.1,33,114,"2021-09-08 11:51:50",A101,7cc37d5f-5e01-419f-ae7b-5ff272cb199f
201642,10,23.2,19,114,"2021-09-08 12:01:35",A101,7cc37d5f-5e01-419f-ae7b-5ff272cb199f
201646,17,23.6,71,93,"2021-09-08 12:11:25",A102,7cc37d5f-5e01-419f-ae7b-5ff272cb199f
201661,9,22.6,19,100,"2021-09-08 12:28:34",A101,7cc37d5f-5e01-419f-ae7b-5ff272cb199f
201664,11,23.2,31,114,"2021-09-08 12:40:18",A101,7cc37d5f-5e01-419f-ae7b-5ff272cb199f
201667,17,23.6,72,93,"2021-09-08 12:41:56",A102,7cc37d5f-5e01-419f-ae7b-5ff272cb199f
201682,17,23.6,76,93,"2021-09-08 13:12:27",A102,7cc37d5f-5e01-419f-ae7b-5ff272cb199f
201700,17,23.6,75,93,"2021-09-08 13:42:57",A102,7cc37d5f-5e01-419f-ae7b-5ff272cb199f
201718,17,23.56,75,93,"2021-09-08 14:13:28",A102,7cc37d5f-5e01-419f-ae7b-5ff272cb199f
201737,18,23.6,76,93,"2021-09-08 14:44:03",A102,7cc37d5f-5e01-419f-ae7b-5ff272cb199f
201758,18,23.6,75,86,"2021-09-08 15:14:30",A102,7cc37d5f-5e01-419f-ae7b-5ff272cb199f
201777,18,23.6,76,86,"2021-09-08 15:45:00",A102,7cc37d5f-5e01-419f-ae7b-5ff272cb199f
201796,18,23.5,77,86,"2021-09-08 16:15:27",A102,7cc37d5f-5e01-419f-ae7b-5ff272cb199f
201814,18,23.5,77,86,"2021-09-08 16:45:56",A102,7cc37d5f-5e01-419f-ae7b-5ff272cb199f
201828,18,23.4,77,86,"2021-09-08 17:16:25",A102,7cc37d5f-5e01-419f-ae7b-5ff272cb199f
201842,18,23.3,77,86,"2021-09-08 17:46:55",A102,7cc37d5f-5e01-419f-ae7b-5ff272cb199f
201854,18,23.3,79,86,"2021-09-08 18:17:23",A102,7cc37d5f-5e01-419f-ae7b-5ff272cb199f
201864,18,23.2,79,86,"2021-09-08 18:47:49",A102,7cc37d5f-5e01-419f-ae7b-5ff272cb199f
201874,18,23.1,79,86,"2021-09-08 19:18:16",A102,7cc37d5f-5e01-419f-ae7b-5ff272cb199f
201890,18,23,78,86,"2021-09-08 19:48:44",A102,7cc37d5f-5e01-419f-ae7b-5ff272cb199f
201908,18,23,79,86,"2021-09-08 20:19:09",A102,7cc37d5f-5e01-419f-ae7b-5ff272cb199f
201923,18,22.9,79,86,"2021-09-08 20:49:35",A102,7cc37d5f-5e01-419f-ae7b-5ff272cb199f
201943,18,22.8,79,86,"2021-09-08 21:20:01",A102,7cc37d5f-5e01-419f-ae7b-5ff272cb199f
201961,18,22.7,79,86,"2021-09-08 21:50:28",A102,7cc37d5f-5e01-419f-ae7b-5ff272cb199f
201979,18,22.6,79,86,"2021-09-08 22:20:52",A102,7cc37d5f-5e01-419f-ae7b-5ff272cb199f
201998,11,21.5,32,107,"2021-09-08 22:50:12",A101,7cc37d5f-5e01-419f-ae7b-5ff272cb199f
201999,18,22.42,80,86,"2021-09-08 22:51:18",A102,7cc37d5f-5e01-419f-ae7b-5ff272cb199f
202019,18,22.3,81,86,"2021-09-08 23:21:41",A102,7cc37d5f-5e01-419f-ae7b-5ff272cb199f
202039,18,22.2,81,86,"2021-09-08 23:52:05",A102,7cc37d5f-5e01-419f-ae7b-5ff272cb199f
202058,18,22.2,81,86,"2021-09-09 00:22:31",A102,7cc37d5f-5e01-419f-ae7b-5ff272cb199f
202078,18,22.1,81,86,"2021-09-09 00:52:53",A102,7cc37d5f-5e01-419f-ae7b-5ff272cb199f
202098,11,20.9,32,107,"2021-09-09 01:21:54",A101,7cc37d5f-5e01-419f-ae7b-5ff272cb199f
202099,18,22,80,86,"2021-09-09 01:23:19",A102,7cc37d5f-5e01-419f-ae7b-5ff272cb199f
202118,18,21.9,80,86,"2021-09-09 01:53:41",A102,7cc37d5f-5e01-419f-ae7b-5ff272cb199f
202138,11,20.7,32,107,"2021-09-09 02:22:41",A101,7cc37d5f-5e01-419f-ae7b-5ff272cb199f
202140,18,21.8,80,86,"2021-09-09 02:24:05",A102,7cc37d5f-5e01-419f-ae7b-5ff272cb199f
202160,18,21.7,80,86,"2021-09-09 02:54:30",A102,7cc37d5f-5e01-419f-ae7b-5ff272cb199f
202180,18,21.6,80,86,"2021-09-09 03:24:54",A102,7cc37d5f-5e01-419f-ae7b-5ff272cb199f
202199,18,21.6,80,86,"2021-09-09 03:55:17",A102,7cc37d5f-5e01-419f-ae7b-5ff272cb199f
202220,18,21.5,80,86,"2021-09-09 04:25:41",A102,7cc37d5f-5e01-419f-ae7b-5ff272cb199f
202240,18,21.5,80,86,"2021-09-09 04:56:07",A102,7cc37d5f-5e01-419f-ae7b-5ff272cb199f
202261,18,21.4,80,86,"2021-09-09 05:26:33",A102,7cc37d5f-5e01-419f-ae7b-5ff272cb199f
202281,18,21.4,80,86,"2021-09-09 05:56:57",A102,7cc37d5f-5e01-419f-ae7b-5ff272cb199f
202303,18,21.5,80,93,"2021-09-09 06:27:25",A102,7cc37d5f-5e01-419f-ae7b-5ff272cb199f
202323,11,20.7,32,107,"2021-09-09 06:55:44",A101,7cc37d5f-5e01-419f-ae7b-5ff272cb199f
202325,18,21.5,80,93,"2021-09-09 06:57:52",A102,7cc37d5f-5e01-419f-ae7b-5ff272cb199f
202350,18,21.6,80,93,"2021-09-09 07:28:22",A102,7cc37d5f-5e01-419f-ae7b-5ff272cb199f
202373,18,21.8,80,93,"2021-09-09 07:58:53",A102,7cc37d5f-5e01-419f-ae7b-5ff272cb199f
202398,18,21.9,80,93,"2021-09-09 08:29:26",A102,7cc37d5f-5e01-419f-ae7b-5ff272cb199f
202421,18,22.3,80,93,"2021-09-09 09:00:03",A102,7cc37d5f-5e01-419f-ae7b-5ff272cb199f
202446,18,22.8,80,93,"2021-09-09 09:30:38",A102,7cc37d5f-5e01-419f-ae7b-5ff272cb199f
202475,18,23.3,80,100,"2021-09-09 10:01:18",A102,7cc37d5f-5e01-419f-ae7b-5ff272cb199f
202501,18,24,79,93,"2021-09-09 10:31:54",A102,7cc37d5f-5e01-419f-ae7b-5ff272cb199f
202524,18,24.7,81,93,"2021-09-09 11:02:30",A102,7cc37d5f-5e01-419f-ae7b-5ff272cb199f
202547,11,26.6,33,107,"2021-09-09 11:30:01",A101,7cc37d5f-5e01-419f-ae7b-5ff272cb199f
202550,18,25.2,81,93,"2021-09-09 11:32:56",A102,7cc37d5f-5e01-419f-ae7b-5ff272cb199f
202574,11,26.4,33,107,"2021-09-09 12:00:21",A101,7cc37d5f-5e01-419f-ae7b-5ff272cb199f
202577,18,25.3,81,93,"2021-09-09 12:03:22",A102,7cc37d5f-5e01-419f-ae7b-5ff272cb199f
202602,11,25.7,33,107,"2021-09-09 12:30:42",A101,7cc37d5f-5e01-419f-ae7b-5ff272cb199f
202605,18,25.2,82,93,"2021-09-09 12:33:47",A102,7cc37d5f-5e01-419f-ae7b-5ff272cb199f
202630,12,25.1,34,107,"2021-09-09 13:01:06",A101,7cc37d5f-5e01-419f-ae7b-5ff272cb199f
202633,18,24.9,82,93,"2021-09-09 13:04:13",A102,7cc37d5f-5e01-419f-ae7b-5ff272cb199f
202657,14,24.5,43,107,"2021-09-09 13:31:32",A101,7cc37d5f-5e01-419f-ae7b-5ff272cb199f
202660,18,24.6,82,93,"2021-09-09 13:34:42",A102,7cc37d5f-5e01-419f-ae7b-5ff272cb199f
202685,16,24.2,53,107,"2021-09-09 14:01:51",A101,7cc37d5f-5e01-419f-ae7b-5ff272cb199f
202688,18,24.4,82,93,"2021-09-09 14:05:09",A102,7cc37d5f-5e01-419f-ae7b-5ff272cb199f
202713,16,24,59,107,"2021-09-09 14:32:16",A101,7cc37d5f-5e01-419f-ae7b-5ff272cb199f
202716,18,24.2,82,93,"2021-09-09 14:35:36",A102,7cc37d5f-5e01-419f-ae7b-5ff272cb199f
202742,16,23.9,63,107,"2021-09-09 15:02:41",A101,7cc37d5f-5e01-419f-ae7b-5ff272cb199f
202744,18,24.1,82,93,"2021-09-09 15:06:05",A102,7cc37d5f-5e01-419f-ae7b-5ff272cb199f
202766,17,23.7,66,107,"2021-09-09 15:33:01",A101,7cc37d5f-5e01-419f-ae7b-5ff272cb199f
202769,18,24,82,86,"2021-09-09 15:36:34",A102,7cc37d5f-5e01-419f-ae7b-5ff272cb199f
202795,17,23.6,68,107,"2021-09-09 16:03:30",A101,7cc37d5f-5e01-419f-ae7b-5ff272cb199f
202798,18,23.9,82,86,"2021-09-09 16:07:02",A102,7cc37d5f-5e01-419f-ae7b-5ff272cb199f
202826,18,23.8,82,86,"2021-09-09 16:37:31",A102,7cc37d5f-5e01-419f-ae7b-5ff272cb199f
202854,18,23.7,81,86,"2021-09-09 17:07:58",A102,7cc37d5f-5e01-419f-ae7b-5ff272cb199f
202874,18,23.5,82,86,"2021-09-09 17:38:24",A102,7cc37d5f-5e01-419f-ae7b-5ff272cb199f
202887,18,23.4,82,86,"2021-09-09 18:08:51",A102,7cc37d5f-5e01-419f-ae7b-5ff272cb199f
202908,18,23.1,81,86,"2021-09-09 19:09:46",A102,7cc37d5f-5e01-419f-ae7b-5ff272cb199f
202924,18,23,81,86,"2021-09-09 19:40:12",A102,7cc37d5f-5e01-419f-ae7b-5ff272cb199f
202954,18,22.88,81,86,"2021-09-09 20:10:44",A102,7cc37d5f-5e01-419f-ae7b-5ff272cb199f
202982,18,22.7,81,86,"2021-09-09 20:41:05",A102,7cc37d5f-5e01-419f-ae7b-5ff272cb199f
203011,18,22.6,82,86,"2021-09-09 21:11:30",A102,7cc37d5f-5e01-419f-ae7b-5ff272cb199f
203039,18,22.5,82,86,"2021-09-09 21:41:56",A102,7cc37d5f-5e01-419f-ae7b-5ff272cb199f
203066,17,21.7,78,107,"2021-09-09 22:08:01",A101,7cc37d5f-5e01-419f-ae7b-5ff272cb199f
203070,18,22.42,82,86,"2021-09-09 22:12:24",A102,7cc37d5f-5e01-419f-ae7b-5ff272cb199f
203098,18,22.4,82,86,"2021-09-09 22:42:49",A102,7cc37d5f-5e01-419f-ae7b-5ff272cb199f
203128,18,22.3,82,86,"2021-09-09 23:13:16",A102,7cc37d5f-5e01-419f-ae7b-5ff272cb199f
203158,18,22.2,81,86,"2021-09-09 23:43:41",A102,7cc37d5f-5e01-419f-ae7b-5ff272cb199f
203188,18,22.2,81,86,"2021-09-10 00:14:08",A102,7cc37d5f-5e01-419f-ae7b-5ff272cb199f
203217,18,22.1,81,86,"2021-09-10 00:44:33",A102,7cc37d5f-5e01-419f-ae7b-5ff272cb199f
203246,18,22,81,86,"2021-09-10 01:14:59",A102,7cc37d5f-5e01-419f-ae7b-5ff272cb199f
203274,18,22,81,86,"2021-09-10 01:45:26",A102,7cc37d5f-5e01-419f-ae7b-5ff272cb199f
203303,18,21.9,81,86,"2021-09-10 02:15:52",A102,7cc37d5f-5e01-419f-ae7b-5ff272cb199f
203329,17,21.1,80,107,"2021-09-10 02:41:13",A101,7cc37d5f-5e01-419f-ae7b-5ff272cb199f
203333,18,21.9,81,86,"2021-09-10 02:46:17",A102,7cc37d5f-5e01-419f-ae7b-5ff272cb199f
203362,18,21.8,81,86,"2021-09-10 03:16:43",A102,7cc37d5f-5e01-419f-ae7b-5ff272cb199f
203390,18,21.8,81,86,"2021-09-10 03:47:11",A102,7cc37d5f-5e01-419f-ae7b-5ff272cb199f
203417,18,21.7,81,86,"2021-09-10 04:17:37",A102,7cc37d5f-5e01-419f-ae7b-5ff272cb199f
203443,17,20.9,79,107,"2021-09-10 04:43:23",A101,7cc37d5f-5e01-419f-ae7b-5ff272cb199f
203449,18,21.7,81,86,"2021-09-10 04:48:56",A102,7cc37d5f-5e01-419f-ae7b-5ff272cb199f
203478,18,21.6,81,86,"2021-09-10 05:19:20",A102,7cc37d5f-5e01-419f-ae7b-5ff272cb199f
203501,17,20.9,80,107,"2021-09-10 05:43:28",A101,7cc37d5f-5e01-419f-ae7b-5ff272cb199f
203507,18,21.6,81,93,"2021-09-10 05:49:48",A102,7cc37d5f-5e01-419f-ae7b-5ff272cb199f
203534,18,21.7,81,93,"2021-09-10 06:20:13",A102,7cc37d5f-5e01-419f-ae7b-5ff272cb199f
203560,18,21.8,81,93,"2021-09-10 06:50:45",A102,7cc37d5f-5e01-419f-ae7b-5ff272cb199f
203588,18,22,81,93,"2021-09-10 07:21:14",A102,7cc37d5f-5e01-419f-ae7b-5ff272cb199f
203614,18,22.4,81,93,"2021-09-10 07:51:44",A102,7cc37d5f-5e01-419f-ae7b-5ff272cb199f
203670,18,23,81,93,"2021-09-10 08:52:44",A102,7cc37d5f-5e01-419f-ae7b-5ff272cb199f
203697,18,23.2,80,93,"2021-09-10 09:23:13",A102,7cc37d5f-5e01-419f-ae7b-5ff272cb199f
203720,17,23.66,80,114,"2021-09-10 09:46:56",A101,7cc37d5f-5e01-419f-ae7b-5ff272cb199f
203727,18,23.2,81,93,"2021-09-10 09:53:41",A102,7cc37d5f-5e01-419f-ae7b-5ff272cb199f
203749,17,23.6,80,107,"2021-09-10 10:17:23",A101,7cc37d5f-5e01-419f-ae7b-5ff272cb199f
203757,18,23.2,79,93,"2021-09-10 10:24:08",A102,7cc37d5f-5e01-419f-ae7b-5ff272cb199f
203786,18,23.3,81,93,"2021-09-10 10:54:37",A102,7cc37d5f-5e01-419f-ae7b-5ff272cb199f
203814,18,23.3,80,93,"2021-09-10 11:25:06",A102,7cc37d5f-5e01-419f-ae7b-5ff272cb199f
203842,18,23.4,81,93,"2021-09-10 11:55:34",A102,7cc37d5f-5e01-419f-ae7b-5ff272cb199f
203872,18,23.5,81,93,"2021-09-10 12:26:01",A102,7cc37d5f-5e01-419f-ae7b-5ff272cb199f
203902,18,23.6,81,100,"2021-09-10 12:56:29",A102,7cc37d5f-5e01-419f-ae7b-5ff272cb199f
203925,17,23.9,80,114,"2021-09-10 13:20:01",A101,7cc37d5f-5e01-419f-ae7b-5ff272cb199f
203933,18,23.6,82,93,"2021-09-10 13:27:01",A102,7cc37d5f-5e01-419f-ae7b-5ff272cb199f
203963,18,23.8,81,93,"2021-09-10 13:57:33",A102,7cc37d5f-5e01-419f-ae7b-5ff272cb199f
203993,18,24,81,93,"2021-09-10 14:28:04",A102,7cc37d5f-5e01-419f-ae7b-5ff272cb199f
204023,18,24.1,81,93,"2021-09-10 14:58:35",A102,7cc37d5f-5e01-419f-ae7b-5ff272cb199f
204047,17,24.1,79,114,"2021-09-10 15:21:53",A101,7cc37d5f-5e01-419f-ae7b-5ff272cb199f
204055,18,24.2,82,93,"2021-09-10 15:29:05",A102,7cc37d5f-5e01-419f-ae7b-5ff272cb199f
204085,18,24.1,82,93,"2021-09-10 15:59:37",A102,7cc37d5f-5e01-419f-ae7b-5ff272cb199f
204141,16,23.4,78,114,"2021-09-10 16:55:29",A101,7cc37d5f-5e01-419f-ae7b-5ff272cb199f
204148,18,23.9,82,86,"2021-09-10 17:00:27",A102,7cc37d5f-5e01-419f-ae7b-5ff272cb199f
204166,18,23.7,82,86,"2021-09-10 17:30:54",A102,7cc37d5f-5e01-419f-ae7b-5ff272cb199f
204180,16,22.9,78,114,"2021-09-10 17:55:52",A101,7cc37d5f-5e01-419f-ae7b-5ff272cb199f
204183,18,23.6,82,86,"2021-09-10 18:01:19",A102,7cc37d5f-5e01-419f-ae7b-5ff272cb199f
204196,18,23.4,82,86,"2021-09-10 18:31:44",A102,7cc37d5f-5e01-419f-ae7b-5ff272cb199f
204211,18,23.2,82,86,"2021-09-10 19:02:09",A102,7cc37d5f-5e01-419f-ae7b-5ff272cb199f
204232,18,23,81,86,"2021-09-10 19:32:32",A102,7cc37d5f-5e01-419f-ae7b-5ff272cb199f
204258,18,22.9,81,86,"2021-09-10 20:02:57",A102,7cc37d5f-5e01-419f-ae7b-5ff272cb199f
204284,16,21.9,78,107,"2021-09-10 20:27:47",A101,7cc37d5f-5e01-419f-ae7b-5ff272cb199f
204290,18,22.7,81,86,"2021-09-10 20:33:21",A102,7cc37d5f-5e01-419f-ae7b-5ff272cb199f
204321,18,22.6,82,86,"2021-09-10 21:03:43",A102,7cc37d5f-5e01-419f-ae7b-5ff272cb199f
204351,18,22.4,82,86,"2021-09-10 21:34:05",A102,7cc37d5f-5e01-419f-ae7b-5ff272cb199f
204380,18,22.3,82,86,"2021-09-10 22:04:28",A102,7cc37d5f-5e01-419f-ae7b-5ff272cb199f
204410,18,22.1,82,86,"2021-09-10 22:34:52",A102,7cc37d5f-5e01-419f-ae7b-5ff272cb199f
204440,18,22,82,86,"2021-09-10 23:05:11",A102,7cc37d5f-5e01-419f-ae7b-5ff272cb199f
204471,18,21.9,81,86,"2021-09-10 23:35:34",A102,7cc37d5f-5e01-419f-ae7b-5ff272cb199f
204497,16,20.7,76,107,"2021-09-11 00:00:20",A101,7cc37d5f-5e01-419f-ae7b-5ff272cb199f
204502,18,21.7,82,86,"2021-09-11 00:05:57",A102,7cc37d5f-5e01-419f-ae7b-5ff272cb199f
204528,16,20.6,77,107,"2021-09-11 00:30:23",A101,7cc37d5f-5e01-419f-ae7b-5ff272cb199f
204534,18,21.6,82,86,"2021-09-11 00:36:19",A102,7cc37d5f-5e01-419f-ae7b-5ff272cb199f
204559,16,20.5,76,107,"2021-09-11 01:00:46",A101,7cc37d5f-5e01-419f-ae7b-5ff272cb199f
204565,18,21.5,81,86,"2021-09-11 01:06:40",A102,7cc37d5f-5e01-419f-ae7b-5ff272cb199f
204591,16,20.5,76,107,"2021-09-11 01:31:03",A101,7cc37d5f-5e01-419f-ae7b-5ff272cb199f
204597,18,21.4,81,86,"2021-09-11 01:37:03",A102,7cc37d5f-5e01-419f-ae7b-5ff272cb199f
204623,16,20.4,76,107,"2021-09-11 02:01:29",A101,7cc37d5f-5e01-419f-ae7b-5ff272cb199f
204629,18,21.4,81,86,"2021-09-11 02:07:25",A102,7cc37d5f-5e01-419f-ae7b-5ff272cb199f
204655,16,20.3,76,107,"2021-09-11 02:31:45",A101,7cc37d5f-5e01-419f-ae7b-5ff272cb199f
204661,18,21.3,81,86,"2021-09-11 02:37:47",A102,7cc37d5f-5e01-419f-ae7b-5ff272cb199f
204691,18,21.2,81,86,"2021-09-11 03:08:11",A102,7cc37d5f-5e01-419f-ae7b-5ff272cb199f
204716,16,20.2,76,107,"2021-09-11 03:32:27",A101,7cc37d5f-5e01-419f-ae7b-5ff272cb199f
204721,18,21.2,81,86,"2021-09-11 03:38:33",A102,7cc37d5f-5e01-419f-ae7b-5ff272cb199f
204745,16,20.2,75,107,"2021-09-11 04:02:46",A101,7cc37d5f-5e01-419f-ae7b-5ff272cb199f
204751,18,21.1,81,86,"2021-09-11 04:08:55",A102,7cc37d5f-5e01-419f-ae7b-5ff272cb199f
204775,16,20.1,76,107,"2021-09-11 04:33:05",A101,7cc37d5f-5e01-419f-ae7b-5ff272cb199f
204781,18,21,81,86,"2021-09-11 04:39:18",A102,7cc37d5f-5e01-419f-ae7b-5ff272cb199f
204810,18,21,81,93,"2021-09-11 05:09:41",A102,7cc37d5f-5e01-419f-ae7b-5ff272cb199f
204840,18,21,81,93,"2021-09-11 05:40:09",A102,7cc37d5f-5e01-419f-ae7b-5ff272cb199f
204868,18,21,81,93,"2021-09-11 06:10:35",A102,7cc37d5f-5e01-419f-ae7b-5ff272cb199f
204897,18,21.1,81,93,"2021-09-11 06:41:04",A102,7cc37d5f-5e01-419f-ae7b-5ff272cb199f
204925,18,21.3,81,93,"2021-09-11 07:11:33",A102,7cc37d5f-5e01-419f-ae7b-5ff272cb199f
204948,16,21.8,75,114,"2021-09-11 07:35:39",A101,7cc37d5f-5e01-419f-ae7b-5ff272cb199f
204953,18,21.5,81,107,"2021-09-11 07:42:02",A102,7cc37d5f-5e01-419f-ae7b-5ff272cb199f
204981,17,21.9,81,100,"2021-09-11 08:12:32",A102,7cc37d5f-5e01-419f-ae7b-5ff272cb199f
205009,18,22.3,81,100,"2021-09-11 08:43:02",A102,7cc37d5f-5e01-419f-ae7b-5ff272cb199f
205038,18,22.8,81,100,"2021-09-11 09:13:33",A102,7cc37d5f-5e01-419f-ae7b-5ff272cb199f
205067,18,23.4,80,100,"2021-09-11 09:44:04",A102,7cc37d5f-5e01-419f-ae7b-5ff272cb199f
205094,18,24,81,100,"2021-09-11 10:14:36",A102,7cc37d5f-5e01-419f-ae7b-5ff272cb199f
205122,18,24.6,82,100,"2021-09-11 10:45:08",A102,7cc37d5f-5e01-419f-ae7b-5ff272cb199f
205200,18,25.4,83,100,"2021-09-11 12:16:40",A102,7cc37d5f-5e01-419f-ae7b-5ff272cb199f
205228,18,25.4,83,100,"2021-09-11 12:47:12",A102,7cc37d5f-5e01-419f-ae7b-5ff272cb199f
205254,18,25.42,83,93,"2021-09-11 13:17:43",A102,7cc37d5f-5e01-419f-ae7b-5ff272cb199f
205282,18,25.5,83,100,"2021-09-11 13:48:16",A102,7cc37d5f-5e01-419f-ae7b-5ff272cb199f
205310,18,25.6,83,93,"2021-09-11 14:18:49",A102,7cc37d5f-5e01-419f-ae7b-5ff272cb199f
205339,18,25.7,83,93,"2021-09-11 14:49:23",A102,7cc37d5f-5e01-419f-ae7b-5ff272cb199f
205367,18,25.8,83,93,"2021-09-11 15:19:54",A102,7cc37d5f-5e01-419f-ae7b-5ff272cb199f
205393,18,25.8,83,86,"2021-09-11 15:50:25",A102,7cc37d5f-5e01-419f-ae7b-5ff272cb199f
205420,18,25.7,84,86,"2021-09-11 16:20:52",A102,7cc37d5f-5e01-419f-ae7b-5ff272cb199f
205445,18,25.6,84,86,"2021-09-11 16:51:20",A102,7cc37d5f-5e01-419f-ae7b-5ff272cb199f
205469,16,25.3,74,114,"2021-09-11 17:14:13",A101,7cc37d5f-5e01-419f-ae7b-5ff272cb199f
205485,16,24.9,74,114,"2021-09-11 17:44:24",A101,7cc37d5f-5e01-419f-ae7b-5ff272cb199f
205561,18,24.1,84,86,"2021-09-11 19:53:49",A102,7cc37d5f-5e01-419f-ae7b-5ff272cb199f
205588,18,23.9,84,86,"2021-09-11 20:24:13",A102,7cc37d5f-5e01-419f-ae7b-5ff272cb199f
205618,18,23.7,84,86,"2021-09-11 20:54:39",A102,7cc37d5f-5e01-419f-ae7b-5ff272cb199f
205644,18,23.6,84,86,"2021-09-11 21:25:02",A102,7cc37d5f-5e01-419f-ae7b-5ff272cb199f
205671,18,23.4,83,86,"2021-09-11 21:55:25",A102,7cc37d5f-5e01-419f-ae7b-5ff272cb199f
205696,18,23.3,84,86,"2021-09-11 22:25:49",A102,7cc37d5f-5e01-419f-ae7b-5ff272cb199f
205721,18,23.2,83,86,"2021-09-11 22:56:13",A102,7cc37d5f-5e01-419f-ae7b-5ff272cb199f
205748,18,23.1,82,86,"2021-09-11 23:26:36",A102,7cc37d5f-5e01-419f-ae7b-5ff272cb199f
205775,18,23,83,86,"2021-09-11 23:57:00",A102,7cc37d5f-5e01-419f-ae7b-5ff272cb199f
205801,18,22.9,83,86,"2021-09-12 00:27:23",A102,7cc37d5f-5e01-419f-ae7b-5ff272cb199f
205827,18,22.8,83,86,"2021-09-12 00:57:47",A102,7cc37d5f-5e01-419f-ae7b-5ff272cb199f
205853,18,22.7,83,86,"2021-09-12 01:28:10",A102,7cc37d5f-5e01-419f-ae7b-5ff272cb199f
205879,18,22.6,83,86,"2021-09-12 01:58:33",A102,7cc37d5f-5e01-419f-ae7b-5ff272cb199f
205906,18,22.5,81,86,"2021-09-12 02:28:57",A102,7cc37d5f-5e01-419f-ae7b-5ff272cb199f
205928,18,22.4,82,86,"2021-09-12 02:59:19",A102,7cc37d5f-5e01-419f-ae7b-5ff272cb199f
205955,18,22.3,82,86,"2021-09-12 03:29:42",A102,7cc37d5f-5e01-419f-ae7b-5ff272cb199f
205980,18,22.2,82,86,"2021-09-12 04:00:06",A102,7cc37d5f-5e01-419f-ae7b-5ff272cb199f
206002,15,21.5,72,107,"2021-09-12 04:21:57",A101,7cc37d5f-5e01-419f-ae7b-5ff272cb199f
206008,18,22.2,84,86,"2021-09-12 04:30:29",A102,7cc37d5f-5e01-419f-ae7b-5ff272cb199f
206033,18,22.1,85,86,"2021-09-12 05:00:52",A102,7cc37d5f-5e01-419f-ae7b-5ff272cb199f
206060,18,22,85,86,"2021-09-12 05:31:15",A102,7cc37d5f-5e01-419f-ae7b-5ff272cb199f
206082,16,21.3,72,114,"2021-09-12 05:53:05",A101,7cc37d5f-5e01-419f-ae7b-5ff272cb199f
206088,18,22,82,86,"2021-09-12 06:01:41",A102,7cc37d5f-5e01-419f-ae7b-5ff272cb199f
206114,18,22,82,93,"2021-09-12 06:32:07",A102,7cc37d5f-5e01-419f-ae7b-5ff272cb199f
206141,18,22.1,82,93,"2021-09-12 07:02:36",A102,7cc37d5f-5e01-419f-ae7b-5ff272cb199f
206166,18,22.3,81,93,"2021-09-12 07:34:05",A102,7cc37d5f-5e01-419f-ae7b-5ff272cb199f
206192,18,22.6,83,100,"2021-09-12 08:04:29",A102,7cc37d5f-5e01-419f-ae7b-5ff272cb199f
206211,15,23.9,71,114,"2021-09-12 08:25:35",A101,7cc37d5f-5e01-419f-ae7b-5ff272cb199f
206218,18,23.1,83,100,"2021-09-12 08:34:51",A102,7cc37d5f-5e01-419f-ae7b-5ff272cb199f
206244,18,23.7,83,100,"2021-09-12 09:05:16",A102,7cc37d5f-5e01-419f-ae7b-5ff272cb199f
206262,15,26.1,71,114,"2021-09-12 09:26:18",A101,7cc37d5f-5e01-419f-ae7b-5ff272cb199f
206269,18,24.4,83,100,"2021-09-12 09:35:41",A102,7cc37d5f-5e01-419f-ae7b-5ff272cb199f
206294,18,25.1,83,100,"2021-09-12 10:06:04",A102,7cc37d5f-5e01-419f-ae7b-5ff272cb199f
206318,18,25.8,84,100,"2021-09-12 10:36:32",A102,7cc37d5f-5e01-419f-ae7b-5ff272cb199f
206343,18,26.6,84,100,"2021-09-12 11:06:57",A102,7cc37d5f-5e01-419f-ae7b-5ff272cb199f
206369,18,27.2,86,100,"2021-09-12 11:37:24",A102,7cc37d5f-5e01-419f-ae7b-5ff272cb199f
206387,15,30.3,71,114,"2021-09-12 11:58:44",A101,7cc37d5f-5e01-419f-ae7b-5ff272cb199f
206393,18,27.7,86,100,"2021-09-12 12:07:51",A102,7cc37d5f-5e01-419f-ae7b-5ff272cb199f
206419,18,28.2,87,100,"2021-09-12 12:38:19",A102,7cc37d5f-5e01-419f-ae7b-5ff272cb199f
206441,18,28.7,89,107,"2021-09-12 13:08:49",A102,7cc37d5f-5e01-419f-ae7b-5ff272cb199f
206468,18,29,92,100,"2021-09-12 13:39:13",A102,7cc37d5f-5e01-419f-ae7b-5ff272cb199f
206496,18,29.2,89,100,"2021-09-12 14:09:40",A102,7cc37d5f-5e01-419f-ae7b-5ff272cb199f
206522,15,30.9,72,114,"2021-09-12 14:31:38",A101,7cc37d5f-5e01-419f-ae7b-5ff272cb199f
206526,18,29.3,90,93,"2021-09-12 14:40:04",A102,7cc37d5f-5e01-419f-ae7b-5ff272cb199f
206557,18,29.2,89,86,"2021-09-12 15:10:27",A102,7cc37d5f-5e01-419f-ae7b-5ff272cb199f
206587,18,29.1,92,86,"2021-09-12 15:40:51",A102,7cc37d5f-5e01-419f-ae7b-5ff272cb199f
206618,18,28.9,92,86,"2021-09-12 16:11:13",A102,7cc37d5f-5e01-419f-ae7b-5ff272cb199f
206647,15,29,72,114,"2021-09-12 16:33:11",A101,7cc37d5f-5e01-419f-ae7b-5ff272cb199f
206652,18,28.6,96,86,"2021-09-12 16:41:30",A102,7cc37d5f-5e01-419f-ae7b-5ff272cb199f
206682,18,28.2,98,86,"2021-09-12 17:11:50",A102,7cc37d5f-5e01-419f-ae7b-5ff272cb199f
206711,18,27.9,97,86,"2021-09-12 17:42:07",A102,7cc37d5f-5e01-419f-ae7b-5ff272cb199f
206730,18,27.6,94,86,"2021-09-12 18:12:24",A102,7cc37d5f-5e01-419f-ae7b-5ff272cb199f
206750,18,27.2,94,86,"2021-09-12 18:42:42",A102,7cc37d5f-5e01-419f-ae7b-5ff272cb199f
206790,15,26.2,71,114,"2021-09-12 19:37:45",A101,7cc37d5f-5e01-419f-ae7b-5ff272cb199f
206794,18,26.6,94,86,"2021-09-12 19:43:11",A102,7cc37d5f-5e01-419f-ae7b-5ff272cb199f
206826,18,26.3,93,86,"2021-09-12 20:13:27",A102,7cc37d5f-5e01-419f-ae7b-5ff272cb199f
206858,18,26.1,92,86,"2021-09-12 20:43:42",A102,7cc37d5f-5e01-419f-ae7b-5ff272cb199f
206887,15,25.2,71,107,"2021-09-12 21:08:49",A101,7cc37d5f-5e01-419f-ae7b-5ff272cb199f
206891,18,25.8,94,86,"2021-09-12 21:13:57",A102,7cc37d5f-5e01-419f-ae7b-5ff272cb199f
206921,18,25.5,93,86,"2021-09-12 21:44:10",A102,7cc37d5f-5e01-419f-ae7b-5ff272cb199f
206949,15,24.6,71,107,"2021-09-12 22:09:47",A101,7cc37d5f-5e01-419f-ae7b-5ff272cb199f
206953,18,25.3,93,86,"2021-09-12 22:14:24",A102,7cc37d5f-5e01-419f-ae7b-5ff272cb199f
206984,18,25.1,93,86,"2021-09-12 22:44:36",A102,7cc37d5f-5e01-419f-ae7b-5ff272cb199f
207011,15,24.1,70,107,"2021-09-12 23:10:18",A101,7cc37d5f-5e01-419f-ae7b-5ff272cb199f
207015,18,24.9,92,86,"2021-09-12 23:14:48",A102,7cc37d5f-5e01-419f-ae7b-5ff272cb199f
207045,18,24.7,93,86,"2021-09-12 23:45:01",A102,7cc37d5f-5e01-419f-ae7b-5ff272cb199f
207072,15,23.6,71,107,"2021-09-13 00:11:01",A101,7cc37d5f-5e01-419f-ae7b-5ff272cb199f
207075,18,24.5,92,86,"2021-09-13 00:15:12",A102,7cc37d5f-5e01-419f-ae7b-5ff272cb199f
207105,18,24.3,93,86,"2021-09-13 00:45:26",A102,7cc37d5f-5e01-419f-ae7b-5ff272cb199f
207135,18,24.1,92,86,"2021-09-13 01:15:38",A102,7cc37d5f-5e01-419f-ae7b-5ff272cb199f
207163,18,23.9,92,86,"2021-09-13 01:45:49",A102,7cc37d5f-5e01-419f-ae7b-5ff272cb199f
207191,18,23.7,91,86,"2021-09-13 02:16:01",A102,7cc37d5f-5e01-419f-ae7b-5ff272cb199f
207219,15,22.5,70,107,"2021-09-13 02:42:52",A101,7cc37d5f-5e01-419f-ae7b-5ff272cb199f
207220,18,23.5,91,86,"2021-09-13 02:46:13",A102,7cc37d5f-5e01-419f-ae7b-5ff272cb199f
207249,18,23.4,91,86,"2021-09-13 03:16:27",A102,7cc37d5f-5e01-419f-ae7b-5ff272cb199f
207277,18,23.2,91,86,"2021-09-13 03:46:37",A102,7cc37d5f-5e01-419f-ae7b-5ff272cb199f
207305,18,23.1,91,86,"2021-09-13 04:16:50",A102,7cc37d5f-5e01-419f-ae7b-5ff272cb199f
207333,15,21.9,70,107,"2021-09-13 04:44:15",A101,7cc37d5f-5e01-419f-ae7b-5ff272cb199f
207334,18,23,90,93,"2021-09-13 04:47:02",A102,7cc37d5f-5e01-419f-ae7b-5ff272cb199f
207362,18,22.9,89,93,"2021-09-13 05:17:24",A102,7cc37d5f-5e01-419f-ae7b-5ff272cb199f
207392,18,22.8,90,93,"2021-09-13 05:47:36",A102,7cc37d5f-5e01-419f-ae7b-5ff272cb199f
207421,18,22.8,90,93,"2021-09-13 06:17:54",A102,7cc37d5f-5e01-419f-ae7b-5ff272cb199f
207450,18,22.9,90,93,"2021-09-13 06:48:15",A102,7cc37d5f-5e01-419f-ae7b-5ff272cb199f
207479,18,23.1,89,100,"2021-09-13 07:18:39",A102,7cc37d5f-5e01-419f-ae7b-5ff272cb199f
207509,18,23.4,90,100,"2021-09-13 07:49:02",A102,7cc37d5f-5e01-419f-ae7b-5ff272cb199f
207537,15,24.9,70,114,"2021-09-13 08:17:27",A101,7cc37d5f-5e01-419f-ae7b-5ff272cb199f
207538,18,23.9,90,93,"2021-09-13 08:19:25",A102,7cc37d5f-5e01-419f-ae7b-5ff272cb199f
207567,18,24.4,90,100,"2021-09-13 08:49:51",A102,7cc37d5f-5e01-419f-ae7b-5ff272cb199f
207596,18,24.9,91,100,"2021-09-13 09:20:17",A102,7cc37d5f-5e01-419f-ae7b-5ff272cb199f
207626,18,25.5,91,100,"2021-09-13 09:50:40",A102,7cc37d5f-5e01-419f-ae7b-5ff272cb199f
207683,15,29.4,69,114,"2021-09-13 10:50:09",A101,7cc37d5f-5e01-419f-ae7b-5ff272cb199f
207684,18,26.9,91,100,"2021-09-13 10:51:32",A102,7cc37d5f-5e01-419f-ae7b-5ff272cb199f
207714,18,27.6,91,107,"2021-09-13 11:22:02",A102,7cc37d5f-5e01-419f-ae7b-5ff272cb199f
207743,18,28.3,91,100,"2021-09-13 11:52:34",A102,7cc37d5f-5e01-419f-ae7b-5ff272cb199f
207771,18,29,92,107,"2021-09-13 12:22:58",A102,7cc37d5f-5e01-419f-ae7b-5ff272cb199f
207802,15,31.6,70,114,"2021-09-13 12:52:17",A101,7cc37d5f-5e01-419f-ae7b-5ff272cb199f
207803,18,29.3,93,93,"2021-09-13 12:53:15",A102,7cc37d5f-5e01-419f-ae7b-5ff272cb199f
207832,18,29.4,94,107,"2021-09-13 13:23:33",A102,7cc37d5f-5e01-419f-ae7b-5ff272cb199f
207862,18,29.2,95,93,"2021-09-13 13:53:51",A102,7cc37d5f-5e01-419f-ae7b-5ff272cb199f
207890,18,29,96,93,"2021-09-13 14:24:11",A102,7cc37d5f-5e01-419f-ae7b-5ff272cb199f
207917,18,28.7,98,86,"2021-09-13 14:54:31",A102,7cc37d5f-5e01-419f-ae7b-5ff272cb199f
207945,18,28.5,96,86,"2021-09-13 15:24:50",A102,7cc37d5f-5e01-419f-ae7b-5ff272cb199f
207976,18,28.3,96,86,"2021-09-13 15:55:15",A102,7cc37d5f-5e01-419f-ae7b-5ff272cb199f
208005,18,28,96,86,"2021-09-13 16:25:25",A102,7cc37d5f-5e01-419f-ae7b-5ff272cb199f
208031,18,27.8,95,86,"2021-09-13 16:55:43",A102,7cc37d5f-5e01-419f-ae7b-5ff272cb199f
208093,18,26.2,95,86,"2021-09-13 19:57:14",A102,7cc37d5f-5e01-419f-ae7b-5ff272cb199f
208096,15,25.8,69,107,"2021-09-13 19:58:30",A101,7cc37d5f-5e01-419f-ae7b-5ff272cb199f
208123,18,26,95,86,"2021-09-13 20:27:26",A102,7cc37d5f-5e01-419f-ae7b-5ff272cb199f
208152,18,25.7,94,86,"2021-09-13 20:57:39",A102,7cc37d5f-5e01-419f-ae7b-5ff272cb199f
208181,18,25.5,93,86,"2021-09-13 21:27:53",A102,7cc37d5f-5e01-419f-ae7b-5ff272cb199f
208211,18,25.3,94,86,"2021-09-13 21:58:05",A102,7cc37d5f-5e01-419f-ae7b-5ff272cb199f
208240,18,25.1,94,86,"2021-09-13 22:28:17",A102,7cc37d5f-5e01-419f-ae7b-5ff272cb199f
208267,18,24.9,93,86,"2021-09-13 22:58:29",A102,7cc37d5f-5e01-419f-ae7b-5ff272cb199f
208295,18,24.7,94,86,"2021-09-13 23:28:40",A102,7cc37d5f-5e01-419f-ae7b-5ff272cb199f
208324,18,24.5,94,86,"2021-09-13 23:58:52",A102,7cc37d5f-5e01-419f-ae7b-5ff272cb199f
208353,18,24.3,94,86,"2021-09-14 00:29:03",A102,7cc37d5f-5e01-419f-ae7b-5ff272cb199f
208355,15,23.3,68,107,"2021-09-14 00:31:30",A101,7cc37d5f-5e01-419f-ae7b-5ff272cb199f
208383,18,24.1,94,86,"2021-09-14 00:59:14",A102,7cc37d5f-5e01-419f-ae7b-5ff272cb199f
208412,18,23.9,93,86,"2021-09-14 01:29:26",A102,7cc37d5f-5e01-419f-ae7b-5ff272cb199f
208441,18,23.7,93,86,"2021-09-14 01:59:37",A102,7cc37d5f-5e01-419f-ae7b-5ff272cb199f
208470,18,23.6,93,86,"2021-09-14 02:29:48",A102,7cc37d5f-5e01-419f-ae7b-5ff272cb199f
208473,15,22.48,68,107,"2021-09-14 02:32:51",A101,7cc37d5f-5e01-419f-ae7b-5ff272cb199f
208499,18,23.4,93,86,"2021-09-14 02:59:59",A102,7cc37d5f-5e01-419f-ae7b-5ff272cb199f
208529,18,23.2,93,86,"2021-09-14 03:30:10",A102,7cc37d5f-5e01-419f-ae7b-5ff272cb199f
208532,15,22.1,68,107,"2021-09-14 03:33:50",A101,7cc37d5f-5e01-419f-ae7b-5ff272cb199f
208560,18,23.1,92,86,"2021-09-14 04:00:20",A102,7cc37d5f-5e01-419f-ae7b-5ff272cb199f
208563,15,21.9,68,107,"2021-09-14 04:03:53",A101,7cc37d5f-5e01-419f-ae7b-5ff272cb199f
208589,18,23,92,86,"2021-09-14 04:30:30",A102,7cc37d5f-5e01-419f-ae7b-5ff272cb199f
208625,18,22.8,92,86,"2021-09-14 05:00:43",A102,7cc37d5f-5e01-419f-ae7b-5ff272cb199f
208654,18,22.7,92,93,"2021-09-14 05:30:55",A102,7cc37d5f-5e01-419f-ae7b-5ff272cb199f
208683,18,22.6,91,93,"2021-09-14 06:01:11",A102,7cc37d5f-5e01-419f-ae7b-5ff272cb199f
208712,18,22.7,91,93,"2021-09-14 06:31:29",A102,7cc37d5f-5e01-419f-ae7b-5ff272cb199f
208741,18,22.8,91,93,"2021-09-14 07:01:49",A102,7cc37d5f-5e01-419f-ae7b-5ff272cb199f
208771,18,23.1,91,100,"2021-09-14 07:32:13",A102,7cc37d5f-5e01-419f-ae7b-5ff272cb199f
208799,18,23.5,91,100,"2021-09-14 08:02:39",A102,7cc37d5f-5e01-419f-ae7b-5ff272cb199f
208828,18,24,92,100,"2021-09-14 08:33:03",A102,7cc37d5f-5e01-419f-ae7b-5ff272cb199f
208836,15,25.5,67,114,"2021-09-14 08:37:49",A101,7cc37d5f-5e01-419f-ae7b-5ff272cb199f
208859,18,24.7,92,100,"2021-09-14 09:03:29",A102,7cc37d5f-5e01-419f-ae7b-5ff272cb199f
208888,18,25.3,92,100,"2021-09-14 09:33:55",A102,7cc37d5f-5e01-419f-ae7b-5ff272cb199f
208896,15,27.7,66,114,"2021-09-14 09:39:04",A101,7cc37d5f-5e01-419f-ae7b-5ff272cb199f
208918,18,26.1,92,100,"2021-09-14 10:05:29",A102,7cc37d5f-5e01-419f-ae7b-5ff272cb199f
208926,15,28.7,67,114,"2021-09-14 10:09:34",A101,7cc37d5f-5e01-419f-ae7b-5ff272cb199f
208948,18,26.8,91,100,"2021-09-14 10:35:52",A102,7cc37d5f-5e01-419f-ae7b-5ff272cb199f
208955,15,29.7,67,114,"2021-09-14 10:39:58",A101,7cc37d5f-5e01-419f-ae7b-5ff272cb199f
209008,18,28.2,93,100,"2021-09-14 11:36:42",A102,7cc37d5f-5e01-419f-ae7b-5ff272cb199f
209038,18,28.9,94,93,"2021-09-14 12:07:10",A102,7cc37d5f-5e01-419f-ae7b-5ff272cb199f
209068,18,29.4,94,100,"2021-09-14 12:37:37",A102,7cc37d5f-5e01-419f-ae7b-5ff272cb199f
209075,14,32.2,68,114,"2021-09-14 12:42:17",A101,7cc37d5f-5e01-419f-ae7b-5ff272cb199f
209099,18,29.9,94,100,"2021-09-14 13:08:07",A102,7cc37d5f-5e01-419f-ae7b-5ff272cb199f
209154,18,30.5,102,93,"2021-09-14 14:08:59",A102,7cc37d5f-5e01-419f-ae7b-5ff272cb199f
209160,14,32.6,68,114,"2021-09-14 14:14:14",A101,7cc37d5f-5e01-419f-ae7b-5ff272cb199f
209184,18,30.6,100,93,"2021-09-14 14:39:20",A102,7cc37d5f-5e01-419f-ae7b-5ff272cb199f
209191,14,32.3,68,114,"2021-09-14 14:44:37",A101,7cc37d5f-5e01-419f-ae7b-5ff272cb199f
209215,18,30.6,98,86,"2021-09-14 15:09:46",A102,7cc37d5f-5e01-419f-ae7b-5ff272cb199f
209246,18,30.5,99,86,"2021-09-14 15:40:09",A102,7cc37d5f-5e01-419f-ae7b-5ff272cb199f
209276,18,30.3,99,86,"2021-09-14 16:10:29",A102,7cc37d5f-5e01-419f-ae7b-5ff272cb199f
209332,18,29.7,99,86,"2021-09-14 17:11:05",A102,7cc37d5f-5e01-419f-ae7b-5ff272cb199f
209352,19,29.4,100,86,"2021-09-14 17:41:24",A102,7cc37d5f-5e01-419f-ae7b-5ff272cb199f
209362,19,29,99,86,"2021-09-14 18:11:36",A102,7cc37d5f-5e01-419f-ae7b-5ff272cb199f
209377,18,28.4,100,86,"2021-09-14 19:12:08",A102,7cc37d5f-5e01-419f-ae7b-5ff272cb199f
209412,18,27.8,98,86,"2021-09-14 20:12:34",A102,7cc37d5f-5e01-419f-ae7b-5ff272cb199f
209440,18,27.5,98,86,"2021-09-14 20:42:47",A102,7cc37d5f-5e01-419f-ae7b-5ff272cb199f
209471,18,27.3,99,86,"2021-09-14 21:12:59",A102,7cc37d5f-5e01-419f-ae7b-5ff272cb199f
209500,18,27.1,99,86,"2021-09-14 21:43:13",A102,7cc37d5f-5e01-419f-ae7b-5ff272cb199f
209530,18,26.8,98,86,"2021-09-14 22:13:23",A102,7cc37d5f-5e01-419f-ae7b-5ff272cb199f
209570,18,26.6,99,86,"2021-09-14 22:43:36",A102,7cc37d5f-5e01-419f-ae7b-5ff272cb199f
209597,18,26.4,99,86,"2021-09-14 23:13:47",A102,7cc37d5f-5e01-419f-ae7b-5ff272cb199f
209625,18,26.2,97,86,"2021-09-14 23:43:59",A102,7cc37d5f-5e01-419f-ae7b-5ff272cb199f
209638,14,25.3,67,107,"2021-09-14 23:54:40",A101,7cc37d5f-5e01-419f-ae7b-5ff272cb199f
209654,18,26,97,86,"2021-09-15 00:14:10",A102,7cc37d5f-5e01-419f-ae7b-5ff272cb199f
209682,18,25.8,98,86,"2021-09-15 00:44:18",A102,7cc37d5f-5e01-419f-ae7b-5ff272cb199f
209696,14,24.8,67,107,"2021-09-15 00:55:36",A101,7cc37d5f-5e01-419f-ae7b-5ff272cb199f
209712,18,25.6,97,86,"2021-09-15 01:14:28",A102,7cc37d5f-5e01-419f-ae7b-5ff272cb199f
209740,18,25.5,98,86,"2021-09-15 01:44:37",A102,7cc37d5f-5e01-419f-ae7b-5ff272cb199f
209753,14,24.4,67,107,"2021-09-15 01:56:23",A101,7cc37d5f-5e01-419f-ae7b-5ff272cb199f
209769,18,25.3,97,86,"2021-09-15 02:14:49",A102,7cc37d5f-5e01-419f-ae7b-5ff272cb199f
209782,15,24.2,67,107,"2021-09-15 02:26:38",A101,7cc37d5f-5e01-419f-ae7b-5ff272cb199f
209796,18,25.1,96,86,"2021-09-15 02:44:59",A102,7cc37d5f-5e01-419f-ae7b-5ff272cb199f
209811,14,24,67,107,"2021-09-15 02:57:01",A101,7cc37d5f-5e01-419f-ae7b-5ff272cb199f
209826,18,25,96,86,"2021-09-15 03:15:06",A102,7cc37d5f-5e01-419f-ae7b-5ff272cb199f
209841,15,23.9,67,107,"2021-09-15 03:27:25",A101,7cc37d5f-5e01-419f-ae7b-5ff272cb199f
209856,18,24.8,96,86,"2021-09-15 03:45:15",A102,7cc37d5f-5e01-419f-ae7b-5ff272cb199f
209885,18,24.7,96,86,"2021-09-15 04:15:25",A102,7cc37d5f-5e01-419f-ae7b-5ff272cb199f
209913,18,24.6,96,86,"2021-09-15 04:45:34",A102,7cc37d5f-5e01-419f-ae7b-5ff272cb199f
209942,18,24.4,96,93,"2021-09-15 05:15:45",A102,7cc37d5f-5e01-419f-ae7b-5ff272cb199f
209955,14,23.3,66,107,"2021-09-15 05:29:00",A101,7cc37d5f-5e01-419f-ae7b-5ff272cb199f
209969,18,24.3,96,93,"2021-09-15 05:46:03",A102,7cc37d5f-5e01-419f-ae7b-5ff272cb199f
209984,14,23.4,66,114,"2021-09-15 05:59:28",A101,7cc37d5f-5e01-419f-ae7b-5ff272cb199f
210013,14,23.7,66,114,"2021-09-15 06:30:02",A101,7cc37d5f-5e01-419f-ae7b-5ff272cb199f
210027,18,24.4,89,93,"2021-09-15 06:46:34",A102,7cc37d5f-5e01-419f-ae7b-5ff272cb199f
210042,14,24.1,66,114,"2021-09-15 07:00:38",A101,7cc37d5f-5e01-419f-ae7b-5ff272cb199f
210056,18,24.5,89,93,"2021-09-15 07:16:55",A102,7cc37d5f-5e01-419f-ae7b-5ff272cb199f
210085,18,24.6,89,93,"2021-09-15 07:47:13",A102,7cc37d5f-5e01-419f-ae7b-5ff272cb199f
210112,18,24.8,89,100,"2021-09-15 08:17:35",A102,7cc37d5f-5e01-419f-ae7b-5ff272cb199f
210127,14,26.3,66,114,"2021-09-15 08:32:04",A101,7cc37d5f-5e01-419f-ae7b-5ff272cb199f
210141,18,24.9,90,100,"2021-09-15 08:47:58",A102,7cc37d5f-5e01-419f-ae7b-5ff272cb199f
210169,18,25.1,90,100,"2021-09-15 09:18:20",A102,7cc37d5f-5e01-419f-ae7b-5ff272cb199f
210198,18,25.3,99,100,"2021-09-15 09:48:43",A102,7cc37d5f-5e01-419f-ae7b-5ff272cb199f
210223,18,25.6,100,93,"2021-09-15 10:19:09",A102,7cc37d5f-5e01-419f-ae7b-5ff272cb199f
210247,18,25.9,101,100,"2021-09-15 10:49:31",A102,7cc37d5f-5e01-419f-ae7b-5ff272cb199f
210273,18,26.2,100,100,"2021-09-15 11:19:55",A102,7cc37d5f-5e01-419f-ae7b-5ff272cb199f
210289,14,30.4,66,114,"2021-09-15 11:35:34",A101,7cc37d5f-5e01-419f-ae7b-5ff272cb199f
210331,18,26.7,101,100,"2021-09-15 12:20:44",A102,7cc37d5f-5e01-419f-ae7b-5ff272cb199f
210358,18,26.9,102,100,"2021-09-15 12:51:11",A102,7cc37d5f-5e01-419f-ae7b-5ff272cb199f
210385,18,27.2,102,93,"2021-09-15 13:21:37",A102,7cc37d5f-5e01-419f-ae7b-5ff272cb199f
210411,18,27.4,103,86,"2021-09-15 13:52:00",A102,7cc37d5f-5e01-419f-ae7b-5ff272cb199f
210439,18,27.6,103,93,"2021-09-15 14:22:20",A102,7cc37d5f-5e01-419f-ae7b-5ff272cb199f
210466,19,27.7,109,86,"2021-09-15 14:52:45",A102,7cc37d5f-5e01-419f-ae7b-5ff272cb199f
210492,19,27.8,108,86,"2021-09-15 15:23:05",A102,7cc37d5f-5e01-419f-ae7b-5ff272cb199f
210517,19,27.8,108,86,"2021-09-15 15:53:21",A102,7cc37d5f-5e01-419f-ae7b-5ff272cb199f
210543,18,27.8,106,86,"2021-09-15 16:23:37",A102,7cc37d5f-5e01-419f-ae7b-5ff272cb199f
210571,19,27.7,106,86,"2021-09-15 16:53:54",A102,7cc37d5f-5e01-419f-ae7b-5ff272cb199f
210598,14,28.8,67,107,"2021-09-15 17:41:56",A101,7cc37d5f-5e01-419f-ae7b-5ff272cb199f
210623,14,27.9,66,107,"2021-09-15 18:42:46",A101,7cc37d5f-5e01-419f-ae7b-5ff272cb199f
210629,19,27.3,104,86,"2021-09-15 18:54:48",A102,7cc37d5f-5e01-419f-ae7b-5ff272cb199f
210639,19,27.1,104,86,"2021-09-15 19:25:00",A102,7cc37d5f-5e01-419f-ae7b-5ff272cb199f
210658,18,27,105,86,"2021-09-15 19:55:14",A102,7cc37d5f-5e01-419f-ae7b-5ff272cb199f
210685,18,26.8,105,86,"2021-09-15 20:25:26",A102,7cc37d5f-5e01-419f-ae7b-5ff272cb199f
210707,14,26.4,66,107,"2021-09-15 20:44:36",A101,7cc37d5f-5e01-419f-ae7b-5ff272cb199f
210716,18,26.7,104,86,"2021-09-15 20:55:35",A102,7cc37d5f-5e01-419f-ae7b-5ff272cb199f
210744,19,26.5,106,86,"2021-09-15 21:25:50",A102,7cc37d5f-5e01-419f-ae7b-5ff272cb199f
210765,14,25.8,66,107,"2021-09-15 21:45:20",A101,7cc37d5f-5e01-419f-ae7b-5ff272cb199f
210774,19,26.4,107,86,"2021-09-15 21:56:00",A102,7cc37d5f-5e01-419f-ae7b-5ff272cb199f
210803,19,26.3,108,86,"2021-09-15 22:26:11",A102,7cc37d5f-5e01-419f-ae7b-5ff272cb199f
210832,19,26.1,108,86,"2021-09-15 22:56:22",A102,7cc37d5f-5e01-419f-ae7b-5ff272cb199f
210854,14,25,66,107,"2021-09-15 23:16:33",A101,7cc37d5f-5e01-419f-ae7b-5ff272cb199f
210862,18,26,106,86,"2021-09-15 23:26:32",A102,7cc37d5f-5e01-419f-ae7b-5ff272cb199f
210888,18,25.8,105,86,"2021-09-15 23:56:44",A102,7cc37d5f-5e01-419f-ae7b-5ff272cb199f
210917,18,25.7,104,86,"2021-09-16 00:26:54",A102,7cc37d5f-5e01-419f-ae7b-5ff272cb199f
210946,18,25.6,105,86,"2021-09-16 00:57:05",A102,7cc37d5f-5e01-419f-ae7b-5ff272cb199f
210976,19,25.4,104,86,"2021-09-16 01:27:13",A102,7cc37d5f-5e01-419f-ae7b-5ff272cb199f
211001,14,23.8,65,107,"2021-09-16 01:48:42",A101,7cc37d5f-5e01-419f-ae7b-5ff272cb199f
211006,18,25.3,104,86,"2021-09-16 01:57:24",A102,7cc37d5f-5e01-419f-ae7b-5ff272cb199f
211033,18,25.2,105,86,"2021-09-16 02:27:34",A102,7cc37d5f-5e01-419f-ae7b-5ff272cb199f
211061,18,25.08,103,86,"2021-09-16 02:57:44",A102,7cc37d5f-5e01-419f-ae7b-5ff272cb199f
211110,18,24.8,104,86,"2021-09-16 03:58:03",A102,7cc37d5f-5e01-419f-ae7b-5ff272cb199f
211135,14,23,65,107,"2021-09-16 04:20:27",A101,7cc37d5f-5e01-419f-ae7b-5ff272cb199f
211139,18,24.7,104,86,"2021-09-16 04:28:13",A102,7cc37d5f-5e01-419f-ae7b-5ff272cb199f
211167,18,24.6,104,86,"2021-09-16 04:58:23",A102,7cc37d5f-5e01-419f-ae7b-5ff272cb199f
211194,18,24.5,103,93,"2021-09-16 05:28:35",A102,7cc37d5f-5e01-419f-ae7b-5ff272cb199f
211219,14,22.7,65,107,"2021-09-16 05:51:41",A101,7cc37d5f-5e01-419f-ae7b-5ff272cb199f
211223,18,24.4,105,93,"2021-09-16 05:58:46",A102,7cc37d5f-5e01-419f-ae7b-5ff272cb199f
211249,14,22.8,65,107,"2021-09-16 06:22:08",A101,7cc37d5f-5e01-419f-ae7b-5ff272cb199f
211253,18,24.4,105,93,"2021-09-16 06:29:01",A102,7cc37d5f-5e01-419f-ae7b-5ff272cb199f
211281,18,24.3,106,93,"2021-09-16 06:59:19",A102,7cc37d5f-5e01-419f-ae7b-5ff272cb199f
211309,18,24.3,105,93,"2021-09-16 07:29:36",A102,7cc37d5f-5e01-419f-ae7b-5ff272cb199f
211333,18,24.4,105,100,"2021-09-16 07:59:58",A102,7cc37d5f-5e01-419f-ae7b-5ff272cb199f
211361,18,24.5,105,93,"2021-09-16 08:30:18",A102,7cc37d5f-5e01-419f-ae7b-5ff272cb199f
211387,14,26.2,64,114,"2021-09-16 08:54:43",A101,7cc37d5f-5e01-419f-ae7b-5ff272cb199f
211390,18,24.7,105,100,"2021-09-16 09:00:41",A102,7cc37d5f-5e01-419f-ae7b-5ff272cb199f
211416,14,27.3,64,114,"2021-09-16 09:25:20",A101,7cc37d5f-5e01-419f-ae7b-5ff272cb199f
211419,18,25,105,100,"2021-09-16 09:31:06",A102,7cc37d5f-5e01-419f-ae7b-5ff272cb199f
211444,14,28.4,65,114,"2021-09-16 09:55:54",A101,7cc37d5f-5e01-419f-ae7b-5ff272cb199f
211447,18,25.3,106,100,"2021-09-16 10:01:30",A102,7cc37d5f-5e01-419f-ae7b-5ff272cb199f
211477,18,25.6,106,100,"2021-09-16 10:31:58",A102,7cc37d5f-5e01-419f-ae7b-5ff272cb199f
211502,18,26,106,100,"2021-09-16 11:02:20",A102,7cc37d5f-5e01-419f-ae7b-5ff272cb199f
211530,18,26.3,106,100,"2021-09-16 11:32:43",A102,7cc37d5f-5e01-419f-ae7b-5ff272cb199f
211556,18,26.6,106,93,"2021-09-16 12:03:05",A102,7cc37d5f-5e01-419f-ae7b-5ff272cb199f
211586,18,26.8,107,86,"2021-09-16 12:34:31",A102,7cc37d5f-5e01-419f-ae7b-5ff272cb199f
211611,14,30.3,66,114,"2021-09-16 12:59:09",A101,7cc37d5f-5e01-419f-ae7b-5ff272cb199f
211617,18,26.9,107,86,"2021-09-16 13:04:51",A102,7cc37d5f-5e01-419f-ae7b-5ff272cb199f
211646,18,27,108,86,"2021-09-16 13:35:13",A102,7cc37d5f-5e01-419f-ae7b-5ff272cb199f
211669,14,29,66,114,"2021-09-16 14:00:08",A101,7cc37d5f-5e01-419f-ae7b-5ff272cb199f
211675,18,26.9,108,86,"2021-09-16 14:05:32",A102,7cc37d5f-5e01-419f-ae7b-5ff272cb199f
211699,14,28.5,66,107,"2021-09-16 14:30:30",A101,7cc37d5f-5e01-419f-ae7b-5ff272cb199f
211705,18,26.9,108,86,"2021-09-16 14:35:51",A102,7cc37d5f-5e01-419f-ae7b-5ff272cb199f
211729,14,28,65,107,"2021-09-16 15:00:55",A101,7cc37d5f-5e01-419f-ae7b-5ff272cb199f
211735,19,26.8,109,86,"2021-09-16 15:06:11",A102,7cc37d5f-5e01-419f-ae7b-5ff272cb199f
211757,14,27.5,66,107,"2021-09-16 15:31:21",A101,7cc37d5f-5e01-419f-ae7b-5ff272cb199f
211763,18,26.7,108,86,"2021-09-16 15:36:28",A102,7cc37d5f-5e01-419f-ae7b-5ff272cb199f
211786,14,27,66,107,"2021-09-16 16:01:53",A101,7cc37d5f-5e01-419f-ae7b-5ff272cb199f
211792,18,26.6,108,86,"2021-09-16 16:06:47",A102,7cc37d5f-5e01-419f-ae7b-5ff272cb199f
211816,14,26.6,65,107,"2021-09-16 16:32:10",A101,7cc37d5f-5e01-419f-ae7b-5ff272cb199f
211822,18,26.4,107,86,"2021-09-16 16:37:04",A102,7cc37d5f-5e01-419f-ae7b-5ff272cb199f
211842,14,26.2,65,107,"2021-09-16 17:02:36",A101,7cc37d5f-5e01-419f-ae7b-5ff272cb199f
211861,14,25.8,65,107,"2021-09-16 17:33:11",A101,7cc37d5f-5e01-419f-ae7b-5ff272cb199f
211869,14,25.5,65,107,"2021-09-16 18:03:34",A101,7cc37d5f-5e01-419f-ae7b-5ff272cb199f
211873,18,25.9,108,86,"2021-09-16 18:07:57",A102,7cc37d5f-5e01-419f-ae7b-5ff272cb199f
211880,18,25.8,107,86,"2021-09-16 18:38:15",A102,7cc37d5f-5e01-419f-ae7b-5ff272cb199f
211906,14,24.8,65,107,"2021-09-16 19:34:51",A101,7cc37d5f-5e01-419f-ae7b-5ff272cb199f
211913,18,25.5,107,86,"2021-09-16 19:38:51",A102,7cc37d5f-5e01-419f-ae7b-5ff272cb199f
211935,14,24.6,65,107,"2021-09-16 20:05:21",A101,7cc37d5f-5e01-419f-ae7b-5ff272cb199f
211943,18,25.4,107,86,"2021-09-16 20:09:09",A102,7cc37d5f-5e01-419f-ae7b-5ff272cb199f
211973,18,25.2,107,86,"2021-09-16 20:39:26",A102,7cc37d5f-5e01-419f-ae7b-5ff272cb199f
212003,18,25.1,107,86,"2021-09-16 21:09:43",A102,7cc37d5f-5e01-419f-ae7b-5ff272cb199f
212026,14,24.2,64,107,"2021-09-16 21:36:25",A101,7cc37d5f-5e01-419f-ae7b-5ff272cb199f
212034,18,25,106,86,"2021-09-16 21:40:02",A102,7cc37d5f-5e01-419f-ae7b-5ff272cb199f
212064,18,24.9,105,86,"2021-09-16 22:10:19",A102,7cc37d5f-5e01-419f-ae7b-5ff272cb199f
212122,18,24.7,106,86,"2021-09-16 23:10:53",A102,7cc37d5f-5e01-419f-ae7b-5ff272cb199f
212179,18,24.5,106,86,"2021-09-17 00:11:26",A102,7cc37d5f-5e01-419f-ae7b-5ff272cb199f
212209,18,24.4,105,86,"2021-09-17 00:41:44",A102,7cc37d5f-5e01-419f-ae7b-5ff272cb199f
212237,18,24.3,105,86,"2021-09-17 01:12:02",A102,7cc37d5f-5e01-419f-ae7b-5ff272cb199f
212266,18,24.2,105,86,"2021-09-17 01:42:17",A102,7cc37d5f-5e01-419f-ae7b-5ff272cb199f
212289,18,24.2,105,86,"2021-09-17 02:12:34",A102,7cc37d5f-5e01-419f-ae7b-5ff272cb199f
212303,18,24.1,106,86,"2021-09-17 02:42:50",A102,7cc37d5f-5e01-419f-ae7b-5ff272cb199f
212316,18,24,106,86,"2021-09-17 03:13:07",A102,7cc37d5f-5e01-419f-ae7b-5ff272cb199f
212331,18,23.9,106,86,"2021-09-17 03:43:25",A102,7cc37d5f-5e01-419f-ae7b-5ff272cb199f
212345,18,23.9,106,86,"2021-09-17 04:13:40",A102,7cc37d5f-5e01-419f-ae7b-5ff272cb199f
212360,18,23.8,105,86,"2021-09-17 04:43:57",A102,7cc37d5f-5e01-419f-ae7b-5ff272cb199f
212378,18,23.7,105,86,"2021-09-17 05:14:14",A102,7cc37d5f-5e01-419f-ae7b-5ff272cb199f
212395,18,23.7,105,86,"2021-09-17 05:44:32",A102,7cc37d5f-5e01-419f-ae7b-5ff272cb199f
212410,18,23.6,104,86,"2021-09-17 06:14:51",A102,7cc37d5f-5e01-419f-ae7b-5ff272cb199f
212424,19,23.5,134,93,"2021-09-17 06:45:09",A102,7cc37d5f-5e01-419f-ae7b-5ff272cb199f
212454,19,23.4,142,93,"2021-09-17 07:45:51",A102,7cc37d5f-5e01-419f-ae7b-5ff272cb199f
212471,19,23.5,140,93,"2021-09-17 08:16:15",A102,7cc37d5f-5e01-419f-ae7b-5ff272cb199f
212488,19,23.7,144,93,"2021-09-17 08:46:42",A102,7cc37d5f-5e01-419f-ae7b-5ff272cb199f
212508,19,23.9,145,100,"2021-09-17 09:17:08",A102,7cc37d5f-5e01-419f-ae7b-5ff272cb199f
212527,19,24.2,144,100,"2021-09-17 09:47:36",A102,7cc37d5f-5e01-419f-ae7b-5ff272cb199f
212546,19,24.6,144,100,"2021-09-17 10:18:02",A102,7cc37d5f-5e01-419f-ae7b-5ff272cb199f
212565,19,24.9,152,100,"2021-09-17 10:48:31",A102,7cc37d5f-5e01-419f-ae7b-5ff272cb199f
212584,28,25.8,306,100,"2021-09-17 11:18:46",A102,7cc37d5f-5e01-419f-ae7b-5ff272cb199f
212586,14,29.4,63,114,"2021-09-17 11:21:07",A101,7cc37d5f-5e01-419f-ae7b-5ff272cb199f
212604,28,26.3,288,100,"2021-09-17 11:49:12",A102,7cc37d5f-5e01-419f-ae7b-5ff272cb199f
212623,27,26.6,272,100,"2021-09-17 12:19:41",A102,7cc37d5f-5e01-419f-ae7b-5ff272cb199f
212641,26,26.7,267,100,"2021-09-17 12:50:10",A102,7cc37d5f-5e01-419f-ae7b-5ff272cb199f
212673,25,26.9,251,100,"2021-09-17 13:51:09",A102,7cc37d5f-5e01-419f-ae7b-5ff272cb199f
212689,25,26.9,245,93,"2021-09-17 14:21:40",A102,7cc37d5f-5e01-419f-ae7b-5ff272cb199f
212691,14,31.3,64,114,"2021-09-17 14:24:46",A101,7cc37d5f-5e01-419f-ae7b-5ff272cb199f
212707,25,26.9,243,86,"2021-09-17 14:52:04",A102,7cc37d5f-5e01-419f-ae7b-5ff272cb199f
212723,25,26.8,238,86,"2021-09-17 15:22:29",A102,7cc37d5f-5e01-419f-ae7b-5ff272cb199f
212740,25,26.7,234,86,"2021-09-17 15:52:51",A102,7cc37d5f-5e01-419f-ae7b-5ff272cb199f
212758,25,26.5,232,86,"2021-09-17 16:23:14",A102,7cc37d5f-5e01-419f-ae7b-5ff272cb199f
212762,14,29.7,64,114,"2021-09-17 16:27:06",A101,7cc37d5f-5e01-419f-ae7b-5ff272cb199f
212777,25,26.3,226,86,"2021-09-17 16:53:35",A102,7cc37d5f-5e01-419f-ae7b-5ff272cb199f
212794,24,26,227,86,"2021-09-17 17:23:55",A102,7cc37d5f-5e01-419f-ae7b-5ff272cb199f
212801,24,25.8,222,86,"2021-09-17 17:54:17",A102,7cc37d5f-5e01-419f-ae7b-5ff272cb199f
212808,24,25.6,225,86,"2021-09-17 18:24:38",A102,7cc37d5f-5e01-419f-ae7b-5ff272cb199f
212819,14,27.7,64,114,"2021-09-17 18:59:33",A101,7cc37d5f-5e01-419f-ae7b-5ff272cb199f
212826,24,25.3,222,86,"2021-09-17 19:25:19",A102,7cc37d5f-5e01-419f-ae7b-5ff272cb199f
212841,24,25.18,221,86,"2021-09-17 19:55:39",A102,7cc37d5f-5e01-419f-ae7b-5ff272cb199f
212858,24,25,219,86,"2021-09-17 20:25:58",A102,7cc37d5f-5e01-419f-ae7b-5ff272cb199f
212876,24,24.8,219,86,"2021-09-17 20:56:17",A102,7cc37d5f-5e01-419f-ae7b-5ff272cb199f
212892,24,24.7,218,86,"2021-09-17 21:26:36",A102,7cc37d5f-5e01-419f-ae7b-5ff272cb199f
212909,24,24.5,215,86,"2021-09-17 21:56:54",A102,7cc37d5f-5e01-419f-ae7b-5ff272cb199f
212913,14,26.1,64,107,"2021-09-17 22:02:16",A101,7cc37d5f-5e01-419f-ae7b-5ff272cb199f
212925,24,24.4,215,86,"2021-09-17 22:27:13",A102,7cc37d5f-5e01-419f-ae7b-5ff272cb199f
212940,24,24.2,215,86,"2021-09-17 22:57:40",A102,7cc37d5f-5e01-419f-ae7b-5ff272cb199f
212944,14,25.6,64,107,"2021-09-17 23:03:07",A101,7cc37d5f-5e01-419f-ae7b-5ff272cb199f
212956,24,24.1,216,86,"2021-09-17 23:27:47",A102,7cc37d5f-5e01-419f-ae7b-5ff272cb199f
212972,24,23.9,215,86,"2021-09-17 23:58:04",A102,7cc37d5f-5e01-419f-ae7b-5ff272cb199f
212987,24,23.8,213,86,"2021-09-18 00:28:21",A102,7cc37d5f-5e01-419f-ae7b-5ff272cb199f
213002,24,23.7,211,86,"2021-09-18 00:58:37",A102,7cc37d5f-5e01-419f-ae7b-5ff272cb199f
213018,24,23.6,210,86,"2021-09-18 01:28:55",A102,7cc37d5f-5e01-419f-ae7b-5ff272cb199f
213033,24,23.4,213,86,"2021-09-18 01:59:11",A102,7cc37d5f-5e01-419f-ae7b-5ff272cb199f
213048,24,23.3,211,86,"2021-09-18 02:29:28",A102,7cc37d5f-5e01-419f-ae7b-5ff272cb199f
213052,14,24.3,64,107,"2021-09-18 02:36:04",A101,7cc37d5f-5e01-419f-ae7b-5ff272cb199f
213065,24,23.2,210,86,"2021-09-18 02:59:46",A102,7cc37d5f-5e01-419f-ae7b-5ff272cb199f
213078,24,23.1,209,86,"2021-09-18 03:30:02",A102,7cc37d5f-5e01-419f-ae7b-5ff272cb199f
213093,24,23,208,86,"2021-09-18 04:00:18",A102,7cc37d5f-5e01-419f-ae7b-5ff272cb199f
213108,24,22.9,210,86,"2021-09-18 04:30:38",A102,7cc37d5f-5e01-419f-ae7b-5ff272cb199f
213125,24,22.8,211,86,"2021-09-18 05:00:51",A102,7cc37d5f-5e01-419f-ae7b-5ff272cb199f
213129,14,23.6,63,107,"2021-09-18 05:08:13",A101,7cc37d5f-5e01-419f-ae7b-5ff272cb199f
213143,24,22.8,210,86,"2021-09-18 05:31:07",A102,7cc37d5f-5e01-419f-ae7b-5ff272cb199f
213145,14,23.6,64,107,"2021-09-18 05:38:40",A101,7cc37d5f-5e01-419f-ae7b-5ff272cb199f
213158,24,22.7,214,86,"2021-09-18 06:01:25",A102,7cc37d5f-5e01-419f-ae7b-5ff272cb199f
213160,14,23.4,64,107,"2021-09-18 06:09:06",A101,7cc37d5f-5e01-419f-ae7b-5ff272cb199f
213173,25,22.6,230,86,"2021-09-18 06:31:46",A102,7cc37d5f-5e01-419f-ae7b-5ff272cb199f
213177,20,23.3,98,107,"2021-09-18 06:39:35",A101,7cc37d5f-5e01-419f-ae7b-5ff272cb199f
213190,26,22.5,264,86,"2021-09-18 07:02:05",A102,7cc37d5f-5e01-419f-ae7b-5ff272cb199f
213195,20,23.3,96,107,"2021-09-18 07:10:04",A101,7cc37d5f-5e01-419f-ae7b-5ff272cb199f
213207,26,22.5,271,86,"2021-09-18 07:32:19",A102,7cc37d5f-5e01-419f-ae7b-5ff272cb199f
213211,19,23.3,94,107,"2021-09-18 07:40:30",A101,7cc37d5f-5e01-419f-ae7b-5ff272cb199f
213224,26,22.5,276,93,"2021-09-18 08:02:39",A102,7cc37d5f-5e01-419f-ae7b-5ff272cb199f
213229,19,23.4,93,107,"2021-09-18 08:10:59",A101,7cc37d5f-5e01-419f-ae7b-5ff272cb199f
213241,26,22.5,277,93,"2021-09-18 08:33:00",A102,7cc37d5f-5e01-419f-ae7b-5ff272cb199f
213254,26,22.6,275,93,"2021-09-18 09:03:22",A102,7cc37d5f-5e01-419f-ae7b-5ff272cb199f
213258,19,23.8,91,114,"2021-09-18 09:12:17",A101,7cc37d5f-5e01-419f-ae7b-5ff272cb199f
213270,26,22.7,271,93,"2021-09-18 09:33:44",A102,7cc37d5f-5e01-419f-ae7b-5ff272cb199f
213275,19,24.2,90,114,"2021-09-18 09:42:40",A101,7cc37d5f-5e01-419f-ae7b-5ff272cb199f
213288,26,22.9,271,93,"2021-09-18 10:04:09",A102,7cc37d5f-5e01-419f-ae7b-5ff272cb199f
213292,18,24.6,90,114,"2021-09-18 10:13:51",A101,7cc37d5f-5e01-419f-ae7b-5ff272cb199f
213305,26,23.1,264,93,"2021-09-18 10:34:35",A102,7cc37d5f-5e01-419f-ae7b-5ff272cb199f
213309,18,24.6,90,114,"2021-09-18 10:43:41",A101,7cc37d5f-5e01-419f-ae7b-5ff272cb199f
213321,25,23.3,263,93,"2021-09-18 11:04:57",A102,7cc37d5f-5e01-419f-ae7b-5ff272cb199f
213333,25,23.5,260,93,"2021-09-18 11:35:21",A102,7cc37d5f-5e01-419f-ae7b-5ff272cb199f
213349,25,23.7,253,93,"2021-09-18 12:05:46",A102,7cc37d5f-5e01-419f-ae7b-5ff272cb199f
213366,25,23.9,254,93,"2021-09-18 12:36:09",A102,7cc37d5f-5e01-419f-ae7b-5ff272cb199f
213383,26,24,284,93,"2021-09-18 13:06:32",A102,7cc37d5f-5e01-419f-ae7b-5ff272cb199f
213387,18,25.7,87,114,"2021-09-18 13:16:08",A101,7cc37d5f-5e01-419f-ae7b-5ff272cb199f
213400,29,24.2,357,93,"2021-09-18 13:36:53",A102,7cc37d5f-5e01-419f-ae7b-5ff272cb199f
213417,28,24.2,332,93,"2021-09-18 14:07:13",A102,7cc37d5f-5e01-419f-ae7b-5ff272cb199f
213433,27,24.1,311,93,"2021-09-18 14:37:34",A102,7cc37d5f-5e01-419f-ae7b-5ff272cb199f
213438,18,25.4,87,114,"2021-09-18 14:47:52",A101,7cc37d5f-5e01-419f-ae7b-5ff272cb199f
213450,27,24,313,93,"2021-09-18 15:08:58",A102,7cc37d5f-5e01-419f-ae7b-5ff272cb199f
213467,27,23.9,311,86,"2021-09-18 15:39:21",A102,7cc37d5f-5e01-419f-ae7b-5ff272cb199f
213484,27,23.9,310,86,"2021-09-18 16:09:42",A102,7cc37d5f-5e01-419f-ae7b-5ff272cb199f
213502,27,23.8,305,86,"2021-09-18 16:40:06",A102,7cc37d5f-5e01-419f-ae7b-5ff272cb199f
213519,26,23.7,293,86,"2021-09-18 17:10:25",A102,7cc37d5f-5e01-419f-ae7b-5ff272cb199f
213532,27,23.6,297,86,"2021-09-18 17:40:47",A102,7cc37d5f-5e01-419f-ae7b-5ff272cb199f
213541,27,23.5,298,86,"2021-09-18 18:11:08",A102,7cc37d5f-5e01-419f-ae7b-5ff272cb199f
213543,17,24.2,85,107,"2021-09-18 18:20:50",A101,7cc37d5f-5e01-419f-ae7b-5ff272cb199f
213549,26,23.4,293,86,"2021-09-18 18:41:28",A102,7cc37d5f-5e01-419f-ae7b-5ff272cb199f
213561,17,23.6,84,107,"2021-09-18 19:21:42",A101,7cc37d5f-5e01-419f-ae7b-5ff272cb199f
213573,26,23.2,290,86,"2021-09-18 19:42:10",A102,7cc37d5f-5e01-419f-ae7b-5ff272cb199f
213590,26,23.1,288,86,"2021-09-18 20:12:28",A102,7cc37d5f-5e01-419f-ae7b-5ff272cb199f
213605,26,23,286,86,"2021-09-18 20:42:48",A102,7cc37d5f-5e01-419f-ae7b-5ff272cb199f
213623,26,22.8,286,86,"2021-09-18 21:13:08",A102,7cc37d5f-5e01-419f-ae7b-5ff272cb199f
213629,17,22.9,83,107,"2021-09-18 21:23:48",A101,7cc37d5f-5e01-419f-ae7b-5ff272cb199f
213641,26,22.7,284,86,"2021-09-18 21:43:27",A102,7cc37d5f-5e01-419f-ae7b-5ff272cb199f
213646,17,22.9,83,107,"2021-09-18 21:53:53",A101,7cc37d5f-5e01-419f-ae7b-5ff272cb199f
213659,26,22.6,281,86,"2021-09-18 22:13:46",A102,7cc37d5f-5e01-419f-ae7b-5ff272cb199f
213677,26,22.5,281,86,"2021-09-18 22:44:08",A102,7cc37d5f-5e01-419f-ae7b-5ff272cb199f
213694,26,22.4,280,86,"2021-09-18 23:14:26",A102,7cc37d5f-5e01-419f-ae7b-5ff272cb199f
213700,17,22.2,83,107,"2021-09-18 23:25:09",A101,7cc37d5f-5e01-419f-ae7b-5ff272cb199f
213713,26,22.3,275,86,"2021-09-18 23:44:44",A102,7cc37d5f-5e01-419f-ae7b-5ff272cb199f
213719,17,22.1,83,107,"2021-09-18 23:55:38",A101,7cc37d5f-5e01-419f-ae7b-5ff272cb199f
213735,17,21.9,87,107,"2021-09-19 00:26:07",A101,7cc37d5f-5e01-419f-ae7b-5ff272cb199f
213752,24,21.6,116,107,"2021-09-19 00:56:27",A101,7cc37d5f-5e01-419f-ae7b-5ff272cb199f
213763,28,22.1,341,86,"2021-09-19 01:15:42",A102,7cc37d5f-5e01-419f-ae7b-5ff272cb199f
213780,28,21.9,346,86,"2021-09-19 01:46:01",A102,7cc37d5f-5e01-419f-ae7b-5ff272cb199f
213798,28,21.9,341,86,"2021-09-19 02:16:19",A102,7cc37d5f-5e01-419f-ae7b-5ff272cb199f
213813,28,21.8,335,86,"2021-09-19 02:46:38",A102,7cc37d5f-5e01-419f-ae7b-5ff272cb199f
213821,24,21.2,102,107,"2021-09-19 03:00:15",A101,7cc37d5f-5e01-419f-ae7b-5ff272cb199f
213832,28,21.7,326,86,"2021-09-19 03:16:57",A102,7cc37d5f-5e01-419f-ae7b-5ff272cb199f
213839,23,21.2,100,107,"2021-09-19 03:30:32",A101,7cc37d5f-5e01-419f-ae7b-5ff272cb199f
213850,27,21.6,318,86,"2021-09-19 03:47:16",A102,7cc37d5f-5e01-419f-ae7b-5ff272cb199f
213858,23,21.1,99,107,"2021-09-19 04:00:59",A101,7cc37d5f-5e01-419f-ae7b-5ff272cb199f
213868,27,21.5,309,86,"2021-09-19 04:17:40",A102,7cc37d5f-5e01-419f-ae7b-5ff272cb199f
213876,23,21.1,97,107,"2021-09-19 04:31:24",A101,7cc37d5f-5e01-419f-ae7b-5ff272cb199f
213884,27,21.4,300,86,"2021-09-19 04:47:54",A102,7cc37d5f-5e01-419f-ae7b-5ff272cb199f
213893,22,21,97,107,"2021-09-19 05:01:52",A101,7cc37d5f-5e01-419f-ae7b-5ff272cb199f
213901,27,21.4,301,86,"2021-09-19 05:18:12",A102,7cc37d5f-5e01-419f-ae7b-5ff272cb199f
213911,22,21,96,107,"2021-09-19 05:32:20",A101,7cc37d5f-5e01-419f-ae7b-5ff272cb199f
213920,27,21.3,292,93,"2021-09-19 05:48:34",A102,7cc37d5f-5e01-419f-ae7b-5ff272cb199f
213937,27,21.3,291,93,"2021-09-19 06:18:57",A102,7cc37d5f-5e01-419f-ae7b-5ff272cb199f
213946,22,21.5,94,114,"2021-09-19 06:33:17",A101,7cc37d5f-5e01-419f-ae7b-5ff272cb199f
213953,27,21.4,288,93,"2021-09-19 06:49:23",A102,7cc37d5f-5e01-419f-ae7b-5ff272cb199f
213962,22,22.1,93,114,"2021-09-19 07:03:50",A101,7cc37d5f-5e01-419f-ae7b-5ff272cb199f
213969,26,21.5,284,93,"2021-09-19 07:19:48",A102,7cc37d5f-5e01-419f-ae7b-5ff272cb199f
213996,21,23.5,92,114,"2021-09-19 08:05:02",A101,7cc37d5f-5e01-419f-ae7b-5ff272cb199f
214012,21,24.2,91,114,"2021-09-19 08:35:27",A101,7cc37d5f-5e01-419f-ae7b-5ff272cb199f
214018,26,22.7,273,100,"2021-09-19 09:21:34",A102,7cc37d5f-5e01-419f-ae7b-5ff272cb199f
214037,26,23.1,271,100,"2021-09-19 09:52:01",A102,7cc37d5f-5e01-419f-ae7b-5ff272cb199f
214055,26,23.5,266,93,"2021-09-19 10:22:30",A102,7cc37d5f-5e01-419f-ae7b-5ff272cb199f
214073,26,23.9,263,100,"2021-09-19 10:52:59",A102,7cc37d5f-5e01-419f-ae7b-5ff272cb199f
214090,25,24.2,262,100,"2021-09-19 11:23:27",A102,7cc37d5f-5e01-419f-ae7b-5ff272cb199f
214109,25,24.4,258,100,"2021-09-19 11:53:59",A102,7cc37d5f-5e01-419f-ae7b-5ff272cb199f
214127,25,24.7,255,100,"2021-09-19 12:24:30",A102,7cc37d5f-5e01-419f-ae7b-5ff272cb199f
214144,25,24.9,255,100,"2021-09-19 12:55:02",A102,7cc37d5f-5e01-419f-ae7b-5ff272cb199f
214161,25,25.1,253,100,"2021-09-19 13:25:35",A102,7cc37d5f-5e01-419f-ae7b-5ff272cb199f
214177,25,25.3,252,100,"2021-09-19 13:56:05",A102,7cc37d5f-5e01-419f-ae7b-5ff272cb199f
214192,25,25.4,249,93,"2021-09-19 14:26:34",A102,7cc37d5f-5e01-419f-ae7b-5ff272cb199f
214210,25,25.4,246,93,"2021-09-19 14:57:00",A102,7cc37d5f-5e01-419f-ae7b-5ff272cb199f
214229,25,25.4,246,86,"2021-09-19 15:27:26",A102,7cc37d5f-5e01-419f-ae7b-5ff272cb199f
214248,25,25.3,244,86,"2021-09-19 15:57:51",A102,7cc37d5f-5e01-419f-ae7b-5ff272cb199f
214265,25,25.1,241,86,"2021-09-19 16:28:15",A102,7cc37d5f-5e01-419f-ae7b-5ff272cb199f
214283,25,25,239,86,"2021-09-19 16:58:40",A102,7cc37d5f-5e01-419f-ae7b-5ff272cb199f
214301,25,24.9,241,86,"2021-09-19 17:29:01",A102,7cc37d5f-5e01-419f-ae7b-5ff272cb199f
214318,25,24.7,238,86,"2021-09-19 17:59:23",A102,7cc37d5f-5e01-419f-ae7b-5ff272cb199f
214336,25,24.5,239,86,"2021-09-19 18:29:45",A102,7cc37d5f-5e01-419f-ae7b-5ff272cb199f
214353,25,24.4,237,86,"2021-09-19 19:00:06",A102,7cc37d5f-5e01-419f-ae7b-5ff272cb199f
214371,25,24.2,236,86,"2021-09-19 19:30:28",A102,7cc37d5f-5e01-419f-ae7b-5ff272cb199f
214387,25,24.1,231,86,"2021-09-19 20:00:50",A102,7cc37d5f-5e01-419f-ae7b-5ff272cb199f
214399,19,24.8,81,107,"2021-09-19 20:17:56",A101,7cc37d5f-5e01-419f-ae7b-5ff272cb199f
214406,25,24,235,86,"2021-09-19 20:31:14",A102,7cc37d5f-5e01-419f-ae7b-5ff272cb199f
214422,25,23.9,235,86,"2021-09-19 21:01:35",A102,7cc37d5f-5e01-419f-ae7b-5ff272cb199f
214438,25,23.8,234,86,"2021-09-19 21:31:58",A102,7cc37d5f-5e01-419f-ae7b-5ff272cb199f
214455,25,23.7,230,86,"2021-09-19 22:02:22",A102,7cc37d5f-5e01-419f-ae7b-5ff272cb199f
214473,25,23.6,229,86,"2021-09-19 22:32:39",A102,7cc37d5f-5e01-419f-ae7b-5ff272cb199f
214490,25,23.5,231,86,"2021-09-19 23:03:02",A102,7cc37d5f-5e01-419f-ae7b-5ff272cb199f
214508,24,23.4,232,86,"2021-09-19 23:33:22",A102,7cc37d5f-5e01-419f-ae7b-5ff272cb199f
214524,24,23.3,232,86,"2021-09-20 00:03:44",A102,7cc37d5f-5e01-419f-ae7b-5ff272cb199f
214540,24,23.2,230,86,"2021-09-20 00:34:06",A102,7cc37d5f-5e01-419f-ae7b-5ff272cb199f
214557,24,23.1,228,86,"2021-09-20 01:04:26",A102,7cc37d5f-5e01-419f-ae7b-5ff272cb199f
214574,24,23,229,86,"2021-09-20 01:34:46",A102,7cc37d5f-5e01-419f-ae7b-5ff272cb199f
214585,18,23.1,79,107,"2021-09-20 01:52:58",A101,7cc37d5f-5e01-419f-ae7b-5ff272cb199f
214592,24,22.9,230,86,"2021-09-20 02:05:07",A102,7cc37d5f-5e01-419f-ae7b-5ff272cb199f
214610,24,22.8,229,86,"2021-09-20 02:35:27",A102,7cc37d5f-5e01-419f-ae7b-5ff272cb199f
214620,18,22.9,78,107,"2021-09-20 02:53:52",A101,7cc37d5f-5e01-419f-ae7b-5ff272cb199f
214627,24,22.8,228,86,"2021-09-20 03:05:48",A102,7cc37d5f-5e01-419f-ae7b-5ff272cb199f
214638,18,22.8,78,107,"2021-09-20 03:24:16",A101,7cc37d5f-5e01-419f-ae7b-5ff272cb199f
214645,24,22.7,228,86,"2021-09-20 03:36:09",A102,7cc37d5f-5e01-419f-ae7b-5ff272cb199f
214660,24,22.6,225,86,"2021-09-20 04:06:28",A102,7cc37d5f-5e01-419f-ae7b-5ff272cb199f
214677,24,22.6,225,86,"2021-09-20 04:36:50",A102,7cc37d5f-5e01-419f-ae7b-5ff272cb199f
214688,18,22.6,78,107,"2021-09-20 04:55:43",A101,7cc37d5f-5e01-419f-ae7b-5ff272cb199f
214695,24,22.5,226,86,"2021-09-20 05:07:09",A102,7cc37d5f-5e01-419f-ae7b-5ff272cb199f
214713,24,22.42,226,93,"2021-09-20 05:37:34",A102,7cc37d5f-5e01-419f-ae7b-5ff272cb199f
214729,24,22.4,227,93,"2021-09-20 06:07:59",A102,7cc37d5f-5e01-419f-ae7b-5ff272cb199f
214746,24,22.5,227,93,"2021-09-20 06:38:27",A102,7cc37d5f-5e01-419f-ae7b-5ff272cb199f
214758,18,23.5,77,114,"2021-09-20 06:57:47",A101,7cc37d5f-5e01-419f-ae7b-5ff272cb199f
214764,24,22.6,226,93,"2021-09-20 07:08:57",A102,7cc37d5f-5e01-419f-ae7b-5ff272cb199f
214781,24,22.8,226,100,"2021-09-20 07:39:26",A102,7cc37d5f-5e01-419f-ae7b-5ff272cb199f
214796,24,23.1,226,100,"2021-09-20 08:09:55",A102,7cc37d5f-5e01-419f-ae7b-5ff272cb199f
214806,18,25.9,76,114,"2021-09-20 08:29:31",A101,7cc37d5f-5e01-419f-ae7b-5ff272cb199f
214813,24,23.4,225,100,"2021-09-20 08:40:25",A102,7cc37d5f-5e01-419f-ae7b-5ff272cb199f
214829,25,23.7,266,100,"2021-09-20 09:10:50",A102,7cc37d5f-5e01-419f-ae7b-5ff272cb199f
214848,26,24.1,277,107,"2021-09-20 09:41:21",A102,7cc37d5f-5e01-419f-ae7b-5ff272cb199f
214868,27,24.5,285,100,"2021-09-20 10:11:48",A102,7cc37d5f-5e01-419f-ae7b-5ff272cb199f
214891,26,24.8,281,100,"2021-09-20 10:42:18",A102,7cc37d5f-5e01-419f-ae7b-5ff272cb199f
214913,26,25.1,280,100,"2021-09-20 11:12:51",A102,7cc37d5f-5e01-419f-ae7b-5ff272cb199f
214928,17,31.4,76,114,"2021-09-20 11:33:11",A101,7cc37d5f-5e01-419f-ae7b-5ff272cb199f
214935,26,25.4,279,100,"2021-09-20 11:43:23",A102,7cc37d5f-5e01-419f-ae7b-5ff272cb199f
214974,26,25.8,271,100,"2021-09-20 12:44:22",A102,7cc37d5f-5e01-419f-ae7b-5ff272cb199f
214987,17,31.7,76,114,"2021-09-20 13:05:07",A101,7cc37d5f-5e01-419f-ae7b-5ff272cb199f
214996,26,25.8,271,100,"2021-09-20 13:14:54",A102,7cc37d5f-5e01-419f-ae7b-5ff272cb199f
215020,25,25.7,263,100,"2021-09-20 13:45:24",A102,7cc37d5f-5e01-419f-ae7b-5ff272cb199f
215037,17,31.1,77,114,"2021-09-20 14:06:15",A101,7cc37d5f-5e01-419f-ae7b-5ff272cb199f
215047,31,25.8,329,107,"2021-09-20 14:15:49",A102,7cc37d5f-5e01-419f-ae7b-5ff272cb199f
215073,31,25.7,330,93,"2021-09-20 14:46:15",A102,7cc37d5f-5e01-419f-ae7b-5ff272cb199f
215098,30,25.5,323,86,"2021-09-20 15:16:45",A102,7cc37d5f-5e01-419f-ae7b-5ff272cb199f
215121,30,25.3,321,86,"2021-09-20 15:47:13",A102,7cc37d5f-5e01-419f-ae7b-5ff272cb199f
215148,29,25.2,314,86,"2021-09-20 16:17:36",A102,7cc37d5f-5e01-419f-ae7b-5ff272cb199f
215169,17,29.4,76,114,"2021-09-20 16:39:03",A101,7cc37d5f-5e01-419f-ae7b-5ff272cb199f
215178,29,25.1,304,86,"2021-09-20 16:48:03",A102,7cc37d5f-5e01-419f-ae7b-5ff272cb199f
215205,29,24.9,299,86,"2021-09-20 17:18:23",A102,7cc37d5f-5e01-419f-ae7b-5ff272cb199f
215232,28,24.7,293,86,"2021-09-20 17:49:46",A102,7cc37d5f-5e01-419f-ae7b-5ff272cb199f
215257,28,24.5,285,86,"2021-09-20 18:20:10",A102,7cc37d5f-5e01-419f-ae7b-5ff272cb199f
215284,28,24.4,280,86,"2021-09-20 18:50:33",A102,7cc37d5f-5e01-419f-ae7b-5ff272cb199f
215312,28,24.2,277,86,"2021-09-20 19:20:55",A102,7cc37d5f-5e01-419f-ae7b-5ff272cb199f
215340,28,24.02,274,86,"2021-09-20 19:51:16",A102,7cc37d5f-5e01-419f-ae7b-5ff272cb199f
215360,17,26.6,75,107,"2021-09-20 20:12:31",A101,7cc37d5f-5e01-419f-ae7b-5ff272cb199f
215368,28,23.9,270,86,"2021-09-20 20:21:37",A102,7cc37d5f-5e01-419f-ae7b-5ff272cb199f
215393,27,23.7,267,86,"2021-09-20 20:51:59",A102,7cc37d5f-5e01-419f-ae7b-5ff272cb199f
215419,27,23.6,265,86,"2021-09-20 21:22:21",A102,7cc37d5f-5e01-419f-ae7b-5ff272cb199f
215446,27,23.5,265,86,"2021-09-20 21:52:45",A102,7cc37d5f-5e01-419f-ae7b-5ff272cb199f
215473,27,23.4,261,86,"2021-09-20 22:23:05",A102,7cc37d5f-5e01-419f-ae7b-5ff272cb199f
215501,27,23.3,259,86,"2021-09-20 22:53:26",A102,7cc37d5f-5e01-419f-ae7b-5ff272cb199f
215529,27,23.2,259,86,"2021-09-20 23:23:48",A102,7cc37d5f-5e01-419f-ae7b-5ff272cb199f
215557,27,23.1,256,86,"2021-09-20 23:54:08",A102,7cc37d5f-5e01-419f-ae7b-5ff272cb199f
215585,27,23.1,256,86,"2021-09-21 00:24:32",A102,7cc37d5f-5e01-419f-ae7b-5ff272cb199f
215613,27,23,252,86,"2021-09-21 00:54:52",A102,7cc37d5f-5e01-419f-ae7b-5ff272cb199f
215641,27,22.9,253,86,"2021-09-21 01:25:13",A102,7cc37d5f-5e01-419f-ae7b-5ff272cb199f
215669,27,22.88,252,86,"2021-09-21 01:55:34",A102,7cc37d5f-5e01-419f-ae7b-5ff272cb199f
215695,27,22.8,251,86,"2021-09-21 02:25:53",A102,7cc37d5f-5e01-419f-ae7b-5ff272cb199f
215721,27,22.7,250,86,"2021-09-21 02:56:13",A102,7cc37d5f-5e01-419f-ae7b-5ff272cb199f
215749,27,22.6,249,86,"2021-09-21 03:26:34",A102,7cc37d5f-5e01-419f-ae7b-5ff272cb199f
215778,27,22.6,249,86,"2021-09-21 03:56:57",A102,7cc37d5f-5e01-419f-ae7b-5ff272cb199f
215831,27,22.4,248,93,"2021-09-21 04:57:40",A102,7cc37d5f-5e01-419f-ae7b-5ff272cb199f
215860,27,22.3,248,93,"2021-09-21 05:27:58",A102,7cc37d5f-5e01-419f-ae7b-5ff272cb199f
215883,17,23.6,73,114,"2021-09-21 05:53:11",A101,7cc37d5f-5e01-419f-ae7b-5ff272cb199f
215889,27,22.2,244,93,"2021-09-21 05:58:22",A102,7cc37d5f-5e01-419f-ae7b-5ff272cb199f
215916,27,22.2,241,93,"2021-09-21 06:28:46",A102,7cc37d5f-5e01-419f-ae7b-5ff272cb199f
215942,26,22.3,241,93,"2021-09-21 06:59:16",A102,7cc37d5f-5e01-419f-ae7b-5ff272cb199f
215964,17,24.7,72,114,"2021-09-21 07:24:43",A101,7cc37d5f-5e01-419f-ae7b-5ff272cb199f
215970,26,22.4,242,100,"2021-09-21 07:29:40",A102,7cc37d5f-5e01-419f-ae7b-5ff272cb199f
215992,17,25.5,72,114,"2021-09-21 07:55:05",A101,7cc37d5f-5e01-419f-ae7b-5ff272cb199f
215997,26,22.6,244,100,"2021-09-21 08:00:13",A102,7cc37d5f-5e01-419f-ae7b-5ff272cb199f
216024,26,22.9,244,100,"2021-09-21 08:30:40",A102,7cc37d5f-5e01-419f-ae7b-5ff272cb199f
216050,26,23.2,243,100,"2021-09-21 09:01:10",A102,7cc37d5f-5e01-419f-ae7b-5ff272cb199f
216102,31,24.1,296,100,"2021-09-21 10:02:04",A102,7cc37d5f-5e01-419f-ae7b-5ff272cb199f
216127,30,24.6,296,100,"2021-09-21 10:32:35",A102,7cc37d5f-5e01-419f-ae7b-5ff272cb199f
216149,17,31.7,72,114,"2021-09-21 10:58:21",A101,7cc37d5f-5e01-419f-ae7b-5ff272cb199f
216154,30,25,295,100,"2021-09-21 11:03:06",A102,7cc37d5f-5e01-419f-ae7b-5ff272cb199f
216180,30,25.5,291,100,"2021-09-21 11:33:39",A102,7cc37d5f-5e01-419f-ae7b-5ff272cb199f
216206,30,25.8,286,100,"2021-09-21 12:04:15",A102,7cc37d5f-5e01-419f-ae7b-5ff272cb199f
216232,29,26.2,279,100,"2021-09-21 12:34:48",A102,7cc37d5f-5e01-419f-ae7b-5ff272cb199f
216259,28,26.4,274,100,"2021-09-21 13:05:24",A102,7cc37d5f-5e01-419f-ae7b-5ff272cb199f
216284,28,26.6,264,100,"2021-09-21 13:36:02",A102,7cc37d5f-5e01-419f-ae7b-5ff272cb199f
216311,27,26.8,259,100,"2021-09-21 14:06:38",A102,7cc37d5f-5e01-419f-ae7b-5ff272cb199f
216338,27,26.9,253,93,"2021-09-21 14:37:15",A102,7cc37d5f-5e01-419f-ae7b-5ff272cb199f
216365,27,26.9,247,93,"2021-09-21 15:07:48",A102,7cc37d5f-5e01-419f-ae7b-5ff272cb199f
216392,27,26.8,245,86,"2021-09-21 15:38:22",A102,7cc37d5f-5e01-419f-ae7b-5ff272cb199f
216418,27,26.8,236,86,"2021-09-21 16:08:51",A102,7cc37d5f-5e01-419f-ae7b-5ff272cb199f
216441,16,31.8,73,114,"2021-09-21 16:34:37",A101,7cc37d5f-5e01-419f-ae7b-5ff272cb199f
216445,27,26.6,236,86,"2021-09-21 16:39:19",A102,7cc37d5f-5e01-419f-ae7b-5ff272cb199f
216472,26,26.4,232,86,"2021-09-21 17:09:47",A102,7cc37d5f-5e01-419f-ae7b-5ff272cb199f
216499,26,26.2,230,86,"2021-09-21 17:40:12",A102,7cc37d5f-5e01-419f-ae7b-5ff272cb199f
216527,26,26,230,86,"2021-09-21 18:10:36",A102,7cc37d5f-5e01-419f-ae7b-5ff272cb199f
216554,26,25.8,227,86,"2021-09-21 18:40:58",A102,7cc37d5f-5e01-419f-ae7b-5ff272cb199f
216580,26,25.5,226,86,"2021-09-21 19:11:21",A102,7cc37d5f-5e01-419f-ae7b-5ff272cb199f
216607,26,25.3,221,86,"2021-09-21 19:41:44",A102,7cc37d5f-5e01-419f-ae7b-5ff272cb199f
216633,26,25.1,223,86,"2021-09-21 20:12:08",A102,7cc37d5f-5e01-419f-ae7b-5ff272cb199f
216660,26,24.9,222,86,"2021-09-21 20:42:30",A102,7cc37d5f-5e01-419f-ae7b-5ff272cb199f
216685,26,24.7,219,86,"2021-09-21 21:12:51",A102,7cc37d5f-5e01-419f-ae7b-5ff272cb199f
216712,26,24.5,220,86,"2021-09-21 21:43:13",A102,7cc37d5f-5e01-419f-ae7b-5ff272cb199f
216738,26,24.3,219,86,"2021-09-21 22:13:34",A102,7cc37d5f-5e01-419f-ae7b-5ff272cb199f
216765,26,24.1,219,86,"2021-09-21 22:43:55",A102,7cc37d5f-5e01-419f-ae7b-5ff272cb199f
216791,26,23.9,217,86,"2021-09-21 23:14:15",A102,7cc37d5f-5e01-419f-ae7b-5ff272cb199f
216818,26,23.8,216,86,"2021-09-21 23:44:35",A102,7cc37d5f-5e01-419f-ae7b-5ff272cb199f
216845,26,23.7,216,86,"2021-09-22 00:14:56",A102,7cc37d5f-5e01-419f-ae7b-5ff272cb199f
216872,26,23.5,214,86,"2021-09-22 00:45:16",A102,7cc37d5f-5e01-419f-ae7b-5ff272cb199f
216897,26,23.4,214,86,"2021-09-22 01:15:39",A102,7cc37d5f-5e01-419f-ae7b-5ff272cb199f
216924,26,23.2,215,86,"2021-09-22 01:45:57",A102,7cc37d5f-5e01-419f-ae7b-5ff272cb199f
216951,26,23.1,214,86,"2021-09-22 02:16:16",A102,7cc37d5f-5e01-419f-ae7b-5ff272cb199f
216976,16,25.14,71,107,"2021-09-22 02:43:03",A101,7cc37d5f-5e01-419f-ae7b-5ff272cb199f
216979,26,23,213,86,"2021-09-22 02:46:36",A102,7cc37d5f-5e01-419f-ae7b-5ff272cb199f
217006,26,22.8,212,86,"2021-09-22 03:16:56",A102,7cc37d5f-5e01-419f-ae7b-5ff272cb199f
217033,26,22.7,210,86,"2021-09-22 03:47:16",A102,7cc37d5f-5e01-419f-ae7b-5ff272cb199f
217059,26,22.6,210,86,"2021-09-22 04:17:34",A102,7cc37d5f-5e01-419f-ae7b-5ff272cb199f
217084,26,22.5,211,86,"2021-09-22 04:47:56",A102,7cc37d5f-5e01-419f-ae7b-5ff272cb199f
217111,26,22.5,212,86,"2021-09-22 05:18:17",A102,7cc37d5f-5e01-419f-ae7b-5ff272cb199f
217138,26,22.4,212,86,"2021-09-22 05:48:38",A102,7cc37d5f-5e01-419f-ae7b-5ff272cb199f
217165,26,22.4,212,86,"2021-09-22 06:18:59",A102,7cc37d5f-5e01-419f-ae7b-5ff272cb199f
217192,26,22.4,210,86,"2021-09-22 06:49:21",A102,7cc37d5f-5e01-419f-ae7b-5ff272cb199f
217213,16,24.4,70,107,"2021-09-22 07:16:33",A101,7cc37d5f-5e01-419f-ae7b-5ff272cb199f
217217,26,22.3,210,86,"2021-09-22 07:19:41",A102,7cc37d5f-5e01-419f-ae7b-5ff272cb199f
217241,26,22.3,209,86,"2021-09-22 07:50:02",A102,7cc37d5f-5e01-419f-ae7b-5ff272cb199f
217266,26,22.3,209,86,"2021-09-22 08:20:23",A102,7cc37d5f-5e01-419f-ae7b-5ff272cb199f
217287,16,24.3,70,107,"2021-09-22 08:47:37",A101,7cc37d5f-5e01-419f-ae7b-5ff272cb199f
217291,26,22.3,209,86,"2021-09-22 08:50:44",A102,7cc37d5f-5e01-419f-ae7b-5ff272cb199f
217315,26,22.3,207,93,"2021-09-22 09:21:07",A102,7cc37d5f-5e01-419f-ae7b-5ff272cb199f
217340,26,22.3,209,93,"2021-09-22 09:51:30",A102,7cc37d5f-5e01-419f-ae7b-5ff272cb199f
217367,31,22.3,277,93,"2021-09-22 10:21:53",A102,7cc37d5f-5e01-419f-ae7b-5ff272cb199f
217396,31,22.4,267,93,"2021-09-22 10:52:18",A102,7cc37d5f-5e01-419f-ae7b-5ff272cb199f
217423,30,22.5,269,93,"2021-09-22 11:22:43",A102,7cc37d5f-5e01-419f-ae7b-5ff272cb199f
217451,30,22.6,265,93,"2021-09-22 11:53:08",A102,7cc37d5f-5e01-419f-ae7b-5ff272cb199f
217478,30,22.8,261,93,"2021-09-22 12:23:35",A102,7cc37d5f-5e01-419f-ae7b-5ff272cb199f
217505,29,23,252,93,"2021-09-22 12:54:04",A102,7cc37d5f-5e01-419f-ae7b-5ff272cb199f
217533,29,23.2,260,93,"2021-09-22 13:24:34",A102,7cc37d5f-5e01-419f-ae7b-5ff272cb199f
217563,31,23.4,284,93,"2021-09-22 13:55:00",A102,7cc37d5f-5e01-419f-ae7b-5ff272cb199f
217595,30,23.7,277,93,"2021-09-22 14:25:31",A102,7cc37d5f-5e01-419f-ae7b-5ff272cb199f
217624,30,23.8,281,93,"2021-09-22 14:55:59",A102,7cc37d5f-5e01-419f-ae7b-5ff272cb199f
217654,30,23.9,282,93,"2021-09-22 15:26:25",A102,7cc37d5f-5e01-419f-ae7b-5ff272cb199f
217685,29,24,277,86,"2021-09-22 15:56:51",A102,7cc37d5f-5e01-419f-ae7b-5ff272cb199f
217716,29,23.9,277,86,"2021-09-22 16:27:12",A102,7cc37d5f-5e01-419f-ae7b-5ff272cb199f
217747,29,23.9,276,86,"2021-09-22 16:57:33",A102,7cc37d5f-5e01-419f-ae7b-5ff272cb199f
217778,29,23.8,271,86,"2021-09-22 17:27:57",A102,7cc37d5f-5e01-419f-ae7b-5ff272cb199f
217809,29,23.6,266,86,"2021-09-22 17:58:19",A102,7cc37d5f-5e01-419f-ae7b-5ff272cb199f
217840,28,23.5,267,86,"2021-09-22 18:28:39",A102,7cc37d5f-5e01-419f-ae7b-5ff272cb199f
217872,28,23.4,265,86,"2021-09-22 18:59:02",A102,7cc37d5f-5e01-419f-ae7b-5ff272cb199f
217898,16,25.8,69,114,"2021-09-22 19:27:10",A101,7cc37d5f-5e01-419f-ae7b-5ff272cb199f
217904,28,23.3,255,86,"2021-09-22 19:29:23",A102,7cc37d5f-5e01-419f-ae7b-5ff272cb199f
217936,28,23.2,252,86,"2021-09-22 19:59:44",A102,7cc37d5f-5e01-419f-ae7b-5ff272cb199f
217966,28,23.1,247,86,"2021-09-22 20:31:07",A102,7cc37d5f-5e01-419f-ae7b-5ff272cb199f
217997,28,23,245,86,"2021-09-22 21:01:32",A102,7cc37d5f-5e01-419f-ae7b-5ff272cb199f
218029,28,22.9,245,86,"2021-09-22 21:31:53",A102,7cc37d5f-5e01-419f-ae7b-5ff272cb199f
218060,28,22.8,241,86,"2021-09-22 22:02:17",A102,7cc37d5f-5e01-419f-ae7b-5ff272cb199f
218091,28,22.7,242,86,"2021-09-22 22:32:41",A102,7cc37d5f-5e01-419f-ae7b-5ff272cb199f
218122,28,22.6,240,86,"2021-09-22 23:03:03",A102,7cc37d5f-5e01-419f-ae7b-5ff272cb199f
218155,27,22.5,237,86,"2021-09-22 23:33:27",A102,7cc37d5f-5e01-419f-ae7b-5ff272cb199f
218186,27,22.5,237,86,"2021-09-23 00:03:49",A102,7cc37d5f-5e01-419f-ae7b-5ff272cb199f
218216,27,22.4,237,86,"2021-09-23 00:34:11",A102,7cc37d5f-5e01-419f-ae7b-5ff272cb199f
218248,27,22.3,232,86,"2021-09-23 01:04:34",A102,7cc37d5f-5e01-419f-ae7b-5ff272cb199f
218279,27,22.2,234,86,"2021-09-23 01:34:57",A102,7cc37d5f-5e01-419f-ae7b-5ff272cb199f
218311,27,22.2,233,86,"2021-09-23 02:05:19",A102,7cc37d5f-5e01-419f-ae7b-5ff272cb199f
218343,27,22.1,232,86,"2021-09-23 02:35:42",A102,7cc37d5f-5e01-419f-ae7b-5ff272cb199f
218371,27,22,231,86,"2021-09-23 03:06:06",A102,7cc37d5f-5e01-419f-ae7b-5ff272cb199f
218402,27,22,230,86,"2021-09-23 03:36:28",A102,7cc37d5f-5e01-419f-ae7b-5ff272cb199f
218431,16,23.4,68,107,"2021-09-23 04:03:55",A101,7cc37d5f-5e01-419f-ae7b-5ff272cb199f
218434,27,21.9,230,86,"2021-09-23 04:06:50",A102,7cc37d5f-5e01-419f-ae7b-5ff272cb199f
218464,27,21.8,229,86,"2021-09-23 04:37:15",A102,7cc37d5f-5e01-419f-ae7b-5ff272cb199f
218495,27,21.8,226,93,"2021-09-23 05:07:40",A102,7cc37d5f-5e01-419f-ae7b-5ff272cb199f
218525,27,21.7,227,93,"2021-09-23 05:38:07",A102,7cc37d5f-5e01-419f-ae7b-5ff272cb199f
218554,27,21.7,227,93,"2021-09-23 06:08:36",A102,7cc37d5f-5e01-419f-ae7b-5ff272cb199f
218584,27,21.8,227,93,"2021-09-23 06:39:06",A102,7cc37d5f-5e01-419f-ae7b-5ff272cb199f
218615,27,21.9,225,93,"2021-09-23 07:09:35",A102,7cc37d5f-5e01-419f-ae7b-5ff272cb199f
218646,27,22.1,225,93,"2021-09-23 07:40:04",A102,7cc37d5f-5e01-419f-ae7b-5ff272cb199f
218677,27,22.3,223,93,"2021-09-23 08:10:38",A102,7cc37d5f-5e01-419f-ae7b-5ff272cb199f
218737,31,23,301,100,"2021-09-23 09:11:36",A102,7cc37d5f-5e01-419f-ae7b-5ff272cb199f
218767,30,23.3,281,100,"2021-09-23 09:42:07",A102,7cc37d5f-5e01-419f-ae7b-5ff272cb199f
218826,30,24.1,277,100,"2021-09-23 10:43:09",A102,7cc37d5f-5e01-419f-ae7b-5ff272cb199f
218856,16,30.9,67,114,"2021-09-23 11:12:23",A101,7cc37d5f-5e01-419f-ae7b-5ff272cb199f
218858,30,24.5,273,100,"2021-09-23 11:13:43",A102,7cc37d5f-5e01-419f-ae7b-5ff272cb199f
218916,32,25,336,100,"2021-09-23 12:14:47",A102,7cc37d5f-5e01-419f-ae7b-5ff272cb199f
218947,30,25.6,299,100,"2021-09-23 12:45:18",A102,7cc37d5f-5e01-419f-ae7b-5ff272cb199f
218976,30,25.8,282,93,"2021-09-23 13:15:50",A102,7cc37d5f-5e01-419f-ae7b-5ff272cb199f
219035,30,25.9,281,93,"2021-09-23 14:16:38",A102,7cc37d5f-5e01-419f-ae7b-5ff272cb199f
219066,30,25.8,283,93,"2021-09-23 14:47:06",A102,7cc37d5f-5e01-419f-ae7b-5ff272cb199f
219096,30,25.6,277,86,"2021-09-23 15:17:34",A102,7cc37d5f-5e01-419f-ae7b-5ff272cb199f
219126,30,25.5,276,86,"2021-09-23 15:47:59",A102,7cc37d5f-5e01-419f-ae7b-5ff272cb199f
219156,29,25.4,273,86,"2021-09-23 16:18:26",A102,7cc37d5f-5e01-419f-ae7b-5ff272cb199f
219187,29,25.3,271,86,"2021-09-23 16:48:53",A102,7cc37d5f-5e01-419f-ae7b-5ff272cb199f
219218,29,25.1,269,86,"2021-09-23 17:19:20",A102,7cc37d5f-5e01-419f-ae7b-5ff272cb199f
219249,29,25,267,86,"2021-09-23 17:49:47",A102,7cc37d5f-5e01-419f-ae7b-5ff272cb199f
219274,15,28,61,114,"2021-09-23 18:17:34",A101,7cc37d5f-5e01-419f-ae7b-5ff272cb199f
219300,15,27.7,61,107,"2021-09-23 18:47:53",A101,7cc37d5f-5e01-419f-ae7b-5ff272cb199f
219327,15,27.4,61,107,"2021-09-23 19:18:12",A101,7cc37d5f-5e01-419f-ae7b-5ff272cb199f
219355,15,27.1,61,107,"2021-09-23 19:48:32",A101,7cc37d5f-5e01-419f-ae7b-5ff272cb199f
219382,15,26.9,61,107,"2021-09-23 20:18:50",A101,7cc37d5f-5e01-419f-ae7b-5ff272cb199f
219409,15,26.6,61,107,"2021-09-23 20:49:09",A101,7cc37d5f-5e01-419f-ae7b-5ff272cb199f
219434,15,26.4,60,107,"2021-09-23 21:19:27",A101,7cc37d5f-5e01-419f-ae7b-5ff272cb199f
219461,15,26.1,60,107,"2021-09-23 21:49:46",A101,7cc37d5f-5e01-419f-ae7b-5ff272cb199f
219489,15,25.9,61,107,"2021-09-23 22:20:02",A101,7cc37d5f-5e01-419f-ae7b-5ff272cb199f
219516,15,25.7,60,107,"2021-09-23 22:50:19",A101,7cc37d5f-5e01-419f-ae7b-5ff272cb199f
219544,15,25.5,61,107,"2021-09-23 23:20:36",A101,7cc37d5f-5e01-419f-ae7b-5ff272cb199f
219571,15,25.3,61,107,"2021-09-23 23:50:53",A101,7cc37d5f-5e01-419f-ae7b-5ff272cb199f
219599,15,25.1,60,107,"2021-09-24 00:21:10",A101,7cc37d5f-5e01-419f-ae7b-5ff272cb199f
219648,15,24.8,60,107,"2021-09-24 01:21:44",A101,7cc37d5f-5e01-419f-ae7b-5ff272cb199f
219675,15,24.6,60,107,"2021-09-24 01:52:00",A101,7cc37d5f-5e01-419f-ae7b-5ff272cb199f
219702,15,24.5,60,107,"2021-09-24 02:22:17",A101,7cc37d5f-5e01-419f-ae7b-5ff272cb199f
219729,15,24.3,60,107,"2021-09-24 02:52:33",A101,7cc37d5f-5e01-419f-ae7b-5ff272cb199f
219756,15,24.2,60,107,"2021-09-24 03:22:49",A101,7cc37d5f-5e01-419f-ae7b-5ff272cb199f
219782,15,24.1,60,107,"2021-09-24 03:53:06",A101,7cc37d5f-5e01-419f-ae7b-5ff272cb199f
219809,15,24,59,107,"2021-09-24 04:23:22",A101,7cc37d5f-5e01-419f-ae7b-5ff272cb199f
219835,15,23.9,60,107,"2021-09-24 04:53:40",A101,7cc37d5f-5e01-419f-ae7b-5ff272cb199f
219862,15,23.8,60,107,"2021-09-24 05:23:57",A101,7cc37d5f-5e01-419f-ae7b-5ff272cb199f
219889,15,23.8,59,107,"2021-09-24 05:54:16",A101,7cc37d5f-5e01-419f-ae7b-5ff272cb199f
219916,15,23.9,59,114,"2021-09-24 06:24:37",A101,7cc37d5f-5e01-419f-ae7b-5ff272cb199f
219968,15,24.2,60,114,"2021-09-24 07:25:20",A101,7cc37d5f-5e01-419f-ae7b-5ff272cb199f
219995,15,24.5,60,114,"2021-09-24 07:55:44",A101,7cc37d5f-5e01-419f-ae7b-5ff272cb199f
220024,15,24.9,60,114,"2021-09-24 08:26:09",A101,7cc37d5f-5e01-419f-ae7b-5ff272cb199f
220048,15,25.4,59,114,"2021-09-24 08:56:35",A101,7cc37d5f-5e01-419f-ae7b-5ff272cb199f
220076,15,25.4,59,114,"2021-09-24 09:27:03",A101,7cc37d5f-5e01-419f-ae7b-5ff272cb199f
220098,15,26.5,59,114,"2021-09-24 09:57:31",A101,7cc37d5f-5e01-419f-ae7b-5ff272cb199f
220127,15,26.9,59,114,"2021-09-24 10:27:56",A101,7cc37d5f-5e01-419f-ae7b-5ff272cb199f
220154,15,27.3,59,114,"2021-09-24 10:58:20",A101,7cc37d5f-5e01-419f-ae7b-5ff272cb199f
220181,15,27.4,59,114,"2021-09-24 11:28:41",A101,7cc37d5f-5e01-419f-ae7b-5ff272cb199f
220209,15,27.3,59,107,"2021-09-24 11:58:59",A101,7cc37d5f-5e01-419f-ae7b-5ff272cb199f
220237,15,27.1,60,107,"2021-09-24 12:29:18",A101,7cc37d5f-5e01-419f-ae7b-5ff272cb199f
220264,15,26.8,60,107,"2021-09-24 12:59:37",A101,7cc37d5f-5e01-419f-ae7b-5ff272cb199f
220292,15,26.6,60,107,"2021-09-24 13:29:58",A101,7cc37d5f-5e01-419f-ae7b-5ff272cb199f
220318,15,26.4,59,114,"2021-09-24 14:00:17",A101,7cc37d5f-5e01-419f-ae7b-5ff272cb199f
220344,15,26.1,59,114,"2021-09-24 14:30:37",A101,7cc37d5f-5e01-419f-ae7b-5ff272cb199f
220368,15,25.9,60,114,"2021-09-24 15:00:57",A101,7cc37d5f-5e01-419f-ae7b-5ff272cb199f
220417,15,25.5,59,114,"2021-09-24 16:01:35",A101,7cc37d5f-5e01-419f-ae7b-5ff272cb199f
220442,15,25.3,60,114,"2021-09-24 16:31:53",A101,7cc37d5f-5e01-419f-ae7b-5ff272cb199f
220467,15,25.1,60,107,"2021-09-24 17:02:12",A101,7cc37d5f-5e01-419f-ae7b-5ff272cb199f
220491,15,24.9,59,107,"2021-09-24 17:32:30",A101,7cc37d5f-5e01-419f-ae7b-5ff272cb199f
220515,15,24.7,59,107,"2021-09-24 18:02:48",A101,7cc37d5f-5e01-419f-ae7b-5ff272cb199f
220541,15,24.5,59,107,"2021-09-24 18:33:07",A101,7cc37d5f-5e01-419f-ae7b-5ff272cb199f
220566,15,24.3,59,107,"2021-09-24 19:03:25",A101,7cc37d5f-5e01-419f-ae7b-5ff272cb199f
220592,15,24.2,59,107,"2021-09-24 19:33:43",A101,7cc37d5f-5e01-419f-ae7b-5ff272cb199f
220617,15,24.1,59,107,"2021-09-24 20:04:01",A101,7cc37d5f-5e01-419f-ae7b-5ff272cb199f
220642,15,23.9,59,107,"2021-09-24 20:34:19",A101,7cc37d5f-5e01-419f-ae7b-5ff272cb199f
220668,15,23.8,59,107,"2021-09-24 21:04:36",A101,7cc37d5f-5e01-419f-ae7b-5ff272cb199f
220694,15,23.7,59,107,"2021-09-24 21:34:54",A101,7cc37d5f-5e01-419f-ae7b-5ff272cb199f
220719,15,23.6,59,107,"2021-09-24 22:05:12",A101,7cc37d5f-5e01-419f-ae7b-5ff272cb199f
220744,15,23.6,59,107,"2021-09-24 22:35:30",A101,7cc37d5f-5e01-419f-ae7b-5ff272cb199f
220767,15,23.5,59,107,"2021-09-24 23:05:47",A101,7cc37d5f-5e01-419f-ae7b-5ff272cb199f
220791,15,23.4,59,107,"2021-09-24 23:36:04",A101,7cc37d5f-5e01-419f-ae7b-5ff272cb199f
220816,15,23.3,59,107,"2021-09-25 00:06:22",A101,7cc37d5f-5e01-419f-ae7b-5ff272cb199f
220841,15,23.2,59,107,"2021-09-25 00:36:39",A101,7cc37d5f-5e01-419f-ae7b-5ff272cb199f
220867,15,23.1,59,107,"2021-09-25 01:06:56",A101,7cc37d5f-5e01-419f-ae7b-5ff272cb199f
220892,15,23,59,107,"2021-09-25 01:37:13",A101,7cc37d5f-5e01-419f-ae7b-5ff272cb199f
220917,15,22.9,59,107,"2021-09-25 02:07:29",A101,7cc37d5f-5e01-419f-ae7b-5ff272cb199f
220941,15,22.8,59,107,"2021-09-25 02:37:46",A101,7cc37d5f-5e01-419f-ae7b-5ff272cb199f
220966,15,22.7,59,107,"2021-09-25 03:08:02",A101,7cc37d5f-5e01-419f-ae7b-5ff272cb199f
220990,15,22.6,59,107,"2021-09-25 03:38:18",A101,7cc37d5f-5e01-419f-ae7b-5ff272cb199f
221015,15,22.4,59,107,"2021-09-25 04:08:34",A101,7cc37d5f-5e01-419f-ae7b-5ff272cb199f
221065,15,22.2,59,107,"2021-09-25 05:09:07",A101,7cc37d5f-5e01-419f-ae7b-5ff272cb199f
221089,15,22.2,58,114,"2021-09-25 05:39:26",A101,7cc37d5f-5e01-419f-ae7b-5ff272cb199f
221115,15,22.3,58,114,"2021-09-25 06:09:46",A101,7cc37d5f-5e01-419f-ae7b-5ff272cb199f
221162,15,23.1,59,114,"2021-09-25 07:10:31",A101,7cc37d5f-5e01-419f-ae7b-5ff272cb199f
221187,15,23.6,58,114,"2021-09-25 07:40:56",A101,7cc37d5f-5e01-419f-ae7b-5ff272cb199f
221212,15,24.2,58,114,"2021-09-25 08:11:23",A101,7cc37d5f-5e01-419f-ae7b-5ff272cb199f
221238,15,24.9,58,114,"2021-09-25 08:41:48",A101,7cc37d5f-5e01-419f-ae7b-5ff272cb199f
221262,15,25.5,58,114,"2021-09-25 09:12:14",A101,7cc37d5f-5e01-419f-ae7b-5ff272cb199f
221287,15,26.2,58,114,"2021-09-25 09:42:40",A101,7cc37d5f-5e01-419f-ae7b-5ff272cb199f
221313,15,26.9,59,114,"2021-09-25 10:13:07",A101,7cc37d5f-5e01-419f-ae7b-5ff272cb199f
221338,15,27.5,58,114,"2021-09-25 10:43:33",A101,7cc37d5f-5e01-419f-ae7b-5ff272cb199f
221363,15,27.9,58,114,"2021-09-25 11:16:08",A101,7cc37d5f-5e01-419f-ae7b-5ff272cb199f
221388,15,28.1,59,114,"2021-09-25 11:46:30",A101,7cc37d5f-5e01-419f-ae7b-5ff272cb199f
221413,15,28,59,114,"2021-09-25 12:16:51",A101,7cc37d5f-5e01-419f-ae7b-5ff272cb199f
221438,15,27.9,59,114,"2021-09-25 12:47:13",A101,7cc37d5f-5e01-419f-ae7b-5ff272cb199f
221461,15,27.7,59,114,"2021-09-25 13:17:35",A101,7cc37d5f-5e01-419f-ae7b-5ff272cb199f
221487,15,27.5,59,114,"2021-09-25 13:47:56",A101,7cc37d5f-5e01-419f-ae7b-5ff272cb199f
221514,15,27.4,58,114,"2021-09-25 14:18:17",A101,7cc37d5f-5e01-419f-ae7b-5ff272cb199f
221540,15,27.22,59,114,"2021-09-25 14:48:36",A101,7cc37d5f-5e01-419f-ae7b-5ff272cb199f
221565,15,27,59,114,"2021-09-25 15:18:56",A101,7cc37d5f-5e01-419f-ae7b-5ff272cb199f
221590,15,26.8,59,114,"2021-09-25 15:49:15",A101,7cc37d5f-5e01-419f-ae7b-5ff272cb199f
221613,15,26.6,59,114,"2021-09-25 16:19:35",A101,7cc37d5f-5e01-419f-ae7b-5ff272cb199f
221637,15,26.4,59,114,"2021-09-25 16:49:54",A101,7cc37d5f-5e01-419f-ae7b-5ff272cb199f
221663,15,26.1,59,114,"2021-09-25 17:20:13",A101,7cc37d5f-5e01-419f-ae7b-5ff272cb199f
221685,15,25.9,59,107,"2021-09-25 17:50:32",A101,7cc37d5f-5e01-419f-ae7b-5ff272cb199f
221706,15,25.7,59,107,"2021-09-25 18:20:51",A101,7cc37d5f-5e01-419f-ae7b-5ff272cb199f
221727,15,25.5,59,107,"2021-09-25 18:51:10",A101,7cc37d5f-5e01-419f-ae7b-5ff272cb199f
221748,15,25.3,59,107,"2021-09-25 19:21:28",A101,7cc37d5f-5e01-419f-ae7b-5ff272cb199f
221768,15,25.1,59,107,"2021-09-25 19:51:46",A101,7cc37d5f-5e01-419f-ae7b-5ff272cb199f
221789,15,25,59,107,"2021-09-25 20:22:04",A101,7cc37d5f-5e01-419f-ae7b-5ff272cb199f
221811,15,24.8,58,107,"2021-09-25 20:52:25",A101,7cc37d5f-5e01-419f-ae7b-5ff272cb199f
221853,15,24.5,58,107,"2021-09-25 21:52:57",A101,7cc37d5f-5e01-419f-ae7b-5ff272cb199f
221875,15,24.34,58,107,"2021-09-25 22:23:14",A101,7cc37d5f-5e01-419f-ae7b-5ff272cb199f
221897,15,24.2,58,107,"2021-09-25 22:53:32",A101,7cc37d5f-5e01-419f-ae7b-5ff272cb199f
221919,15,24,58,107,"2021-09-25 23:23:48",A101,7cc37d5f-5e01-419f-ae7b-5ff272cb199f
221942,15,23.8,58,107,"2021-09-25 23:54:05",A101,7cc37d5f-5e01-419f-ae7b-5ff272cb199f
221963,15,23.7,58,107,"2021-09-26 00:24:21",A101,7cc37d5f-5e01-419f-ae7b-5ff272cb199f
221985,15,23.5,58,107,"2021-09-26 00:54:37",A101,7cc37d5f-5e01-419f-ae7b-5ff272cb199f
222008,15,23.4,58,107,"2021-09-26 01:24:53",A101,7cc37d5f-5e01-419f-ae7b-5ff272cb199f
222030,15,23.2,58,107,"2021-09-26 01:55:09",A101,7cc37d5f-5e01-419f-ae7b-5ff272cb199f
222053,15,23.1,58,107,"2021-09-26 02:25:26",A101,7cc37d5f-5e01-419f-ae7b-5ff272cb199f
222077,15,23,58,107,"2021-09-26 02:55:42",A101,7cc37d5f-5e01-419f-ae7b-5ff272cb199f
222099,15,22.8,58,107,"2021-09-26 03:25:58",A101,7cc37d5f-5e01-419f-ae7b-5ff272cb199f
222141,15,22.6,58,107,"2021-09-26 04:26:30",A101,7cc37d5f-5e01-419f-ae7b-5ff272cb199f
222182,15,22.5,58,114,"2021-09-26 05:27:06",A101,7cc37d5f-5e01-419f-ae7b-5ff272cb199f
222227,15,22.8,58,114,"2021-09-26 06:27:47",A101,7cc37d5f-5e01-419f-ae7b-5ff272cb199f
222249,15,23.2,58,114,"2021-09-26 06:58:11",A101,7cc37d5f-5e01-419f-ae7b-5ff272cb199f
222272,15,23.7,58,114,"2021-09-26 07:28:36",A101,7cc37d5f-5e01-419f-ae7b-5ff272cb199f
222321,15,25.1,58,114,"2021-09-26 08:29:28",A101,7cc37d5f-5e01-419f-ae7b-5ff272cb199f
222346,15,26,58,114,"2021-09-26 08:59:54",A101,7cc37d5f-5e01-419f-ae7b-5ff272cb199f
222371,15,26.8,58,114,"2021-09-26 09:30:21",A101,7cc37d5f-5e01-419f-ae7b-5ff272cb199f
222397,15,27.6,58,114,"2021-09-26 10:00:47",A101,7cc37d5f-5e01-419f-ae7b-5ff272cb199f
222423,15,28.3,58,114,"2021-09-26 10:31:15",A101,7cc37d5f-5e01-419f-ae7b-5ff272cb199f
222435,26,23.8,188,100,"2021-09-26 10:44:37",A102,7cc37d5f-5e01-419f-ae7b-5ff272cb199f
222451,15,28.9,57,114,"2021-09-26 11:01:43",A101,7cc37d5f-5e01-419f-ae7b-5ff272cb199f
222466,26,24.2,191,100,"2021-09-26 11:16:09",A102,7cc37d5f-5e01-419f-ae7b-5ff272cb199f
222480,15,29.4,57,114,"2021-09-26 11:32:14",A101,7cc37d5f-5e01-419f-ae7b-5ff272cb199f
222493,26,24.6,192,100,"2021-09-26 11:46:32",A102,7cc37d5f-5e01-419f-ae7b-5ff272cb199f
222509,15,29.8,58,114,"2021-09-26 12:02:39",A101,7cc37d5f-5e01-419f-ae7b-5ff272cb199f
222523,26,24.9,188,100,"2021-09-26 12:16:56",A102,7cc37d5f-5e01-419f-ae7b-5ff272cb199f
222540,15,30,58,114,"2021-09-26 12:33:06",A101,7cc37d5f-5e01-419f-ae7b-5ff272cb199f
222569,15,30,58,114,"2021-09-26 13:03:31",A101,7cc37d5f-5e01-419f-ae7b-5ff272cb199f
222597,15,29.9,58,114,"2021-09-26 13:33:54",A101,7cc37d5f-5e01-419f-ae7b-5ff272cb199f
222611,26,25.3,190,86,"2021-09-26 13:47:53",A102,7cc37d5f-5e01-419f-ae7b-5ff272cb199f
222628,15,29.6,58,114,"2021-09-26 14:04:15",A101,7cc37d5f-5e01-419f-ae7b-5ff272cb199f
222657,15,29.2,58,114,"2021-09-26 14:34:35",A101,7cc37d5f-5e01-419f-ae7b-5ff272cb199f
222669,33,25,314,86,"2021-09-26 14:48:20",A102,7cc37d5f-5e01-419f-ae7b-5ff272cb199f
222686,15,28.9,58,114,"2021-09-26 15:04:55",A101,7cc37d5f-5e01-419f-ae7b-5ff272cb199f
222698,31,24.9,280,86,"2021-09-26 15:18:34",A102,7cc37d5f-5e01-419f-ae7b-5ff272cb199f
222716,15,28.5,58,107,"2021-09-26 15:35:15",A101,7cc37d5f-5e01-419f-ae7b-5ff272cb199f
222727,31,24.6,260,86,"2021-09-26 15:48:47",A102,7cc37d5f-5e01-419f-ae7b-5ff272cb199f
222745,15,28.2,58,107,"2021-09-26 16:05:34",A101,7cc37d5f-5e01-419f-ae7b-5ff272cb199f
222754,30,24.3,250,86,"2021-09-26 16:19:00",A102,7cc37d5f-5e01-419f-ae7b-5ff272cb199f
222774,15,27.9,58,107,"2021-09-26 16:35:52",A101,7cc37d5f-5e01-419f-ae7b-5ff272cb199f
222784,30,24.1,245,86,"2021-09-26 16:49:11",A102,7cc37d5f-5e01-419f-ae7b-5ff272cb199f
222803,15,27.6,58,107,"2021-09-26 17:06:10",A101,7cc37d5f-5e01-419f-ae7b-5ff272cb199f
222813,30,23.8,240,86,"2021-09-26 17:19:23",A102,7cc37d5f-5e01-419f-ae7b-5ff272cb199f
222841,30,23.6,237,86,"2021-09-26 17:49:35",A102,7cc37d5f-5e01-419f-ae7b-5ff272cb199f
222861,15,27,58,107,"2021-09-26 18:06:47",A101,7cc37d5f-5e01-419f-ae7b-5ff272cb199f
222870,30,23.5,231,86,"2021-09-26 18:19:47",A102,7cc37d5f-5e01-419f-ae7b-5ff272cb199f
222892,15,26.7,58,107,"2021-09-26 18:37:05",A101,7cc37d5f-5e01-419f-ae7b-5ff272cb199f
222901,30,23.3,232,86,"2021-09-26 18:50:00",A102,7cc37d5f-5e01-419f-ae7b-5ff272cb199f
222924,15,26.5,58,107,"2021-09-26 19:07:22",A101,7cc37d5f-5e01-419f-ae7b-5ff272cb199f
222934,29,23.2,222,86,"2021-09-26 19:20:12",A102,7cc37d5f-5e01-419f-ae7b-5ff272cb199f
222956,15,26.2,58,107,"2021-09-26 19:37:40",A101,7cc37d5f-5e01-419f-ae7b-5ff272cb199f
222965,29,23,218,86,"2021-09-26 19:50:22",A102,7cc37d5f-5e01-419f-ae7b-5ff272cb199f
222988,15,26,58,107,"2021-09-26 20:07:57",A101,7cc37d5f-5e01-419f-ae7b-5ff272cb199f
222997,29,22.9,220,86,"2021-09-26 20:20:34",A102,7cc37d5f-5e01-419f-ae7b-5ff272cb199f
223019,15,25.8,58,107,"2021-09-26 20:38:14",A101,7cc37d5f-5e01-419f-ae7b-5ff272cb199f
223025,29,22.7,216,86,"2021-09-26 20:50:46",A102,7cc37d5f-5e01-419f-ae7b-5ff272cb199f
223048,15,25.5,58,107,"2021-09-26 21:08:31",A101,7cc37d5f-5e01-419f-ae7b-5ff272cb199f
223055,29,22.6,216,86,"2021-09-26 21:20:56",A102,7cc37d5f-5e01-419f-ae7b-5ff272cb199f
223079,15,25.3,58,107,"2021-09-26 21:38:47",A101,7cc37d5f-5e01-419f-ae7b-5ff272cb199f
223086,29,22.42,213,86,"2021-09-26 21:51:07",A102,7cc37d5f-5e01-419f-ae7b-5ff272cb199f
223109,15,25.1,58,107,"2021-09-26 22:09:03",A101,7cc37d5f-5e01-419f-ae7b-5ff272cb199f
223115,29,22.3,212,86,"2021-09-26 22:21:17",A102,7cc37d5f-5e01-419f-ae7b-5ff272cb199f
223138,15,24.9,58,107,"2021-09-26 22:39:20",A101,7cc37d5f-5e01-419f-ae7b-5ff272cb199f
223145,29,22.2,208,86,"2021-09-26 22:51:28",A102,7cc37d5f-5e01-419f-ae7b-5ff272cb199f
223170,15,24.7,58,107,"2021-09-26 23:09:36",A101,7cc37d5f-5e01-419f-ae7b-5ff272cb199f
223177,29,22.1,209,86,"2021-09-26 23:21:38",A102,7cc37d5f-5e01-419f-ae7b-5ff272cb199f
223201,15,24.5,58,107,"2021-09-26 23:39:51",A101,7cc37d5f-5e01-419f-ae7b-5ff272cb199f
223208,29,22,208,86,"2021-09-26 23:51:45",A102,7cc37d5f-5e01-419f-ae7b-5ff272cb199f
223232,15,24.4,58,107,"2021-09-27 00:10:07",A101,7cc37d5f-5e01-419f-ae7b-5ff272cb199f
223238,29,21.8,202,86,"2021-09-27 00:21:55",A102,7cc37d5f-5e01-419f-ae7b-5ff272cb199f
223263,15,24.2,58,107,"2021-09-27 00:40:23",A101,7cc37d5f-5e01-419f-ae7b-5ff272cb199f
223268,29,21.7,205,86,"2021-09-27 00:52:04",A102,7cc37d5f-5e01-419f-ae7b-5ff272cb199f
223292,15,24,58,107,"2021-09-27 01:10:38",A101,7cc37d5f-5e01-419f-ae7b-5ff272cb199f
223298,28,21.6,203,86,"2021-09-27 01:22:13",A102,7cc37d5f-5e01-419f-ae7b-5ff272cb199f
223321,15,23.8,58,107,"2021-09-27 01:40:53",A101,7cc37d5f-5e01-419f-ae7b-5ff272cb199f
223328,28,21.5,202,86,"2021-09-27 01:52:23",A102,7cc37d5f-5e01-419f-ae7b-5ff272cb199f
223350,15,23.7,58,107,"2021-09-27 02:11:08",A101,7cc37d5f-5e01-419f-ae7b-5ff272cb199f
223358,28,21.4,202,86,"2021-09-27 02:22:31",A102,7cc37d5f-5e01-419f-ae7b-5ff272cb199f
223379,15,23.5,58,107,"2021-09-27 02:41:23",A101,7cc37d5f-5e01-419f-ae7b-5ff272cb199f
223387,28,21.2,201,86,"2021-09-27 02:52:42",A102,7cc37d5f-5e01-419f-ae7b-5ff272cb199f
223409,15,23.4,58,107,"2021-09-27 03:11:38",A101,7cc37d5f-5e01-419f-ae7b-5ff272cb199f
223416,28,21.1,200,86,"2021-09-27 03:22:48",A102,7cc37d5f-5e01-419f-ae7b-5ff272cb199f
223439,15,23.2,58,107,"2021-09-27 03:41:54",A101,7cc37d5f-5e01-419f-ae7b-5ff272cb199f
223445,28,21,201,86,"2021-09-27 03:52:57",A102,7cc37d5f-5e01-419f-ae7b-5ff272cb199f
223469,15,23.1,58,107,"2021-09-27 04:12:09",A101,7cc37d5f-5e01-419f-ae7b-5ff272cb199f
223474,28,21,198,86,"2021-09-27 04:23:05",A102,7cc37d5f-5e01-419f-ae7b-5ff272cb199f
223498,15,23,58,107,"2021-09-27 04:42:25",A101,7cc37d5f-5e01-419f-ae7b-5ff272cb199f
223504,28,20.9,198,86,"2021-09-27 04:53:14",A102,7cc37d5f-5e01-419f-ae7b-5ff272cb199f
223529,15,23,58,107,"2021-09-27 05:12:41",A101,7cc37d5f-5e01-419f-ae7b-5ff272cb199f
223535,28,20.8,197,93,"2021-09-27 05:23:26",A102,7cc37d5f-5e01-419f-ae7b-5ff272cb199f
223560,15,23,58,107,"2021-09-27 05:42:58",A101,7cc37d5f-5e01-419f-ae7b-5ff272cb199f
223566,28,20.8,197,93,"2021-09-27 05:53:37",A102,7cc37d5f-5e01-419f-ae7b-5ff272cb199f
223590,15,23,58,114,"2021-09-27 06:13:18",A101,7cc37d5f-5e01-419f-ae7b-5ff272cb199f
223596,28,20.8,197,93,"2021-09-27 06:23:55",A102,7cc37d5f-5e01-419f-ae7b-5ff272cb199f
223622,15,23.3,57,114,"2021-09-27 06:43:40",A101,7cc37d5f-5e01-419f-ae7b-5ff272cb199f
223650,15,23.7,57,114,"2021-09-27 07:14:03",A101,7cc37d5f-5e01-419f-ae7b-5ff272cb199f
223680,15,24.3,57,114,"2021-09-27 07:44:29",A101,7cc37d5f-5e01-419f-ae7b-5ff272cb199f
223710,15,25,57,114,"2021-09-27 08:14:55",A101,7cc37d5f-5e01-419f-ae7b-5ff272cb199f
223739,15,25.7,57,114,"2021-09-27 08:45:22",A101,7cc37d5f-5e01-419f-ae7b-5ff272cb199f
223768,15,26.4,57,114,"2021-09-27 09:15:50",A101,7cc37d5f-5e01-419f-ae7b-5ff272cb199f
223827,15,27.7,57,114,"2021-09-27 10:16:44",A101,7cc37d5f-5e01-419f-ae7b-5ff272cb199f
223857,15,28.1,57,114,"2021-09-27 10:47:10",A101,7cc37d5f-5e01-419f-ae7b-5ff272cb199f
223885,15,28.2,57,114,"2021-09-27 11:17:38",A101,7cc37d5f-5e01-419f-ae7b-5ff272cb199f
223913,15,28.4,57,114,"2021-09-27 11:48:07",A101,7cc37d5f-5e01-419f-ae7b-5ff272cb199f
223995,15,28.5,78,114,"2021-09-27 13:19:16",A101,7cc37d5f-5e01-419f-ae7b-5ff272cb199f
224023,15,28,77,114,"2021-09-27 13:51:45",A101,7cc37d5f-5e01-419f-ae7b-5ff272cb199f
224051,15,27.7,76,114,"2021-09-27 14:22:12",A101,7cc37d5f-5e01-419f-ae7b-5ff272cb199f
224082,15,27.4,76,114,"2021-09-27 14:52:39",A101,7cc37d5f-5e01-419f-ae7b-5ff272cb199f
224111,15,27.2,76,114,"2021-09-27 15:23:05",A101,7cc37d5f-5e01-419f-ae7b-5ff272cb199f
224140,16,27,75,114,"2021-09-27 15:53:31",A101,7cc37d5f-5e01-419f-ae7b-5ff272cb199f
224170,16,26.7,75,114,"2021-09-27 16:23:56",A101,7cc37d5f-5e01-419f-ae7b-5ff272cb199f
224199,16,26.4,75,114,"2021-09-27 16:54:20",A101,7cc37d5f-5e01-419f-ae7b-5ff272cb199f
224229,16,26.2,74,114,"2021-09-27 17:24:45",A101,7cc37d5f-5e01-419f-ae7b-5ff272cb199f
224260,16,25.9,74,107,"2021-09-27 17:55:08",A101,7cc37d5f-5e01-419f-ae7b-5ff272cb199f
224291,16,25.7,74,107,"2021-09-27 18:25:32",A101,7cc37d5f-5e01-419f-ae7b-5ff272cb199f
224318,16,25.5,74,107,"2021-09-27 18:55:55",A101,7cc37d5f-5e01-419f-ae7b-5ff272cb199f
224346,16,25.2,73,107,"2021-09-27 19:26:18",A101,7cc37d5f-5e01-419f-ae7b-5ff272cb199f
224376,16,25,73,107,"2021-09-27 19:56:41",A101,7cc37d5f-5e01-419f-ae7b-5ff272cb199f
224407,16,24.8,73,107,"2021-09-27 20:27:04",A101,7cc37d5f-5e01-419f-ae7b-5ff272cb199f
224436,16,24.6,73,107,"2021-09-27 20:57:27",A101,7cc37d5f-5e01-419f-ae7b-5ff272cb199f
224465,16,24.5,72,107,"2021-09-27 21:27:50",A101,7cc37d5f-5e01-419f-ae7b-5ff272cb199f
224495,16,24.3,71,107,"2021-09-27 21:58:12",A101,7cc37d5f-5e01-419f-ae7b-5ff272cb199f
225226,16,26.6,70,114,"2021-09-28 11:08:39",A101,7cc37d5f-5e01-419f-ae7b-5ff272cb199f
225284,16,27.8,69,114,"2021-09-28 12:09:42",A101,7cc37d5f-5e01-419f-ae7b-5ff272cb199f
225430,16,29,70,114,"2021-09-28 14:42:19",A101,7cc37d5f-5e01-419f-ae7b-5ff272cb199f
225446,30,25.5,216,86,"2021-09-28 14:57:23",A102,7cc37d5f-5e01-419f-ae7b-5ff272cb199f
225448,30,25.5,215,86,"2021-09-28 14:57:47",A102,7cc37d5f-5e01-419f-ae7b-5ff272cb199f
225479,30,25.5,219,86,"2021-09-28 15:29:14",A102,7cc37d5f-5e01-419f-ae7b-5ff272cb199f
225511,30,25.4,219,86,"2021-09-28 15:59:37",A102,7cc37d5f-5e01-419f-ae7b-5ff272cb199f
225526,16,27.9,70,114,"2021-09-28 16:13:52",A101,7cc37d5f-5e01-419f-ae7b-5ff272cb199f
225544,30,25.3,216,86,"2021-09-28 16:29:57",A102,7cc37d5f-5e01-419f-ae7b-5ff272cb199f
225576,30,25.2,215,86,"2021-09-28 17:00:17",A102,7cc37d5f-5e01-419f-ae7b-5ff272cb199f
225607,30,25,213,86,"2021-09-28 17:30:38",A102,7cc37d5f-5e01-419f-ae7b-5ff272cb199f
225639,30,24.9,209,86,"2021-09-28 18:00:56",A102,7cc37d5f-5e01-419f-ae7b-5ff272cb199f
225653,16,26.7,70,114,"2021-09-28 18:15:19",A101,7cc37d5f-5e01-419f-ae7b-5ff272cb199f
225671,30,24.7,207,86,"2021-09-28 18:31:15",A102,7cc37d5f-5e01-419f-ae7b-5ff272cb199f
225702,30,24.5,206,86,"2021-09-28 19:01:35",A102,7cc37d5f-5e01-419f-ae7b-5ff272cb199f
225734,30,24.4,200,86,"2021-09-28 19:31:53",A102,7cc37d5f-5e01-419f-ae7b-5ff272cb199f
225766,29,24.2,201,86,"2021-09-28 20:02:11",A102,7cc37d5f-5e01-419f-ae7b-5ff272cb199f
225780,16,25.2,70,107,"2021-09-28 20:16:52",A101,7cc37d5f-5e01-419f-ae7b-5ff272cb199f
225798,29,24,198,86,"2021-09-28 20:32:29",A102,7cc37d5f-5e01-419f-ae7b-5ff272cb199f
225827,29,23.8,191,86,"2021-09-28 21:02:46",A102,7cc37d5f-5e01-419f-ae7b-5ff272cb199f
225856,29,23.7,193,86,"2021-09-28 21:33:03",A102,7cc37d5f-5e01-419f-ae7b-5ff272cb199f
225886,29,23.5,191,86,"2021-09-28 22:03:20",A102,7cc37d5f-5e01-419f-ae7b-5ff272cb199f
225917,29,23.3,188,86,"2021-09-28 22:33:36",A102,7cc37d5f-5e01-419f-ae7b-5ff272cb199f
225949,29,23.2,190,86,"2021-09-28 23:03:52",A102,7cc37d5f-5e01-419f-ae7b-5ff272cb199f
225980,29,23,187,86,"2021-09-28 23:34:07",A102,7cc37d5f-5e01-419f-ae7b-5ff272cb199f
226011,29,22.9,187,86,"2021-09-29 00:04:22",A102,7cc37d5f-5e01-419f-ae7b-5ff272cb199f
226041,29,22.7,183,86,"2021-09-29 00:34:37",A102,7cc37d5f-5e01-419f-ae7b-5ff272cb199f
226073,29,22.6,181,86,"2021-09-29 01:04:52",A102,7cc37d5f-5e01-419f-ae7b-5ff272cb199f
226105,29,22.42,183,86,"2021-09-29 01:35:06",A102,7cc37d5f-5e01-419f-ae7b-5ff272cb199f
226137,29,22.3,183,86,"2021-09-29 02:05:30",A102,7cc37d5f-5e01-419f-ae7b-5ff272cb199f
226151,16,22.8,69,107,"2021-09-29 02:21:10",A101,7cc37d5f-5e01-419f-ae7b-5ff272cb199f
226168,29,22.2,181,86,"2021-09-29 02:35:37",A102,7cc37d5f-5e01-419f-ae7b-5ff272cb199f
226200,29,22.1,178,86,"2021-09-29 03:05:50",A102,7cc37d5f-5e01-419f-ae7b-5ff272cb199f
226230,29,22,180,86,"2021-09-29 03:36:03",A102,7cc37d5f-5e01-419f-ae7b-5ff272cb199f
226261,29,21.8,180,86,"2021-09-29 04:06:17",A102,7cc37d5f-5e01-419f-ae7b-5ff272cb199f
226293,29,21.7,179,86,"2021-09-29 04:36:32",A102,7cc37d5f-5e01-419f-ae7b-5ff272cb199f
226322,29,21.6,178,93,"2021-09-29 05:06:49",A102,7cc37d5f-5e01-419f-ae7b-5ff272cb199f
226339,16,22.1,68,107,"2021-09-29 05:23:12",A101,7cc37d5f-5e01-419f-ae7b-5ff272cb199f
226352,29,21.5,176,93,"2021-09-29 05:37:09",A102,7cc37d5f-5e01-419f-ae7b-5ff272cb199f
226383,28,21.5,175,93,"2021-09-29 06:07:31",A102,7cc37d5f-5e01-419f-ae7b-5ff272cb199f
226413,28,21.54,175,93,"2021-09-29 06:37:54",A102,7cc37d5f-5e01-419f-ae7b-5ff272cb199f
226507,28,22.1,176,100,"2021-09-29 08:09:11",A102,7cc37d5f-5e01-419f-ae7b-5ff272cb199f
226538,28,22.5,175,100,"2021-09-29 08:39:35",A102,7cc37d5f-5e01-419f-ae7b-5ff272cb199f
226568,28,22.8,174,100,"2021-09-29 09:10:03",A102,7cc37d5f-5e01-419f-ae7b-5ff272cb199f
226597,28,23.3,176,100,"2021-09-29 09:40:32",A102,7cc37d5f-5e01-419f-ae7b-5ff272cb199f
226625,28,23.7,175,100,"2021-09-29 10:10:59",A102,7cc37d5f-5e01-419f-ae7b-5ff272cb199f
226653,28,24.2,176,100,"2021-09-29 10:41:28",A102,7cc37d5f-5e01-419f-ae7b-5ff272cb199f
226684,28,24.6,173,100,"2021-09-29 11:11:56",A102,7cc37d5f-5e01-419f-ae7b-5ff272cb199f
226701,16,29.5,68,114,"2021-09-29 11:29:08",A101,7cc37d5f-5e01-419f-ae7b-5ff272cb199f
226715,28,25,175,93,"2021-09-29 11:42:29",A102,7cc37d5f-5e01-419f-ae7b-5ff272cb199f
226734,16,30,68,114,"2021-09-29 11:59:37",A101,7cc37d5f-5e01-419f-ae7b-5ff272cb199f
226747,28,25.3,175,100,"2021-09-29 12:12:56",A102,7cc37d5f-5e01-419f-ae7b-5ff272cb199f
226765,16,30.4,68,114,"2021-09-29 12:30:04",A101,7cc37d5f-5e01-419f-ae7b-5ff272cb199f
226778,28,25.5,174,100,"2021-09-29 12:43:25",A102,7cc37d5f-5e01-419f-ae7b-5ff272cb199f
226808,28,25.7,174,100,"2021-09-29 13:13:58",A102,7cc37d5f-5e01-419f-ae7b-5ff272cb199f
226840,28,25.9,174,93,"2021-09-29 13:44:31",A102,7cc37d5f-5e01-419f-ae7b-5ff272cb199f
226859,16,30.9,68,114,"2021-09-29 14:01:46",A101,7cc37d5f-5e01-419f-ae7b-5ff272cb199f
226872,28,26,174,100,"2021-09-29 14:15:00",A102,7cc37d5f-5e01-419f-ae7b-5ff272cb199f
226902,28,26.1,173,93,"2021-09-29 14:45:31",A102,7cc37d5f-5e01-419f-ae7b-5ff272cb199f
226931,28,26.1,173,86,"2021-09-29 15:16:01",A102,7cc37d5f-5e01-419f-ae7b-5ff272cb199f
226961,28,26.1,171,86,"2021-09-29 15:46:25",A102,7cc37d5f-5e01-419f-ae7b-5ff272cb199f
226989,27,26,169,86,"2021-09-29 16:16:48",A102,7cc37d5f-5e01-419f-ae7b-5ff272cb199f
227021,27,25.8,166,86,"2021-09-29 16:47:10",A102,7cc37d5f-5e01-419f-ae7b-5ff272cb199f
227040,16,29.4,69,114,"2021-09-29 17:06:53",A101,7cc37d5f-5e01-419f-ae7b-5ff272cb199f
227052,27,25.6,170,86,"2021-09-29 17:17:31",A102,7cc37d5f-5e01-419f-ae7b-5ff272cb199f
227083,27,25.4,170,86,"2021-09-29 17:47:52",A102,7cc37d5f-5e01-419f-ae7b-5ff272cb199f
227113,27,25.3,168,86,"2021-09-29 18:18:14",A102,7cc37d5f-5e01-419f-ae7b-5ff272cb199f
227143,27,25.1,166,86,"2021-09-29 18:48:33",A102,7cc37d5f-5e01-419f-ae7b-5ff272cb199f
227163,16,28.3,69,114,"2021-09-29 19:08:14",A101,7cc37d5f-5e01-419f-ae7b-5ff272cb199f
227175,27,24.9,166,86,"2021-09-29 19:18:50",A102,7cc37d5f-5e01-419f-ae7b-5ff272cb199f
227205,27,24.7,168,86,"2021-09-29 19:49:09",A102,7cc37d5f-5e01-419f-ae7b-5ff272cb199f
227224,16,27.3,69,107,"2021-09-29 20:08:58",A101,7cc37d5f-5e01-419f-ae7b-5ff272cb199f
227237,27,24.6,167,86,"2021-09-29 20:19:27",A102,7cc37d5f-5e01-419f-ae7b-5ff272cb199f
227269,27,24.4,166,86,"2021-09-29 20:49:45",A102,7cc37d5f-5e01-419f-ae7b-5ff272cb199f
227299,27,24.2,164,86,"2021-09-29 21:20:02",A102,7cc37d5f-5e01-419f-ae7b-5ff272cb199f
227330,27,24.1,167,86,"2021-09-29 21:50:19",A102,7cc37d5f-5e01-419f-ae7b-5ff272cb199f
227350,16,26.2,69,107,"2021-09-29 22:10:19",A101,7cc37d5f-5e01-419f-ae7b-5ff272cb199f
227362,27,23.9,164,86,"2021-09-29 22:20:36",A102,7cc37d5f-5e01-419f-ae7b-5ff272cb199f
227379,16,25.9,68,107,"2021-09-29 22:40:41",A101,7cc37d5f-5e01-419f-ae7b-5ff272cb199f
227392,27,23.78,166,86,"2021-09-29 22:50:51",A102,7cc37d5f-5e01-419f-ae7b-5ff272cb199f
227421,27,23.6,165,86,"2021-09-29 23:21:06",A102,7cc37d5f-5e01-419f-ae7b-5ff272cb199f
227439,16,25.5,68,107,"2021-09-29 23:41:19",A101,7cc37d5f-5e01-419f-ae7b-5ff272cb199f
227452,27,23.5,164,86,"2021-09-29 23:51:22",A102,7cc37d5f-5e01-419f-ae7b-5ff272cb199f
227471,16,25.3,68,107,"2021-09-30 00:11:45",A101,7cc37d5f-5e01-419f-ae7b-5ff272cb199f
227484,27,23.3,165,86,"2021-09-30 00:21:36",A102,7cc37d5f-5e01-419f-ae7b-5ff272cb199f
227516,27,23.2,164,86,"2021-09-30 00:51:51",A102,7cc37d5f-5e01-419f-ae7b-5ff272cb199f
227548,27,23,165,86,"2021-09-30 01:22:06",A102,7cc37d5f-5e01-419f-ae7b-5ff272cb199f
227578,27,22.9,164,86,"2021-09-30 01:52:21",A102,7cc37d5f-5e01-419f-ae7b-5ff272cb199f
227598,16,24.5,68,107,"2021-09-30 02:13:07",A101,7cc37d5f-5e01-419f-ae7b-5ff272cb199f
227608,27,22.8,163,86,"2021-09-30 02:22:36",A102,7cc37d5f-5e01-419f-ae7b-5ff272cb199f
227637,27,22.6,163,86,"2021-09-30 02:52:49",A102,7cc37d5f-5e01-419f-ae7b-5ff272cb199f
227666,27,22.5,163,86,"2021-09-30 03:23:04",A102,7cc37d5f-5e01-419f-ae7b-5ff272cb199f
227694,27,22.4,161,86,"2021-09-30 03:53:20",A102,7cc37d5f-5e01-419f-ae7b-5ff272cb199f
227724,27,22.3,161,86,"2021-09-30 04:23:33",A102,7cc37d5f-5e01-419f-ae7b-5ff272cb199f
227753,27,22.2,161,93,"2021-09-30 04:53:48",A102,7cc37d5f-5e01-419f-ae7b-5ff272cb199f
227781,27,22.1,162,93,"2021-09-30 05:24:05",A102,7cc37d5f-5e01-419f-ae7b-5ff272cb199f
227809,27,22,162,93,"2021-09-30 05:54:24",A102,7cc37d5f-5e01-419f-ae7b-5ff272cb199f
227840,27,22,162,93,"2021-09-30 06:24:44",A102,7cc37d5f-5e01-419f-ae7b-5ff272cb199f
227873,27,22,162,93,"2021-09-30 06:55:06",A102,7cc37d5f-5e01-419f-ae7b-5ff272cb199f
227902,27,22.2,161,93,"2021-09-30 07:25:30",A102,7cc37d5f-5e01-419f-ae7b-5ff272cb199f
227932,27,22.3,160,100,"2021-09-30 07:55:56",A102,7cc37d5f-5e01-419f-ae7b-5ff272cb199f
227962,27,22.6,158,100,"2021-09-30 08:26:26",A102,7cc37d5f-5e01-419f-ae7b-5ff272cb199f
227992,27,23,161,100,"2021-09-30 08:56:52",A102,7cc37d5f-5e01-419f-ae7b-5ff272cb199f
228024,27,23.4,162,93,"2021-09-30 09:27:16",A102,7cc37d5f-5e01-419f-ae7b-5ff272cb199f
228045,15,27.46,67,114,"2021-09-30 09:49:00",A101,7cc37d5f-5e01-419f-ae7b-5ff272cb199f
228055,27,23.7,161,93,"2021-09-30 09:57:37",A102,7cc37d5f-5e01-419f-ae7b-5ff272cb199f
228077,15,27.46,67,114,"2021-09-30 10:19:14",A101,7cc37d5f-5e01-419f-ae7b-5ff272cb199f
228086,27,23.9,160,93,"2021-09-30 10:27:53",A102,7cc37d5f-5e01-419f-ae7b-5ff272cb199f
228117,27,23.9,161,93,"2021-09-30 10:58:11",A102,7cc37d5f-5e01-419f-ae7b-5ff272cb199f
228147,27,23.8,161,93,"2021-09-30 11:28:31",A102,7cc37d5f-5e01-419f-ae7b-5ff272cb199f
228177,27,23.7,161,100,"2021-09-30 11:58:52",A102,7cc37d5f-5e01-419f-ae7b-5ff272cb199f
228207,27,23.7,161,107,"2021-09-30 12:29:13",A102,7cc37d5f-5e01-419f-ae7b-5ff272cb199f
228229,15,26.2,68,114,"2021-09-30 12:51:07",A101,7cc37d5f-5e01-419f-ae7b-5ff272cb199f
228237,27,23.8,160,107,"2021-09-30 12:59:36",A102,7cc37d5f-5e01-419f-ae7b-5ff272cb199f
228267,27,23.8,161,100,"2021-09-30 13:29:57",A102,7cc37d5f-5e01-419f-ae7b-5ff272cb199f
228298,27,23.8,160,100,"2021-09-30 14:00:20",A102,7cc37d5f-5e01-419f-ae7b-5ff272cb199f
228327,27,23.9,160,93,"2021-09-30 14:30:42",A102,7cc37d5f-5e01-419f-ae7b-5ff272cb199f
228355,27,23.9,160,86,"2021-09-30 15:01:03",A102,7cc37d5f-5e01-419f-ae7b-5ff272cb199f
228385,27,23.9,160,86,"2021-09-30 15:31:25",A102,7cc37d5f-5e01-419f-ae7b-5ff272cb199f
228414,27,23.9,160,86,"2021-09-30 16:01:43",A102,7cc37d5f-5e01-419f-ae7b-5ff272cb199f
228444,27,23.88,160,86,"2021-09-30 16:32:00",A102,7cc37d5f-5e01-419f-ae7b-5ff272cb199f
228551,15,25.1,67,107,"2021-09-30 18:25:17",A101,7cc37d5f-5e01-419f-ae7b-5ff272cb199f
228914,15,22.9,67,107,"2021-10-01 00:59:22",A101,7cc37d5f-5e01-419f-ae7b-5ff272cb199f
228970,15,22.7,66,107,"2021-10-01 01:59:56",A101,7cc37d5f-5e01-419f-ae7b-5ff272cb199f
229051,15,22.4,66,107,"2021-10-01 03:30:51",A101,7cc37d5f-5e01-419f-ae7b-5ff272cb199f
229133,15,22.1,66,107,"2021-10-01 05:01:48",A101,7cc37d5f-5e01-419f-ae7b-5ff272cb199f
229162,15,22,66,107,"2021-10-01 05:32:03",A101,7cc37d5f-5e01-419f-ae7b-5ff272cb199f
229192,15,22,66,107,"2021-10-01 06:02:39",A101,7cc37d5f-5e01-419f-ae7b-5ff272cb199f
229195,27,21,152,93,"2021-10-01 06:04:58",A102,7cc37d5f-5e01-419f-ae7b-5ff272cb199f
229228,27,21.1,156,93,"2021-10-01 06:36:27",A102,7cc37d5f-5e01-419f-ae7b-5ff272cb199f
229250,15,22.6,66,114,"2021-10-01 07:03:13",A101,7cc37d5f-5e01-419f-ae7b-5ff272cb199f
229255,27,21.2,155,93,"2021-10-01 07:06:47",A102,7cc37d5f-5e01-419f-ae7b-5ff272cb199f
229314,27,21.6,153,100,"2021-10-01 08:07:38",A102,7cc37d5f-5e01-419f-ae7b-5ff272cb199f
229344,27,21.9,151,100,"2021-10-01 08:38:07",A102,7cc37d5f-5e01-419f-ae7b-5ff272cb199f
229374,26,22.3,155,100,"2021-10-01 09:08:37",A102,7cc37d5f-5e01-419f-ae7b-5ff272cb199f
229401,26,22.7,155,100,"2021-10-01 09:39:06",A102,7cc37d5f-5e01-419f-ae7b-5ff272cb199f
229431,26,23.2,154,100,"2021-10-01 10:09:32",A102,7cc37d5f-5e01-419f-ae7b-5ff272cb199f
229460,26,23.6,155,100,"2021-10-01 10:40:02",A102,7cc37d5f-5e01-419f-ae7b-5ff272cb199f
229490,26,24.1,155,100,"2021-10-01 11:10:33",A102,7cc37d5f-5e01-419f-ae7b-5ff272cb199f
229519,26,24.6,155,100,"2021-10-01 11:41:01",A102,7cc37d5f-5e01-419f-ae7b-5ff272cb199f
229548,26,25,154,93,"2021-10-01 12:11:32",A102,7cc37d5f-5e01-419f-ae7b-5ff272cb199f
229576,26,25.3,156,100,"2021-10-01 12:42:01",A102,7cc37d5f-5e01-419f-ae7b-5ff272cb199f
229606,26,25.5,156,100,"2021-10-01 13:12:31",A102,7cc37d5f-5e01-419f-ae7b-5ff272cb199f
229636,26,25.7,153,107,"2021-10-01 13:42:59",A102,7cc37d5f-5e01-419f-ae7b-5ff272cb199f
229665,26,25.8,155,93,"2021-10-01 14:13:31",A102,7cc37d5f-5e01-419f-ae7b-5ff272cb199f
229694,26,25.8,151,93,"2021-10-01 14:43:57",A102,7cc37d5f-5e01-419f-ae7b-5ff272cb199f
229724,26,25.8,155,86,"2021-10-01 15:14:25",A102,7cc37d5f-5e01-419f-ae7b-5ff272cb199f
229783,26,25.7,153,86,"2021-10-01 16:15:16",A102,7cc37d5f-5e01-419f-ae7b-5ff272cb199f
229804,15,28.8,66,114,"2021-10-01 16:42:12",A101,7cc37d5f-5e01-419f-ae7b-5ff272cb199f
229810,26,25.6,156,86,"2021-10-01 16:45:40",A102,7cc37d5f-5e01-419f-ae7b-5ff272cb199f
229837,26,25.4,155,86,"2021-10-01 17:16:02",A102,7cc37d5f-5e01-419f-ae7b-5ff272cb199f
229865,26,25.2,156,86,"2021-10-01 17:46:24",A102,7cc37d5f-5e01-419f-ae7b-5ff272cb199f
229894,26,25.1,156,86,"2021-10-01 18:16:47",A102,7cc37d5f-5e01-419f-ae7b-5ff272cb199f
229923,26,24.9,155,86,"2021-10-01 18:47:07",A102,7cc37d5f-5e01-419f-ae7b-5ff272cb199f
229952,26,24.7,154,86,"2021-10-01 19:17:28",A102,7cc37d5f-5e01-419f-ae7b-5ff272cb199f
229982,26,24.5,154,86,"2021-10-01 19:47:48",A102,7cc37d5f-5e01-419f-ae7b-5ff272cb199f
230010,26,24.4,154,86,"2021-10-01 20:18:09",A102,7cc37d5f-5e01-419f-ae7b-5ff272cb199f
230037,26,24.2,154,86,"2021-10-01 20:48:27",A102,7cc37d5f-5e01-419f-ae7b-5ff272cb199f
230066,26,24,155,86,"2021-10-01 21:18:47",A102,7cc37d5f-5e01-419f-ae7b-5ff272cb199f
230094,26,23.9,154,86,"2021-10-01 21:49:05",A102,7cc37d5f-5e01-419f-ae7b-5ff272cb199f
230147,26,23.6,159,86,"2021-10-01 22:49:41",A102,7cc37d5f-5e01-419f-ae7b-5ff272cb199f
230174,26,23.4,151,86,"2021-10-01 23:19:59",A102,7cc37d5f-5e01-419f-ae7b-5ff272cb199f
230202,26,23.3,152,86,"2021-10-01 23:50:17",A102,7cc37d5f-5e01-419f-ae7b-5ff272cb199f
230231,26,23.2,153,86,"2021-10-02 00:20:36",A102,7cc37d5f-5e01-419f-ae7b-5ff272cb199f
230261,26,23,153,86,"2021-10-02 00:50:54",A102,7cc37d5f-5e01-419f-ae7b-5ff272cb199f
230290,26,22.9,152,86,"2021-10-02 01:21:10",A102,7cc37d5f-5e01-419f-ae7b-5ff272cb199f
230319,15,24.6,66,107,"2021-10-02 01:51:26",A101,7cc37d5f-5e01-419f-ae7b-5ff272cb199f
230320,26,22.8,153,86,"2021-10-02 01:51:27",A102,7cc37d5f-5e01-419f-ae7b-5ff272cb199f
230347,26,22.7,153,86,"2021-10-02 02:21:45",A102,7cc37d5f-5e01-419f-ae7b-5ff272cb199f
230375,26,22.6,151,86,"2021-10-02 02:52:00",A102,7cc37d5f-5e01-419f-ae7b-5ff272cb199f
230403,26,22.42,150,86,"2021-10-02 03:22:16",A102,7cc37d5f-5e01-419f-ae7b-5ff272cb199f
230430,26,22.3,148,86,"2021-10-02 03:52:31",A102,7cc37d5f-5e01-419f-ae7b-5ff272cb199f
230458,26,22.2,150,86,"2021-10-02 04:22:47",A102,7cc37d5f-5e01-419f-ae7b-5ff272cb199f
230483,26,22.1,151,86,"2021-10-02 04:53:03",A102,7cc37d5f-5e01-419f-ae7b-5ff272cb199f
230487,15,23.6,66,107,"2021-10-02 04:53:37",A101,7cc37d5f-5e01-419f-ae7b-5ff272cb199f
230510,26,22,151,86,"2021-10-02 05:23:21",A102,7cc37d5f-5e01-419f-ae7b-5ff272cb199f
230515,15,23.6,66,107,"2021-10-02 05:24:13",A101,7cc37d5f-5e01-419f-ae7b-5ff272cb199f
230540,26,21.9,151,93,"2021-10-02 05:53:39",A102,7cc37d5f-5e01-419f-ae7b-5ff272cb199f
230567,26,21.9,151,93,"2021-10-02 06:24:00",A102,7cc37d5f-5e01-419f-ae7b-5ff272cb199f
230594,26,21.9,151,93,"2021-10-02 06:54:21",A102,7cc37d5f-5e01-419f-ae7b-5ff272cb199f
230623,26,22,150,93,"2021-10-02 07:24:46",A102,7cc37d5f-5e01-419f-ae7b-5ff272cb199f
230651,26,22,150,93,"2021-10-02 07:55:09",A102,7cc37d5f-5e01-419f-ae7b-5ff272cb199f
230677,26,22.1,149,93,"2021-10-02 08:25:37",A102,7cc37d5f-5e01-419f-ae7b-5ff272cb199f
230705,26,22.2,150,93,"2021-10-02 08:56:03",A102,7cc37d5f-5e01-419f-ae7b-5ff272cb199f
230732,26,22.4,151,100,"2021-10-02 09:26:34",A102,7cc37d5f-5e01-419f-ae7b-5ff272cb199f
230759,26,22.6,149,93,"2021-10-02 09:57:03",A102,7cc37d5f-5e01-419f-ae7b-5ff272cb199f
230786,26,22.8,147,100,"2021-10-02 10:27:34",A102,7cc37d5f-5e01-419f-ae7b-5ff272cb199f
230814,26,23.1,148,100,"2021-10-02 10:58:06",A102,7cc37d5f-5e01-419f-ae7b-5ff272cb199f
230841,26,23.4,150,100,"2021-10-02 11:28:37",A102,7cc37d5f-5e01-419f-ae7b-5ff272cb199f
230867,26,23.7,150,100,"2021-10-02 11:59:06",A102,7cc37d5f-5e01-419f-ae7b-5ff272cb199f
230894,26,24,150,100,"2021-10-02 12:29:34",A102,7cc37d5f-5e01-419f-ae7b-5ff272cb199f
230898,15,29.4,65,114,"2021-10-02 12:31:08",A101,7cc37d5f-5e01-419f-ae7b-5ff272cb199f
230921,25,24.3,149,100,"2021-10-02 13:00:05",A102,7cc37d5f-5e01-419f-ae7b-5ff272cb199f
230948,25,24.5,149,100,"2021-10-02 13:30:38",A102,7cc37d5f-5e01-419f-ae7b-5ff272cb199f
230953,15,29.5,65,114,"2021-10-02 13:32:18",A101,7cc37d5f-5e01-419f-ae7b-5ff272cb199f
230976,25,24.7,150,100,"2021-10-02 14:01:09",A102,7cc37d5f-5e01-419f-ae7b-5ff272cb199f
230981,15,29.9,66,114,"2021-10-02 14:02:52",A101,7cc37d5f-5e01-419f-ae7b-5ff272cb199f
231032,25,25,151,86,"2021-10-02 15:02:08",A102,7cc37d5f-5e01-419f-ae7b-5ff272cb199f
231060,25,25.2,151,86,"2021-10-02 15:32:34",A102,7cc37d5f-5e01-419f-ae7b-5ff272cb199f
231064,15,29.9,65,114,"2021-10-02 15:34:42",A101,7cc37d5f-5e01-419f-ae7b-5ff272cb199f
231087,25,25.3,151,86,"2021-10-02 16:02:58",A102,7cc37d5f-5e01-419f-ae7b-5ff272cb199f
231114,25,25.3,150,86,"2021-10-02 16:33:23",A102,7cc37d5f-5e01-419f-ae7b-5ff272cb199f
231141,25,25.3,151,86,"2021-10-02 17:03:41",A102,7cc37d5f-5e01-419f-ae7b-5ff272cb199f
231168,26,25.3,151,86,"2021-10-02 17:33:59",A102,7cc37d5f-5e01-419f-ae7b-5ff272cb199f
231196,25,25.2,151,86,"2021-10-02 18:04:19",A102,7cc37d5f-5e01-419f-ae7b-5ff272cb199f
231200,15,28.3,66,107,"2021-10-02 18:06:44",A101,7cc37d5f-5e01-419f-ae7b-5ff272cb199f
231225,26,25.1,151,86,"2021-10-02 18:34:37",A102,7cc37d5f-5e01-419f-ae7b-5ff272cb199f
231251,26,25,150,86,"2021-10-02 19:04:55",A102,7cc37d5f-5e01-419f-ae7b-5ff272cb199f
231280,26,24.9,149,86,"2021-10-02 19:35:13",A102,7cc37d5f-5e01-419f-ae7b-5ff272cb199f
231308,26,24.8,148,86,"2021-10-02 20:05:31",A102,7cc37d5f-5e01-419f-ae7b-5ff272cb199f
231334,26,24.7,148,86,"2021-10-02 20:35:51",A102,7cc37d5f-5e01-419f-ae7b-5ff272cb199f
231337,15,26.7,66,107,"2021-10-02 20:38:38",A101,7cc37d5f-5e01-419f-ae7b-5ff272cb199f
231361,26,24.6,150,86,"2021-10-02 21:06:08",A102,7cc37d5f-5e01-419f-ae7b-5ff272cb199f
231388,26,24.4,150,86,"2021-10-02 21:36:25",A102,7cc37d5f-5e01-419f-ae7b-5ff272cb199f
231413,26,24.3,149,86,"2021-10-02 22:06:44",A102,7cc37d5f-5e01-419f-ae7b-5ff272cb199f
231440,26,24.2,150,86,"2021-10-02 22:37:02",A102,7cc37d5f-5e01-419f-ae7b-5ff272cb199f
231443,15,25.7,66,107,"2021-10-02 22:40:15",A101,7cc37d5f-5e01-419f-ae7b-5ff272cb199f
231467,26,24.1,149,86,"2021-10-02 23:07:19",A102,7cc37d5f-5e01-419f-ae7b-5ff272cb199f
231470,15,25.5,66,107,"2021-10-02 23:10:36",A101,7cc37d5f-5e01-419f-ae7b-5ff272cb199f
231495,26,24,148,86,"2021-10-02 23:37:38",A102,7cc37d5f-5e01-419f-ae7b-5ff272cb199f
231521,26,23.9,148,86,"2021-10-03 00:07:57",A102,7cc37d5f-5e01-419f-ae7b-5ff272cb199f
231524,15,25.2,66,107,"2021-10-03 00:11:23",A101,7cc37d5f-5e01-419f-ae7b-5ff272cb199f
231548,26,23.8,145,86,"2021-10-03 00:38:14",A102,7cc37d5f-5e01-419f-ae7b-5ff272cb199f
231574,26,23.7,147,86,"2021-10-03 01:08:32",A102,7cc37d5f-5e01-419f-ae7b-5ff272cb199f
231600,26,23.6,145,86,"2021-10-03 01:38:49",A102,7cc37d5f-5e01-419f-ae7b-5ff272cb199f
231624,26,23.5,147,86,"2021-10-03 02:09:06",A102,7cc37d5f-5e01-419f-ae7b-5ff272cb199f
231626,15,24.7,65,107,"2021-10-03 02:13:01",A101,7cc37d5f-5e01-419f-ae7b-5ff272cb199f
231650,26,23.5,148,86,"2021-10-03 02:39:23",A102,7cc37d5f-5e01-419f-ae7b-5ff272cb199f
231675,26,23.4,147,86,"2021-10-03 03:09:41",A102,7cc37d5f-5e01-419f-ae7b-5ff272cb199f
231699,26,23.3,148,86,"2021-10-03 03:40:01",A102,7cc37d5f-5e01-419f-ae7b-5ff272cb199f
231724,26,23.2,148,86,"2021-10-03 04:10:13",A102,7cc37d5f-5e01-419f-ae7b-5ff272cb199f
231748,26,23.1,148,86,"2021-10-03 04:40:31",A102,7cc37d5f-5e01-419f-ae7b-5ff272cb199f
231751,15,24,65,107,"2021-10-03 04:44:53",A101,7cc37d5f-5e01-419f-ae7b-5ff272cb199f
231774,26,23,147,86,"2021-10-03 05:10:50",A102,7cc37d5f-5e01-419f-ae7b-5ff272cb199f
231777,15,23.9,65,107,"2021-10-03 05:15:17",A101,7cc37d5f-5e01-419f-ae7b-5ff272cb199f
231797,26,23,147,93,"2021-10-03 05:41:07",A102,7cc37d5f-5e01-419f-ae7b-5ff272cb199f
231821,26,22.9,146,93,"2021-10-03 06:11:28",A102,7cc37d5f-5e01-419f-ae7b-5ff272cb199f
231845,26,22.86,147,93,"2021-10-03 06:41:56",A102,7cc37d5f-5e01-419f-ae7b-5ff272cb199f
231871,26,22.8,147,93,"2021-10-03 07:12:17",A102,7cc37d5f-5e01-419f-ae7b-5ff272cb199f
231896,26,22.9,147,93,"2021-10-03 07:42:42",A102,7cc37d5f-5e01-419f-ae7b-5ff272cb199f
231901,15,24.5,65,114,"2021-10-03 07:47:45",A101,7cc37d5f-5e01-419f-ae7b-5ff272cb199f
231925,26,22.9,147,93,"2021-10-03 08:13:06",A102,7cc37d5f-5e01-419f-ae7b-5ff272cb199f
231949,25,23,146,93,"2021-10-03 08:43:34",A102,7cc37d5f-5e01-419f-ae7b-5ff272cb199f
231975,25,23.2,149,93,"2021-10-03 09:15:01",A102,7cc37d5f-5e01-419f-ae7b-5ff272cb199f
232001,25,23.3,147,93,"2021-10-03 09:45:26",A102,7cc37d5f-5e01-419f-ae7b-5ff272cb199f
232004,15,25.7,65,114,"2021-10-03 09:50:03",A101,7cc37d5f-5e01-419f-ae7b-5ff272cb199f
232025,25,23.4,146,93,"2021-10-03 10:15:49",A102,7cc37d5f-5e01-419f-ae7b-5ff272cb199f
232051,25,23.6,148,100,"2021-10-03 10:46:15",A102,7cc37d5f-5e01-419f-ae7b-5ff272cb199f
232077,25,23.7,146,100,"2021-10-03 11:16:43",A102,7cc37d5f-5e01-419f-ae7b-5ff272cb199f
232104,25,23.9,146,100,"2021-10-03 11:47:09",A102,7cc37d5f-5e01-419f-ae7b-5ff272cb199f
232130,25,24.2,146,100,"2021-10-03 12:17:39",A102,7cc37d5f-5e01-419f-ae7b-5ff272cb199f
232159,25,24.4,149,93,"2021-10-03 12:48:04",A102,7cc37d5f-5e01-419f-ae7b-5ff272cb199f
232184,25,24.7,148,86,"2021-10-03 13:18:27",A102,7cc37d5f-5e01-419f-ae7b-5ff272cb199f
232187,15,28.1,65,107,"2021-10-03 13:23:21",A101,7cc37d5f-5e01-419f-ae7b-5ff272cb199f
232213,25,24.9,149,86,"2021-10-03 13:48:44",A102,7cc37d5f-5e01-419f-ae7b-5ff272cb199f
232216,15,28,65,107,"2021-10-03 13:53:43",A101,7cc37d5f-5e01-419f-ae7b-5ff272cb199f
232240,25,25,146,86,"2021-10-03 14:19:02",A102,7cc37d5f-5e01-419f-ae7b-5ff272cb199f
232244,15,27.7,65,107,"2021-10-03 14:24:09",A101,7cc37d5f-5e01-419f-ae7b-5ff272cb199f
232273,25,25,147,86,"2021-10-03 14:49:15",A102,7cc37d5f-5e01-419f-ae7b-5ff272cb199f
232277,28,25.3,154,107,"2021-10-03 14:54:28",A101,7cc37d5f-5e01-419f-ae7b-5ff272cb199f
232304,25,25,147,86,"2021-10-03 15:19:31",A102,7cc37d5f-5e01-419f-ae7b-5ff272cb199f
232331,28,24.8,170,86,"2021-10-03 15:49:43",A102,7cc37d5f-5e01-419f-ae7b-5ff272cb199f
232358,30,24.5,219,86,"2021-10-03 16:19:59",A102,7cc37d5f-5e01-419f-ae7b-5ff272cb199f
232384,30,24.3,217,86,"2021-10-03 16:50:12",A102,7cc37d5f-5e01-419f-ae7b-5ff272cb199f
232388,26,23.4,92,107,"2021-10-03 16:56:02",A101,7cc37d5f-5e01-419f-ae7b-5ff272cb199f
232412,30,24,217,86,"2021-10-03 17:20:25",A102,7cc37d5f-5e01-419f-ae7b-5ff272cb199f
232416,25,23.3,89,107,"2021-10-03 17:26:25",A101,7cc37d5f-5e01-419f-ae7b-5ff272cb199f
232443,29,23.8,215,86,"2021-10-03 17:50:40",A102,7cc37d5f-5e01-419f-ae7b-5ff272cb199f
232447,25,23.2,86,107,"2021-10-03 17:56:48",A101,7cc37d5f-5e01-419f-ae7b-5ff272cb199f
232475,25,23.2,84,107,"2021-10-03 18:27:15",A101,7cc37d5f-5e01-419f-ae7b-5ff272cb199f
232498,29,23.5,213,86,"2021-10-03 18:51:10",A102,7cc37d5f-5e01-419f-ae7b-5ff272cb199f
232501,24,23.1,83,107,"2021-10-03 18:57:39",A101,7cc37d5f-5e01-419f-ae7b-5ff272cb199f
232525,29,23.3,210,86,"2021-10-03 19:21:25",A102,7cc37d5f-5e01-419f-ae7b-5ff272cb199f
232552,29,23.2,209,86,"2021-10-03 19:51:39",A102,7cc37d5f-5e01-419f-ae7b-5ff272cb199f
232555,24,22.9,81,107,"2021-10-03 19:58:19",A101,7cc37d5f-5e01-419f-ae7b-5ff272cb199f
232578,29,23.1,205,86,"2021-10-03 20:21:54",A102,7cc37d5f-5e01-419f-ae7b-5ff272cb199f
232581,24,22.8,79,107,"2021-10-03 20:28:45",A101,7cc37d5f-5e01-419f-ae7b-5ff272cb199f
232606,29,23,206,86,"2021-10-03 20:52:08",A102,7cc37d5f-5e01-419f-ae7b-5ff272cb199f
232609,24,22.7,79,107,"2021-10-03 20:59:07",A101,7cc37d5f-5e01-419f-ae7b-5ff272cb199f
232631,29,22.8,204,86,"2021-10-03 21:22:23",A102,7cc37d5f-5e01-419f-ae7b-5ff272cb199f
232634,24,22.6,78,107,"2021-10-03 21:29:30",A101,7cc37d5f-5e01-419f-ae7b-5ff272cb199f
232658,29,22.74,202,86,"2021-10-03 21:52:38",A102,7cc37d5f-5e01-419f-ae7b-5ff272cb199f
232662,24,22.5,78,107,"2021-10-03 22:01:54",A101,7cc37d5f-5e01-419f-ae7b-5ff272cb199f
232687,29,22.6,200,86,"2021-10-03 22:22:52",A102,7cc37d5f-5e01-419f-ae7b-5ff272cb199f
232691,23,22.4,77,107,"2021-10-03 22:32:21",A101,7cc37d5f-5e01-419f-ae7b-5ff272cb199f
232715,29,22.5,200,86,"2021-10-03 22:53:05",A102,7cc37d5f-5e01-419f-ae7b-5ff272cb199f
232719,23,22.3,77,107,"2021-10-03 23:02:46",A101,7cc37d5f-5e01-419f-ae7b-5ff272cb199f
232743,29,22.42,198,86,"2021-10-03 23:23:19",A102,7cc37d5f-5e01-419f-ae7b-5ff272cb199f
232747,23,22.2,76,107,"2021-10-03 23:33:12",A101,7cc37d5f-5e01-419f-ae7b-5ff272cb199f
232772,29,22.3,198,86,"2021-10-03 23:53:32",A102,7cc37d5f-5e01-419f-ae7b-5ff272cb199f
232776,23,22.1,76,107,"2021-10-04 00:03:38",A101,7cc37d5f-5e01-419f-ae7b-5ff272cb199f
232800,29,22.2,196,86,"2021-10-04 00:23:45",A102,7cc37d5f-5e01-419f-ae7b-5ff272cb199f
232803,23,22,76,107,"2021-10-04 00:34:03",A101,7cc37d5f-5e01-419f-ae7b-5ff272cb199f
232826,29,22.2,194,86,"2021-10-04 00:53:58",A102,7cc37d5f-5e01-419f-ae7b-5ff272cb199f
232829,23,21.9,75,107,"2021-10-04 01:04:28",A101,7cc37d5f-5e01-419f-ae7b-5ff272cb199f
232865,29,22,193,86,"2021-10-04 01:54:25",A102,7cc37d5f-5e01-419f-ae7b-5ff272cb199f
232870,23,21.8,75,107,"2021-10-04 02:05:20",A101,7cc37d5f-5e01-419f-ae7b-5ff272cb199f
232895,29,21.9,192,86,"2021-10-04 02:24:39",A102,7cc37d5f-5e01-419f-ae7b-5ff272cb199f
232899,23,21.7,74,107,"2021-10-04 02:35:46",A101,7cc37d5f-5e01-419f-ae7b-5ff272cb199f
232923,29,21.8,191,86,"2021-10-04 02:54:52",A102,7cc37d5f-5e01-419f-ae7b-5ff272cb199f
232928,23,21.7,74,107,"2021-10-04 03:06:11",A101,7cc37d5f-5e01-419f-ae7b-5ff272cb199f
232950,28,21.7,195,86,"2021-10-04 03:25:06",A102,7cc37d5f-5e01-419f-ae7b-5ff272cb199f
232954,23,21.7,74,107,"2021-10-04 03:36:37",A101,7cc37d5f-5e01-419f-ae7b-5ff272cb199f
232978,28,21.7,188,86,"2021-10-04 03:55:21",A102,7cc37d5f-5e01-419f-ae7b-5ff272cb199f
232983,23,21.6,74,107,"2021-10-04 04:07:02",A101,7cc37d5f-5e01-419f-ae7b-5ff272cb199f
233006,28,21.6,188,86,"2021-10-04 04:25:35",A102,7cc37d5f-5e01-419f-ae7b-5ff272cb199f
233010,23,21.6,73,107,"2021-10-04 04:37:29",A101,7cc37d5f-5e01-419f-ae7b-5ff272cb199f
233039,23,21.6,73,107,"2021-10-04 05:07:53",A101,7cc37d5f-5e01-419f-ae7b-5ff272cb199f
233064,23,21.6,73,107,"2021-10-04 05:38:20",A101,7cc37d5f-5e01-419f-ae7b-5ff272cb199f
233093,22,21.6,73,107,"2021-10-04 06:08:49",A101,7cc37d5f-5e01-419f-ae7b-5ff272cb199f
233115,28,21.5,187,93,"2021-10-04 06:26:32",A102,7cc37d5f-5e01-419f-ae7b-5ff272cb199f
233122,22,21.7,72,107,"2021-10-04 06:39:22",A101,7cc37d5f-5e01-419f-ae7b-5ff272cb199f
233143,28,21.5,186,93,"2021-10-04 06:56:48",A102,7cc37d5f-5e01-419f-ae7b-5ff272cb199f
233172,28,21.5,186,93,"2021-10-04 07:27:10",A102,7cc37d5f-5e01-419f-ae7b-5ff272cb199f
233178,22,22.3,72,114,"2021-10-04 07:40:14",A101,7cc37d5f-5e01-419f-ae7b-5ff272cb199f
233201,28,21.6,186,93,"2021-10-04 07:57:30",A102,7cc37d5f-5e01-419f-ae7b-5ff272cb199f
233230,28,21.7,185,93,"2021-10-04 08:27:53",A102,7cc37d5f-5e01-419f-ae7b-5ff272cb199f
233260,28,22,184,100,"2021-10-04 08:58:18",A102,7cc37d5f-5e01-419f-ae7b-5ff272cb199f
233268,22,24.7,70,114,"2021-10-04 09:12:02",A101,7cc37d5f-5e01-419f-ae7b-5ff272cb199f
233291,28,22.3,184,100,"2021-10-04 09:28:42",A102,7cc37d5f-5e01-419f-ae7b-5ff272cb199f
233299,22,25.5,70,114,"2021-10-04 09:42:35",A101,7cc37d5f-5e01-419f-ae7b-5ff272cb199f
233322,28,22.6,181,100,"2021-10-04 09:59:10",A102,7cc37d5f-5e01-419f-ae7b-5ff272cb199f
233354,28,23,182,100,"2021-10-04 10:29:32",A102,7cc37d5f-5e01-419f-ae7b-5ff272cb199f
233386,28,23.4,184,100,"2021-10-04 10:59:59",A102,7cc37d5f-5e01-419f-ae7b-5ff272cb199f
233441,28,24.2,180,100,"2021-10-04 12:00:52",A102,7cc37d5f-5e01-419f-ae7b-5ff272cb199f
233470,28,24.5,181,100,"2021-10-04 12:31:18",A102,7cc37d5f-5e01-419f-ae7b-5ff272cb199f
233502,28,24.8,181,93,"2021-10-04 13:01:41",A102,7cc37d5f-5e01-419f-ae7b-5ff272cb199f
233533,28,25,181,86,"2021-10-04 13:32:03",A102,7cc37d5f-5e01-419f-ae7b-5ff272cb199f
233563,28,25.1,182,93,"2021-10-04 14:02:20",A102,7cc37d5f-5e01-419f-ae7b-5ff272cb199f
233596,28,25.1,181,86,"2021-10-04 14:32:38",A102,7cc37d5f-5e01-419f-ae7b-5ff272cb199f
233629,28,25,181,86,"2021-10-04 15:02:56",A102,7cc37d5f-5e01-419f-ae7b-5ff272cb199f
233661,28,24.94,178,86,"2021-10-04 15:33:14",A102,7cc37d5f-5e01-419f-ae7b-5ff272cb199f
233693,28,24.8,179,86,"2021-10-04 16:03:36",A102,7cc37d5f-5e01-419f-ae7b-5ff272cb199f
233749,28,24.6,177,86,"2021-10-04 17:04:05",A102,7cc37d5f-5e01-419f-ae7b-5ff272cb199f
233810,28,24.3,176,86,"2021-10-04 18:04:37",A102,7cc37d5f-5e01-419f-ae7b-5ff272cb199f
233840,28,24.1,174,86,"2021-10-04 18:34:52",A102,7cc37d5f-5e01-419f-ae7b-5ff272cb199f
233870,28,24,175,86,"2021-10-04 19:05:07",A102,7cc37d5f-5e01-419f-ae7b-5ff272cb199f
233901,28,23.9,173,86,"2021-10-04 19:35:22",A102,7cc37d5f-5e01-419f-ae7b-5ff272cb199f
233932,28,23.7,175,86,"2021-10-04 20:05:36",A102,7cc37d5f-5e01-419f-ae7b-5ff272cb199f
233964,28,23.6,173,86,"2021-10-04 20:35:51",A102,7cc37d5f-5e01-419f-ae7b-5ff272cb199f
233997,28,23.4,171,86,"2021-10-04 21:06:06",A102,7cc37d5f-5e01-419f-ae7b-5ff272cb199f
234029,28,23.3,173,86,"2021-10-04 21:36:18",A102,7cc37d5f-5e01-419f-ae7b-5ff272cb199f
234062,28,23.2,169,86,"2021-10-04 22:06:31",A102,7cc37d5f-5e01-419f-ae7b-5ff272cb199f
234093,28,23,169,86,"2021-10-04 22:36:47",A102,7cc37d5f-5e01-419f-ae7b-5ff272cb199f
234122,28,22.9,171,86,"2021-10-04 23:06:59",A102,7cc37d5f-5e01-419f-ae7b-5ff272cb199f
234153,28,22.8,170,86,"2021-10-04 23:37:13",A102,7cc37d5f-5e01-419f-ae7b-5ff272cb199f
234185,28,22.6,171,86,"2021-10-05 00:07:27",A102,7cc37d5f-5e01-419f-ae7b-5ff272cb199f
234217,28,22.5,169,86,"2021-10-05 00:37:40",A102,7cc37d5f-5e01-419f-ae7b-5ff272cb199f
234249,28,22.4,169,86,"2021-10-05 01:07:53",A102,7cc37d5f-5e01-419f-ae7b-5ff272cb199f
234280,28,22.3,169,86,"2021-10-05 01:38:05",A102,7cc37d5f-5e01-419f-ae7b-5ff272cb199f
234313,28,22.2,169,86,"2021-10-05 02:08:18",A102,7cc37d5f-5e01-419f-ae7b-5ff272cb199f
234344,28,22,164,86,"2021-10-05 02:38:31",A102,7cc37d5f-5e01-419f-ae7b-5ff272cb199f
234376,28,21.9,169,86,"2021-10-05 03:08:44",A102,7cc37d5f-5e01-419f-ae7b-5ff272cb199f
234437,28,21.7,168,86,"2021-10-05 04:09:09",A102,7cc37d5f-5e01-419f-ae7b-5ff272cb199f
234468,28,21.6,168,86,"2021-10-05 04:39:21",A102,7cc37d5f-5e01-419f-ae7b-5ff272cb199f
234496,28,21.6,167,93,"2021-10-05 05:09:36",A102,7cc37d5f-5e01-419f-ae7b-5ff272cb199f
234528,28,21.5,167,93,"2021-10-05 05:39:52",A102,7cc37d5f-5e01-419f-ae7b-5ff272cb199f
234559,28,21.4,167,93,"2021-10-05 06:10:13",A102,7cc37d5f-5e01-419f-ae7b-5ff272cb199f
234589,28,21.4,164,93,"2021-10-05 06:40:37",A102,7cc37d5f-5e01-419f-ae7b-5ff272cb199f
234621,28,21.5,166,93,"2021-10-05 07:10:59",A102,7cc37d5f-5e01-419f-ae7b-5ff272cb199f
234649,28,21.7,165,100,"2021-10-05 07:41:24",A102,7cc37d5f-5e01-419f-ae7b-5ff272cb199f
234707,27,22.1,164,100,"2021-10-05 08:42:15",A102,7cc37d5f-5e01-419f-ae7b-5ff272cb199f
234738,27,22.4,165,100,"2021-10-05 09:12:41",A102,7cc37d5f-5e01-419f-ae7b-5ff272cb199f
234797,27,23.2,165,100,"2021-10-05 10:13:34",A102,7cc37d5f-5e01-419f-ae7b-5ff272cb199f
234826,27,23.6,163,100,"2021-10-05 10:44:02",A102,7cc37d5f-5e01-419f-ae7b-5ff272cb199f
234858,27,24,165,100,"2021-10-05 11:14:28",A102,7cc37d5f-5e01-419f-ae7b-5ff272cb199f
234891,27,24.4,164,100,"2021-10-05 11:46:03",A102,7cc37d5f-5e01-419f-ae7b-5ff272cb199f
234922,27,24.8,163,100,"2021-10-05 12:16:24",A102,7cc37d5f-5e01-419f-ae7b-5ff272cb199f
234953,27,25.1,163,100,"2021-10-05 12:46:48",A102,7cc37d5f-5e01-419f-ae7b-5ff272cb199f
234984,27,25.4,165,100,"2021-10-05 13:17:12",A102,7cc37d5f-5e01-419f-ae7b-5ff272cb199f
235016,27,25.7,165,100,"2021-10-05 13:47:34",A102,7cc37d5f-5e01-419f-ae7b-5ff272cb199f
235046,27,25.9,164,93,"2021-10-05 14:17:55",A102,7cc37d5f-5e01-419f-ae7b-5ff272cb199f
235078,27,26.1,163,86,"2021-10-05 14:48:15",A102,7cc37d5f-5e01-419f-ae7b-5ff272cb199f
235109,27,26.1,162,86,"2021-10-05 15:18:34",A102,7cc37d5f-5e01-419f-ae7b-5ff272cb199f
235140,27,26.2,161,86,"2021-10-05 15:48:53",A102,7cc37d5f-5e01-419f-ae7b-5ff272cb199f
235172,27,26.2,161,86,"2021-10-05 16:19:12",A102,7cc37d5f-5e01-419f-ae7b-5ff272cb199f
235202,27,26.1,163,86,"2021-10-05 16:49:24",A102,7cc37d5f-5e01-419f-ae7b-5ff272cb199f
235234,27,26,164,86,"2021-10-05 17:19:39",A102,7cc37d5f-5e01-419f-ae7b-5ff272cb199f
235266,27,25.9,163,86,"2021-10-05 17:49:53",A102,7cc37d5f-5e01-419f-ae7b-5ff272cb199f
235296,27,25.7,163,86,"2021-10-05 18:20:08",A102,7cc37d5f-5e01-419f-ae7b-5ff272cb199f
235325,27,25.58,163,86,"2021-10-05 18:50:21",A102,7cc37d5f-5e01-419f-ae7b-5ff272cb199f
235357,27,25.4,162,86,"2021-10-05 19:20:35",A102,7cc37d5f-5e01-419f-ae7b-5ff272cb199f
235388,27,25.2,160,86,"2021-10-05 19:50:47",A102,7cc37d5f-5e01-419f-ae7b-5ff272cb199f
235420,27,25.1,161,86,"2021-10-05 20:21:00",A102,7cc37d5f-5e01-419f-ae7b-5ff272cb199f
235452,27,24.9,162,86,"2021-10-05 20:51:12",A102,7cc37d5f-5e01-419f-ae7b-5ff272cb199f
235484,27,24.8,162,86,"2021-10-05 21:21:25",A102,7cc37d5f-5e01-419f-ae7b-5ff272cb199f
235516,27,24.6,162,86,"2021-10-05 21:51:36",A102,7cc37d5f-5e01-419f-ae7b-5ff272cb199f
235547,27,24.5,161,86,"2021-10-05 22:21:51",A102,7cc37d5f-5e01-419f-ae7b-5ff272cb199f
235578,27,24.3,161,86,"2021-10-05 22:52:00",A102,7cc37d5f-5e01-419f-ae7b-5ff272cb199f
235609,27,24.2,159,86,"2021-10-05 23:22:11",A102,7cc37d5f-5e01-419f-ae7b-5ff272cb199f
235641,27,24.1,161,86,"2021-10-05 23:52:21",A102,7cc37d5f-5e01-419f-ae7b-5ff272cb199f
235673,27,23.9,161,86,"2021-10-06 00:22:33",A102,7cc37d5f-5e01-419f-ae7b-5ff272cb199f
235704,27,23.8,160,86,"2021-10-06 00:52:44",A102,7cc37d5f-5e01-419f-ae7b-5ff272cb199f
235735,27,23.7,160,86,"2021-10-06 01:22:55",A102,7cc37d5f-5e01-419f-ae7b-5ff272cb199f
235766,27,23.6,160,86,"2021-10-06 01:53:06",A102,7cc37d5f-5e01-419f-ae7b-5ff272cb199f
235796,27,23.5,158,86,"2021-10-06 02:23:16",A102,7cc37d5f-5e01-419f-ae7b-5ff272cb199f
235826,27,23.4,159,86,"2021-10-06 02:53:29",A102,7cc37d5f-5e01-419f-ae7b-5ff272cb199f
235857,27,23.3,159,86,"2021-10-06 03:23:38",A102,7cc37d5f-5e01-419f-ae7b-5ff272cb199f
235887,27,23.2,159,86,"2021-10-06 03:53:50",A102,7cc37d5f-5e01-419f-ae7b-5ff272cb199f
235916,27,23.1,159,86,"2021-10-06 04:24:01",A102,7cc37d5f-5e01-419f-ae7b-5ff272cb199f
235945,27,23,158,86,"2021-10-06 04:54:11",A102,7cc37d5f-5e01-419f-ae7b-5ff272cb199f
235975,27,22.9,159,93,"2021-10-06 05:24:24",A102,7cc37d5f-5e01-419f-ae7b-5ff272cb199f
236035,27,22.8,158,93,"2021-10-06 06:24:59",A102,7cc37d5f-5e01-419f-ae7b-5ff272cb199f
236066,27,22.8,157,93,"2021-10-06 06:55:20",A102,7cc37d5f-5e01-419f-ae7b-5ff272cb199f
236095,27,22.9,157,93,"2021-10-06 07:25:40",A102,7cc37d5f-5e01-419f-ae7b-5ff272cb199f
236126,27,23,157,93,"2021-10-06 07:56:06",A102,7cc37d5f-5e01-419f-ae7b-5ff272cb199f
236156,27,23.3,157,100,"2021-10-06 08:26:24",A102,7cc37d5f-5e01-419f-ae7b-5ff272cb199f
236185,27,23.6,156,100,"2021-10-06 08:56:49",A102,7cc37d5f-5e01-419f-ae7b-5ff272cb199f
236216,27,23.9,155,100,"2021-10-06 09:27:12",A102,7cc37d5f-5e01-419f-ae7b-5ff272cb199f
236247,27,24.3,155,100,"2021-10-06 09:57:38",A102,7cc37d5f-5e01-419f-ae7b-5ff272cb199f
236277,26,24.7,156,93,"2021-10-06 10:28:01",A102,7cc37d5f-5e01-419f-ae7b-5ff272cb199f
236307,26,25.1,156,100,"2021-10-06 10:58:25",A102,7cc37d5f-5e01-419f-ae7b-5ff272cb199f
236337,26,25.5,155,100,"2021-10-06 11:28:49",A102,7cc37d5f-5e01-419f-ae7b-5ff272cb199f
236367,26,26,154,100,"2021-10-06 11:59:13",A102,7cc37d5f-5e01-419f-ae7b-5ff272cb199f
236398,26,26.4,155,100,"2021-10-06 12:29:40",A102,7cc37d5f-5e01-419f-ae7b-5ff272cb199f
236429,26,26.8,157,100,"2021-10-06 13:00:00",A102,7cc37d5f-5e01-419f-ae7b-5ff272cb199f
236460,29,27.3,223,100,"2021-10-06 13:30:17",A102,7cc37d5f-5e01-419f-ae7b-5ff272cb199f
236492,29,27.7,217,100,"2021-10-06 14:00:39",A102,7cc37d5f-5e01-419f-ae7b-5ff272cb199f
236522,29,27.8,215,93,"2021-10-06 14:31:01",A102,7cc37d5f-5e01-419f-ae7b-5ff272cb199f
236553,29,27.7,211,86,"2021-10-06 15:01:20",A102,7cc37d5f-5e01-419f-ae7b-5ff272cb199f
236583,29,27.6,211,86,"2021-10-06 15:31:34",A102,7cc37d5f-5e01-419f-ae7b-5ff272cb199f
236614,29,27.4,207,86,"2021-10-06 16:01:47",A102,7cc37d5f-5e01-419f-ae7b-5ff272cb199f
236655,29,27.2,206,86,"2021-10-06 16:31:59",A102,7cc37d5f-5e01-419f-ae7b-5ff272cb199f
236689,29,26.9,202,86,"2021-10-06 17:02:10",A102,7cc37d5f-5e01-419f-ae7b-5ff272cb199f
236721,29,26.7,202,86,"2021-10-06 17:32:22",A102,7cc37d5f-5e01-419f-ae7b-5ff272cb199f
236752,29,26.4,199,86,"2021-10-06 18:02:32",A102,7cc37d5f-5e01-419f-ae7b-5ff272cb199f
236784,29,26.1,197,86,"2021-10-06 18:32:45",A102,7cc37d5f-5e01-419f-ae7b-5ff272cb199f
236815,29,25.9,197,86,"2021-10-06 19:02:54",A102,7cc37d5f-5e01-419f-ae7b-5ff272cb199f
236846,29,25.6,192,86,"2021-10-06 19:33:04",A102,7cc37d5f-5e01-419f-ae7b-5ff272cb199f
236878,29,25.4,194,86,"2021-10-06 20:03:13",A102,7cc37d5f-5e01-419f-ae7b-5ff272cb199f
236910,29,25.2,189,86,"2021-10-06 20:33:22",A102,7cc37d5f-5e01-419f-ae7b-5ff272cb199f
236941,29,25,191,86,"2021-10-06 21:03:35",A102,7cc37d5f-5e01-419f-ae7b-5ff272cb199f
236973,29,24.8,190,86,"2021-10-06 21:33:42",A102,7cc37d5f-5e01-419f-ae7b-5ff272cb199f
237002,29,24.6,189,86,"2021-10-06 22:03:54",A102,7cc37d5f-5e01-419f-ae7b-5ff272cb199f
237033,29,24.4,185,86,"2021-10-06 22:34:02",A102,7cc37d5f-5e01-419f-ae7b-5ff272cb199f
237063,29,24.2,187,86,"2021-10-06 23:04:10",A102,7cc37d5f-5e01-419f-ae7b-5ff272cb199f
237095,29,24,184,86,"2021-10-06 23:34:19",A102,7cc37d5f-5e01-419f-ae7b-5ff272cb199f
237126,29,23.8,185,86,"2021-10-07 00:04:28",A102,7cc37d5f-5e01-419f-ae7b-5ff272cb199f
237157,29,23.7,184,86,"2021-10-07 00:34:39",A102,7cc37d5f-5e01-419f-ae7b-5ff272cb199f
237187,29,23.5,182,86,"2021-10-07 01:04:45",A102,7cc37d5f-5e01-419f-ae7b-5ff272cb199f
237218,29,23.3,183,86,"2021-10-07 01:34:53",A102,7cc37d5f-5e01-419f-ae7b-5ff272cb199f
237249,29,23.2,180,86,"2021-10-07 02:05:02",A102,7cc37d5f-5e01-419f-ae7b-5ff272cb199f
237280,29,23,181,86,"2021-10-07 02:35:10",A102,7cc37d5f-5e01-419f-ae7b-5ff272cb199f
237311,28,22.9,179,86,"2021-10-07 03:05:17",A102,7cc37d5f-5e01-419f-ae7b-5ff272cb199f
237339,28,22.8,178,86,"2021-10-07 03:35:27",A102,7cc37d5f-5e01-419f-ae7b-5ff272cb199f
237367,28,22.6,179,86,"2021-10-07 04:05:36",A102,7cc37d5f-5e01-419f-ae7b-5ff272cb199f
237402,28,22.5,176,86,"2021-10-07 04:35:44",A102,7cc37d5f-5e01-419f-ae7b-5ff272cb199f
237432,28,22.4,177,86,"2021-10-07 05:05:52",A102,7cc37d5f-5e01-419f-ae7b-5ff272cb199f
237461,28,22.3,177,93,"2021-10-07 05:36:03",A102,7cc37d5f-5e01-419f-ae7b-5ff272cb199f
237489,28,22.2,177,93,"2021-10-07 06:06:15",A102,7cc37d5f-5e01-419f-ae7b-5ff272cb199f
237517,28,22.2,177,93,"2021-10-07 06:36:30",A102,7cc37d5f-5e01-419f-ae7b-5ff272cb199f
237543,28,22.2,176,93,"2021-10-07 07:06:48",A102,7cc37d5f-5e01-419f-ae7b-5ff272cb199f
237570,28,22.3,176,100,"2021-10-07 07:37:05",A102,7cc37d5f-5e01-419f-ae7b-5ff272cb199f
237598,28,22.46,175,107,"2021-10-07 08:07:26",A102,7cc37d5f-5e01-419f-ae7b-5ff272cb199f
237627,28,22.7,175,100,"2021-10-07 08:37:46",A102,7cc37d5f-5e01-419f-ae7b-5ff272cb199f
237654,28,23,173,100,"2021-10-07 09:08:06",A102,7cc37d5f-5e01-419f-ae7b-5ff272cb199f
237682,28,23.3,173,100,"2021-10-07 09:38:28",A102,7cc37d5f-5e01-419f-ae7b-5ff272cb199f
237710,28,23.7,170,100,"2021-10-07 10:08:50",A102,7cc37d5f-5e01-419f-ae7b-5ff272cb199f
237736,28,24,174,100,"2021-10-07 10:39:11",A102,7cc37d5f-5e01-419f-ae7b-5ff272cb199f
237763,28,24.4,173,100,"2021-10-07 11:09:33",A102,7cc37d5f-5e01-419f-ae7b-5ff272cb199f
237790,28,24.8,173,100,"2021-10-07 11:39:58",A102,7cc37d5f-5e01-419f-ae7b-5ff272cb199f
237816,28,25.1,170,100,"2021-10-07 12:10:20",A102,7cc37d5f-5e01-419f-ae7b-5ff272cb199f
237842,28,25.3,171,100,"2021-10-07 12:40:43",A102,7cc37d5f-5e01-419f-ae7b-5ff272cb199f
237867,28,25.52,173,100,"2021-10-07 13:11:05",A102,7cc37d5f-5e01-419f-ae7b-5ff272cb199f
237893,28,25.7,174,93,"2021-10-07 13:41:25",A102,7cc37d5f-5e01-419f-ae7b-5ff272cb199f
237918,28,25.8,174,93,"2021-10-07 14:13:00",A102,7cc37d5f-5e01-419f-ae7b-5ff272cb199f
237968,28,25.8,173,86,"2021-10-07 15:13:40",A102,7cc37d5f-5e01-419f-ae7b-5ff272cb199f
237994,28,25.7,172,86,"2021-10-07 15:43:59",A102,7cc37d5f-5e01-419f-ae7b-5ff272cb199f
238020,28,25.6,170,86,"2021-10-07 16:14:18",A102,7cc37d5f-5e01-419f-ae7b-5ff272cb199f
238046,28,25.5,171,86,"2021-10-07 16:44:37",A102,7cc37d5f-5e01-419f-ae7b-5ff272cb199f
238073,28,25.4,171,86,"2021-10-07 17:14:53",A102,7cc37d5f-5e01-419f-ae7b-5ff272cb199f
238126,28,25.1,170,86,"2021-10-07 18:15:27",A102,7cc37d5f-5e01-419f-ae7b-5ff272cb199f
238154,28,25,167,86,"2021-10-07 18:45:44",A102,7cc37d5f-5e01-419f-ae7b-5ff272cb199f
238180,28,24.8,167,86,"2021-10-07 19:15:59",A102,7cc37d5f-5e01-419f-ae7b-5ff272cb199f
238204,28,24.7,168,86,"2021-10-07 19:46:18",A102,7cc37d5f-5e01-419f-ae7b-5ff272cb199f
238228,28,24.6,168,86,"2021-10-07 20:16:31",A102,7cc37d5f-5e01-419f-ae7b-5ff272cb199f
238255,28,24.4,167,86,"2021-10-07 20:46:47",A102,7cc37d5f-5e01-419f-ae7b-5ff272cb199f
238281,28,24.3,163,86,"2021-10-07 21:17:01",A102,7cc37d5f-5e01-419f-ae7b-5ff272cb199f
238307,28,24.2,164,86,"2021-10-07 21:47:15",A102,7cc37d5f-5e01-419f-ae7b-5ff272cb199f
238333,28,24,166,86,"2021-10-07 22:17:28",A102,7cc37d5f-5e01-419f-ae7b-5ff272cb199f
238360,28,23.9,166,86,"2021-10-07 22:47:42",A102,7cc37d5f-5e01-419f-ae7b-5ff272cb199f
238387,28,23.8,165,86,"2021-10-07 23:17:54",A102,7cc37d5f-5e01-419f-ae7b-5ff272cb199f
238426,28,23.5,164,86,"2021-10-08 00:18:21",A102,7cc37d5f-5e01-419f-ae7b-5ff272cb199f
238440,28,23.4,164,86,"2021-10-08 00:48:32",A102,7cc37d5f-5e01-419f-ae7b-5ff272cb199f
238452,28,23.3,161,86,"2021-10-08 01:18:45",A102,7cc37d5f-5e01-419f-ae7b-5ff272cb199f
238466,28,23.1,164,86,"2021-10-08 01:48:57",A102,7cc37d5f-5e01-419f-ae7b-5ff272cb199f
238480,28,23,164,86,"2021-10-08 02:19:09",A102,7cc37d5f-5e01-419f-ae7b-5ff272cb199f
238494,28,22.9,163,86,"2021-10-08 02:49:21",A102,7cc37d5f-5e01-419f-ae7b-5ff272cb199f
238507,28,22.8,163,86,"2021-10-08 03:19:31",A102,7cc37d5f-5e01-419f-ae7b-5ff272cb199f
238520,28,22.6,163,86,"2021-10-08 03:49:45",A102,7cc37d5f-5e01-419f-ae7b-5ff272cb199f
238532,28,22.5,162,86,"2021-10-08 04:19:54",A102,7cc37d5f-5e01-419f-ae7b-5ff272cb199f
238544,28,22.4,162,93,"2021-10-08 04:50:10",A102,7cc37d5f-5e01-419f-ae7b-5ff272cb199f
238556,28,22.3,161,93,"2021-10-08 05:20:24",A102,7cc37d5f-5e01-419f-ae7b-5ff272cb199f
238568,28,22.2,161,93,"2021-10-08 05:50:40",A102,7cc37d5f-5e01-419f-ae7b-5ff272cb199f
238582,28,22.2,161,93,"2021-10-08 06:21:04",A102,7cc37d5f-5e01-419f-ae7b-5ff272cb199f
238595,28,22.2,161,93,"2021-10-08 06:51:26",A102,7cc37d5f-5e01-419f-ae7b-5ff272cb199f
238608,28,22.3,160,100,"2021-10-08 07:21:49",A102,7cc37d5f-5e01-419f-ae7b-5ff272cb199f
238620,28,22.4,160,100,"2021-10-08 07:52:14",A102,7cc37d5f-5e01-419f-ae7b-5ff272cb199f
238634,27,22.7,159,100,"2021-10-08 08:22:40",A102,7cc37d5f-5e01-419f-ae7b-5ff272cb199f
238648,27,23,158,100,"2021-10-08 08:53:06",A102,7cc37d5f-5e01-419f-ae7b-5ff272cb199f
238661,27,23.4,159,100,"2021-10-08 09:23:35",A102,7cc37d5f-5e01-419f-ae7b-5ff272cb199f
238672,27,23.8,158,100,"2021-10-08 09:54:03",A102,7cc37d5f-5e01-419f-ae7b-5ff272cb199f
238699,27,24.8,157,100,"2021-10-08 10:54:57",A102,7cc37d5f-5e01-419f-ae7b-5ff272cb199f
238711,27,25.2,156,100,"2021-10-08 11:25:22",A102,7cc37d5f-5e01-419f-ae7b-5ff272cb199f
238725,27,25.7,161,100,"2021-10-08 11:55:48",A102,7cc37d5f-5e01-419f-ae7b-5ff272cb199f
238730,27,26.2,163,100,"2021-10-08 12:56:44",A102,7cc37d5f-5e01-419f-ae7b-5ff272cb199f
238748,27,26.4,163,100,"2021-10-08 13:27:15",A102,7cc37d5f-5e01-419f-ae7b-5ff272cb199f
238765,27,26.7,162,100,"2021-10-08 13:57:42",A102,7cc37d5f-5e01-419f-ae7b-5ff272cb199f
238781,27,26.9,162,93,"2021-10-08 14:28:07",A102,7cc37d5f-5e01-419f-ae7b-5ff272cb199f
238798,27,27,159,86,"2021-10-08 14:58:31",A102,7cc37d5f-5e01-419f-ae7b-5ff272cb199f
238814,27,27.1,160,86,"2021-10-08 15:28:56",A102,7cc37d5f-5e01-419f-ae7b-5ff272cb199f
238830,27,27.2,159,86,"2021-10-08 15:59:17",A102,7cc37d5f-5e01-419f-ae7b-5ff272cb199f
238832,27,27,160,86,"2021-10-08 16:59:59",A102,7cc37d5f-5e01-419f-ae7b-5ff272cb199f
238848,27,26.9,159,86,"2021-10-08 17:30:16",A102,7cc37d5f-5e01-419f-ae7b-5ff272cb199f
238863,27,26.8,158,86,"2021-10-08 18:00:36",A102,7cc37d5f-5e01-419f-ae7b-5ff272cb199f
238877,27,26.6,155,86,"2021-10-08 18:30:51",A102,7cc37d5f-5e01-419f-ae7b-5ff272cb199f
238892,27,26.5,157,86,"2021-10-08 19:01:09",A102,7cc37d5f-5e01-419f-ae7b-5ff272cb199f
238907,27,26.3,158,86,"2021-10-08 19:31:25",A102,7cc37d5f-5e01-419f-ae7b-5ff272cb199f
238924,27,26.1,158,86,"2021-10-08 20:01:41",A102,7cc37d5f-5e01-419f-ae7b-5ff272cb199f
238939,27,26,157,86,"2021-10-08 20:32:00",A102,7cc37d5f-5e01-419f-ae7b-5ff272cb199f
238954,27,25.8,156,86,"2021-10-08 21:02:14",A102,7cc37d5f-5e01-419f-ae7b-5ff272cb199f
238985,27,25.5,158,86,"2021-10-08 22:02:47",A102,7cc37d5f-5e01-419f-ae7b-5ff272cb199f
239001,27,25.3,157,86,"2021-10-08 22:33:00",A102,7cc37d5f-5e01-419f-ae7b-5ff272cb199f
239018,27,25.18,156,86,"2021-10-08 23:03:16",A102,7cc37d5f-5e01-419f-ae7b-5ff272cb199f
239035,27,25,156,86,"2021-10-08 23:33:30",A102,7cc37d5f-5e01-419f-ae7b-5ff272cb199f
239051,27,24.9,155,86,"2021-10-09 00:03:43",A102,7cc37d5f-5e01-419f-ae7b-5ff272cb199f
239067,27,24.7,155,86,"2021-10-09 00:33:57",A102,7cc37d5f-5e01-419f-ae7b-5ff272cb199f
239083,27,24.6,156,86,"2021-10-09 01:04:10",A102,7cc37d5f-5e01-419f-ae7b-5ff272cb199f
239100,27,24.4,155,86,"2021-10-09 01:34:23",A102,7cc37d5f-5e01-419f-ae7b-5ff272cb199f
239115,27,24.3,155,86,"2021-10-09 02:04:38",A102,7cc37d5f-5e01-419f-ae7b-5ff272cb199f
239130,27,24.2,155,86,"2021-10-09 02:34:51",A102,7cc37d5f-5e01-419f-ae7b-5ff272cb199f
239146,27,24,155,86,"2021-10-09 03:05:05",A102,7cc37d5f-5e01-419f-ae7b-5ff272cb199f
239161,27,23.9,154,86,"2021-10-09 03:35:22",A102,7cc37d5f-5e01-419f-ae7b-5ff272cb199f
239178,27,23.8,155,86,"2021-10-09 04:05:33",A102,7cc37d5f-5e01-419f-ae7b-5ff272cb199f
239195,27,23.7,154,86,"2021-10-09 04:35:46",A102,7cc37d5f-5e01-419f-ae7b-5ff272cb199f
239212,27,23.6,153,86,"2021-10-09 05:06:02",A102,7cc37d5f-5e01-419f-ae7b-5ff272cb199f
239229,27,23.5,152,93,"2021-10-09 05:36:18",A102,7cc37d5f-5e01-419f-ae7b-5ff272cb199f
239246,27,23.5,153,93,"2021-10-09 06:06:37",A102,7cc37d5f-5e01-419f-ae7b-5ff272cb199f
239263,27,23.5,153,93,"2021-10-09 06:36:57",A102,7cc37d5f-5e01-419f-ae7b-5ff272cb199f
239279,27,23.5,153,93,"2021-10-09 07:07:17",A102,7cc37d5f-5e01-419f-ae7b-5ff272cb199f
239295,27,23.6,151,93,"2021-10-09 07:37:43",A102,7cc37d5f-5e01-419f-ae7b-5ff272cb199f
239310,27,23.7,151,100,"2021-10-09 08:08:09",A102,7cc37d5f-5e01-419f-ae7b-5ff272cb199f
239326,34,24.1,298,100,"2021-10-09 08:38:29",A102,7cc37d5f-5e01-419f-ae7b-5ff272cb199f
239342,32,24.7,234,100,"2021-10-09 09:08:50",A102,7cc37d5f-5e01-419f-ae7b-5ff272cb199f
239357,31,25,224,100,"2021-10-09 09:39:14",A102,7cc37d5f-5e01-419f-ae7b-5ff272cb199f
241271,29,24.3,167,86,"2021-10-11 11:47:05",A102,7cc37d5f-5e01-419f-ae7b-5ff272cb199f
241301,29,24.3,168,93,"2021-10-11 12:18:32",A102,7cc37d5f-5e01-419f-ae7b-5ff272cb199f
241326,29,24.3,168,93,"2021-10-11 12:48:56",A102,7cc37d5f-5e01-419f-ae7b-5ff272cb199f
241351,29,24.3,167,100,"2021-10-11 13:19:20",A102,7cc37d5f-5e01-419f-ae7b-5ff272cb199f
241378,29,24.3,167,93,"2021-10-11 13:49:45",A102,7cc37d5f-5e01-419f-ae7b-5ff272cb199f
241403,28,24.4,167,93,"2021-10-11 14:20:11",A102,7cc37d5f-5e01-419f-ae7b-5ff272cb199f
241430,28,24.4,167,93,"2021-10-11 14:50:34",A102,7cc37d5f-5e01-419f-ae7b-5ff272cb199f
241455,28,24.5,167,86,"2021-10-11 15:20:58",A102,7cc37d5f-5e01-419f-ae7b-5ff272cb199f
241483,28,24.5,166,86,"2021-10-11 15:51:25",A102,7cc37d5f-5e01-419f-ae7b-5ff272cb199f
241509,28,24.5,165,86,"2021-10-11 16:21:41",A102,7cc37d5f-5e01-419f-ae7b-5ff272cb199f
241564,28,24.36,165,86,"2021-10-11 17:22:17",A102,7cc37d5f-5e01-419f-ae7b-5ff272cb199f
241591,28,24.2,165,86,"2021-10-11 17:52:36",A102,7cc37d5f-5e01-419f-ae7b-5ff272cb199f
241619,28,24.1,164,86,"2021-10-11 18:22:55",A102,7cc37d5f-5e01-419f-ae7b-5ff272cb199f
241645,28,24,165,86,"2021-10-11 18:53:15",A102,7cc37d5f-5e01-419f-ae7b-5ff272cb199f
241671,28,23.9,164,86,"2021-10-11 19:23:32",A102,7cc37d5f-5e01-419f-ae7b-5ff272cb199f
241696,28,23.7,166,86,"2021-10-11 19:53:49",A102,7cc37d5f-5e01-419f-ae7b-5ff272cb199f
241722,28,23.6,163,86,"2021-10-11 20:24:07",A102,7cc37d5f-5e01-419f-ae7b-5ff272cb199f
241748,28,23.5,163,86,"2021-10-11 20:54:24",A102,7cc37d5f-5e01-419f-ae7b-5ff272cb199f
241775,28,23.4,163,86,"2021-10-11 21:24:41",A102,7cc37d5f-5e01-419f-ae7b-5ff272cb199f
241801,28,23.3,162,86,"2021-10-11 21:54:59",A102,7cc37d5f-5e01-419f-ae7b-5ff272cb199f
241826,28,23.2,162,86,"2021-10-11 22:25:14",A102,7cc37d5f-5e01-419f-ae7b-5ff272cb199f
241853,28,23,162,86,"2021-10-11 22:55:31",A102,7cc37d5f-5e01-419f-ae7b-5ff272cb199f
241881,28,22.9,162,86,"2021-10-11 23:25:47",A102,7cc37d5f-5e01-419f-ae7b-5ff272cb199f
241908,28,22.8,160,86,"2021-10-11 23:56:04",A102,7cc37d5f-5e01-419f-ae7b-5ff272cb199f
241935,28,22.7,161,86,"2021-10-12 00:26:20",A102,7cc37d5f-5e01-419f-ae7b-5ff272cb199f
241961,28,22.6,161,86,"2021-10-12 00:56:37",A102,7cc37d5f-5e01-419f-ae7b-5ff272cb199f
241987,28,22.5,162,86,"2021-10-12 01:26:54",A102,7cc37d5f-5e01-419f-ae7b-5ff272cb199f
242012,28,22.4,161,86,"2021-10-12 01:57:09",A102,7cc37d5f-5e01-419f-ae7b-5ff272cb199f
242038,28,22.3,160,86,"2021-10-12 02:27:25",A102,7cc37d5f-5e01-419f-ae7b-5ff272cb199f
242063,28,22.3,161,86,"2021-10-12 02:57:41",A102,7cc37d5f-5e01-419f-ae7b-5ff272cb199f
242088,28,22.2,160,86,"2021-10-12 03:27:57",A102,7cc37d5f-5e01-419f-ae7b-5ff272cb199f
242113,28,22.1,160,86,"2021-10-12 03:58:14",A102,7cc37d5f-5e01-419f-ae7b-5ff272cb199f
242139,28,22,159,86,"2021-10-12 04:28:29",A102,7cc37d5f-5e01-419f-ae7b-5ff272cb199f
242165,28,21.9,159,86,"2021-10-12 04:58:46",A102,7cc37d5f-5e01-419f-ae7b-5ff272cb199f
242190,28,21.9,158,86,"2021-10-12 05:29:05",A102,7cc37d5f-5e01-419f-ae7b-5ff272cb199f
242215,28,21.8,159,86,"2021-10-12 05:59:22",A102,7cc37d5f-5e01-419f-ae7b-5ff272cb199f
242239,28,21.8,159,93,"2021-10-12 06:29:42",A102,7cc37d5f-5e01-419f-ae7b-5ff272cb199f
242265,28,21.8,158,93,"2021-10-12 06:59:59",A102,7cc37d5f-5e01-419f-ae7b-5ff272cb199f
242289,28,21.8,158,86,"2021-10-12 07:30:19",A102,7cc37d5f-5e01-419f-ae7b-5ff272cb199f
242312,28,21.9,158,86,"2021-10-12 08:00:39",A102,7cc37d5f-5e01-419f-ae7b-5ff272cb199f
242337,28,21.9,157,86,"2021-10-12 08:31:00",A102,7cc37d5f-5e01-419f-ae7b-5ff272cb199f
242362,28,22,157,93,"2021-10-12 09:01:21",A102,7cc37d5f-5e01-419f-ae7b-5ff272cb199f
242387,28,22,157,93,"2021-10-12 09:31:43",A102,7cc37d5f-5e01-419f-ae7b-5ff272cb199f
242412,28,22.1,156,93,"2021-10-12 10:02:06",A102,7cc37d5f-5e01-419f-ae7b-5ff272cb199f
242427,17,24.6,63,107,"2021-10-12 10:16:00",A101,7cc37d5f-5e01-419f-ae7b-5ff272cb199f
242439,28,22.2,156,93,"2021-10-12 10:32:30",A102,7cc37d5f-5e01-419f-ae7b-5ff272cb199f
242455,17,25,63,114,"2021-10-12 10:48:26",A101,7cc37d5f-5e01-419f-ae7b-5ff272cb199f
242461,28,22.3,156,93,"2021-10-12 11:02:48",A102,7cc37d5f-5e01-419f-ae7b-5ff272cb199f
242486,28,22.4,156,93,"2021-10-12 11:33:09",A102,7cc37d5f-5e01-419f-ae7b-5ff272cb199f
242509,28,22.5,156,93,"2021-10-12 12:03:27",A102,7cc37d5f-5e01-419f-ae7b-5ff272cb199f
242533,28,22.5,156,93,"2021-10-12 12:33:46",A102,7cc37d5f-5e01-419f-ae7b-5ff272cb199f
242555,28,22.5,156,86,"2021-10-12 13:04:05",A102,7cc37d5f-5e01-419f-ae7b-5ff272cb199f
242580,28,22.5,155,93,"2021-10-12 13:34:25",A102,7cc37d5f-5e01-419f-ae7b-5ff272cb199f
242605,28,22.5,155,93,"2021-10-12 14:04:45",A102,7cc37d5f-5e01-419f-ae7b-5ff272cb199f
242630,28,22.52,155,86,"2021-10-12 14:35:05",A102,7cc37d5f-5e01-419f-ae7b-5ff272cb199f
242656,28,22.6,155,86,"2021-10-12 15:05:26",A102,7cc37d5f-5e01-419f-ae7b-5ff272cb199f
242681,28,22.6,155,86,"2021-10-12 15:35:45",A102,7cc37d5f-5e01-419f-ae7b-5ff272cb199f
242728,28,22.5,155,86,"2021-10-12 16:36:23",A102,7cc37d5f-5e01-419f-ae7b-5ff272cb199f
242753,28,22.5,156,86,"2021-10-12 17:06:42",A102,7cc37d5f-5e01-419f-ae7b-5ff272cb199f
242778,28,22.42,156,86,"2021-10-12 17:37:00",A102,7cc37d5f-5e01-419f-ae7b-5ff272cb199f
242804,28,22.4,155,86,"2021-10-12 18:07:20",A102,7cc37d5f-5e01-419f-ae7b-5ff272cb199f
242829,28,22.3,155,86,"2021-10-12 18:37:36",A102,7cc37d5f-5e01-419f-ae7b-5ff272cb199f
242854,28,22.3,155,86,"2021-10-12 19:07:54",A102,7cc37d5f-5e01-419f-ae7b-5ff272cb199f
242877,28,22.2,154,86,"2021-10-12 19:38:12",A102,7cc37d5f-5e01-419f-ae7b-5ff272cb199f
242903,28,22.2,155,86,"2021-10-12 20:08:30",A102,7cc37d5f-5e01-419f-ae7b-5ff272cb199f
242927,28,22.1,155,86,"2021-10-12 20:38:49",A102,7cc37d5f-5e01-419f-ae7b-5ff272cb199f
242952,28,22.1,155,86,"2021-10-12 21:09:05",A102,7cc37d5f-5e01-419f-ae7b-5ff272cb199f
242975,28,22,153,86,"2021-10-12 21:39:22",A102,7cc37d5f-5e01-419f-ae7b-5ff272cb199f
242999,28,22,154,86,"2021-10-12 22:09:40",A102,7cc37d5f-5e01-419f-ae7b-5ff272cb199f
243024,28,21.9,153,86,"2021-10-12 22:39:58",A102,7cc37d5f-5e01-419f-ae7b-5ff272cb199f
243048,28,21.9,152,86,"2021-10-12 23:10:14",A102,7cc37d5f-5e01-419f-ae7b-5ff272cb199f
243072,28,21.8,152,86,"2021-10-12 23:40:31",A102,7cc37d5f-5e01-419f-ae7b-5ff272cb199f
243096,28,21.7,154,86,"2021-10-13 00:10:49",A102,7cc37d5f-5e01-419f-ae7b-5ff272cb199f
243118,28,21.7,153,86,"2021-10-13 00:41:06",A102,7cc37d5f-5e01-419f-ae7b-5ff272cb199f
243141,28,21.6,153,86,"2021-10-13 01:11:22",A102,7cc37d5f-5e01-419f-ae7b-5ff272cb199f
243162,28,21.6,153,86,"2021-10-13 01:41:40",A102,7cc37d5f-5e01-419f-ae7b-5ff272cb199f
243184,28,21.5,152,86,"2021-10-13 02:11:58",A102,7cc37d5f-5e01-419f-ae7b-5ff272cb199f
243206,28,21.5,153,86,"2021-10-13 02:42:24",A102,7cc37d5f-5e01-419f-ae7b-5ff272cb199f
243227,28,21.4,153,86,"2021-10-13 03:12:31",A102,7cc37d5f-5e01-419f-ae7b-5ff272cb199f
243272,28,21.3,153,86,"2021-10-13 04:13:04",A102,7cc37d5f-5e01-419f-ae7b-5ff272cb199f
243295,28,21.3,153,86,"2021-10-13 04:43:21",A102,7cc37d5f-5e01-419f-ae7b-5ff272cb199f
243339,28,21.2,152,93,"2021-10-13 05:43:57",A102,7cc37d5f-5e01-419f-ae7b-5ff272cb199f
243362,28,21.2,152,93,"2021-10-13 06:14:16",A102,7cc37d5f-5e01-419f-ae7b-5ff272cb199f
243383,28,21.2,150,93,"2021-10-13 06:44:38",A102,7cc37d5f-5e01-419f-ae7b-5ff272cb199f
243406,28,21.3,150,93,"2021-10-13 07:15:03",A102,7cc37d5f-5e01-419f-ae7b-5ff272cb199f
243428,28,21.4,150,93,"2021-10-13 07:45:29",A102,7cc37d5f-5e01-419f-ae7b-5ff272cb199f
243449,28,21.6,151,93,"2021-10-13 08:15:57",A102,7cc37d5f-5e01-419f-ae7b-5ff272cb199f
243470,28,21.8,151,93,"2021-10-13 08:46:26",A102,7cc37d5f-5e01-419f-ae7b-5ff272cb199f
243492,28,22.2,150,93,"2021-10-13 09:16:53",A102,7cc37d5f-5e01-419f-ae7b-5ff272cb199f
243514,27,22.5,149,93,"2021-10-13 09:47:23",A102,7cc37d5f-5e01-419f-ae7b-5ff272cb199f
243559,27,23.2,150,100,"2021-10-13 10:48:22",A102,7cc37d5f-5e01-419f-ae7b-5ff272cb199f
243581,27,23.5,150,93,"2021-10-13 11:18:50",A102,7cc37d5f-5e01-419f-ae7b-5ff272cb199f
243603,27,23.9,151,93,"2021-10-13 11:49:19",A102,7cc37d5f-5e01-419f-ae7b-5ff272cb199f
243625,27,24.2,150,100,"2021-10-13 12:19:50",A102,7cc37d5f-5e01-419f-ae7b-5ff272cb199f
243648,27,24.5,149,93,"2021-10-13 12:50:23",A102,7cc37d5f-5e01-419f-ae7b-5ff272cb199f
243671,27,24.8,151,100,"2021-10-13 13:20:55",A102,7cc37d5f-5e01-419f-ae7b-5ff272cb199f
243695,27,25.1,152,93,"2021-10-13 13:51:27",A102,7cc37d5f-5e01-419f-ae7b-5ff272cb199f
243718,27,25.4,151,93,"2021-10-13 14:21:54",A102,7cc37d5f-5e01-419f-ae7b-5ff272cb199f
243744,27,25.6,150,93,"2021-10-13 14:53:28",A102,7cc37d5f-5e01-419f-ae7b-5ff272cb199f
243770,27,25.7,155,86,"2021-10-13 15:23:47",A102,7cc37d5f-5e01-419f-ae7b-5ff272cb199f
243798,27,25.8,151,86,"2021-10-13 15:54:07",A102,7cc37d5f-5e01-419f-ae7b-5ff272cb199f
243827,27,25.76,151,86,"2021-10-13 16:24:28",A102,7cc37d5f-5e01-419f-ae7b-5ff272cb199f
243856,27,25.7,151,86,"2021-10-13 16:54:45",A102,7cc37d5f-5e01-419f-ae7b-5ff272cb199f
243884,27,25.6,151,86,"2021-10-13 17:25:04",A102,7cc37d5f-5e01-419f-ae7b-5ff272cb199f
243911,27,25.4,150,86,"2021-10-13 17:55:24",A102,7cc37d5f-5e01-419f-ae7b-5ff272cb199f
243940,27,25.3,149,86,"2021-10-13 18:25:38",A102,7cc37d5f-5e01-419f-ae7b-5ff272cb199f
243969,27,25.1,152,86,"2021-10-13 18:55:55",A102,7cc37d5f-5e01-419f-ae7b-5ff272cb199f
244025,27,24.8,152,86,"2021-10-13 19:56:29",A102,7cc37d5f-5e01-419f-ae7b-5ff272cb199f
244052,27,24.7,151,86,"2021-10-13 20:26:40",A102,7cc37d5f-5e01-419f-ae7b-5ff272cb199f
244082,27,24.5,151,86,"2021-10-13 20:56:54",A102,7cc37d5f-5e01-419f-ae7b-5ff272cb199f
244111,27,24.4,150,86,"2021-10-13 21:27:08",A102,7cc37d5f-5e01-419f-ae7b-5ff272cb199f
244138,27,24.2,149,86,"2021-10-13 21:57:23",A102,7cc37d5f-5e01-419f-ae7b-5ff272cb199f
244168,27,24.1,150,86,"2021-10-13 22:27:35",A102,7cc37d5f-5e01-419f-ae7b-5ff272cb199f
244197,27,23.9,150,86,"2021-10-13 22:57:51",A102,7cc37d5f-5e01-419f-ae7b-5ff272cb199f
244227,27,23.8,150,86,"2021-10-13 23:28:03",A102,7cc37d5f-5e01-419f-ae7b-5ff272cb199f
244256,27,23.7,150,86,"2021-10-13 23:58:16",A102,7cc37d5f-5e01-419f-ae7b-5ff272cb199f
244286,27,23.5,150,86,"2021-10-14 00:28:30",A102,7cc37d5f-5e01-419f-ae7b-5ff272cb199f
244315,27,23.4,148,86,"2021-10-14 00:58:42",A102,7cc37d5f-5e01-419f-ae7b-5ff272cb199f
244345,27,23.3,147,86,"2021-10-14 01:28:55",A102,7cc37d5f-5e01-419f-ae7b-5ff272cb199f
244369,27,23.2,147,86,"2021-10-14 01:59:08",A102,7cc37d5f-5e01-419f-ae7b-5ff272cb199f
244399,27,23.1,149,86,"2021-10-14 02:29:21",A102,7cc37d5f-5e01-419f-ae7b-5ff272cb199f
244429,27,23,148,86,"2021-10-14 02:59:35",A102,7cc37d5f-5e01-419f-ae7b-5ff272cb199f
244459,27,22.9,149,86,"2021-10-14 03:29:48",A102,7cc37d5f-5e01-419f-ae7b-5ff272cb199f
244488,27,22.8,148,86,"2021-10-14 04:00:04",A102,7cc37d5f-5e01-419f-ae7b-5ff272cb199f
244516,27,22.7,148,86,"2021-10-14 04:30:16",A102,7cc37d5f-5e01-419f-ae7b-5ff272cb199f
244544,27,22.6,148,93,"2021-10-14 05:00:33",A102,7cc37d5f-5e01-419f-ae7b-5ff272cb199f
244591,27,22.5,148,93,"2021-10-14 05:30:49",A102,7cc37d5f-5e01-419f-ae7b-5ff272cb199f
244662,27,22.5,148,93,"2021-10-14 06:01:11",A102,7cc37d5f-5e01-419f-ae7b-5ff272cb199f
244690,27,22.5,147,93,"2021-10-14 06:31:35",A102,7cc37d5f-5e01-419f-ae7b-5ff272cb199f
244720,27,22.6,147,93,"2021-10-14 07:02:00",A102,7cc37d5f-5e01-419f-ae7b-5ff272cb199f
244749,27,22.8,146,100,"2021-10-14 07:32:24",A102,7cc37d5f-5e01-419f-ae7b-5ff272cb199f
244778,27,23,148,100,"2021-10-14 08:02:48",A102,7cc37d5f-5e01-419f-ae7b-5ff272cb199f
244806,27,23.3,146,100,"2021-10-14 08:33:13",A102,7cc37d5f-5e01-419f-ae7b-5ff272cb199f
244833,27,23.6,145,100,"2021-10-14 09:03:38",A102,7cc37d5f-5e01-419f-ae7b-5ff272cb199f
244860,27,23.9,144,100,"2021-10-14 09:34:05",A102,7cc37d5f-5e01-419f-ae7b-5ff272cb199f
244887,27,24.2,142,100,"2021-10-14 10:04:30",A102,7cc37d5f-5e01-419f-ae7b-5ff272cb199f
244943,26,25,146,100,"2021-10-14 11:05:19",A102,7cc37d5f-5e01-419f-ae7b-5ff272cb199f
244972,26,25.3,145,100,"2021-10-14 11:35:46",A102,7cc37d5f-5e01-419f-ae7b-5ff272cb199f
245000,26,25.7,145,100,"2021-10-14 12:06:11",A102,7cc37d5f-5e01-419f-ae7b-5ff272cb199f
245028,26,26,147,100,"2021-10-14 12:36:35",A102,7cc37d5f-5e01-419f-ae7b-5ff272cb199f
245056,26,26.3,147,100,"2021-10-14 13:06:55",A102,7cc37d5f-5e01-419f-ae7b-5ff272cb199f
245085,26,26.5,147,100,"2021-10-14 13:37:16",A102,7cc37d5f-5e01-419f-ae7b-5ff272cb199f
245114,26,26.6,146,100,"2021-10-14 14:07:38",A102,7cc37d5f-5e01-419f-ae7b-5ff272cb199f
245141,26,26.6,147,93,"2021-10-14 14:37:59",A102,7cc37d5f-5e01-419f-ae7b-5ff272cb199f
245168,26,26.5,147,86,"2021-10-14 15:08:19",A102,7cc37d5f-5e01-419f-ae7b-5ff272cb199f
245197,26,26.4,147,86,"2021-10-14 15:38:37",A102,7cc37d5f-5e01-419f-ae7b-5ff272cb199f
245225,26,26.3,147,86,"2021-10-14 16:08:55",A102,7cc37d5f-5e01-419f-ae7b-5ff272cb199f
245253,26,26.1,147,86,"2021-10-14 16:39:12",A102,7cc37d5f-5e01-419f-ae7b-5ff272cb199f
245281,26,25.9,147,86,"2021-10-14 17:09:29",A102,7cc37d5f-5e01-419f-ae7b-5ff272cb199f
245310,26,25.7,147,86,"2021-10-14 17:39:46",A102,7cc37d5f-5e01-419f-ae7b-5ff272cb199f
245338,26,25.5,146,86,"2021-10-14 18:10:02",A102,7cc37d5f-5e01-419f-ae7b-5ff272cb199f
245366,26,25.3,146,86,"2021-10-14 18:40:16",A102,7cc37d5f-5e01-419f-ae7b-5ff272cb199f
245394,27,25.2,147,86,"2021-10-14 19:10:32",A102,7cc37d5f-5e01-419f-ae7b-5ff272cb199f
245423,27,25,146,86,"2021-10-14 19:40:46",A102,7cc37d5f-5e01-419f-ae7b-5ff272cb199f
245452,27,24.9,147,86,"2021-10-14 20:11:05",A102,7cc37d5f-5e01-419f-ae7b-5ff272cb199f
245480,27,24.7,147,86,"2021-10-14 20:41:14",A102,7cc37d5f-5e01-419f-ae7b-5ff272cb199f
245509,27,24.6,147,86,"2021-10-14 21:11:27",A102,7cc37d5f-5e01-419f-ae7b-5ff272cb199f
245538,27,24.4,145,86,"2021-10-14 21:41:41",A102,7cc37d5f-5e01-419f-ae7b-5ff272cb199f
245564,27,24.2,144,86,"2021-10-14 22:11:54",A102,7cc37d5f-5e01-419f-ae7b-5ff272cb199f
245593,27,24.1,145,86,"2021-10-14 22:42:06",A102,7cc37d5f-5e01-419f-ae7b-5ff272cb199f
245622,27,23.9,146,86,"2021-10-14 23:12:18",A102,7cc37d5f-5e01-419f-ae7b-5ff272cb199f
245651,27,23.8,146,86,"2021-10-14 23:42:30",A102,7cc37d5f-5e01-419f-ae7b-5ff272cb199f
245680,27,23.7,146,86,"2021-10-15 00:12:43",A102,7cc37d5f-5e01-419f-ae7b-5ff272cb199f
245708,27,23.5,145,86,"2021-10-15 00:42:55",A102,7cc37d5f-5e01-419f-ae7b-5ff272cb199f
245737,27,23.4,143,86,"2021-10-15 01:13:06",A102,7cc37d5f-5e01-419f-ae7b-5ff272cb199f
245765,27,23.2,144,86,"2021-10-15 01:43:18",A102,7cc37d5f-5e01-419f-ae7b-5ff272cb199f
245794,27,23.1,143,86,"2021-10-15 02:13:29",A102,7cc37d5f-5e01-419f-ae7b-5ff272cb199f
245823,27,23,143,86,"2021-10-15 02:43:40",A102,7cc37d5f-5e01-419f-ae7b-5ff272cb199f
245852,27,22.8,145,86,"2021-10-15 03:13:52",A102,7cc37d5f-5e01-419f-ae7b-5ff272cb199f
245880,27,22.7,145,86,"2021-10-15 03:44:02",A102,7cc37d5f-5e01-419f-ae7b-5ff272cb199f
245907,27,22.6,144,86,"2021-10-15 04:14:15",A102,7cc37d5f-5e01-419f-ae7b-5ff272cb199f
245936,27,22.5,144,86,"2021-10-15 04:44:26",A102,7cc37d5f-5e01-419f-ae7b-5ff272cb199f
245965,27,22.4,144,93,"2021-10-15 05:14:39",A102,7cc37d5f-5e01-419f-ae7b-5ff272cb199f
245993,27,22.3,144,93,"2021-10-15 05:44:51",A102,7cc37d5f-5e01-419f-ae7b-5ff272cb199f
246021,27,22.2,144,93,"2021-10-15 06:15:06",A102,7cc37d5f-5e01-419f-ae7b-5ff272cb199f
246049,27,22.2,144,93,"2021-10-15 06:45:24",A102,7cc37d5f-5e01-419f-ae7b-5ff272cb199f
246075,27,22.3,143,93,"2021-10-15 07:15:44",A102,7cc37d5f-5e01-419f-ae7b-5ff272cb199f
246103,27,22.4,143,93,"2021-10-15 07:46:06",A102,7cc37d5f-5e01-419f-ae7b-5ff272cb199f
246132,26,22.5,143,100,"2021-10-15 08:16:29",A102,7cc37d5f-5e01-419f-ae7b-5ff272cb199f
246161,26,22.8,143,100,"2021-10-15 08:46:51",A102,7cc37d5f-5e01-419f-ae7b-5ff272cb199f
246190,26,23,142,100,"2021-10-15 09:17:13",A102,7cc37d5f-5e01-419f-ae7b-5ff272cb199f
246217,26,23.3,141,100,"2021-10-15 09:47:35",A102,7cc37d5f-5e01-419f-ae7b-5ff272cb199f
246243,26,23.6,141,100,"2021-10-15 10:18:01",A102,7cc37d5f-5e01-419f-ae7b-5ff272cb199f
246271,26,24,139,100,"2021-10-15 10:48:25",A102,7cc37d5f-5e01-419f-ae7b-5ff272cb199f
246300,26,24.3,141,107,"2021-10-15 11:18:48",A102,7cc37d5f-5e01-419f-ae7b-5ff272cb199f
246328,26,24.7,141,100,"2021-10-15 11:49:13",A102,7cc37d5f-5e01-419f-ae7b-5ff272cb199f
246358,26,25,141,100,"2021-10-15 12:19:40",A102,7cc37d5f-5e01-419f-ae7b-5ff272cb199f
246388,26,25.3,144,93,"2021-10-15 12:50:03",A102,7cc37d5f-5e01-419f-ae7b-5ff272cb199f
246416,26,25.6,146,93,"2021-10-15 13:20:22",A102,7cc37d5f-5e01-419f-ae7b-5ff272cb199f
246444,26,25.8,144,93,"2021-10-15 13:50:44",A102,7cc37d5f-5e01-419f-ae7b-5ff272cb199f
246472,26,25.9,144,93,"2021-10-15 14:21:08",A102,7cc37d5f-5e01-419f-ae7b-5ff272cb199f
246501,26,26,143,86,"2021-10-15 14:51:33",A102,7cc37d5f-5e01-419f-ae7b-5ff272cb199f
246530,26,26,145,86,"2021-10-15 15:21:46",A102,7cc37d5f-5e01-419f-ae7b-5ff272cb199f
246560,26,26,147,86,"2021-10-15 15:52:02",A102,7cc37d5f-5e01-419f-ae7b-5ff272cb199f
246589,27,25.9,149,86,"2021-10-15 16:22:18",A102,7cc37d5f-5e01-419f-ae7b-5ff272cb199f
246618,27,25.7,150,86,"2021-10-15 16:52:33",A102,7cc37d5f-5e01-419f-ae7b-5ff272cb199f
246646,27,25.5,151,86,"2021-10-15 17:23:56",A102,7cc37d5f-5e01-419f-ae7b-5ff272cb199f
246674,27,25.3,150,86,"2021-10-15 17:54:19",A102,7cc37d5f-5e01-419f-ae7b-5ff272cb199f
246703,27,25.1,152,86,"2021-10-15 18:24:42",A102,7cc37d5f-5e01-419f-ae7b-5ff272cb199f
246732,27,25,152,86,"2021-10-15 18:55:06",A102,7cc37d5f-5e01-419f-ae7b-5ff272cb199f
246792,27,24.6,153,86,"2021-10-15 19:55:52",A102,7cc37d5f-5e01-419f-ae7b-5ff272cb199f
246821,27,24.5,154,86,"2021-10-15 20:26:16",A102,7cc37d5f-5e01-419f-ae7b-5ff272cb199f
246850,27,24.3,154,86,"2021-10-15 20:56:39",A102,7cc37d5f-5e01-419f-ae7b-5ff272cb199f
246880,27,24.2,154,86,"2021-10-15 21:27:04",A102,7cc37d5f-5e01-419f-ae7b-5ff272cb199f
246907,28,24.1,154,86,"2021-10-15 21:57:23",A102,7cc37d5f-5e01-419f-ae7b-5ff272cb199f
246934,28,23.9,154,86,"2021-10-15 22:27:46",A102,7cc37d5f-5e01-419f-ae7b-5ff272cb199f
246963,28,23.8,154,86,"2021-10-15 22:58:07",A102,7cc37d5f-5e01-419f-ae7b-5ff272cb199f
246991,28,23.7,155,86,"2021-10-15 23:28:31",A102,7cc37d5f-5e01-419f-ae7b-5ff272cb199f
247017,28,23.6,153,86,"2021-10-15 23:58:52",A102,7cc37d5f-5e01-419f-ae7b-5ff272cb199f
247045,28,23.5,154,86,"2021-10-16 00:29:14",A102,7cc37d5f-5e01-419f-ae7b-5ff272cb199f
247072,28,23.4,154,86,"2021-10-16 00:59:35",A102,7cc37d5f-5e01-419f-ae7b-5ff272cb199f
247128,28,23.2,153,86,"2021-10-16 02:00:18",A102,7cc37d5f-5e01-419f-ae7b-5ff272cb199f
247156,28,23.1,152,86,"2021-10-16 02:30:39",A102,7cc37d5f-5e01-419f-ae7b-5ff272cb199f
247184,28,23,154,86,"2021-10-16 03:01:01",A102,7cc37d5f-5e01-419f-ae7b-5ff272cb199f
247210,28,22.9,153,86,"2021-10-16 03:31:22",A102,7cc37d5f-5e01-419f-ae7b-5ff272cb199f
247238,28,22.9,154,86,"2021-10-16 04:01:45",A102,7cc37d5f-5e01-419f-ae7b-5ff272cb199f
247267,28,22.8,154,86,"2021-10-16 04:32:05",A102,7cc37d5f-5e01-419f-ae7b-5ff272cb199f
247296,28,22.7,154,86,"2021-10-16 05:02:26",A102,7cc37d5f-5e01-419f-ae7b-5ff272cb199f
247323,28,22.6,154,93,"2021-10-16 05:32:50",A102,7cc37d5f-5e01-419f-ae7b-5ff272cb199f
247351,28,22.6,153,93,"2021-10-16 06:03:16",A102,7cc37d5f-5e01-419f-ae7b-5ff272cb199f
247380,28,22.6,153,93,"2021-10-16 06:33:46",A102,7cc37d5f-5e01-419f-ae7b-5ff272cb199f
247408,28,22.6,153,93,"2021-10-16 07:04:18",A102,7cc37d5f-5e01-419f-ae7b-5ff272cb199f
247436,28,22.7,153,100,"2021-10-16 07:34:53",A102,7cc37d5f-5e01-419f-ae7b-5ff272cb199f
247464,28,23,153,100,"2021-10-16 08:05:23",A102,7cc37d5f-5e01-419f-ae7b-5ff272cb199f
247492,28,23.2,152,100,"2021-10-16 08:35:55",A102,7cc37d5f-5e01-419f-ae7b-5ff272cb199f
247519,27,23.5,152,100,"2021-10-16 09:06:27",A102,7cc37d5f-5e01-419f-ae7b-5ff272cb199f
247548,27,23.8,151,100,"2021-10-16 09:36:58",A102,7cc37d5f-5e01-419f-ae7b-5ff272cb199f
247576,27,24.2,154,93,"2021-10-16 10:07:26",A102,7cc37d5f-5e01-419f-ae7b-5ff272cb199f
247605,27,24.5,153,93,"2021-10-16 10:37:51",A102,7cc37d5f-5e01-419f-ae7b-5ff272cb199f
247630,27,24.7,154,86,"2021-10-16 11:08:15",A102,7cc37d5f-5e01-419f-ae7b-5ff272cb199f
247658,27,24.8,153,86,"2021-10-16 11:38:39",A102,7cc37d5f-5e01-419f-ae7b-5ff272cb199f
247709,28,24.7,162,93,"2021-10-16 12:39:23",A102,7cc37d5f-5e01-419f-ae7b-5ff272cb199f
247736,29,24.6,164,93,"2021-10-16 13:09:48",A102,7cc37d5f-5e01-419f-ae7b-5ff272cb199f
247764,29,24.5,168,93,"2021-10-16 13:40:13",A102,7cc37d5f-5e01-419f-ae7b-5ff272cb199f
247791,29,24.4,168,86,"2021-10-16 14:10:37",A102,7cc37d5f-5e01-419f-ae7b-5ff272cb199f
247818,29,24.3,167,86,"2021-10-16 14:41:03",A102,7cc37d5f-5e01-419f-ae7b-5ff272cb199f
247846,29,24.3,169,86,"2021-10-16 15:11:27",A102,7cc37d5f-5e01-419f-ae7b-5ff272cb199f
247874,29,24.2,168,86,"2021-10-16 15:41:52",A102,7cc37d5f-5e01-419f-ae7b-5ff272cb199f
247900,29,24.2,169,86,"2021-10-16 16:12:16",A102,7cc37d5f-5e01-419f-ae7b-5ff272cb199f
247928,29,24.1,168,86,"2021-10-16 16:42:40",A102,7cc37d5f-5e01-419f-ae7b-5ff272cb199f
247954,29,24.1,167,86,"2021-10-16 17:13:04",A102,7cc37d5f-5e01-419f-ae7b-5ff272cb199f
247979,29,24,164,86,"2021-10-16 17:43:26",A102,7cc37d5f-5e01-419f-ae7b-5ff272cb199f
248005,29,23.9,166,86,"2021-10-16 18:13:49",A102,7cc37d5f-5e01-419f-ae7b-5ff272cb199f
248030,29,23.8,167,86,"2021-10-16 18:44:14",A102,7cc37d5f-5e01-419f-ae7b-5ff272cb199f
248053,29,23.7,166,86,"2021-10-16 19:14:37",A102,7cc37d5f-5e01-419f-ae7b-5ff272cb199f
248077,29,23.6,167,86,"2021-10-16 19:44:59",A102,7cc37d5f-5e01-419f-ae7b-5ff272cb199f
248102,29,23.6,166,86,"2021-10-16 20:15:23",A102,7cc37d5f-5e01-419f-ae7b-5ff272cb199f
248126,29,23.5,164,86,"2021-10-16 20:45:44",A102,7cc37d5f-5e01-419f-ae7b-5ff272cb199f
248149,29,23.4,164,86,"2021-10-16 21:16:07",A102,7cc37d5f-5e01-419f-ae7b-5ff272cb199f
248173,29,23.3,163,86,"2021-10-16 21:46:29",A102,7cc37d5f-5e01-419f-ae7b-5ff272cb199f
248195,29,23.2,164,86,"2021-10-16 22:16:51",A102,7cc37d5f-5e01-419f-ae7b-5ff272cb199f
248218,29,23.1,164,86,"2021-10-16 22:47:11",A102,7cc37d5f-5e01-419f-ae7b-5ff272cb199f
248242,29,23,163,86,"2021-10-16 23:17:33",A102,7cc37d5f-5e01-419f-ae7b-5ff272cb199f
248265,29,22.9,164,86,"2021-10-16 23:47:53",A102,7cc37d5f-5e01-419f-ae7b-5ff272cb199f
248289,29,22.8,164,86,"2021-10-17 00:18:14",A102,7cc37d5f-5e01-419f-ae7b-5ff272cb199f
248312,29,22.7,164,86,"2021-10-17 00:48:34",A102,7cc37d5f-5e01-419f-ae7b-5ff272cb199f
248334,29,22.6,161,86,"2021-10-17 01:18:53",A102,7cc37d5f-5e01-419f-ae7b-5ff272cb199f
248357,29,22.5,163,86,"2021-10-17 01:49:13",A102,7cc37d5f-5e01-419f-ae7b-5ff272cb199f
248380,29,22.4,163,86,"2021-10-17 02:19:34",A102,7cc37d5f-5e01-419f-ae7b-5ff272cb199f
248403,29,22.3,161,86,"2021-10-17 02:49:52",A102,7cc37d5f-5e01-419f-ae7b-5ff272cb199f
248426,29,22.2,162,86,"2021-10-17 03:20:12",A102,7cc37d5f-5e01-419f-ae7b-5ff272cb199f
248450,29,22.1,162,86,"2021-10-17 03:50:34",A102,7cc37d5f-5e01-419f-ae7b-5ff272cb199f
248474,29,22,162,86,"2021-10-17 04:20:52",A102,7cc37d5f-5e01-419f-ae7b-5ff272cb199f
248494,29,21.9,161,93,"2021-10-17 04:51:13",A102,7cc37d5f-5e01-419f-ae7b-5ff272cb199f
248518,29,21.8,162,93,"2021-10-17 05:21:38",A102,7cc37d5f-5e01-419f-ae7b-5ff272cb199f
248540,29,21.7,162,93,"2021-10-17 05:52:06",A102,7cc37d5f-5e01-419f-ae7b-5ff272cb199f
248564,29,21.7,161,93,"2021-10-17 06:22:36",A102,7cc37d5f-5e01-419f-ae7b-5ff272cb199f
248576,22,22.2,95,107,"2021-10-17 06:41:15",A101,7cc37d5f-5e01-419f-ae7b-5ff272cb199f
248588,29,21.8,161,93,"2021-10-17 06:53:08",A102,7cc37d5f-5e01-419f-ae7b-5ff272cb199f
248611,28,21.9,160,100,"2021-10-17 07:23:38",A102,7cc37d5f-5e01-419f-ae7b-5ff272cb199f
248624,21,23.56,95,114,"2021-10-17 07:44:13",A101,7cc37d5f-5e01-419f-ae7b-5ff272cb199f
248638,28,22.1,160,100,"2021-10-17 07:54:11",A102,7cc37d5f-5e01-419f-ae7b-5ff272cb199f
248662,28,22.3,160,100,"2021-10-17 08:24:42",A102,7cc37d5f-5e01-419f-ae7b-5ff272cb199f
248721,28,23,160,100,"2021-10-17 09:25:50",A102,7cc37d5f-5e01-419f-ae7b-5ff272cb199f
248753,28,23.4,163,100,"2021-10-17 09:56:24",A102,7cc37d5f-5e01-419f-ae7b-5ff272cb199f
248771,21,26.8,94,107,"2021-10-17 10:22:59",A101,7cc37d5f-5e01-419f-ae7b-5ff272cb199f
248779,28,23.7,164,107,"2021-10-17 10:26:55",A102,7cc37d5f-5e01-419f-ae7b-5ff272cb199f
248809,28,24.1,159,100,"2021-10-17 10:57:29",A102,7cc37d5f-5e01-419f-ae7b-5ff272cb199f
248834,21,27.5,94,114,"2021-10-17 11:25:58",A101,7cc37d5f-5e01-419f-ae7b-5ff272cb199f
248839,28,24.5,166,93,"2021-10-17 11:28:00",A102,7cc37d5f-5e01-419f-ae7b-5ff272cb199f
248864,21,27.4,94,107,"2021-10-17 11:56:40",A101,7cc37d5f-5e01-419f-ae7b-5ff272cb199f
248867,28,24.8,163,93,"2021-10-17 11:58:21",A102,7cc37d5f-5e01-419f-ae7b-5ff272cb199f
248891,22,26.8,102,107,"2021-10-17 12:26:38",A101,7cc37d5f-5e01-419f-ae7b-5ff272cb199f
248896,28,25,168,93,"2021-10-17 12:28:46",A102,7cc37d5f-5e01-419f-ae7b-5ff272cb199f
248920,24,26.4,115,107,"2021-10-17 12:56:58",A101,7cc37d5f-5e01-419f-ae7b-5ff272cb199f
248923,29,25.1,165,93,"2021-10-17 12:59:10",A102,7cc37d5f-5e01-419f-ae7b-5ff272cb199f
248947,24,26.02,116,107,"2021-10-17 13:27:20",A101,7cc37d5f-5e01-419f-ae7b-5ff272cb199f
248950,29,25.1,166,93,"2021-10-17 13:29:34",A102,7cc37d5f-5e01-419f-ae7b-5ff272cb199f
248975,23,25.8,115,107,"2021-10-17 13:57:40",A101,7cc37d5f-5e01-419f-ae7b-5ff272cb199f
248979,29,25,173,93,"2021-10-17 14:00:01",A102,7cc37d5f-5e01-419f-ae7b-5ff272cb199f
249002,23,25.6,113,107,"2021-10-17 14:28:01",A101,7cc37d5f-5e01-419f-ae7b-5ff272cb199f
249006,29,24.9,166,93,"2021-10-17 14:30:27",A102,7cc37d5f-5e01-419f-ae7b-5ff272cb199f
249030,23,25.4,112,107,"2021-10-17 14:58:25",A101,7cc37d5f-5e01-419f-ae7b-5ff272cb199f
249034,29,24.9,174,86,"2021-10-17 15:00:52",A102,7cc37d5f-5e01-419f-ae7b-5ff272cb199f
249059,23,25.3,113,100,"2021-10-17 15:28:48",A101,7cc37d5f-5e01-419f-ae7b-5ff272cb199f
249063,29,24.8,173,86,"2021-10-17 15:31:17",A102,7cc37d5f-5e01-419f-ae7b-5ff272cb199f
249088,22,25.1,111,100,"2021-10-17 15:58:52",A101,7cc37d5f-5e01-419f-ae7b-5ff272cb199f
249092,29,24.7,168,86,"2021-10-17 16:01:40",A102,7cc37d5f-5e01-419f-ae7b-5ff272cb199f
249119,29,24.6,169,86,"2021-10-17 16:32:06",A102,7cc37d5f-5e01-419f-ae7b-5ff272cb199f
249148,29,24.5,169,86,"2021-10-17 17:02:28",A102,7cc37d5f-5e01-419f-ae7b-5ff272cb199f
249176,29,24.4,168,86,"2021-10-17 17:32:51",A102,7cc37d5f-5e01-419f-ae7b-5ff272cb199f
249204,29,24.3,167,86,"2021-10-17 18:03:12",A102,7cc37d5f-5e01-419f-ae7b-5ff272cb199f
249231,29,24.2,165,86,"2021-10-17 18:33:35",A102,7cc37d5f-5e01-419f-ae7b-5ff272cb199f
249260,29,24.1,164,86,"2021-10-17 19:03:57",A102,7cc37d5f-5e01-419f-ae7b-5ff272cb199f
249288,29,23.94,166,86,"2021-10-17 19:34:17",A102,7cc37d5f-5e01-419f-ae7b-5ff272cb199f
249318,29,23.8,167,86,"2021-10-17 20:05:38",A102,7cc37d5f-5e01-419f-ae7b-5ff272cb199f
249347,29,23.7,169,86,"2021-10-17 20:36:03",A102,7cc37d5f-5e01-419f-ae7b-5ff272cb199f
249375,29,23.6,167,86,"2021-10-17 21:06:26",A102,7cc37d5f-5e01-419f-ae7b-5ff272cb199f
249402,29,23.5,166,86,"2021-10-17 21:36:48",A102,7cc37d5f-5e01-419f-ae7b-5ff272cb199f
249431,29,23.4,164,86,"2021-10-17 22:07:11",A102,7cc37d5f-5e01-419f-ae7b-5ff272cb199f
249459,29,23.2,165,86,"2021-10-17 22:37:34",A102,7cc37d5f-5e01-419f-ae7b-5ff272cb199f
249487,29,23.1,164,86,"2021-10-17 23:07:57",A102,7cc37d5f-5e01-419f-ae7b-5ff272cb199f
249514,29,23,164,86,"2021-10-17 23:38:19",A102,7cc37d5f-5e01-419f-ae7b-5ff272cb199f
249542,29,22.9,166,86,"2021-10-18 00:08:42",A102,7cc37d5f-5e01-419f-ae7b-5ff272cb199f
249570,29,22.8,166,86,"2021-10-18 00:39:06",A102,7cc37d5f-5e01-419f-ae7b-5ff272cb199f
249598,29,22.7,164,86,"2021-10-18 01:09:29",A102,7cc37d5f-5e01-419f-ae7b-5ff272cb199f
249626,29,22.6,165,86,"2021-10-18 01:39:52",A102,7cc37d5f-5e01-419f-ae7b-5ff272cb199f
249653,29,22.5,162,86,"2021-10-18 02:10:15",A102,7cc37d5f-5e01-419f-ae7b-5ff272cb199f
249679,29,22.4,162,86,"2021-10-18 02:40:38",A102,7cc37d5f-5e01-419f-ae7b-5ff272cb199f
249705,29,22.3,164,86,"2021-10-18 03:11:00",A102,7cc37d5f-5e01-419f-ae7b-5ff272cb199f
249731,29,22.2,163,86,"2021-10-18 03:41:24",A102,7cc37d5f-5e01-419f-ae7b-5ff272cb199f
249757,29,22.2,163,86,"2021-10-18 04:11:46",A102,7cc37d5f-5e01-419f-ae7b-5ff272cb199f
249783,29,22.1,164,86,"2021-10-18 04:42:11",A102,7cc37d5f-5e01-419f-ae7b-5ff272cb199f
249810,29,22,162,86,"2021-10-18 05:12:35",A102,7cc37d5f-5e01-419f-ae7b-5ff272cb199f
249837,29,22,163,86,"2021-10-18 05:43:00",A102,7cc37d5f-5e01-419f-ae7b-5ff272cb199f
249864,29,21.9,163,93,"2021-10-18 06:13:26",A102,7cc37d5f-5e01-419f-ae7b-5ff272cb199f
249890,29,21.9,163,93,"2021-10-18 06:43:54",A102,7cc37d5f-5e01-419f-ae7b-5ff272cb199f
249917,29,22,163,93,"2021-10-18 07:14:24",A102,7cc37d5f-5e01-419f-ae7b-5ff272cb199f
249944,29,22,162,93,"2021-10-18 07:44:54",A102,7cc37d5f-5e01-419f-ae7b-5ff272cb199f
249971,28,22.1,161,93,"2021-10-18 08:15:29",A102,7cc37d5f-5e01-419f-ae7b-5ff272cb199f
250000,28,22.3,160,93,"2021-10-18 08:46:03",A102,7cc37d5f-5e01-419f-ae7b-5ff272cb199f
250028,28,22.6,163,100,"2021-10-18 09:16:38",A102,7cc37d5f-5e01-419f-ae7b-5ff272cb199f
250056,28,22.9,161,100,"2021-10-18 09:47:14",A102,7cc37d5f-5e01-419f-ae7b-5ff272cb199f
250087,28,23.2,160,100,"2021-10-18 10:17:50",A102,7cc37d5f-5e01-419f-ae7b-5ff272cb199f
250117,28,23.6,160,100,"2021-10-18 10:48:25",A102,7cc37d5f-5e01-419f-ae7b-5ff272cb199f
250148,28,24,159,100,"2021-10-18 11:19:00",A102,7cc37d5f-5e01-419f-ae7b-5ff272cb199f
250179,28,24.4,159,100,"2021-10-18 11:49:42",A102,7cc37d5f-5e01-419f-ae7b-5ff272cb199f
250210,28,24.8,158,100,"2021-10-18 12:20:17",A102,7cc37d5f-5e01-419f-ae7b-5ff272cb199f
250240,28,25.1,160,107,"2021-10-18 12:50:54",A102,7cc37d5f-5e01-419f-ae7b-5ff272cb199f
250273,28,25.4,161,100,"2021-10-18 13:21:31",A102,7cc37d5f-5e01-419f-ae7b-5ff272cb199f
250303,28,25.7,160,93,"2021-10-18 13:52:14",A102,7cc37d5f-5e01-419f-ae7b-5ff272cb199f
250334,28,25.9,158,93,"2021-10-18 14:22:50",A102,7cc37d5f-5e01-419f-ae7b-5ff272cb199f
250365,28,26,166,86,"2021-10-18 14:53:27",A102,7cc37d5f-5e01-419f-ae7b-5ff272cb199f
250395,28,26.1,162,86,"2021-10-18 15:24:01",A102,7cc37d5f-5e01-419f-ae7b-5ff272cb199f
250426,28,26.1,158,86,"2021-10-18 15:54:33",A102,7cc37d5f-5e01-419f-ae7b-5ff272cb199f
250457,28,26.1,161,86,"2021-10-18 16:25:05",A102,7cc37d5f-5e01-419f-ae7b-5ff272cb199f
250489,28,26,163,86,"2021-10-18 16:55:35",A102,7cc37d5f-5e01-419f-ae7b-5ff272cb199f
250518,28,25.9,160,86,"2021-10-18 17:26:00",A102,7cc37d5f-5e01-419f-ae7b-5ff272cb199f
250550,28,25.7,162,86,"2021-10-18 17:56:29",A102,7cc37d5f-5e01-419f-ae7b-5ff272cb199f
250580,28,25.6,159,86,"2021-10-18 18:26:56",A102,7cc37d5f-5e01-419f-ae7b-5ff272cb199f
250611,28,25.4,161,86,"2021-10-18 18:57:24",A102,7cc37d5f-5e01-419f-ae7b-5ff272cb199f
250642,28,25.3,162,86,"2021-10-18 19:27:52",A102,7cc37d5f-5e01-419f-ae7b-5ff272cb199f
250672,28,25.1,160,86,"2021-10-18 19:58:18",A102,7cc37d5f-5e01-419f-ae7b-5ff272cb199f
250701,28,25,161,86,"2021-10-18 20:28:44",A102,7cc37d5f-5e01-419f-ae7b-5ff272cb199f
250729,28,24.9,160,86,"2021-10-18 20:59:09",A102,7cc37d5f-5e01-419f-ae7b-5ff272cb199f
250761,28,24.7,159,86,"2021-10-18 21:29:35",A102,7cc37d5f-5e01-419f-ae7b-5ff272cb199f
250791,28,24.6,160,86,"2021-10-18 21:59:59",A102,7cc37d5f-5e01-419f-ae7b-5ff272cb199f
250819,28,24.48,159,86,"2021-10-18 22:30:24",A102,7cc37d5f-5e01-419f-ae7b-5ff272cb199f
250849,28,24.3,161,86,"2021-10-18 23:00:48",A102,7cc37d5f-5e01-419f-ae7b-5ff272cb199f
250879,28,24.2,159,86,"2021-10-18 23:31:11",A102,7cc37d5f-5e01-419f-ae7b-5ff272cb199f
250909,28,24.02,160,86,"2021-10-19 00:01:34",A102,7cc37d5f-5e01-419f-ae7b-5ff272cb199f
250940,28,23.9,161,86,"2021-10-19 00:31:58",A102,7cc37d5f-5e01-419f-ae7b-5ff272cb199f
250971,28,23.8,159,86,"2021-10-19 01:02:22",A102,7cc37d5f-5e01-419f-ae7b-5ff272cb199f
251001,28,23.7,158,86,"2021-10-19 01:32:46",A102,7cc37d5f-5e01-419f-ae7b-5ff272cb199f
251031,28,23.6,158,86,"2021-10-19 02:03:08",A102,7cc37d5f-5e01-419f-ae7b-5ff272cb199f
251061,28,23.4,160,86,"2021-10-19 02:33:30",A102,7cc37d5f-5e01-419f-ae7b-5ff272cb199f
251091,28,23.3,159,86,"2021-10-19 03:03:53",A102,7cc37d5f-5e01-419f-ae7b-5ff272cb199f
251122,28,23.2,160,86,"2021-10-19 03:34:16",A102,7cc37d5f-5e01-419f-ae7b-5ff272cb199f
251153,28,23.1,158,86,"2021-10-19 04:04:40",A102,7cc37d5f-5e01-419f-ae7b-5ff272cb199f
251183,28,23,159,86,"2021-10-19 04:35:02",A102,7cc37d5f-5e01-419f-ae7b-5ff272cb199f
251244,28,22.8,159,93,"2021-10-19 05:35:52",A102,7cc37d5f-5e01-419f-ae7b-5ff272cb199f
251276,28,22.7,158,93,"2021-10-19 06:06:17",A102,7cc37d5f-5e01-419f-ae7b-5ff272cb199f
251307,28,22.7,158,93,"2021-10-19 06:36:45",A102,7cc37d5f-5e01-419f-ae7b-5ff272cb199f
251338,28,22.7,158,93,"2021-10-19 07:07:18",A102,7cc37d5f-5e01-419f-ae7b-5ff272cb199f
251369,28,22.8,158,93,"2021-10-19 07:37:49",A102,7cc37d5f-5e01-419f-ae7b-5ff272cb199f
251400,28,22.9,158,100,"2021-10-19 08:08:25",A102,7cc37d5f-5e01-419f-ae7b-5ff272cb199f
251432,28,23.1,157,93,"2021-10-19 08:39:02",A102,7cc37d5f-5e01-419f-ae7b-5ff272cb199f
251462,28,23.4,157,100,"2021-10-19 09:09:35",A102,7cc37d5f-5e01-419f-ae7b-5ff272cb199f
251492,28,23.7,157,100,"2021-10-19 09:40:05",A102,7cc37d5f-5e01-419f-ae7b-5ff272cb199f
251519,28,24,156,107,"2021-10-19 10:10:35",A102,7cc37d5f-5e01-419f-ae7b-5ff272cb199f
251548,28,24.2,156,100,"2021-10-19 10:41:08",A102,7cc37d5f-5e01-419f-ae7b-5ff272cb199f
251607,27,24.6,157,107,"2021-10-19 11:42:14",A102,7cc37d5f-5e01-419f-ae7b-5ff272cb199f
251640,27,24.8,157,100,"2021-10-19 12:12:49",A102,7cc37d5f-5e01-419f-ae7b-5ff272cb199f
251669,27,25,156,100,"2021-10-19 12:43:19",A102,7cc37d5f-5e01-419f-ae7b-5ff272cb199f
251700,27,25.2,156,100,"2021-10-19 13:13:54",A102,7cc37d5f-5e01-419f-ae7b-5ff272cb199f
251731,27,25.4,155,100,"2021-10-19 13:44:29",A102,7cc37d5f-5e01-419f-ae7b-5ff272cb199f
251745,20,23.4,90,114,"2021-10-19 13:54:24",A101,7cc37d5f-5e01-419f-ae7b-5ff272cb199f
251764,27,25.6,156,93,"2021-10-19 14:15:04",A102,7cc37d5f-5e01-419f-ae7b-5ff272cb199f
251779,20,23.5,91,114,"2021-10-19 14:26:58",A101,7cc37d5f-5e01-419f-ae7b-5ff272cb199f
251797,27,25.8,155,86,"2021-10-19 14:45:40",A102,7cc37d5f-5e01-419f-ae7b-5ff272cb199f
251812,20,23.6,91,114,"2021-10-19 14:57:28",A101,7cc37d5f-5e01-419f-ae7b-5ff272cb199f
251829,27,25.9,155,86,"2021-10-19 15:16:13",A102,7cc37d5f-5e01-419f-ae7b-5ff272cb199f
251844,20,23.8,91,114,"2021-10-19 15:27:49",A101,7cc37d5f-5e01-419f-ae7b-5ff272cb199f
251875,20,23.9,91,114,"2021-10-19 15:58:14",A101,7cc37d5f-5e01-419f-ae7b-5ff272cb199f
251892,27,26.1,156,86,"2021-10-19 16:17:12",A102,7cc37d5f-5e01-419f-ae7b-5ff272cb199f
251907,20,24,91,114,"2021-10-19 16:28:36",A101,7cc37d5f-5e01-419f-ae7b-5ff272cb199f
251925,27,26,155,86,"2021-10-19 16:47:40",A102,7cc37d5f-5e01-419f-ae7b-5ff272cb199f
251940,20,24.1,91,114,"2021-10-19 16:58:58",A101,7cc37d5f-5e01-419f-ae7b-5ff272cb199f
251958,27,26,156,86,"2021-10-19 17:18:08",A102,7cc37d5f-5e01-419f-ae7b-5ff272cb199f
251973,20,24.2,91,114,"2021-10-19 17:29:19",A101,7cc37d5f-5e01-419f-ae7b-5ff272cb199f
251991,27,25.9,155,86,"2021-10-19 17:48:34",A102,7cc37d5f-5e01-419f-ae7b-5ff272cb199f
252006,20,24.3,91,114,"2021-10-19 17:59:39",A101,7cc37d5f-5e01-419f-ae7b-5ff272cb199f
252024,27,25.7,156,86,"2021-10-19 18:19:01",A102,7cc37d5f-5e01-419f-ae7b-5ff272cb199f
252039,20,24.4,91,114,"2021-10-19 18:30:02",A101,7cc37d5f-5e01-419f-ae7b-5ff272cb199f
252057,27,25.6,155,86,"2021-10-19 18:49:29",A102,7cc37d5f-5e01-419f-ae7b-5ff272cb199f
252072,20,24.4,91,107,"2021-10-19 19:00:21",A101,7cc37d5f-5e01-419f-ae7b-5ff272cb199f
252089,27,25.5,156,86,"2021-10-19 19:19:57",A102,7cc37d5f-5e01-419f-ae7b-5ff272cb199f
252104,20,24.5,91,107,"2021-10-19 19:30:42",A101,7cc37d5f-5e01-419f-ae7b-5ff272cb199f
252121,27,25.3,155,86,"2021-10-19 19:50:23",A102,7cc37d5f-5e01-419f-ae7b-5ff272cb199f
252136,20,24.5,91,107,"2021-10-19 20:01:02",A101,7cc37d5f-5e01-419f-ae7b-5ff272cb199f
252154,27,25.2,156,86,"2021-10-19 20:20:52",A102,7cc37d5f-5e01-419f-ae7b-5ff272cb199f
252167,20,24.6,91,107,"2021-10-19 20:31:22",A101,7cc37d5f-5e01-419f-ae7b-5ff272cb199f
252186,27,25.1,155,86,"2021-10-19 20:51:14",A102,7cc37d5f-5e01-419f-ae7b-5ff272cb199f
252199,20,24.6,91,107,"2021-10-19 21:01:40",A101,7cc37d5f-5e01-419f-ae7b-5ff272cb199f
252217,27,24.9,157,86,"2021-10-19 21:21:40",A102,7cc37d5f-5e01-419f-ae7b-5ff272cb199f
252230,20,24.6,91,107,"2021-10-19 21:32:00",A101,7cc37d5f-5e01-419f-ae7b-5ff272cb199f
252249,27,24.8,157,86,"2021-10-19 21:52:05",A102,7cc37d5f-5e01-419f-ae7b-5ff272cb199f
252263,20,24.6,91,107,"2021-10-19 22:02:19",A101,7cc37d5f-5e01-419f-ae7b-5ff272cb199f
252281,27,24.7,154,86,"2021-10-19 22:22:31",A102,7cc37d5f-5e01-419f-ae7b-5ff272cb199f
252294,20,24.6,90,107,"2021-10-19 22:32:38",A101,7cc37d5f-5e01-419f-ae7b-5ff272cb199f
252315,27,24.6,154,86,"2021-10-19 22:53:48",A102,7cc37d5f-5e01-419f-ae7b-5ff272cb199f
252325,20,24.6,91,107,"2021-10-19 23:02:57",A101,7cc37d5f-5e01-419f-ae7b-5ff272cb199f
252344,27,24.5,155,86,"2021-10-19 23:24:12",A102,7cc37d5f-5e01-419f-ae7b-5ff272cb199f
252355,20,24.6,91,107,"2021-10-19 23:33:14",A101,7cc37d5f-5e01-419f-ae7b-5ff272cb199f
252376,27,24.3,155,86,"2021-10-19 23:54:36",A102,7cc37d5f-5e01-419f-ae7b-5ff272cb199f
252387,20,24.6,90,100,"2021-10-20 00:03:32",A101,7cc37d5f-5e01-419f-ae7b-5ff272cb199f
252408,27,24.2,154,86,"2021-10-20 00:24:59",A102,7cc37d5f-5e01-419f-ae7b-5ff272cb199f
252418,20,24.5,90,107,"2021-10-20 00:33:50",A101,7cc37d5f-5e01-419f-ae7b-5ff272cb199f
252440,27,24.1,155,86,"2021-10-20 00:55:22",A102,7cc37d5f-5e01-419f-ae7b-5ff272cb199f
252450,20,24.5,90,107,"2021-10-20 01:04:07",A101,7cc37d5f-5e01-419f-ae7b-5ff272cb199f
252472,27,23.9,155,86,"2021-10-20 01:25:45",A102,7cc37d5f-5e01-419f-ae7b-5ff272cb199f
252482,20,24.5,90,107,"2021-10-20 01:34:24",A101,7cc37d5f-5e01-419f-ae7b-5ff272cb199f
252504,27,23.8,154,86,"2021-10-20 01:56:07",A102,7cc37d5f-5e01-419f-ae7b-5ff272cb199f
252514,20,24.5,90,107,"2021-10-20 02:04:41",A101,7cc37d5f-5e01-419f-ae7b-5ff272cb199f
252535,27,23.7,155,86,"2021-10-20 02:26:31",A102,7cc37d5f-5e01-419f-ae7b-5ff272cb199f
252545,20,24.4,90,107,"2021-10-20 02:35:00",A101,7cc37d5f-5e01-419f-ae7b-5ff272cb199f
252565,27,23.6,154,86,"2021-10-20 02:56:53",A102,7cc37d5f-5e01-419f-ae7b-5ff272cb199f
252575,20,24.4,89,107,"2021-10-20 03:05:16",A101,7cc37d5f-5e01-419f-ae7b-5ff272cb199f
252595,27,23.5,154,86,"2021-10-20 03:27:16",A102,7cc37d5f-5e01-419f-ae7b-5ff272cb199f
252605,20,24.4,90,107,"2021-10-20 03:35:32",A101,7cc37d5f-5e01-419f-ae7b-5ff272cb199f
252626,27,23.4,153,86,"2021-10-20 03:57:37",A102,7cc37d5f-5e01-419f-ae7b-5ff272cb199f
252635,20,24.3,90,107,"2021-10-20 04:05:50",A101,7cc37d5f-5e01-419f-ae7b-5ff272cb199f
252656,27,23.2,154,86,"2021-10-20 04:27:58",A102,7cc37d5f-5e01-419f-ae7b-5ff272cb199f
252665,20,24.3,90,107,"2021-10-20 04:36:07",A101,7cc37d5f-5e01-419f-ae7b-5ff272cb199f
252687,27,23.1,154,86,"2021-10-20 04:58:21",A102,7cc37d5f-5e01-419f-ae7b-5ff272cb199f
252696,20,24.2,90,107,"2021-10-20 05:06:25",A101,7cc37d5f-5e01-419f-ae7b-5ff272cb199f
252717,27,23,153,86,"2021-10-20 05:28:45",A102,7cc37d5f-5e01-419f-ae7b-5ff272cb199f
252724,20,24.2,90,107,"2021-10-20 05:36:42",A101,7cc37d5f-5e01-419f-ae7b-5ff272cb199f
252746,27,23,153,93,"2021-10-20 05:59:11",A102,7cc37d5f-5e01-419f-ae7b-5ff272cb199f
252755,20,24.1,90,114,"2021-10-20 06:07:03",A101,7cc37d5f-5e01-419f-ae7b-5ff272cb199f
252777,27,22.9,153,93,"2021-10-20 06:29:40",A102,7cc37d5f-5e01-419f-ae7b-5ff272cb199f
252785,20,24.1,90,114,"2021-10-20 06:37:24",A101,7cc37d5f-5e01-419f-ae7b-5ff272cb199f
252808,27,22.9,152,93,"2021-10-20 07:00:09",A102,7cc37d5f-5e01-419f-ae7b-5ff272cb199f
252817,20,24.1,90,114,"2021-10-20 07:07:46",A101,7cc37d5f-5e01-419f-ae7b-5ff272cb199f
252839,27,23,152,93,"2021-10-20 07:30:43",A102,7cc37d5f-5e01-419f-ae7b-5ff272cb199f
252846,20,24,90,114,"2021-10-20 07:38:12",A101,7cc37d5f-5e01-419f-ae7b-5ff272cb199f
252871,27,23.1,151,93,"2021-10-20 08:01:11",A102,7cc37d5f-5e01-419f-ae7b-5ff272cb199f
252878,20,24,90,114,"2021-10-20 08:08:35",A101,7cc37d5f-5e01-419f-ae7b-5ff272cb199f
252902,27,23.2,151,93,"2021-10-20 08:31:46",A102,7cc37d5f-5e01-419f-ae7b-5ff272cb199f
252908,20,24,90,114,"2021-10-20 08:39:02",A101,7cc37d5f-5e01-419f-ae7b-5ff272cb199f
252931,27,23.4,151,93,"2021-10-20 09:02:19",A102,7cc37d5f-5e01-419f-ae7b-5ff272cb199f
252938,20,23.9,90,114,"2021-10-20 09:09:30",A101,7cc37d5f-5e01-419f-ae7b-5ff272cb199f
252962,27,23.7,151,93,"2021-10-20 09:32:52",A102,7cc37d5f-5e01-419f-ae7b-5ff272cb199f
252970,20,23.9,89,114,"2021-10-20 09:39:56",A101,7cc37d5f-5e01-419f-ae7b-5ff272cb199f
252993,27,23.9,151,100,"2021-10-20 10:03:23",A102,7cc37d5f-5e01-419f-ae7b-5ff272cb199f
253001,20,23.9,90,114,"2021-10-20 10:10:21",A101,7cc37d5f-5e01-419f-ae7b-5ff272cb199f
253022,27,24.2,150,100,"2021-10-20 10:33:55",A102,7cc37d5f-5e01-419f-ae7b-5ff272cb199f
253030,20,23.9,90,114,"2021-10-20 10:40:45",A101,7cc37d5f-5e01-419f-ae7b-5ff272cb199f
253053,27,24.4,151,100,"2021-10-20 11:04:28",A102,7cc37d5f-5e01-419f-ae7b-5ff272cb199f
253061,20,24,90,114,"2021-10-20 11:11:11",A101,7cc37d5f-5e01-419f-ae7b-5ff272cb199f
253084,27,24.7,152,93,"2021-10-20 11:34:59",A102,7cc37d5f-5e01-419f-ae7b-5ff272cb199f
253092,20,24,90,107,"2021-10-20 11:41:35",A101,7cc37d5f-5e01-419f-ae7b-5ff272cb199f
253115,27,25,152,86,"2021-10-20 12:05:25",A102,7cc37d5f-5e01-419f-ae7b-5ff272cb199f
253123,20,24.1,90,107,"2021-10-20 12:11:53",A101,7cc37d5f-5e01-419f-ae7b-5ff272cb199f
253146,27,25.1,153,93,"2021-10-20 12:35:54",A102,7cc37d5f-5e01-419f-ae7b-5ff272cb199f
253153,20,24.1,90,107,"2021-10-20 12:42:14",A101,7cc37d5f-5e01-419f-ae7b-5ff272cb199f
253173,27,25.1,156,93,"2021-10-20 13:06:16",A102,7cc37d5f-5e01-419f-ae7b-5ff272cb199f
253181,20,24.2,90,100,"2021-10-20 13:12:32",A101,7cc37d5f-5e01-419f-ae7b-5ff272cb199f
253205,27,25,162,93,"2021-10-20 13:36:42",A102,7cc37d5f-5e01-419f-ae7b-5ff272cb199f
253213,20,24.3,90,107,"2021-10-20 13:42:54",A101,7cc37d5f-5e01-419f-ae7b-5ff272cb199f
253236,28,25,165,93,"2021-10-20 14:07:08",A102,7cc37d5f-5e01-419f-ae7b-5ff272cb199f
253243,19,24.3,90,107,"2021-10-20 14:13:12",A101,7cc37d5f-5e01-419f-ae7b-5ff272cb199f
253268,28,24.9,168,86,"2021-10-20 14:37:36",A102,7cc37d5f-5e01-419f-ae7b-5ff272cb199f
253275,20,24.4,90,107,"2021-10-20 14:43:32",A101,7cc37d5f-5e01-419f-ae7b-5ff272cb199f
253299,28,24.8,168,86,"2021-10-20 15:08:02",A102,7cc37d5f-5e01-419f-ae7b-5ff272cb199f
253305,19,24.4,90,114,"2021-10-20 15:13:52",A101,7cc37d5f-5e01-419f-ae7b-5ff272cb199f
253328,28,24.7,167,86,"2021-10-20 15:38:30",A102,7cc37d5f-5e01-419f-ae7b-5ff272cb199f
253335,19,24.4,90,107,"2021-10-20 15:44:14",A101,7cc37d5f-5e01-419f-ae7b-5ff272cb199f
253357,28,24.6,168,86,"2021-10-20 16:08:56",A102,7cc37d5f-5e01-419f-ae7b-5ff272cb199f
253364,19,24.4,89,107,"2021-10-20 16:14:34",A101,7cc37d5f-5e01-419f-ae7b-5ff272cb199f
253387,28,24.6,169,86,"2021-10-20 16:39:23",A102,7cc37d5f-5e01-419f-ae7b-5ff272cb199f
253394,19,24.4,90,107,"2021-10-20 16:44:53",A101,7cc37d5f-5e01-419f-ae7b-5ff272cb199f
253416,28,24.5,169,86,"2021-10-20 17:09:49",A102,7cc37d5f-5e01-419f-ae7b-5ff272cb199f
253424,20,24.4,90,107,"2021-10-20 17:15:12",A101,7cc37d5f-5e01-419f-ae7b-5ff272cb199f
253447,28,24.4,169,86,"2021-10-20 17:40:14",A102,7cc37d5f-5e01-419f-ae7b-5ff272cb199f
253455,19,24.4,90,107,"2021-10-20 17:45:32",A101,7cc37d5f-5e01-419f-ae7b-5ff272cb199f
253477,28,24.3,169,86,"2021-10-20 18:10:40",A102,7cc37d5f-5e01-419f-ae7b-5ff272cb199f
253485,20,24.4,90,107,"2021-10-20 18:15:51",A101,7cc37d5f-5e01-419f-ae7b-5ff272cb199f
253508,28,24.3,169,86,"2021-10-20 18:41:06",A102,7cc37d5f-5e01-419f-ae7b-5ff272cb199f
253516,20,24.4,90,107,"2021-10-20 18:46:12",A101,7cc37d5f-5e01-419f-ae7b-5ff272cb199f
253539,28,24.2,166,86,"2021-10-20 19:11:31",A102,7cc37d5f-5e01-419f-ae7b-5ff272cb199f
253546,20,24.3,90,107,"2021-10-20 19:16:33",A101,7cc37d5f-5e01-419f-ae7b-5ff272cb199f
253569,28,24.1,165,86,"2021-10-20 19:41:58",A102,7cc37d5f-5e01-419f-ae7b-5ff272cb199f
253577,20,24.3,90,107,"2021-10-20 19:46:56",A101,7cc37d5f-5e01-419f-ae7b-5ff272cb199f
253599,28,24,165,86,"2021-10-20 20:12:24",A102,7cc37d5f-5e01-419f-ae7b-5ff272cb199f
253607,20,24.3,90,107,"2021-10-20 20:17:10",A101,7cc37d5f-5e01-419f-ae7b-5ff272cb199f
253631,28,23.9,166,86,"2021-10-20 20:42:47",A102,7cc37d5f-5e01-419f-ae7b-5ff272cb199f
253638,20,24.3,91,107,"2021-10-20 20:47:30",A101,7cc37d5f-5e01-419f-ae7b-5ff272cb199f
253662,28,23.9,167,86,"2021-10-20 21:13:13",A102,7cc37d5f-5e01-419f-ae7b-5ff272cb199f
253669,20,24.2,91,107,"2021-10-20 21:17:48",A101,7cc37d5f-5e01-419f-ae7b-5ff272cb199f
253692,28,23.8,166,86,"2021-10-20 21:43:36",A102,7cc37d5f-5e01-419f-ae7b-5ff272cb199f
253699,20,24.2,91,107,"2021-10-20 21:48:06",A101,7cc37d5f-5e01-419f-ae7b-5ff272cb199f
253720,28,23.7,168,86,"2021-10-20 22:14:01",A102,7cc37d5f-5e01-419f-ae7b-5ff272cb199f
253727,20,24.2,91,107,"2021-10-20 22:18:28",A101,7cc37d5f-5e01-419f-ae7b-5ff272cb199f
253747,28,23.6,167,86,"2021-10-20 22:44:24",A102,7cc37d5f-5e01-419f-ae7b-5ff272cb199f
253771,28,23.5,167,86,"2021-10-20 23:14:47",A102,7cc37d5f-5e01-419f-ae7b-5ff272cb199f
253794,28,23.4,167,86,"2021-10-20 23:45:11",A102,7cc37d5f-5e01-419f-ae7b-5ff272cb199f
253816,28,23.32,167,86,"2021-10-21 00:15:34",A102,7cc37d5f-5e01-419f-ae7b-5ff272cb199f
253838,28,23.3,165,86,"2021-10-21 00:45:58",A102,7cc37d5f-5e01-419f-ae7b-5ff272cb199f
253861,28,23.2,163,86,"2021-10-21 01:16:22",A102,7cc37d5f-5e01-419f-ae7b-5ff272cb199f
253883,28,23.1,166,86,"2021-10-21 01:46:45",A102,7cc37d5f-5e01-419f-ae7b-5ff272cb199f
253906,28,23,165,86,"2021-10-21 02:17:09",A102,7cc37d5f-5e01-419f-ae7b-5ff272cb199f
253930,28,22.9,163,86,"2021-10-21 02:47:31",A102,7cc37d5f-5e01-419f-ae7b-5ff272cb199f
253952,28,22.9,165,86,"2021-10-21 03:17:55",A102,7cc37d5f-5e01-419f-ae7b-5ff272cb199f
253973,28,22.8,165,86,"2021-10-21 03:48:20",A102,7cc37d5f-5e01-419f-ae7b-5ff272cb199f
253995,28,22.7,165,86,"2021-10-21 04:18:42",A102,7cc37d5f-5e01-419f-ae7b-5ff272cb199f
254039,28,22.6,165,86,"2021-10-21 05:19:31",A102,7cc37d5f-5e01-419f-ae7b-5ff272cb199f
254061,28,22.5,165,93,"2021-10-21 05:49:56",A102,7cc37d5f-5e01-419f-ae7b-5ff272cb199f
254085,28,22.5,165,93,"2021-10-21 06:20:26",A102,7cc37d5f-5e01-419f-ae7b-5ff272cb199f
254108,28,22.5,164,93,"2021-10-21 06:50:56",A102,7cc37d5f-5e01-419f-ae7b-5ff272cb199f
254132,28,22.6,165,93,"2021-10-21 07:21:27",A102,7cc37d5f-5e01-419f-ae7b-5ff272cb199f
255426,28,24,164,93,"2021-10-22 10:47:16",A102,7cc37d5f-5e01-419f-ae7b-5ff272cb199f
255625,28,25.3,163,36,"2021-10-22 14:19:05",A102,7cc37d5f-5e01-419f-ae7b-5ff272cb199f
255654,28,25.2,162,86,"2021-10-22 14:50:26",A102,7cc37d5f-5e01-419f-ae7b-5ff272cb199f
255684,28,25.1,164,86,"2021-10-22 15:20:51",A102,7cc37d5f-5e01-419f-ae7b-5ff272cb199f
255715,28,25,164,86,"2021-10-22 15:51:13",A102,7cc37d5f-5e01-419f-ae7b-5ff272cb199f
255744,28,24.9,164,86,"2021-10-22 16:21:39",A102,7cc37d5f-5e01-419f-ae7b-5ff272cb199f
255772,28,24.8,164,86,"2021-10-22 16:52:00",A102,7cc37d5f-5e01-419f-ae7b-5ff272cb199f
255802,28,24.7,163,86,"2021-10-22 17:22:26",A102,7cc37d5f-5e01-419f-ae7b-5ff272cb199f
255830,28,24.6,163,86,"2021-10-22 17:52:46",A102,7cc37d5f-5e01-419f-ae7b-5ff272cb199f
255859,28,24.4,162,86,"2021-10-22 18:23:10",A102,7cc37d5f-5e01-419f-ae7b-5ff272cb199f
255888,28,24.3,162,86,"2021-10-22 18:53:33",A102,7cc37d5f-5e01-419f-ae7b-5ff272cb199f
255917,28,24.2,162,86,"2021-10-22 19:23:56",A102,7cc37d5f-5e01-419f-ae7b-5ff272cb199f
255944,28,24.1,164,86,"2021-10-22 19:54:17",A102,7cc37d5f-5e01-419f-ae7b-5ff272cb199f
255973,28,24,162,86,"2021-10-22 20:24:39",A102,7cc37d5f-5e01-419f-ae7b-5ff272cb199f
256003,28,23.9,164,86,"2021-10-22 20:55:01",A102,7cc37d5f-5e01-419f-ae7b-5ff272cb199f
256030,28,23.7,162,86,"2021-10-22 21:25:23",A102,7cc37d5f-5e01-419f-ae7b-5ff272cb199f
256057,28,23.6,163,86,"2021-10-22 21:55:45",A102,7cc37d5f-5e01-419f-ae7b-5ff272cb199f
256085,28,23.5,163,86,"2021-10-22 22:26:06",A102,7cc37d5f-5e01-419f-ae7b-5ff272cb199f
256113,28,23.4,163,86,"2021-10-22 22:56:26",A102,7cc37d5f-5e01-419f-ae7b-5ff272cb199f
256141,28,23.3,163,86,"2021-10-22 23:26:49",A102,7cc37d5f-5e01-419f-ae7b-5ff272cb199f
256169,28,23.2,161,86,"2021-10-22 23:57:10",A102,7cc37d5f-5e01-419f-ae7b-5ff272cb199f
256196,28,23.1,163,86,"2021-10-23 00:27:31",A102,7cc37d5f-5e01-419f-ae7b-5ff272cb199f
256223,28,23,163,86,"2021-10-23 00:57:53",A102,7cc37d5f-5e01-419f-ae7b-5ff272cb199f
256251,28,22.9,160,86,"2021-10-23 01:28:13",A102,7cc37d5f-5e01-419f-ae7b-5ff272cb199f
256278,28,22.8,162,86,"2021-10-23 01:58:34",A102,7cc37d5f-5e01-419f-ae7b-5ff272cb199f
256305,28,22.7,161,86,"2021-10-23 02:28:55",A102,7cc37d5f-5e01-419f-ae7b-5ff272cb199f
256333,28,22.6,163,86,"2021-10-23 02:59:15",A102,7cc37d5f-5e01-419f-ae7b-5ff272cb199f
256361,28,22.5,163,86,"2021-10-23 03:29:36",A102,7cc37d5f-5e01-419f-ae7b-5ff272cb199f
256389,28,22.42,162,86,"2021-10-23 03:59:56",A102,7cc37d5f-5e01-419f-ae7b-5ff272cb199f
256417,28,22.4,162,86,"2021-10-23 04:30:18",A102,7cc37d5f-5e01-419f-ae7b-5ff272cb199f
256444,28,22.3,162,86,"2021-10-23 05:00:39",A102,7cc37d5f-5e01-419f-ae7b-5ff272cb199f
256469,28,22.2,162,86,"2021-10-23 05:31:01",A102,7cc37d5f-5e01-419f-ae7b-5ff272cb199f
256503,28,22.2,162,93,"2021-10-23 06:01:24",A102,7cc37d5f-5e01-419f-ae7b-5ff272cb199f
256531,28,22.2,162,93,"2021-10-23 06:31:51",A102,7cc37d5f-5e01-419f-ae7b-5ff272cb199f
256548,20,23.1,97,100,"2021-10-23 06:48:44",A101,7cc37d5f-5e01-419f-ae7b-5ff272cb199f
256561,28,22.2,162,93,"2021-10-23 07:02:18",A102,7cc37d5f-5e01-419f-ae7b-5ff272cb199f
256578,21,23,97,107,"2021-10-23 07:19:17",A101,7cc37d5f-5e01-419f-ae7b-5ff272cb199f
256591,28,22.2,161,93,"2021-10-23 07:32:46",A102,7cc37d5f-5e01-419f-ae7b-5ff272cb199f
256609,20,23,98,107,"2021-10-23 07:49:55",A101,7cc37d5f-5e01-419f-ae7b-5ff272cb199f
256620,28,22.3,161,93,"2021-10-23 08:03:16",A102,7cc37d5f-5e01-419f-ae7b-5ff272cb199f
256639,20,23,97,114,"2021-10-23 08:20:32",A101,7cc37d5f-5e01-419f-ae7b-5ff272cb199f
256650,28,22.5,161,100,"2021-10-23 08:33:48",A102,7cc37d5f-5e01-419f-ae7b-5ff272cb199f
256669,20,22.9,97,114,"2021-10-23 08:51:17",A101,7cc37d5f-5e01-419f-ae7b-5ff272cb199f
256679,28,22.7,161,100,"2021-10-23 09:04:21",A102,7cc37d5f-5e01-419f-ae7b-5ff272cb199f
256697,20,22.9,97,114,"2021-10-23 09:21:52",A101,7cc37d5f-5e01-419f-ae7b-5ff272cb199f
256707,28,23,160,100,"2021-10-23 09:34:52",A102,7cc37d5f-5e01-419f-ae7b-5ff272cb199f
256726,20,23,97,114,"2021-10-23 09:52:33",A101,7cc37d5f-5e01-419f-ae7b-5ff272cb199f
256736,28,23.3,160,100,"2021-10-23 10:05:26",A102,7cc37d5f-5e01-419f-ae7b-5ff272cb199f
256748,20,23,97,114,"2021-10-23 10:23:14",A101,7cc37d5f-5e01-419f-ae7b-5ff272cb199f
256755,28,23.7,160,100,"2021-10-23 10:35:59",A102,7cc37d5f-5e01-419f-ae7b-5ff272cb199f
256770,20,23.1,97,114,"2021-10-23 10:53:57",A101,7cc37d5f-5e01-419f-ae7b-5ff272cb199f
256778,28,24.1,160,100,"2021-10-23 11:06:33",A102,7cc37d5f-5e01-419f-ae7b-5ff272cb199f
256790,20,23.2,97,114,"2021-10-23 11:24:42",A101,7cc37d5f-5e01-419f-ae7b-5ff272cb199f
256794,28,24.5,159,100,"2021-10-23 11:37:09",A102,7cc37d5f-5e01-419f-ae7b-5ff272cb199f
256808,20,23.3,97,114,"2021-10-23 11:55:21",A101,7cc37d5f-5e01-419f-ae7b-5ff272cb199f
256815,28,24.9,158,100,"2021-10-23 12:07:42",A102,7cc37d5f-5e01-419f-ae7b-5ff272cb199f
256830,20,23.4,97,114,"2021-10-23 12:26:06",A101,7cc37d5f-5e01-419f-ae7b-5ff272cb199f
256837,28,25.2,160,100,"2021-10-23 12:38:19",A102,7cc37d5f-5e01-419f-ae7b-5ff272cb199f
256852,20,23.6,97,114,"2021-10-23 12:56:47",A101,7cc37d5f-5e01-419f-ae7b-5ff272cb199f
256860,28,25.5,160,100,"2021-10-23 13:08:56",A102,7cc37d5f-5e01-419f-ae7b-5ff272cb199f
256875,20,23.7,97,114,"2021-10-23 13:27:31",A101,7cc37d5f-5e01-419f-ae7b-5ff272cb199f
256882,28,25.7,160,93,"2021-10-23 13:39:33",A102,7cc37d5f-5e01-419f-ae7b-5ff272cb199f
256897,20,23.9,97,114,"2021-10-23 13:58:17",A101,7cc37d5f-5e01-419f-ae7b-5ff272cb199f
256917,20,24.1,97,114,"2021-10-23 14:28:56",A101,7cc37d5f-5e01-419f-ae7b-5ff272cb199f
256925,28,26,160,86,"2021-10-23 14:40:41",A102,7cc37d5f-5e01-419f-ae7b-5ff272cb199f
256940,20,24.2,97,114,"2021-10-23 14:59:38",A101,7cc37d5f-5e01-419f-ae7b-5ff272cb199f
256947,28,26.1,159,86,"2021-10-23 15:11:15",A102,7cc37d5f-5e01-419f-ae7b-5ff272cb199f
256962,20,24.4,98,114,"2021-10-23 15:30:16",A101,7cc37d5f-5e01-419f-ae7b-5ff272cb199f
256970,28,26.1,160,86,"2021-10-23 15:41:45",A102,7cc37d5f-5e01-419f-ae7b-5ff272cb199f
256984,11,24.6,99,107,"2021-10-23 16:00:48",A101,7cc37d5f-5e01-419f-ae7b-5ff272cb199f
256985,9,24.6,99,79,"2021-10-23 16:01:06",A101,7cc37d5f-5e01-419f-ae7b-5ff272cb199f
256987,7,24.6,99,79,"2021-10-23 16:01:26",A101,7cc37d5f-5e01-419f-ae7b-5ff272cb199f
256994,28,26,158,86,"2021-10-23 16:12:14",A102,7cc37d5f-5e01-419f-ae7b-5ff272cb199f
257014,28,25.9,160,86,"2021-10-23 16:42:41",A102,7cc37d5f-5e01-419f-ae7b-5ff272cb199f
257036,28,25.8,159,86,"2021-10-23 17:13:08",A102,7cc37d5f-5e01-419f-ae7b-5ff272cb199f
257058,28,25.7,160,86,"2021-10-23 17:43:35",A102,7cc37d5f-5e01-419f-ae7b-5ff272cb199f
257079,28,25.5,160,86,"2021-10-23 18:14:00",A102,7cc37d5f-5e01-419f-ae7b-5ff272cb199f
257100,28,25.4,160,86,"2021-10-23 18:44:27",A102,7cc37d5f-5e01-419f-ae7b-5ff272cb199f
257121,28,25.3,158,86,"2021-10-23 19:14:50",A102,7cc37d5f-5e01-419f-ae7b-5ff272cb199f
257143,28,25.1,159,86,"2021-10-23 19:45:15",A102,7cc37d5f-5e01-419f-ae7b-5ff272cb199f
257165,28,25,159,86,"2021-10-23 20:15:37",A102,7cc37d5f-5e01-419f-ae7b-5ff272cb199f
257187,28,24.9,160,86,"2021-10-23 20:46:01",A102,7cc37d5f-5e01-419f-ae7b-5ff272cb199f
257209,28,24.7,159,86,"2021-10-23 21:16:24",A102,7cc37d5f-5e01-419f-ae7b-5ff272cb199f
257231,28,24.6,158,86,"2021-10-23 21:46:48",A102,7cc37d5f-5e01-419f-ae7b-5ff272cb199f
257253,28,24.44,159,86,"2021-10-23 22:17:10",A102,7cc37d5f-5e01-419f-ae7b-5ff272cb199f
257275,28,24.3,158,86,"2021-10-23 22:47:35",A102,7cc37d5f-5e01-419f-ae7b-5ff272cb199f
257297,28,24.2,159,86,"2021-10-23 23:17:54",A102,7cc37d5f-5e01-419f-ae7b-5ff272cb199f
257319,28,24.1,157,86,"2021-10-23 23:48:15",A102,7cc37d5f-5e01-419f-ae7b-5ff272cb199f
257341,28,23.9,158,86,"2021-10-24 00:18:37",A102,7cc37d5f-5e01-419f-ae7b-5ff272cb199f
257383,28,23.7,158,86,"2021-10-24 01:19:21",A102,7cc37d5f-5e01-419f-ae7b-5ff272cb199f
257425,28,23.4,157,86,"2021-10-24 02:20:02",A102,7cc37d5f-5e01-419f-ae7b-5ff272cb199f
257445,28,23.3,157,86,"2021-10-24 02:50:22",A102,7cc37d5f-5e01-419f-ae7b-5ff272cb199f
257464,28,23.2,155,86,"2021-10-24 03:20:43",A102,7cc37d5f-5e01-419f-ae7b-5ff272cb199f
257485,28,23.1,157,86,"2021-10-24 03:51:04",A102,7cc37d5f-5e01-419f-ae7b-5ff272cb199f
257506,28,23,157,86,"2021-10-24 04:21:26",A102,7cc37d5f-5e01-419f-ae7b-5ff272cb199f
257525,28,22.9,156,93,"2021-10-24 04:51:48",A102,7cc37d5f-5e01-419f-ae7b-5ff272cb199f
257544,28,22.8,156,93,"2021-10-24 05:22:15",A102,7cc37d5f-5e01-419f-ae7b-5ff272cb199f
257564,28,22.7,155,93,"2021-10-24 05:52:48",A102,7cc37d5f-5e01-419f-ae7b-5ff272cb199f
257568,20,24.1,97,93,"2021-10-24 05:56:34",A101,7cc37d5f-5e01-419f-ae7b-5ff272cb199f
257585,28,22.7,155,93,"2021-10-24 06:23:15",A102,7cc37d5f-5e01-419f-ae7b-5ff272cb199f
257590,20,24,96,114,"2021-10-24 06:29:01",A101,7cc37d5f-5e01-419f-ae7b-5ff272cb199f
257605,28,22.7,155,93,"2021-10-24 06:53:44",A102,7cc37d5f-5e01-419f-ae7b-5ff272cb199f
257610,20,24,96,114,"2021-10-24 06:59:31",A101,7cc37d5f-5e01-419f-ae7b-5ff272cb199f
257626,28,22.8,154,100,"2021-10-24 07:24:17",A102,7cc37d5f-5e01-419f-ae7b-5ff272cb199f
257631,20,23.9,96,114,"2021-10-24 07:30:04",A101,7cc37d5f-5e01-419f-ae7b-5ff272cb199f
257646,28,22.9,155,100,"2021-10-24 07:54:52",A102,7cc37d5f-5e01-419f-ae7b-5ff272cb199f
257651,20,23.8,97,114,"2021-10-24 08:00:35",A101,7cc37d5f-5e01-419f-ae7b-5ff272cb199f
257667,28,23.1,155,100,"2021-10-24 08:25:27",A102,7cc37d5f-5e01-419f-ae7b-5ff272cb199f
257672,20,23.8,96,114,"2021-10-24 08:31:09",A101,7cc37d5f-5e01-419f-ae7b-5ff272cb199f
257681,20,23.8,95,107,"2021-10-24 08:44:04",A101,7cc37d5f-5e01-419f-ae7b-5ff272cb199f
257688,27,23.4,155,100,"2021-10-24 08:56:02",A102,7cc37d5f-5e01-419f-ae7b-5ff272cb199f
257709,27,23.6,152,100,"2021-10-24 09:26:36",A102,7cc37d5f-5e01-419f-ae7b-5ff272cb199f
257730,27,23.9,155,100,"2021-10-24 09:57:12",A102,7cc37d5f-5e01-419f-ae7b-5ff272cb199f
257751,27,24.3,155,100,"2021-10-24 10:27:46",A102,7cc37d5f-5e01-419f-ae7b-5ff272cb199f
257771,27,24.7,155,100,"2021-10-24 10:58:23",A102,7cc37d5f-5e01-419f-ae7b-5ff272cb199f
257791,27,25,154,100,"2021-10-24 11:28:58",A102,7cc37d5f-5e01-419f-ae7b-5ff272cb199f
257815,27,25.4,154,100,"2021-10-24 11:59:35",A102,7cc37d5f-5e01-419f-ae7b-5ff272cb199f
257844,27,25.7,153,100,"2021-10-24 12:30:13",A102,7cc37d5f-5e01-419f-ae7b-5ff272cb199f
257873,27,26,155,93,"2021-10-24 13:00:50",A102,7cc37d5f-5e01-419f-ae7b-5ff272cb199f
257903,27,26.2,153,100,"2021-10-24 13:31:26",A102,7cc37d5f-5e01-419f-ae7b-5ff272cb199f
257934,27,26.42,155,93,"2021-10-24 14:01:59",A102,7cc37d5f-5e01-419f-ae7b-5ff272cb199f
257951,20,25.1,96,114,"2021-10-24 14:20:58",A101,7cc37d5f-5e01-419f-ae7b-5ff272cb199f
257964,27,26.6,155,86,"2021-10-24 14:32:27",A102,7cc37d5f-5e01-419f-ae7b-5ff272cb199f
257992,27,26.6,155,86,"2021-10-24 15:02:55",A102,7cc37d5f-5e01-419f-ae7b-5ff272cb199f
258010,20,25.5,97,107,"2021-10-24 15:21:36",A101,7cc37d5f-5e01-419f-ae7b-5ff272cb199f
258023,27,26.6,154,86,"2021-10-24 15:33:24",A102,7cc37d5f-5e01-419f-ae7b-5ff272cb199f
258053,27,26.5,153,86,"2021-10-24 16:03:46",A102,7cc37d5f-5e01-419f-ae7b-5ff272cb199f
258083,27,26.4,151,86,"2021-10-24 16:34:09",A102,7cc37d5f-5e01-419f-ae7b-5ff272cb199f
258112,27,26.2,154,86,"2021-10-24 17:04:34",A102,7cc37d5f-5e01-419f-ae7b-5ff272cb199f
258142,27,26,154,86,"2021-10-24 17:35:55",A102,7cc37d5f-5e01-419f-ae7b-5ff272cb199f
258173,27,25.8,155,86,"2021-10-24 18:06:18",A102,7cc37d5f-5e01-419f-ae7b-5ff272cb199f
258204,27,25.6,153,86,"2021-10-24 18:36:41",A102,7cc37d5f-5e01-419f-ae7b-5ff272cb199f
258234,27,25.5,154,86,"2021-10-24 19:07:05",A102,7cc37d5f-5e01-419f-ae7b-5ff272cb199f
258267,27,25.3,152,86,"2021-10-24 19:37:28",A102,7cc37d5f-5e01-419f-ae7b-5ff272cb199f
258296,27,25.1,154,86,"2021-10-24 20:07:48",A102,7cc37d5f-5e01-419f-ae7b-5ff272cb199f
258327,27,25,153,86,"2021-10-24 20:38:10",A102,7cc37d5f-5e01-419f-ae7b-5ff272cb199f
258357,27,24.8,153,86,"2021-10-24 21:08:32",A102,7cc37d5f-5e01-419f-ae7b-5ff272cb199f
258388,27,24.7,154,86,"2021-10-24 21:38:52",A102,7cc37d5f-5e01-419f-ae7b-5ff272cb199f
258419,27,24.5,152,86,"2021-10-24 22:09:15",A102,7cc37d5f-5e01-419f-ae7b-5ff272cb199f
258450,27,24.4,151,86,"2021-10-24 22:39:36",A102,7cc37d5f-5e01-419f-ae7b-5ff272cb199f
258481,27,24.2,151,86,"2021-10-24 23:10:00",A102,7cc37d5f-5e01-419f-ae7b-5ff272cb199f
258510,27,24.1,152,86,"2021-10-24 23:40:21",A102,7cc37d5f-5e01-419f-ae7b-5ff272cb199f
258540,27,24,153,86,"2021-10-25 00:10:41",A102,7cc37d5f-5e01-419f-ae7b-5ff272cb199f
258570,27,23.9,153,86,"2021-10-25 00:41:04",A102,7cc37d5f-5e01-419f-ae7b-5ff272cb199f
258599,27,23.8,150,86,"2021-10-25 01:11:26",A102,7cc37d5f-5e01-419f-ae7b-5ff272cb199f
258626,27,23.7,152,86,"2021-10-25 01:41:49",A102,7cc37d5f-5e01-419f-ae7b-5ff272cb199f
258654,27,23.6,148,86,"2021-10-25 02:12:13",A102,7cc37d5f-5e01-419f-ae7b-5ff272cb199f
258681,27,23.5,152,86,"2021-10-25 02:42:36",A102,7cc37d5f-5e01-419f-ae7b-5ff272cb199f
258708,27,23.4,146,86,"2021-10-25 03:12:57",A102,7cc37d5f-5e01-419f-ae7b-5ff272cb199f
258735,27,23.4,152,86,"2021-10-25 03:43:20",A102,7cc37d5f-5e01-419f-ae7b-5ff272cb199f
258761,27,23.3,150,86,"2021-10-25 04:13:42",A102,7cc37d5f-5e01-419f-ae7b-5ff272cb199f
258788,27,23.2,152,93,"2021-10-25 04:44:05",A102,7cc37d5f-5e01-419f-ae7b-5ff272cb199f
258815,27,23.2,150,93,"2021-10-25 05:14:29",A102,7cc37d5f-5e01-419f-ae7b-5ff272cb199f
258842,27,23.1,148,93,"2021-10-25 05:44:57",A102,7cc37d5f-5e01-419f-ae7b-5ff272cb199f
258870,27,23.1,150,93,"2021-10-25 06:15:27",A102,7cc37d5f-5e01-419f-ae7b-5ff272cb199f
258897,27,23.1,151,93,"2021-10-25 06:45:57",A102,7cc37d5f-5e01-419f-ae7b-5ff272cb199f
258924,27,23.1,150,93,"2021-10-25 07:16:26",A102,7cc37d5f-5e01-419f-ae7b-5ff272cb199f
258950,27,23.2,150,93,"2021-10-25 07:46:55",A102,7cc37d5f-5e01-419f-ae7b-5ff272cb199f
258977,27,23.4,150,100,"2021-10-25 08:17:26",A102,7cc37d5f-5e01-419f-ae7b-5ff272cb199f
259002,27,23.5,149,93,"2021-10-25 08:47:57",A102,7cc37d5f-5e01-419f-ae7b-5ff272cb199f
259029,27,23.7,149,93,"2021-10-25 09:18:31",A102,7cc37d5f-5e01-419f-ae7b-5ff272cb199f
259055,27,23.9,147,100,"2021-10-25 09:49:01",A102,7cc37d5f-5e01-419f-ae7b-5ff272cb199f
259082,27,24.1,148,100,"2021-10-25 10:19:32",A102,7cc37d5f-5e01-419f-ae7b-5ff272cb199f
259136,27,24.6,149,100,"2021-10-25 11:20:35",A102,7cc37d5f-5e01-419f-ae7b-5ff272cb199f
259163,27,24.8,149,100,"2021-10-25 11:51:07",A102,7cc37d5f-5e01-419f-ae7b-5ff272cb199f
259190,26,25,150,100,"2021-10-25 12:21:40",A102,7cc37d5f-5e01-419f-ae7b-5ff272cb199f
259217,26,25.2,148,100,"2021-10-25 12:52:14",A102,7cc37d5f-5e01-419f-ae7b-5ff272cb199f
259242,26,25.4,147,100,"2021-10-25 13:22:49",A102,7cc37d5f-5e01-419f-ae7b-5ff272cb199f
259267,26,25.6,149,93,"2021-10-25 13:53:21",A102,7cc37d5f-5e01-419f-ae7b-5ff272cb199f
259291,26,25.8,148,93,"2021-10-25 14:23:51",A102,7cc37d5f-5e01-419f-ae7b-5ff272cb199f
259318,26,25.9,148,86,"2021-10-25 14:54:20",A102,7cc37d5f-5e01-419f-ae7b-5ff272cb199f
259345,26,26,149,86,"2021-10-25 15:24:46",A102,7cc37d5f-5e01-419f-ae7b-5ff272cb199f
259372,26,26,149,86,"2021-10-25 15:55:10",A102,7cc37d5f-5e01-419f-ae7b-5ff272cb199f
259400,26,25.9,149,86,"2021-10-25 16:25:33",A102,7cc37d5f-5e01-419f-ae7b-5ff272cb199f
259427,26,25.8,148,86,"2021-10-25 16:55:59",A102,7cc37d5f-5e01-419f-ae7b-5ff272cb199f
259454,26,25.6,147,86,"2021-10-25 17:26:23",A102,7cc37d5f-5e01-419f-ae7b-5ff272cb199f
259482,26,25.5,148,86,"2021-10-25 17:56:44",A102,7cc37d5f-5e01-419f-ae7b-5ff272cb199f
259508,26,25.3,150,86,"2021-10-25 18:27:06",A102,7cc37d5f-5e01-419f-ae7b-5ff272cb199f
259536,26,25.2,150,86,"2021-10-25 18:57:28",A102,7cc37d5f-5e01-419f-ae7b-5ff272cb199f
259562,26,25,150,86,"2021-10-25 19:27:56",A102,7cc37d5f-5e01-419f-ae7b-5ff272cb199f
259589,26,24.9,149,86,"2021-10-25 19:58:13",A102,7cc37d5f-5e01-419f-ae7b-5ff272cb199f
259614,26,24.7,149,86,"2021-10-25 20:28:36",A102,7cc37d5f-5e01-419f-ae7b-5ff272cb199f
259637,26,24.6,148,86,"2021-10-25 20:58:58",A102,7cc37d5f-5e01-419f-ae7b-5ff272cb199f
259664,26,24.5,148,86,"2021-10-25 21:29:21",A102,7cc37d5f-5e01-419f-ae7b-5ff272cb199f
259691,26,24.4,147,86,"2021-10-25 21:59:42",A102,7cc37d5f-5e01-419f-ae7b-5ff272cb199f
259718,26,24.2,146,86,"2021-10-25 22:30:04",A102,7cc37d5f-5e01-419f-ae7b-5ff272cb199f
259744,26,24.1,146,86,"2021-10-25 23:00:26",A102,7cc37d5f-5e01-419f-ae7b-5ff272cb199f
259771,26,24,148,86,"2021-10-25 23:30:48",A102,7cc37d5f-5e01-419f-ae7b-5ff272cb199f
259798,26,23.9,148,86,"2021-10-26 00:01:07",A102,7cc37d5f-5e01-419f-ae7b-5ff272cb199f
259824,26,23.8,148,86,"2021-10-26 00:31:27",A102,7cc37d5f-5e01-419f-ae7b-5ff272cb199f
259851,26,23.6,148,86,"2021-10-26 01:01:49",A102,7cc37d5f-5e01-419f-ae7b-5ff272cb199f
259878,26,23.5,147,86,"2021-10-26 01:32:09",A102,7cc37d5f-5e01-419f-ae7b-5ff272cb199f
259904,26,23.4,147,86,"2021-10-26 02:02:32",A102,7cc37d5f-5e01-419f-ae7b-5ff272cb199f
259931,26,23.3,147,86,"2021-10-26 02:32:51",A102,7cc37d5f-5e01-419f-ae7b-5ff272cb199f
259957,26,23.2,145,86,"2021-10-26 03:03:12",A102,7cc37d5f-5e01-419f-ae7b-5ff272cb199f
259983,26,23.1,145,86,"2021-10-26 03:33:32",A102,7cc37d5f-5e01-419f-ae7b-5ff272cb199f
260009,26,23,148,86,"2021-10-26 04:03:55",A102,7cc37d5f-5e01-419f-ae7b-5ff272cb199f
260035,26,23,144,86,"2021-10-26 04:34:16",A102,7cc37d5f-5e01-419f-ae7b-5ff272cb199f
260060,26,22.9,143,86,"2021-10-26 05:04:39",A102,7cc37d5f-5e01-419f-ae7b-5ff272cb199f
260087,26,22.8,145,86,"2021-10-26 05:35:03",A102,7cc37d5f-5e01-419f-ae7b-5ff272cb199f
260113,26,22.8,146,86,"2021-10-26 06:05:27",A102,7cc37d5f-5e01-419f-ae7b-5ff272cb199f
260137,26,22.8,145,93,"2021-10-26 06:35:52",A102,7cc37d5f-5e01-419f-ae7b-5ff272cb199f
260163,26,22.8,147,93,"2021-10-26 07:06:21",A102,7cc37d5f-5e01-419f-ae7b-5ff272cb199f
260189,26,22.9,147,93,"2021-10-26 07:36:53",A102,7cc37d5f-5e01-419f-ae7b-5ff272cb199f
260214,26,23.2,146,93,"2021-10-26 08:07:21",A102,7cc37d5f-5e01-419f-ae7b-5ff272cb199f
260239,26,23.4,145,93,"2021-10-26 08:37:51",A102,7cc37d5f-5e01-419f-ae7b-5ff272cb199f
260264,26,23.7,142,93,"2021-10-26 09:08:22",A102,7cc37d5f-5e01-419f-ae7b-5ff272cb199f
260289,26,23.9,141,100,"2021-10-26 09:38:53",A102,7cc37d5f-5e01-419f-ae7b-5ff272cb199f
260315,26,24.1,146,100,"2021-10-26 10:09:28",A102,7cc37d5f-5e01-419f-ae7b-5ff272cb199f
260339,26,24.4,144,100,"2021-10-26 10:40:05",A102,7cc37d5f-5e01-419f-ae7b-5ff272cb199f
260362,26,24.8,145,100,"2021-10-26 11:10:37",A102,7cc37d5f-5e01-419f-ae7b-5ff272cb199f
260388,26,25.2,142,100,"2021-10-26 11:41:13",A102,7cc37d5f-5e01-419f-ae7b-5ff272cb199f
260414,26,25.7,143,100,"2021-10-26 12:11:49",A102,7cc37d5f-5e01-419f-ae7b-5ff272cb199f
260440,26,26.1,145,100,"2021-10-26 12:42:24",A102,7cc37d5f-5e01-419f-ae7b-5ff272cb199f
260467,26,26.4,145,100,"2021-10-26 13:13:03",A102,7cc37d5f-5e01-419f-ae7b-5ff272cb199f
260515,26,26.7,144,93,"2021-10-26 14:14:03",A102,7cc37d5f-5e01-419f-ae7b-5ff272cb199f
260542,26,26.8,143,86,"2021-10-26 14:44:34",A102,7cc37d5f-5e01-419f-ae7b-5ff272cb199f
260567,26,26.7,144,86,"2021-10-26 15:15:02",A102,7cc37d5f-5e01-419f-ae7b-5ff272cb199f
260595,26,26.6,144,86,"2021-10-26 15:45:30",A102,7cc37d5f-5e01-419f-ae7b-5ff272cb199f
260621,26,26.5,145,86,"2021-10-26 16:15:55",A102,7cc37d5f-5e01-419f-ae7b-5ff272cb199f
260649,26,26.3,146,86,"2021-10-26 16:46:24",A102,7cc37d5f-5e01-419f-ae7b-5ff272cb199f
260676,26,26.1,145,86,"2021-10-26 17:16:45",A102,7cc37d5f-5e01-419f-ae7b-5ff272cb199f
260728,26,25.7,145,86,"2021-10-26 18:17:32",A102,7cc37d5f-5e01-419f-ae7b-5ff272cb199f
260756,26,25.58,145,86,"2021-10-26 18:47:55",A102,7cc37d5f-5e01-419f-ae7b-5ff272cb199f
260781,26,25.4,142,86,"2021-10-26 19:18:17",A102,7cc37d5f-5e01-419f-ae7b-5ff272cb199f
260807,26,25.2,143,86,"2021-10-26 19:48:40",A102,7cc37d5f-5e01-419f-ae7b-5ff272cb199f
260837,26,25,143,86,"2021-10-26 20:19:59",A102,7cc37d5f-5e01-419f-ae7b-5ff272cb199f
260865,26,24.8,145,86,"2021-10-26 20:50:22",A102,7cc37d5f-5e01-419f-ae7b-5ff272cb199f
260892,26,24.7,143,86,"2021-10-26 21:20:45",A102,7cc37d5f-5e01-419f-ae7b-5ff272cb199f
260919,26,24.5,144,86,"2021-10-26 21:51:10",A102,7cc37d5f-5e01-419f-ae7b-5ff272cb199f
260947,26,24.3,144,86,"2021-10-26 22:21:33",A102,7cc37d5f-5e01-419f-ae7b-5ff272cb199f
260975,26,24.2,142,86,"2021-10-26 22:51:56",A102,7cc37d5f-5e01-419f-ae7b-5ff272cb199f
261003,26,24,141,86,"2021-10-26 23:22:19",A102,7cc37d5f-5e01-419f-ae7b-5ff272cb199f
261031,26,23.9,142,86,"2021-10-26 23:52:42",A102,7cc37d5f-5e01-419f-ae7b-5ff272cb199f
261058,26,23.7,143,86,"2021-10-27 00:23:07",A102,7cc37d5f-5e01-419f-ae7b-5ff272cb199f
261086,26,23.6,143,86,"2021-10-27 00:53:29",A102,7cc37d5f-5e01-419f-ae7b-5ff272cb199f
261114,26,23.4,143,86,"2021-10-27 01:23:49",A102,7cc37d5f-5e01-419f-ae7b-5ff272cb199f
261141,26,23.3,143,86,"2021-10-27 01:54:12",A102,7cc37d5f-5e01-419f-ae7b-5ff272cb199f
261192,26,23.1,142,86,"2021-10-27 02:54:58",A102,7cc37d5f-5e01-419f-ae7b-5ff272cb199f
261218,26,23,141,86,"2021-10-27 03:25:20",A102,7cc37d5f-5e01-419f-ae7b-5ff272cb199f
261244,26,22.9,143,86,"2021-10-27 03:55:42",A102,7cc37d5f-5e01-419f-ae7b-5ff272cb199f
261270,26,22.8,143,86,"2021-10-27 04:26:06",A102,7cc37d5f-5e01-419f-ae7b-5ff272cb199f
261297,26,22.7,141,93,"2021-10-27 04:56:31",A102,7cc37d5f-5e01-419f-ae7b-5ff272cb199f
261324,26,22.6,141,93,"2021-10-27 05:27:01",A102,7cc37d5f-5e01-419f-ae7b-5ff272cb199f
261351,26,22.6,142,93,"2021-10-27 05:57:30",A102,7cc37d5f-5e01-419f-ae7b-5ff272cb199f
261377,26,22.8,142,93,"2021-10-27 06:27:59",A102,7cc37d5f-5e01-419f-ae7b-5ff272cb199f
261401,26,22.9,140,93,"2021-10-27 06:58:31",A102,7cc37d5f-5e01-419f-ae7b-5ff272cb199f
261427,26,23.1,141,93,"2021-10-27 07:29:06",A102,7cc37d5f-5e01-419f-ae7b-5ff272cb199f
261453,26,23.4,140,93,"2021-10-27 07:59:36",A102,7cc37d5f-5e01-419f-ae7b-5ff272cb199f
261481,26,23.7,141,100,"2021-10-27 08:30:09",A102,7cc37d5f-5e01-419f-ae7b-5ff272cb199f
261492,20,24.5,94,114,"2021-10-27 08:37:52",A101,7cc37d5f-5e01-419f-ae7b-5ff272cb199f
261512,26,23.9,141,100,"2021-10-27 09:00:40",A102,7cc37d5f-5e01-419f-ae7b-5ff272cb199f
261542,26,24.1,140,100,"2021-10-27 09:31:14",A102,7cc37d5f-5e01-419f-ae7b-5ff272cb199f
261572,26,24.4,141,100,"2021-10-27 10:01:47",A102,7cc37d5f-5e01-419f-ae7b-5ff272cb199f
261602,26,24.6,140,100,"2021-10-27 10:32:21",A102,7cc37d5f-5e01-419f-ae7b-5ff272cb199f
261613,20,24.6,94,114,"2021-10-27 10:40:09",A101,7cc37d5f-5e01-419f-ae7b-5ff272cb199f
261633,26,24.8,140,100,"2021-10-27 11:02:57",A102,7cc37d5f-5e01-419f-ae7b-5ff272cb199f
261663,25,25,138,100,"2021-10-27 11:33:32",A102,7cc37d5f-5e01-419f-ae7b-5ff272cb199f
261693,25,25.3,138,100,"2021-10-27 12:04:07",A102,7cc37d5f-5e01-419f-ae7b-5ff272cb199f
261721,25,25.7,141,100,"2021-10-27 12:34:44",A102,7cc37d5f-5e01-419f-ae7b-5ff272cb199f
261750,25,26,141,100,"2021-10-27 13:05:20",A102,7cc37d5f-5e01-419f-ae7b-5ff272cb199f
261809,25,26.4,138,100,"2021-10-27 14:06:34",A102,7cc37d5f-5e01-419f-ae7b-5ff272cb199f
261839,25,26.6,139,93,"2021-10-27 14:37:08",A102,7cc37d5f-5e01-419f-ae7b-5ff272cb199f
261868,25,26.6,142,86,"2021-10-27 15:07:42",A102,7cc37d5f-5e01-419f-ae7b-5ff272cb199f
261900,25,26.5,140,86,"2021-10-27 15:38:14",A102,7cc37d5f-5e01-419f-ae7b-5ff272cb199f
261931,25,26.4,142,86,"2021-10-27 16:08:44",A102,7cc37d5f-5e01-419f-ae7b-5ff272cb199f
261961,25,26.2,139,86,"2021-10-27 16:39:13",A102,7cc37d5f-5e01-419f-ae7b-5ff272cb199f
262022,25,25.9,139,86,"2021-10-27 17:40:08",A102,7cc37d5f-5e01-419f-ae7b-5ff272cb199f
262052,25,25.7,140,86,"2021-10-27 18:10:36",A102,7cc37d5f-5e01-419f-ae7b-5ff272cb199f
262081,25,25.5,142,86,"2021-10-27 18:41:03",A102,7cc37d5f-5e01-419f-ae7b-5ff272cb199f
262110,25,25.3,142,86,"2021-10-27 19:11:25",A102,7cc37d5f-5e01-419f-ae7b-5ff272cb199f
262140,25,25.1,142,86,"2021-10-27 19:41:51",A102,7cc37d5f-5e01-419f-ae7b-5ff272cb199f
262170,25,24.9,141,86,"2021-10-27 20:12:14",A102,7cc37d5f-5e01-419f-ae7b-5ff272cb199f
262198,25,24.7,138,86,"2021-10-27 20:42:37",A102,7cc37d5f-5e01-419f-ae7b-5ff272cb199f
262226,25,24.6,139,86,"2021-10-27 21:13:01",A102,7cc37d5f-5e01-419f-ae7b-5ff272cb199f
262256,25,24.4,141,86,"2021-10-27 21:43:25",A102,7cc37d5f-5e01-419f-ae7b-5ff272cb199f
262286,25,24.2,140,86,"2021-10-27 22:13:49",A102,7cc37d5f-5e01-419f-ae7b-5ff272cb199f
262316,25,24.1,141,86,"2021-10-27 22:44:14",A102,7cc37d5f-5e01-419f-ae7b-5ff272cb199f
262379,25,23.8,140,86,"2021-10-27 23:45:00",A102,7cc37d5f-5e01-419f-ae7b-5ff272cb199f
262408,25,23.7,140,86,"2021-10-28 00:15:23",A102,7cc37d5f-5e01-419f-ae7b-5ff272cb199f
262438,25,23.6,139,86,"2021-10-28 00:45:50",A102,7cc37d5f-5e01-419f-ae7b-5ff272cb199f
262466,25,23.4,141,86,"2021-10-28 01:16:11",A102,7cc37d5f-5e01-419f-ae7b-5ff272cb199f
262496,25,23.4,138,86,"2021-10-28 01:46:35",A102,7cc37d5f-5e01-419f-ae7b-5ff272cb199f
262526,25,23.3,138,86,"2021-10-28 02:17:01",A102,7cc37d5f-5e01-419f-ae7b-5ff272cb199f
262556,25,23.2,138,86,"2021-10-28 02:47:22",A102,7cc37d5f-5e01-419f-ae7b-5ff272cb199f
262585,25,23.1,139,86,"2021-10-28 03:17:46",A102,7cc37d5f-5e01-419f-ae7b-5ff272cb199f
262613,25,23,139,86,"2021-10-28 03:48:11",A102,7cc37d5f-5e01-419f-ae7b-5ff272cb199f
262643,25,22.9,136,86,"2021-10-28 04:18:35",A102,7cc37d5f-5e01-419f-ae7b-5ff272cb199f
262673,25,22.9,140,86,"2021-10-28 04:49:00",A102,7cc37d5f-5e01-419f-ae7b-5ff272cb199f
262702,25,22.8,140,86,"2021-10-28 05:19:26",A102,7cc37d5f-5e01-419f-ae7b-5ff272cb199f
262730,25,22.8,141,93,"2021-10-28 05:49:52",A102,7cc37d5f-5e01-419f-ae7b-5ff272cb199f
262760,25,22.8,141,93,"2021-10-28 06:20:18",A102,7cc37d5f-5e01-419f-ae7b-5ff272cb199f
262790,25,22.9,141,93,"2021-10-28 06:50:48",A102,7cc37d5f-5e01-419f-ae7b-5ff272cb199f
262820,25,22.9,142,93,"2021-10-28 07:21:18",A102,7cc37d5f-5e01-419f-ae7b-5ff272cb199f
262850,25,23.1,141,93,"2021-10-28 07:51:51",A102,7cc37d5f-5e01-419f-ae7b-5ff272cb199f
262879,25,23.3,141,93,"2021-10-28 08:22:26",A102,7cc37d5f-5e01-419f-ae7b-5ff272cb199f
262909,25,23.6,139,93,"2021-10-28 08:53:01",A102,7cc37d5f-5e01-419f-ae7b-5ff272cb199f
262940,25,24,138,93,"2021-10-28 09:23:36",A102,7cc37d5f-5e01-419f-ae7b-5ff272cb199f
262969,25,24.3,139,93,"2021-10-28 09:54:04",A102,7cc37d5f-5e01-419f-ae7b-5ff272cb199f
263021,25,24.4,139,93,"2021-10-28 10:54:53",A102,7cc37d5f-5e01-419f-ae7b-5ff272cb199f
263049,25,24.4,140,93,"2021-10-28 11:25:21",A102,7cc37d5f-5e01-419f-ae7b-5ff272cb199f
263078,25,24.4,139,93,"2021-10-28 11:55:48",A102,7cc37d5f-5e01-419f-ae7b-5ff272cb199f
263106,25,24.4,140,93,"2021-10-28 12:26:18",A102,7cc37d5f-5e01-419f-ae7b-5ff272cb199f
263158,25,24.5,140,93,"2021-10-28 13:27:17",A102,7cc37d5f-5e01-419f-ae7b-5ff272cb199f
263186,25,24.5,139,93,"2021-10-28 13:57:45",A102,7cc37d5f-5e01-419f-ae7b-5ff272cb199f
263212,25,24.5,140,93,"2021-10-28 14:28:15",A102,7cc37d5f-5e01-419f-ae7b-5ff272cb199f
263240,25,24.5,141,93,"2021-10-28 14:58:47",A102,7cc37d5f-5e01-419f-ae7b-5ff272cb199f
263268,25,24.5,139,86,"2021-10-28 15:29:16",A102,7cc37d5f-5e01-419f-ae7b-5ff272cb199f
263296,25,24.5,135,86,"2021-10-28 15:59:44",A102,7cc37d5f-5e01-419f-ae7b-5ff272cb199f
263353,25,24.3,140,86,"2021-10-28 17:00:34",A102,7cc37d5f-5e01-419f-ae7b-5ff272cb199f
263383,25,24.2,139,86,"2021-10-28 17:31:00",A102,7cc37d5f-5e01-419f-ae7b-5ff272cb199f
263411,25,24,139,86,"2021-10-28 18:01:25",A102,7cc37d5f-5e01-419f-ae7b-5ff272cb199f
263549,25,23.3,135,86,"2021-10-28 20:33:44",A102,7cc37d5f-5e01-419f-ae7b-5ff272cb199f
264030,25,21.6,138,93,"2021-10-29 05:41:24",A102,7cc37d5f-5e01-419f-ae7b-5ff272cb199f
264057,25,21.6,137,93,"2021-10-29 06:11:53",A102,7cc37d5f-5e01-419f-ae7b-5ff272cb199f
264084,25,21.8,139,93,"2021-10-29 06:42:25",A102,7cc37d5f-5e01-419f-ae7b-5ff272cb199f
264111,25,22,137,93,"2021-10-29 07:12:57",A102,7cc37d5f-5e01-419f-ae7b-5ff272cb199f
264138,25,22.3,140,100,"2021-10-29 07:43:33",A102,7cc37d5f-5e01-419f-ae7b-5ff272cb199f
264165,25,22.5,138,100,"2021-10-29 08:14:10",A102,7cc37d5f-5e01-419f-ae7b-5ff272cb199f
264193,25,22.9,138,93,"2021-10-29 08:44:46",A102,7cc37d5f-5e01-419f-ae7b-5ff272cb199f
264221,25,23.3,137,100,"2021-10-29 09:15:23",A102,7cc37d5f-5e01-419f-ae7b-5ff272cb199f
264247,25,23.7,138,100,"2021-10-29 09:46:00",A102,7cc37d5f-5e01-419f-ae7b-5ff272cb199f
264275,25,24.1,138,100,"2021-10-29 10:16:37",A102,7cc37d5f-5e01-419f-ae7b-5ff272cb199f
264301,25,24.6,135,93,"2021-10-29 10:47:16",A102,7cc37d5f-5e01-419f-ae7b-5ff272cb199f
264310,19,23.7,92,107,"2021-10-29 10:51:48",A101,7cc37d5f-5e01-419f-ae7b-5ff272cb199f
264331,25,25,138,100,"2021-10-29 11:17:53",A102,7cc37d5f-5e01-419f-ae7b-5ff272cb199f
264342,19,23.7,93,114,"2021-10-29 11:24:30",A101,7cc37d5f-5e01-419f-ae7b-5ff272cb199f
264360,25,25.3,137,100,"2021-10-29 11:48:30",A102,7cc37d5f-5e01-419f-ae7b-5ff272cb199f
264371,19,23.8,93,114,"2021-10-29 11:54:40",A101,7cc37d5f-5e01-419f-ae7b-5ff272cb199f
264390,25,25.6,137,100,"2021-10-29 12:19:10",A102,7cc37d5f-5e01-419f-ae7b-5ff272cb199f
264401,19,23.9,93,114,"2021-10-29 12:25:12",A101,7cc37d5f-5e01-419f-ae7b-5ff272cb199f
264420,25,25.8,135,93,"2021-10-29 12:49:48",A102,7cc37d5f-5e01-419f-ae7b-5ff272cb199f
264448,25,26,137,93,"2021-10-29 13:20:17",A102,7cc37d5f-5e01-419f-ae7b-5ff272cb199f
264459,19,24.1,93,114,"2021-10-29 13:25:51",A101,7cc37d5f-5e01-419f-ae7b-5ff272cb199f
264477,25,26,139,93,"2021-10-29 13:50:49",A102,7cc37d5f-5e01-419f-ae7b-5ff272cb199f
264487,19,24.2,93,114,"2021-10-29 13:56:14",A101,7cc37d5f-5e01-419f-ae7b-5ff272cb199f
264506,25,25.94,138,86,"2021-10-29 14:21:20",A102,7cc37d5f-5e01-419f-ae7b-5ff272cb199f
264516,19,24.3,93,114,"2021-10-29 14:26:33",A101,7cc37d5f-5e01-419f-ae7b-5ff272cb199f
264538,25,25.9,138,86,"2021-10-29 14:51:51",A102,7cc37d5f-5e01-419f-ae7b-5ff272cb199f
264548,19,24.4,93,114,"2021-10-29 14:56:53",A101,7cc37d5f-5e01-419f-ae7b-5ff272cb199f
264570,25,25.7,136,86,"2021-10-29 15:22:20",A102,7cc37d5f-5e01-419f-ae7b-5ff272cb199f
264579,19,24.5,93,107,"2021-10-29 15:27:13",A101,7cc37d5f-5e01-419f-ae7b-5ff272cb199f
264601,25,25.5,136,86,"2021-10-29 15:52:48",A102,7cc37d5f-5e01-419f-ae7b-5ff272cb199f
264608,19,24.5,92,107,"2021-10-29 15:57:34",A101,7cc37d5f-5e01-419f-ae7b-5ff272cb199f
264631,25,25.4,137,86,"2021-10-29 16:23:17",A102,7cc37d5f-5e01-419f-ae7b-5ff272cb199f
264661,25,25.2,138,86,"2021-10-29 16:53:46",A102,7cc37d5f-5e01-419f-ae7b-5ff272cb199f
264686,25,25,138,86,"2021-10-29 17:24:13",A102,7cc37d5f-5e01-419f-ae7b-5ff272cb199f
264714,25,24.9,139,86,"2021-10-29 17:54:41",A102,7cc37d5f-5e01-419f-ae7b-5ff272cb199f
264745,25,24.7,138,86,"2021-10-29 18:25:11",A102,7cc37d5f-5e01-419f-ae7b-5ff272cb199f
264774,25,24.6,138,86,"2021-10-29 18:55:36",A102,7cc37d5f-5e01-419f-ae7b-5ff272cb199f
264803,25,24.4,138,86,"2021-10-29 19:26:01",A102,7cc37d5f-5e01-419f-ae7b-5ff272cb199f
264833,25,24.3,136,86,"2021-10-29 19:56:27",A102,7cc37d5f-5e01-419f-ae7b-5ff272cb199f
264862,25,24.1,136,86,"2021-10-29 20:26:54",A102,7cc37d5f-5e01-419f-ae7b-5ff272cb199f
264892,25,24,136,86,"2021-10-29 20:57:19",A102,7cc37d5f-5e01-419f-ae7b-5ff272cb199f
264921,25,23.9,137,86,"2021-10-29 21:27:45",A102,7cc37d5f-5e01-419f-ae7b-5ff272cb199f
264950,25,23.7,138,86,"2021-10-29 21:58:09",A102,7cc37d5f-5e01-419f-ae7b-5ff272cb199f
264980,25,23.6,137,86,"2021-10-29 22:28:34",A102,7cc37d5f-5e01-419f-ae7b-5ff272cb199f
265009,25,23.4,137,86,"2021-10-29 22:58:58",A102,7cc37d5f-5e01-419f-ae7b-5ff272cb199f
265037,25,23.3,137,86,"2021-10-29 23:29:23",A102,7cc37d5f-5e01-419f-ae7b-5ff272cb199f
265093,25,23,138,86,"2021-10-30 00:30:08",A102,7cc37d5f-5e01-419f-ae7b-5ff272cb199f
265122,25,22.8,137,86,"2021-10-30 01:00:31",A102,7cc37d5f-5e01-419f-ae7b-5ff272cb199f
265150,25,22.7,136,86,"2021-10-30 01:30:54",A102,7cc37d5f-5e01-419f-ae7b-5ff272cb199f
265178,25,22.6,136,86,"2021-10-30 02:01:18",A102,7cc37d5f-5e01-419f-ae7b-5ff272cb199f
265206,25,22.42,137,86,"2021-10-30 02:31:39",A102,7cc37d5f-5e01-419f-ae7b-5ff272cb199f
265234,25,22.3,137,86,"2021-10-30 03:02:03",A102,7cc37d5f-5e01-419f-ae7b-5ff272cb199f
265261,25,22.2,136,86,"2021-10-30 03:32:24",A102,7cc37d5f-5e01-419f-ae7b-5ff272cb199f
265288,25,22.1,137,86,"2021-10-30 04:02:49",A102,7cc37d5f-5e01-419f-ae7b-5ff272cb199f
265316,25,22,136,86,"2021-10-30 04:33:11",A102,7cc37d5f-5e01-419f-ae7b-5ff272cb199f
265342,25,21.9,137,86,"2021-10-30 05:03:34",A102,7cc37d5f-5e01-419f-ae7b-5ff272cb199f
265369,25,21.8,136,93,"2021-10-30 05:34:01",A102,7cc37d5f-5e01-419f-ae7b-5ff272cb199f
265384,19,23.6,92,93,"2021-10-30 05:51:02",A101,7cc37d5f-5e01-419f-ae7b-5ff272cb199f
265400,25,21.8,137,93,"2021-10-30 06:04:29",A102,7cc37d5f-5e01-419f-ae7b-5ff272cb199f
265429,25,21.9,137,93,"2021-10-30 06:34:59",A102,7cc37d5f-5e01-419f-ae7b-5ff272cb199f
265457,25,22.1,139,93,"2021-10-30 07:05:32",A102,7cc37d5f-5e01-419f-ae7b-5ff272cb199f
265471,19,23.4,92,114,"2021-10-30 07:23:06",A101,7cc37d5f-5e01-419f-ae7b-5ff272cb199f
265485,25,22.3,136,100,"2021-10-30 07:36:07",A102,7cc37d5f-5e01-419f-ae7b-5ff272cb199f
265498,19,23.3,92,114,"2021-10-30 07:53:49",A101,7cc37d5f-5e01-419f-ae7b-5ff272cb199f
265513,25,22.7,137,100,"2021-10-30 08:06:45",A102,7cc37d5f-5e01-419f-ae7b-5ff272cb199f
265528,19,23.3,92,114,"2021-10-30 08:24:33",A101,7cc37d5f-5e01-419f-ae7b-5ff272cb199f
265558,19,23.2,93,114,"2021-10-30 08:55:20",A101,7cc37d5f-5e01-419f-ae7b-5ff272cb199f
265573,25,23.4,137,100,"2021-10-30 09:07:59",A102,7cc37d5f-5e01-419f-ae7b-5ff272cb199f
265586,19,23.2,92,114,"2021-10-30 09:26:05",A101,7cc37d5f-5e01-419f-ae7b-5ff272cb199f
265600,25,23.9,137,100,"2021-10-30 09:38:37",A102,7cc37d5f-5e01-419f-ae7b-5ff272cb199f
265616,19,23.3,92,114,"2021-10-30 09:56:52",A101,7cc37d5f-5e01-419f-ae7b-5ff272cb199f
265629,25,24.3,137,100,"2021-10-30 10:09:16",A102,7cc37d5f-5e01-419f-ae7b-5ff272cb199f
265646,19,23.3,92,114,"2021-10-30 10:27:39",A101,7cc37d5f-5e01-419f-ae7b-5ff272cb199f
265658,25,24.8,136,100,"2021-10-30 10:39:56",A102,7cc37d5f-5e01-419f-ae7b-5ff272cb199f
265676,19,23.4,92,114,"2021-10-30 10:58:25",A101,7cc37d5f-5e01-419f-ae7b-5ff272cb199f
265689,25,25.2,137,100,"2021-10-30 11:10:33",A102,7cc37d5f-5e01-419f-ae7b-5ff272cb199f
265707,19,23.5,92,114,"2021-10-30 11:29:12",A101,7cc37d5f-5e01-419f-ae7b-5ff272cb199f
265721,25,25.5,136,100,"2021-10-30 11:41:11",A102,7cc37d5f-5e01-419f-ae7b-5ff272cb199f
265736,19,23.6,92,114,"2021-10-30 12:00:02",A101,7cc37d5f-5e01-419f-ae7b-5ff272cb199f
265750,25,25.9,136,100,"2021-10-30 12:11:50",A102,7cc37d5f-5e01-419f-ae7b-5ff272cb199f
265767,19,23.8,92,114,"2021-10-30 12:30:48",A101,7cc37d5f-5e01-419f-ae7b-5ff272cb199f
265781,25,26.4,134,93,"2021-10-30 12:42:28",A102,7cc37d5f-5e01-419f-ae7b-5ff272cb199f
265797,19,24,92,114,"2021-10-30 13:01:32",A101,7cc37d5f-5e01-419f-ae7b-5ff272cb199f
265811,25,26.6,137,93,"2021-10-30 13:13:04",A102,7cc37d5f-5e01-419f-ae7b-5ff272cb199f
265827,19,24.2,92,114,"2021-10-30 13:32:12",A101,7cc37d5f-5e01-419f-ae7b-5ff272cb199f
265841,25,26.7,137,86,"2021-10-30 13:43:31",A102,7cc37d5f-5e01-419f-ae7b-5ff272cb199f
265858,19,24.4,92,93,"2021-10-30 14:02:48",A101,7cc37d5f-5e01-419f-ae7b-5ff272cb199f
265870,31,26.7,217,86,"2021-10-30 14:13:55",A102,7cc37d5f-5e01-419f-ae7b-5ff272cb199f
265888,19,24.6,93,100,"2021-10-30 14:33:22",A101,7cc37d5f-5e01-419f-ae7b-5ff272cb199f
265900,31,26,218,86,"2021-10-30 14:44:22",A102,7cc37d5f-5e01-419f-ae7b-5ff272cb199f
265916,19,24.8,93,93,"2021-10-30 15:03:58",A101,7cc37d5f-5e01-419f-ae7b-5ff272cb199f
265927,30,25.46,212,86,"2021-10-30 15:14:47",A102,7cc37d5f-5e01-419f-ae7b-5ff272cb199f
265944,19,24.9,93,93,"2021-10-30 15:34:35",A101,7cc37d5f-5e01-419f-ae7b-5ff272cb199f
265956,31,25.1,212,86,"2021-10-30 15:45:12",A102,7cc37d5f-5e01-419f-ae7b-5ff272cb199f
265972,19,25.1,93,93,"2021-10-30 16:05:10",A101,7cc37d5f-5e01-419f-ae7b-5ff272cb199f
265983,31,24.7,217,86,"2021-10-30 16:15:36",A102,7cc37d5f-5e01-419f-ae7b-5ff272cb199f
266001,19,25.2,93,93,"2021-10-30 16:35:48",A101,7cc37d5f-5e01-419f-ae7b-5ff272cb199f
266026,18,25.2,94,93,"2021-10-30 17:06:20",A101,7cc37d5f-5e01-419f-ae7b-5ff272cb199f
266039,30,24.3,209,86,"2021-10-30 17:16:30",A102,7cc37d5f-5e01-419f-ae7b-5ff272cb199f
266066,30,24.1,203,86,"2021-10-30 17:46:55",A102,7cc37d5f-5e01-419f-ae7b-5ff272cb199f
266095,30,23.9,205,86,"2021-10-30 18:17:21",A102,7cc37d5f-5e01-419f-ae7b-5ff272cb199f
266122,30,23.8,201,86,"2021-10-30 18:47:49",A102,7cc37d5f-5e01-419f-ae7b-5ff272cb199f
266151,30,23.7,202,86,"2021-10-30 19:18:13",A102,7cc37d5f-5e01-419f-ae7b-5ff272cb199f
266179,30,23.6,201,86,"2021-10-30 19:48:40",A102,7cc37d5f-5e01-419f-ae7b-5ff272cb199f
266205,30,23.5,199,86,"2021-10-30 20:19:06",A102,7cc37d5f-5e01-419f-ae7b-5ff272cb199f
266233,30,23.4,194,86,"2021-10-30 20:49:34",A102,7cc37d5f-5e01-419f-ae7b-5ff272cb199f
266260,30,23.3,195,86,"2021-10-30 21:19:57",A102,7cc37d5f-5e01-419f-ae7b-5ff272cb199f
266288,29,23.2,191,86,"2021-10-30 21:50:22",A102,7cc37d5f-5e01-419f-ae7b-5ff272cb199f
266315,29,23.2,192,86,"2021-10-30 22:20:48",A102,7cc37d5f-5e01-419f-ae7b-5ff272cb199f
266342,29,23.1,191,86,"2021-10-30 22:51:14",A102,7cc37d5f-5e01-419f-ae7b-5ff272cb199f
266369,29,23,190,86,"2021-10-30 23:21:38",A102,7cc37d5f-5e01-419f-ae7b-5ff272cb199f
266396,29,22.9,188,86,"2021-10-30 23:52:03",A102,7cc37d5f-5e01-419f-ae7b-5ff272cb199f
